2025-08-11 15:43:13,426 [INFO] Activator:176 - 


2025-08-11 15:43:13,430 [INFO] Activator:177 - !SESSION log4j initialized
2025-08-11 15:43:25,554 [INFO] LogOutputStream:77 - [STDOUT_REDIRECT] 
2025-08-11 15:43:28,486 [INFO] ApplicationProperties:184 - Using Application install path: /opt/st/stm32cubeide_1.18.1/plugins/com.st.stm32cube.common.mx_6.14.1.202504091515
2025-08-11 15:43:28,591 [INFO] DbMcusXml:78 - Set database path to: /opt/st/stm32cubeide_1.18.1/plugins/com.st.stm32cube.common.mx_6.14.1.202504091515//db//mcu/
2025-08-11 15:43:28,592 [INFO] ApiDb:274 - Set plugin database path to: /opt/st/stm32cubeide_1.18.1/plugins/com.st.stm32cube.common.mx_6.14.1.202504091515//db//plugins/boardmanager/
2025-08-11 15:43:28,594 [WARN] ApiDb:259 - Overriding images path with different value:  => /opt/st/stm32cubeide_1.18.1/plugins/com.st.stm32cube.common.mx_6.14.1.202504091515//db//plugins/mcufinder/images/
2025-08-11 15:43:28,698 [INFO] ApiDb:250 - Set database path to: /home/nova/.stmcufinder/plugins/mcufinder//mcu/
2025-08-11 15:43:28,703 [INFO] DbMcusAds:125 - Set database path to: /home/nova/.stmcufinder/plugins/mcufinder//mcu/
2025-08-11 15:43:28,711 [INFO] CrossReferenceDbSqlite:203 - Set database path to: /home/nova/.stmcufinder/plugins/mcufinder//mcu/cs/
2025-08-11 15:43:29,119 [INFO] RulesReader:64 - Compatibility file has been processed (302 Rules)
2025-08-11 15:43:29,390 [INFO] DbMcusXml:78 - Set database path to: /opt/st/stm32cubeide_1.18.1/plugins/com.st.stm32cube.common.mx_6.14.1.202504091515//db//mcu/
2025-08-11 15:43:29,390 [INFO] ApiDb:274 - Set plugin database path to: /opt/st/stm32cubeide_1.18.1/plugins/com.st.stm32cube.common.mx_6.14.1.202504091515//db//plugins/boardmanager/
2025-08-11 15:43:29,390 [INFO] ApiDb:261 - Set plugin images path to: /opt/st/stm32cubeide_1.18.1/plugins/com.st.stm32cube.common.mx_6.14.1.202504091515//db//plugins/mcufinder/images/
2025-08-11 15:43:29,391 [WARN] DbFile:41 - Overriding database path with different value: /home/nova/.stmcufinder/plugins/mcufinder/ => /home/nova/.stmcufinder/plugins/mcufinder
2025-08-11 15:43:29,391 [INFO] ApiDb:250 - Set database path to: /home/nova/.stmcufinder/plugins/mcufinder//mcu/
2025-08-11 15:43:29,391 [WARN] DbFile:41 - Overriding database path with different value: /home/nova/.stmcufinder/plugins/mcufinder/ => /home/nova/.stmcufinder/plugins/mcufinder
2025-08-11 15:43:29,391 [INFO] DbMcusAds:125 - Set database path to: /home/nova/.stmcufinder/plugins/mcufinder//mcu/
2025-08-11 15:43:29,391 [WARN] DbFile:41 - Overriding database path with different value: /home/nova/.stmcufinder/plugins/mcufinder/ => /home/nova/.stmcufinder/plugins/mcufinder
2025-08-11 15:43:29,391 [WARN] DbFile:41 - Overriding database path with different value: /home/nova/.stmcufinder/plugins/mcufinder/ => /home/nova/.stmcufinder/plugins/mcufinder
2025-08-11 15:43:29,392 [INFO] CrossReferenceDbSqlite:203 - Set database path to: /home/nova/.stmcufinder/plugins/mcufinder//mcu/cs/
2025-08-11 15:43:29,565 [INFO] MainPanel:272 - HeapMemory: 268435456
2025-08-11 15:43:30,262 [INFO] DbMcusXml:78 - Set database path to: /opt/st/stm32cubeide_1.18.1/plugins/com.st.stm32cube.common.mx_6.14.1.202504091515//db//mcu/
2025-08-11 15:43:30,263 [INFO] ApiDb:274 - Set plugin database path to: /opt/st/stm32cubeide_1.18.1/plugins/com.st.stm32cube.common.mx_6.14.1.202504091515//db//plugins/boardmanager/
2025-08-11 15:43:30,263 [INFO] ApiDb:261 - Set plugin images path to: /opt/st/stm32cubeide_1.18.1/plugins/com.st.stm32cube.common.mx_6.14.1.202504091515//db//plugins/mcufinder/images/
2025-08-11 15:43:30,264 [WARN] DbFile:41 - Overriding database path with different value: /home/nova/.stmcufinder/plugins/mcufinder/ => /home/nova/.stmcufinder/plugins/mcufinder
2025-08-11 15:43:30,264 [INFO] ApiDb:250 - Set database path to: /home/nova/.stmcufinder/plugins/mcufinder//mcu/
2025-08-11 15:43:30,264 [WARN] DbFile:41 - Overriding database path with different value: /home/nova/.stmcufinder/plugins/mcufinder/ => /home/nova/.stmcufinder/plugins/mcufinder
2025-08-11 15:43:30,265 [INFO] DbMcusAds:125 - Set database path to: /home/nova/.stmcufinder/plugins/mcufinder//mcu/
2025-08-11 15:43:30,265 [WARN] DbFile:41 - Overriding database path with different value: /home/nova/.stmcufinder/plugins/mcufinder/ => /home/nova/.stmcufinder/plugins/mcufinder
2025-08-11 15:43:30,265 [WARN] DbFile:41 - Overriding database path with different value: /home/nova/.stmcufinder/plugins/mcufinder/ => /home/nova/.stmcufinder/plugins/mcufinder
2025-08-11 15:43:30,265 [INFO] CrossReferenceDbSqlite:203 - Set database path to: /home/nova/.stmcufinder/plugins/mcufinder//mcu/cs/
2025-08-11 15:43:30,290 [INFO] ApplicationProperties:184 - Using Application install path: /opt/st/stm32cubeide_1.18.1/plugins/com.st.stm32cube.common.mx_6.14.1.202504091515
2025-08-11 15:43:30,293 [INFO] PluginManage:196 - Search for loadable plugins [exclusion list=, ]
2025-08-11 15:43:30,295 [INFO] PluginManage:310 - Check plugin analytics
2025-08-11 15:43:30,652 [INFO] AnalyticsPlugin:253 - Accepted Software Licenses: 
2025-08-11 15:43:30,652 [INFO] AnalyticsPlugin:255 - Accepted CMSIS Pack Licenses: 
2025-08-11 15:43:30,653 [INFO] AnalyticsPlugin:257 - Accepted Firmware Licenses: 
2025-08-11 15:43:30,656 [INFO] PluginManage:359 - Loaded plugin analytics (category:tool,tabindex:-1)
2025-08-11 15:43:30,657 [INFO] PluginManage:310 - Check plugin cadmodel
2025-08-11 15:43:30,715 [INFO] CADModel:105 - Init CAD model plugin
2025-08-11 15:43:30,716 [INFO] PluginManage:359 - Loaded plugin cadmodel (category:power,tabindex:5)
2025-08-11 15:43:30,716 [INFO] PluginManage:310 - Check plugin clock
2025-08-11 15:43:30,774 [INFO] PluginManage:359 - Loaded plugin clock (category:base,tabindex:2)
2025-08-11 15:43:30,774 [INFO] PluginManage:310 - Check plugin ddr
2025-08-11 15:43:30,789 [INFO] PluginManage:359 - Loaded plugin ddr (category:tool,tabindex:6)
2025-08-11 15:43:30,789 [INFO] PluginManage:310 - Check plugin filemanager
2025-08-11 15:43:31,150 [INFO] PluginManage:359 - Loaded plugin filemanager (category:base,tabindex:10)
2025-08-11 15:43:31,150 [INFO] PluginManage:310 - Check plugin ipmanager
2025-08-11 15:43:31,179 [INFO] PluginManage:359 - Loaded plugin ipmanager (category:base,tabindex:5)
2025-08-11 15:43:31,180 [INFO] PluginManage:310 - Check plugin lpbam
2025-08-11 15:43:31,209 [INFO] PluginManage:359 - Loaded plugin lpbam (category:base,tabindex:0)
2025-08-11 15:43:31,209 [INFO] PluginManage:310 - Check plugin memorymap
2025-08-11 15:43:31,310 [INFO] PluginManage:359 - Loaded plugin memorymap (category:base,tabindex:4)
2025-08-11 15:43:31,311 [INFO] PluginManage:310 - Check plugin pinoutandconfiguration
2025-08-11 15:43:31,436 [INFO] PluginManage:359 - Loaded plugin pinoutandconfiguration (category:base,tabindex:1)
2025-08-11 15:43:31,436 [INFO] PluginManage:310 - Check plugin pinoutconfig
2025-08-11 15:43:31,680 [WARN] SupportedApi:132 - Cannot load RTOS API schema: s4s-elt-must-match.1: The content of 'definitions' must match (annotation?, (simpleType | complexType)?, (unique | key | keyref)*)). A problem was found starting at: attribute.
2025-08-11 15:43:32,235 [INFO] PluginManage:359 - Loaded plugin pinoutconfig (category:base,tabindex:0)
2025-08-11 15:43:32,235 [INFO] PluginManage:310 - Check plugin power
2025-08-11 15:43:32,324 [INFO] PluginManage:359 - Loaded plugin power (category:power,tabindex:4)
2025-08-11 15:43:32,324 [INFO] PluginManage:310 - Check plugin projectmanager
2025-08-11 15:43:32,418 [INFO] PluginManage:359 - Loaded plugin projectmanager (category:projectmanager,tabindex:4)
2025-08-11 15:43:32,418 [INFO] PluginManage:310 - Check plugin rif
2025-08-11 15:43:32,512 [INFO] PluginManage:359 - Loaded plugin rif (category:base,tabindex:3)
2025-08-11 15:43:32,513 [INFO] PluginManage:310 - Check plugin thirdparty
2025-08-11 15:43:33,133 [WARN] IntegrityCheckThread:84 - waiting for thirdparty lock release [integrity check]
2025-08-11 15:43:33,134 [INFO] IntegrityCheckThread:86 - entering critical section [integrity check]
2025-08-11 15:43:33,134 [INFO] PluginManage:359 - Loaded plugin thirdparty (category:base,tabindex:-1)
2025-08-11 15:43:33,135 [INFO] PluginManage:310 - Check plugin tools
2025-08-11 15:43:33,135 [INFO] ThirdPartyUpdaterWithRetryManager:70 - Updater plugin not ready yet. [1/15]
2025-08-11 15:43:33,151 [INFO] PluginManage:359 - Loaded plugin tools (category:base,tabindex:7)
2025-08-11 15:43:33,151 [INFO] PluginManage:310 - Check plugin tutovideos
2025-08-11 15:43:33,633 [INFO] PluginManage:359 - Loaded plugin tutovideos (category:base,tabindex:-1)
2025-08-11 15:43:33,633 [INFO] PluginManage:310 - Check plugin updater
2025-08-11 15:43:33,685 [INFO] PluginManage:359 - Loaded plugin updater (category:base,tabindex:12)
2025-08-11 15:43:33,686 [INFO] PluginManage:310 - Check plugin userauth
2025-08-11 15:43:33,709 [INFO] UserAuth:118 - Init User Auth plugin
2025-08-11 15:43:33,710 [INFO] PluginManage:359 - Loaded plugin userauth (category:base,tabindex:14)
2025-08-11 15:43:33,711 [INFO] PluginManage:283 - PluginManage : Loaded plugins [18]
2025-08-11 15:43:34,392 [INFO] PinOutPanel:1589 - setPackage(No Configuration,No Configuration)
2025-08-11 15:43:34,719 [INFO] CADModel:165 - CPN selected for project level
2025-08-11 15:43:34,719 [INFO] CADModel:114 - Register for checkConnection events
2025-08-11 15:43:34,798 [INFO] IPUIPlugin:80 - create IPUIPlugin
2025-08-11 15:43:34,799 [INFO] PluginManager:220 - loadIPPluginJar : add hash
2025-08-11 15:43:34,802 [INFO] IPUIPlugin:80 - create IPUIPlugin
2025-08-11 15:43:34,802 [INFO] PluginManager:220 - loadIPPluginJar : add tracer_emb
2025-08-11 15:43:34,814 [INFO] IPUIPlugin:80 - create IPUIPlugin
2025-08-11 15:43:34,815 [INFO] PluginManager:220 - loadIPPluginJar : add gic
2025-08-11 15:43:34,873 [INFO] IPUIPlugin:80 - create IPUIPlugin
2025-08-11 15:43:34,875 [INFO] PluginManager:220 - loadIPPluginJar : add mdma
2025-08-11 15:43:34,947 [INFO] IPUIPlugin:80 - create IPUIPlugin
2025-08-11 15:43:34,947 [INFO] PluginManager:220 - loadIPPluginJar : add touchsensing
2025-08-11 15:43:34,952 [INFO] IPUIPlugin:80 - create IPUIPlugin
2025-08-11 15:43:34,952 [INFO] PluginManager:220 - loadIPPluginJar : add lorawan
2025-08-11 15:43:35,007 [INFO] IPUIPlugin:80 - create IPUIPlugin
2025-08-11 15:43:35,008 [INFO] PluginManager:220 - loadIPPluginJar : add dma
2025-08-11 15:43:35,011 [INFO] IPUIPlugin:80 - create IPUIPlugin
2025-08-11 15:43:35,014 [INFO] PluginManager:220 - loadIPPluginJar : add radio
2025-08-11 15:43:35,021 [INFO] IPUIPlugin:80 - create IPUIPlugin
2025-08-11 15:43:35,022 [INFO] PluginManager:220 - loadIPPluginJar : add i2c
2025-08-11 15:43:35,025 [INFO] IPUIPlugin:80 - create IPUIPlugin
2025-08-11 15:43:35,026 [INFO] PluginManager:220 - loadIPPluginJar : add fatfs
2025-08-11 15:43:35,038 [INFO] IPUIPlugin:80 - create IPUIPlugin
2025-08-11 15:43:35,039 [INFO] PluginManager:220 - loadIPPluginJar : add openamp
2025-08-11 15:43:35,064 [INFO] IPUIPlugin:80 - create IPUIPlugin
2025-08-11 15:43:35,064 [INFO] PluginManager:220 - loadIPPluginJar : add nvic
2025-08-11 15:43:35,066 [INFO] IPUIPlugin:80 - create IPUIPlugin
2025-08-11 15:43:35,066 [INFO] PluginManager:220 - loadIPPluginJar : add quadspi
2025-08-11 15:43:35,070 [INFO] IPUIPlugin:80 - create IPUIPlugin
2025-08-11 15:43:35,070 [INFO] PluginManager:220 - loadIPPluginJar : add extmemmanager
2025-08-11 15:43:35,076 [INFO] IPUIPlugin:80 - create IPUIPlugin
2025-08-11 15:43:35,076 [INFO] PluginManager:220 - loadIPPluginJar : add sai
2025-08-11 15:43:35,085 [INFO] IPUIPlugin:80 - create IPUIPlugin
2025-08-11 15:43:35,085 [INFO] PluginManager:220 - loadIPPluginJar : add fmc
2025-08-11 15:43:35,089 [INFO] IPUIPlugin:80 - create IPUIPlugin
2025-08-11 15:43:35,090 [INFO] PluginManager:220 - loadIPPluginJar : add can
2025-08-11 15:43:35,144 [INFO] IPUIPlugin:80 - create IPUIPlugin
2025-08-11 15:43:35,144 [INFO] PluginManager:220 - loadIPPluginJar : add ddr_ctrl_phy
2025-08-11 15:43:35,148 [INFO] IPUIPlugin:80 - create IPUIPlugin
2025-08-11 15:43:35,148 [INFO] PluginManager:220 - loadIPPluginJar : add opamp
2025-08-11 15:43:35,157 [INFO] IPUIPlugin:80 - create IPUIPlugin
2025-08-11 15:43:35,157 [INFO] PluginManager:220 - loadIPPluginJar : add ipddr
2025-08-11 15:43:35,162 [INFO] IPUIPlugin:80 - create IPUIPlugin
2025-08-11 15:43:35,162 [INFO] PluginManager:220 - loadIPPluginJar : add i3c
2025-08-11 15:43:35,172 [INFO] IPUIPlugin:80 - create IPUIPlugin
2025-08-11 15:43:35,172 [INFO] PluginManager:220 - loadIPPluginJar : add adc
2025-08-11 15:43:35,180 [INFO] IPUIPlugin:80 - create IPUIPlugin
2025-08-11 15:43:35,181 [INFO] PluginManager:220 - loadIPPluginJar : add gtzc
2025-08-11 15:43:35,184 [INFO] IPUIPlugin:80 - create IPUIPlugin
2025-08-11 15:43:35,184 [INFO] PluginManager:220 - loadIPPluginJar : add gfxmmu
2025-08-11 15:43:35,189 [INFO] IPUIPlugin:80 - create IPUIPlugin
2025-08-11 15:43:35,189 [INFO] PluginManager:220 - loadIPPluginJar : add spi
2025-08-11 15:43:35,228 [INFO] IPUIPlugin:80 - create IPUIPlugin
2025-08-11 15:43:35,232 [INFO] PluginManager:220 - loadIPPluginJar : add plateformsettings
2025-08-11 15:43:35,236 [INFO] IPUIPlugin:80 - create IPUIPlugin
2025-08-11 15:43:35,236 [INFO] PluginManager:220 - loadIPPluginJar : add pdm2pcm
2025-08-11 15:43:35,238 [INFO] IPUIPlugin:80 - create IPUIPlugin
2025-08-11 15:43:35,239 [INFO] PluginManager:220 - loadIPPluginJar : add genericplugin
2025-08-11 15:43:35,243 [INFO] IPUIPlugin:80 - create IPUIPlugin
2025-08-11 15:43:35,244 [INFO] PluginManager:220 - loadIPPluginJar : add i2s
2025-08-11 15:43:35,246 [INFO] IPUIPlugin:80 - create IPUIPlugin
2025-08-11 15:43:35,246 [INFO] PluginManager:220 - loadIPPluginJar : add tsc
2025-08-11 15:43:35,249 [INFO] IPUIPlugin:80 - create IPUIPlugin
2025-08-11 15:43:35,250 [INFO] PluginManager:220 - loadIPPluginJar : add dma3
2025-08-11 15:43:35,253 [INFO] IPUIPlugin:80 - create IPUIPlugin
2025-08-11 15:43:35,253 [INFO] PluginManager:220 - loadIPPluginJar : add aes
2025-08-11 15:43:35,257 [INFO] IPUIPlugin:80 - create IPUIPlugin
2025-08-11 15:43:35,257 [INFO] PluginManager:220 - loadIPPluginJar : add ts
2025-08-11 15:43:35,260 [INFO] IPUIPlugin:80 - create IPUIPlugin
2025-08-11 15:43:35,260 [INFO] PluginManager:220 - loadIPPluginJar : add ucpd
2025-08-11 15:43:35,262 [INFO] IPUIPlugin:80 - create IPUIPlugin
2025-08-11 15:43:35,263 [INFO] PluginManager:220 - loadIPPluginJar : add comp
2025-08-11 15:43:35,266 [INFO] IPUIPlugin:80 - create IPUIPlugin
2025-08-11 15:43:35,266 [INFO] PluginManager:220 - loadIPPluginJar : add usart
2025-08-11 15:43:35,297 [INFO] IPUIPlugin:80 - create IPUIPlugin
2025-08-11 15:43:35,297 [INFO] PluginManager:220 - loadIPPluginJar : add resmgrutility
2025-08-11 15:43:35,303 [INFO] IPUIPlugin:80 - create IPUIPlugin
2025-08-11 15:43:35,304 [INFO] PluginManager:220 - loadIPPluginJar : add usbx
2025-08-11 15:43:35,307 [INFO] IPUIPlugin:80 - create IPUIPlugin
2025-08-11 15:43:35,308 [INFO] PluginManager:220 - loadIPPluginJar : add dfsdm
2025-08-11 15:43:35,312 [INFO] IPUIPlugin:80 - create IPUIPlugin
2025-08-11 15:43:35,312 [INFO] PluginManager:220 - loadIPPluginJar : add cryp
2025-08-11 15:43:35,323 [INFO] IPUIPlugin:80 - create IPUIPlugin
2025-08-11 15:43:35,323 [INFO] PluginManager:220 - loadIPPluginJar : add linkedlist
2025-08-11 15:43:35,325 [INFO] IPUIPlugin:80 - create IPUIPlugin
2025-08-11 15:43:35,326 [INFO] PluginManager:220 - loadIPPluginJar : add ltdc
2025-08-11 15:43:35,329 [INFO] IPUIPlugin:80 - create IPUIPlugin
2025-08-11 15:43:35,329 [INFO] PluginManager:220 - loadIPPluginJar : add tim
2025-08-11 15:43:35,361 [INFO] IPUIPlugin:80 - create IPUIPlugin
2025-08-11 15:43:35,361 [INFO] PluginManager:220 - loadIPPluginJar : add gpio
2025-08-11 15:43:35,371 [INFO] IPUIPlugin:80 - create IPUIPlugin
2025-08-11 15:43:35,371 [INFO] PluginManager:220 - loadIPPluginJar : add freertos
2025-08-11 15:43:35,379 [INFO] IPUIPlugin:80 - create IPUIPlugin
2025-08-11 15:43:35,379 [INFO] PluginManager:220 - loadIPPluginJar : add stm32_wpan
2025-08-11 15:43:35,553 [FATAL] Updater:351 - Updater called before beeing initialized
2025-08-11 15:43:35,655 [INFO] RulesReader:64 - Compatibility file has been processed (302 Rules)
2025-08-11 15:43:35,682 [INFO] RulesReader:64 - Compatibility file has been processed (302 Rules)
2025-08-11 15:43:35,695 [INFO] CADModel:165 - CPN selected for project level
2025-08-11 15:43:35,695 [INFO] CADModel:114 - Register for checkConnection events
2025-08-11 15:43:35,695 [FATAL] Updater:351 - Updater called before beeing initialized
2025-08-11 15:43:35,696 [ERROR] CADModel:125 - Updater not yet initialized, retry later 
2025-08-11 15:43:36,136 [INFO] ThirdPartyUpdaterWithRetryManager:70 - Updater plugin not ready yet. [2/15]
2025-08-11 15:43:37,132 [FATAL] Updater:351 - Updater called before beeing initialized
2025-08-11 15:43:37,137 [INFO] CADModel:165 - CPN selected for project level
2025-08-11 15:43:37,138 [INFO] CADModel:114 - Register for checkConnection events
2025-08-11 15:43:37,138 [FATAL] Updater:351 - Updater called before beeing initialized
2025-08-11 15:43:37,138 [ERROR] CADModel:125 - Updater not yet initialized, retry later 
2025-08-11 15:43:37,161 [FATAL] Updater:351 - Updater called before beeing initialized
2025-08-11 15:43:37,366 [FATAL] Updater:351 - Updater called before beeing initialized
2025-08-11 15:43:37,386 [INFO] DbMcusAds:53 - JSON generation date=Tue Jul 08 13:44:23 IST 2025 (1751962463562)
2025-08-11 15:43:37,386 [FATAL] Updater:351 - Updater called before beeing initialized
2025-08-11 15:43:37,679 [WARN] DetailPanel:346 - Failed to get advertising image, set to default
2025-08-11 15:43:38,055 [FATAL] Updater:351 - Updater called before beeing initialized
2025-08-11 15:43:38,058 [FATAL] Updater:351 - Updater called before beeing initialized
2025-08-11 15:43:38,059 [FATAL] Updater:351 - Updater called before beeing initialized
2025-08-11 15:43:38,059 [WARN] DetailPanel:346 - Failed to get advertising image, set to default
2025-08-11 15:43:38,060 [FATAL] Updater:351 - Updater called before beeing initialized
2025-08-11 15:43:38,129 [ERROR] Updater:1198 - MainUpdater not yet initialized. External WinMGr cannot be set.
2025-08-11 15:43:38,151 [INFO] Updater:1134 - Updater Version found : 6.14.1
2025-08-11 15:43:38,185 [INFO] ApplicationProperties:184 - Using Application install path: /opt/st/stm32cubeide_1.18.1/plugins/com.st.stm32cube.common.mx_6.14.1.202504091515
2025-08-11 15:43:38,892 [INFO] MainUpdater:2872 - connection check result : 10
2025-08-11 15:43:38,892 [INFO] MainUpdater:3566 - Updater definition file requires update
2025-08-11 15:43:38,893 [INFO] MainUpdater:289 - Updater Check For Update Now.
2025-08-11 15:43:38,893 [INFO] MicroXplorer:498 - Change Database Version : DB.6.0.141
2025-08-11 15:43:38,903 [INFO] McuFinderGlobals:63 - Set McuFinder mode to 2 (CubeIDE integrated)
2025-08-11 15:43:38,904 [INFO] UserAuth:171 - activating auth plugin
2025-08-11 15:43:38,909 [INFO] UserAuth:484 - Internet connection configuration mode: 1
2025-08-11 15:43:38,936 [INFO] ServerAccessManage:473 - Download File updaters.zip
2025-08-11 15:43:39,069 [INFO] JxBrowserEngine:152 - Initiate JxBrowser Engine with user profile folder
2025-08-11 15:43:39,099 [INFO] FileExtend:242 - Unzip File : updaters.zip
2025-08-11 15:43:39,099 [INFO] FileExtend:257 - Standard Zip Deflate
2025-08-11 15:43:39,137 [WARN] MainUpdater:1193 - Updater busy. Cannot search thirdparties
2025-08-11 15:43:39,137 [INFO] ThirdPartyUpdaterWithRetryManager:96 - Updater plugin is busy. [1/15]
2025-08-11 15:43:39,675 [INFO] ServerAccessManage:473 - Download File PacksControlFlags.xml
2025-08-11 15:43:40,070 [INFO] ServerAccessManage:473 - Download File cubemx.pidx
2025-08-11 15:43:40,932 [INFO] ServerAccessManage:473 - Download File STMicroelectronics.FP-SNS-STBOX1.pdsc
2025-08-11 15:43:41,220 [INFO] ServerAccessManage:473 - Download File STMicroelectronics.X-CUBE-AI.pdsc
2025-08-11 15:43:41,757 [INFO] ServerAccessManage:473 - Download File STMicroelectronics.X-CUBE-EEPRMA1.pdsc
2025-08-11 15:43:42,138 [WARN] MainUpdater:1193 - Updater busy. Cannot search thirdparties
2025-08-11 15:43:42,139 [INFO] ThirdPartyUpdaterWithRetryManager:96 - Updater plugin is busy. [2/15]
2025-08-11 15:43:42,319 [ERROR] ServerAccessManage:1089 - Problem, file not found on Server
2025-08-11 15:43:42,933 [ERROR] ServerAccessManage:1089 - Problem, file not found on Server
2025-08-11 15:43:43,009 [INFO] ServerAccessManage:473 - Download File STMicroelectronics.X-CUBE-FREERTOS.pdsc
2025-08-11 15:43:43,113 [INFO] ServerAccessManage:473 - Download File STMicroelectronics.X-CUBE-GNSS1.pdsc
2025-08-11 15:43:43,853 [ERROR] ServerAccessManage:1089 - Problem, file not found on Server
2025-08-11 15:43:44,468 [ERROR] ServerAccessManage:1089 - Problem, file not found on Server
2025-08-11 15:43:44,781 [ERROR] ServerAccessManage:1089 - Problem, file not found on Server
2025-08-11 15:43:45,083 [ERROR] ServerAccessManage:1089 - Problem, file not found on Server
2025-08-11 15:43:45,139 [WARN] MainUpdater:1193 - Updater busy. Cannot search thirdparties
2025-08-11 15:43:45,140 [INFO] ThirdPartyUpdaterWithRetryManager:96 - Updater plugin is busy. [3/15]
2025-08-11 15:43:45,698 [ERROR] ServerAccessManage:1089 - Problem, file not found on Server
2025-08-11 15:43:46,004 [ERROR] ServerAccessManage:1089 - Problem, file not found on Server
2025-08-11 15:43:46,021 [INFO] ServerAccessManage:473 - Download File STMicroelectronics.X-CUBE-ISPU.pdsc
2025-08-11 15:43:46,121 [INFO] ServerAccessManage:473 - Download File STMicroelectronics.X-CUBE-IPS.pdsc
2025-08-11 15:43:46,212 [INFO] ServerAccessManage:473 - Download File STMicroelectronics.X-CUBE-MEMS1.pdsc
2025-08-11 15:43:46,795 [INFO] ServerAccessManage:473 - Download File STMicroelectronics.X-CUBE-NFC4.pdsc
2025-08-11 15:43:46,985 [INFO] ServerAccessManage:473 - Download File STMicroelectronics.X-CUBE-NFC6.pdsc
2025-08-11 15:43:47,038 [INFO] ServerAccessManage:473 - Download File STMicroelectronics.X-CUBE-NFC7.pdsc
2025-08-11 15:43:47,091 [INFO] ServerAccessManage:473 - Download File STMicroelectronics.X-CUBE-NFC9.pdsc
2025-08-11 15:43:47,127 [INFO] ServerAccessManage:473 - Download File STMicroelectronics.X-CUBE-NFC10.pdsc
2025-08-11 15:43:47,163 [INFO] ServerAccessManage:473 - Download File STMicroelectronics.X-CUBE-NFC12.pdsc
2025-08-11 15:43:47,200 [INFO] ServerAccessManage:473 - Download File STMicroelectronics.X-CUBE-SFXS2LP1.pdsc
2025-08-11 15:43:47,282 [INFO] ServerAccessManage:473 - Download File STMicroelectronics.X-CUBE-SAFEA1.pdsc
2025-08-11 15:43:47,320 [INFO] ServerAccessManage:473 - Download File STMicroelectronics.X-CUBE-SUBG2.pdsc
2025-08-11 15:43:47,471 [INFO] ServerAccessManage:473 - Download File STMicroelectronics.X-CUBE-SMBUS.pdsc
2025-08-11 15:43:47,746 [ERROR] ServerAccessManage:1089 - Problem, file not found on Server
2025-08-11 15:43:47,765 [INFO] ServerAccessManage:473 - Download File STMicroelectronics.X-CUBE-ST60.pdsc
2025-08-11 15:43:47,810 [INFO] ServerAccessManage:473 - Download File STMicroelectronics.X-CUBE-ST67W61.pdsc
2025-08-11 15:43:47,890 [INFO] ServerAccessManage:473 - Download File STMicroelectronics.X-CUBE-PM33A1.pdsc
2025-08-11 15:43:47,947 [INFO] ServerAccessManage:473 - Download File STMicroelectronics.X-CUBE-TCPP.pdsc
2025-08-11 15:43:48,140 [WARN] MainUpdater:1193 - Updater busy. Cannot search thirdparties
2025-08-11 15:43:48,140 [INFO] ThirdPartyUpdaterWithRetryManager:96 - Updater plugin is busy. [4/15]
2025-08-11 15:43:48,163 [INFO] ServerAccessManage:473 - Download File STMicroelectronics.X-CUBE-TOF1.pdsc
2025-08-11 15:43:48,794 [ERROR] ServerAccessManage:1089 - Problem, file not found on Server
2025-08-11 15:43:48,845 [INFO] ServerAccessManage:473 - Download File STMicroelectronics.X-CUBE-TOUCHGFX.pdsc
2025-08-11 15:43:49,319 [INFO] ServerAccessManage:473 - Download File STMicroelectronics.X-CUBE-ALGOBUILD.pdsc
2025-08-11 15:43:49,444 [INFO] ServerAccessManage:473 - Download File STMicroelectronics.X-CUBE-AZRTOS-H7.pdsc
2025-08-11 15:43:49,673 [INFO] ServerAccessManage:473 - Download File STMicroelectronics.X-CUBE-AZRTOS-H7RS.pdsc
2025-08-11 15:43:49,814 [INFO] ServerAccessManage:473 - Download File STMicroelectronics.X-CUBE-AZRTOS-F4.pdsc
2025-08-11 15:43:49,927 [INFO] ServerAccessManage:473 - Download File STMicroelectronics.X-CUBE-AZRTOS-F7.pdsc
2025-08-11 15:43:50,020 [INFO] ServerAccessManage:473 - Download File STMicroelectronics.X-CUBE-AZRTOS-L4.pdsc
2025-08-11 15:43:50,159 [INFO] ServerAccessManage:473 - Download File STMicroelectronics.X-CUBE-AZRTOS-L5.pdsc
2025-08-11 15:43:50,260 [INFO] ServerAccessManage:473 - Download File STMicroelectronics.X-CUBE-AZRTOS-G0.pdsc
2025-08-11 15:43:50,347 [INFO] ServerAccessManage:473 - Download File STMicroelectronics.X-CUBE-AZRTOS-G4.pdsc
2025-08-11 15:43:50,427 [INFO] ServerAccessManage:473 - Download File STMicroelectronics.X-CUBE-AZRTOS-WB.pdsc
2025-08-11 15:43:50,507 [INFO] ServerAccessManage:473 - Download File STMicroelectronics.X-CUBE-AZRTOS-WL.pdsc
2025-08-11 15:43:50,580 [INFO] ServerAccessManage:473 - Download File STMicroelectronics.X-CUBE-WB05N.pdsc
2025-08-11 15:43:51,141 [WARN] MainUpdater:1193 - Updater busy. Cannot search thirdparties
2025-08-11 15:43:51,141 [INFO] ThirdPartyUpdaterWithRetryManager:96 - Updater plugin is busy. [5/15]
2025-08-11 15:43:52,048 [INFO] ServerAccessManage:473 - Download File wolfSSL.I-CUBE-wolfSSL.pdsc
2025-08-11 15:43:54,141 [WARN] MainUpdater:1193 - Updater busy. Cannot search thirdparties
2025-08-11 15:43:54,142 [INFO] ThirdPartyUpdaterWithRetryManager:96 - Updater plugin is busy. [6/15]
2025-08-11 15:43:57,142 [WARN] MainUpdater:1193 - Updater busy. Cannot search thirdparties
2025-08-11 15:43:57,143 [INFO] ThirdPartyUpdaterWithRetryManager:96 - Updater plugin is busy. [7/15]
2025-08-11 15:44:00,144 [WARN] MainUpdater:1193 - Updater busy. Cannot search thirdparties
2025-08-11 15:44:00,144 [INFO] ThirdPartyUpdaterWithRetryManager:96 - Updater plugin is busy. [8/15]
2025-08-11 15:44:00,854 [ERROR] ServerAccessManage:1089 - Problem, file not found on Server
2025-08-11 15:44:01,264 [ERROR] ServerAccessManage:1089 - Problem, file not found on Server
2025-08-11 15:44:01,620 [ERROR] ServerAccessManage:1089 - Problem, file not found on Server
2025-08-11 15:44:01,980 [INFO] ServerAccessManage:473 - Download File wolfSSL.I-CUBE-wolfMQTT.pdsc
2025-08-11 15:44:03,144 [WARN] MainUpdater:1193 - Updater busy. Cannot search thirdparties
2025-08-11 15:44:03,145 [INFO] ThirdPartyUpdaterWithRetryManager:96 - Updater plugin is busy. [9/15]
2025-08-11 15:44:04,031 [ERROR] ServerAccessManage:1089 - Problem, file not found on Server
2025-08-11 15:44:04,339 [INFO] ServerAccessManage:473 - Download File wolfSSL.I-CUBE-wolfTPM.pdsc
2025-08-11 15:44:06,145 [WARN] MainUpdater:1193 - Updater busy. Cannot search thirdparties
2025-08-11 15:44:06,146 [INFO] ThirdPartyUpdaterWithRetryManager:96 - Updater plugin is busy. [10/15]
2025-08-11 15:44:06,687 [INFO] WebApp:169 - Instantiating new browser for Auth
2025-08-11 15:44:06,999 [INFO] ServerAccessManage:473 - Download File wolfSSL.I-CUBE-wolfSSH.pdsc
2025-08-11 15:44:09,147 [WARN] MainUpdater:1193 - Updater busy. Cannot search thirdparties
2025-08-11 15:44:09,147 [INFO] ThirdPartyUpdaterWithRetryManager:96 - Updater plugin is busy. [11/15]
2025-08-11 15:44:10,968 [INFO] ServerAccessManage:473 - Download File RealThread.X-CUBE-RT-Thread_Nano.pdsc
2025-08-11 15:44:11,814 [INFO] ServerAccessManage:473 - Download File SEGGER.I-CUBE-embOS.pdsc
2025-08-11 15:44:12,148 [WARN] MainUpdater:1193 - Updater busy. Cannot search thirdparties
2025-08-11 15:44:12,149 [INFO] ThirdPartyUpdaterWithRetryManager:96 - Updater plugin is busy. [12/15]
2025-08-11 15:44:15,088 [INFO] ServerAccessManage:473 - Download File portGmbH.I-Cube-SoM-uGOAL.pdsc
2025-08-11 15:44:15,149 [WARN] MainUpdater:1193 - Updater busy. Cannot search thirdparties
2025-08-11 15:44:15,149 [INFO] ThirdPartyUpdaterWithRetryManager:96 - Updater plugin is busy. [13/15]
2025-08-11 15:44:15,906 [ERROR] ExternalUserPreferencesManager:606 - Error while get path from external application: Cannot invoke "com.st.stm32cube.common.mx.MxActivator.getBundle()" because the return value of "com.st.stm32cube.common.mx.MxActivator.getDefault()" is null
2025-08-11 15:44:15,906 [ERROR] ExternalUserPreferencesManager:336 - Error while get preference info from external application: Cannot invoke "com.st.stm32cube.common.mx.MxActivator.getBundle()" because the return value of "com.st.stm32cube.common.mx.MxActivator.getDefault()" is null
2025-08-11 15:44:15,907 [ERROR] ExternalUserPreferencesManager:560 - Error while get preference info from external application: Cannot invoke "com.st.stm32cube.common.mx.MxActivator.getBundle()" because the return value of "com.st.stm32cube.common.mx.MxActivator.getDefault()" is null
2025-08-11 17:31:17,860 [INFO] Activator:176 - 


2025-08-11 17:31:17,863 [INFO] Activator:177 - !SESSION log4j initialized
2025-08-11 17:31:23,902 [INFO] LogOutputStream:77 - [STDOUT_REDIRECT] 
2025-08-11 17:31:26,487 [INFO] McuFinderGlobals:63 - Set McuFinder mode to 2 (CubeIDE integrated)
2025-08-11 17:31:28,885 [INFO] ApplicationProperties:184 - Using Application install path: /opt/st/stm32cubeide_1.18.1/plugins/com.st.stm32cube.common.mx_6.14.1.202504091515
2025-08-11 17:31:29,055 [INFO] DbMcusXml:78 - Set database path to: /opt/st/stm32cubeide_1.18.1/plugins/com.st.stm32cube.common.mx_6.14.1.202504091515//db//mcu/
2025-08-11 17:31:29,056 [INFO] ApiDb:274 - Set plugin database path to: /opt/st/stm32cubeide_1.18.1/plugins/com.st.stm32cube.common.mx_6.14.1.202504091515//db//plugins/boardmanager/
2025-08-11 17:31:29,057 [WARN] ApiDb:259 - Overriding images path with different value:  => /opt/st/stm32cubeide_1.18.1/plugins/com.st.stm32cube.common.mx_6.14.1.202504091515//db//plugins/mcufinder/images/
2025-08-11 17:31:29,089 [INFO] ApiDb:250 - Set database path to: /home/nova/.stmcufinder/plugins/mcufinder//mcu/
2025-08-11 17:31:29,094 [INFO] DbMcusAds:125 - Set database path to: /home/nova/.stmcufinder/plugins/mcufinder//mcu/
2025-08-11 17:31:29,101 [INFO] CrossReferenceDbSqlite:203 - Set database path to: /home/nova/.stmcufinder/plugins/mcufinder//mcu/cs/
2025-08-11 17:31:29,384 [INFO] RulesReader:64 - Compatibility file has been processed (302 Rules)
2025-08-11 17:31:29,640 [INFO] DbMcusXml:78 - Set database path to: /opt/st/stm32cubeide_1.18.1/plugins/com.st.stm32cube.common.mx_6.14.1.202504091515//db//mcu/
2025-08-11 17:31:29,640 [INFO] ApiDb:274 - Set plugin database path to: /opt/st/stm32cubeide_1.18.1/plugins/com.st.stm32cube.common.mx_6.14.1.202504091515//db//plugins/boardmanager/
2025-08-11 17:31:29,640 [INFO] ApiDb:261 - Set plugin images path to: /opt/st/stm32cubeide_1.18.1/plugins/com.st.stm32cube.common.mx_6.14.1.202504091515//db//plugins/mcufinder/images/
2025-08-11 17:31:29,640 [WARN] DbFile:41 - Overriding database path with different value: /home/nova/.stmcufinder/plugins/mcufinder/ => /home/nova/.stmcufinder/plugins/mcufinder
2025-08-11 17:31:29,640 [INFO] ApiDb:250 - Set database path to: /home/nova/.stmcufinder/plugins/mcufinder//mcu/
2025-08-11 17:31:29,641 [WARN] DbFile:41 - Overriding database path with different value: /home/nova/.stmcufinder/plugins/mcufinder/ => /home/nova/.stmcufinder/plugins/mcufinder
2025-08-11 17:31:29,641 [INFO] DbMcusAds:125 - Set database path to: /home/nova/.stmcufinder/plugins/mcufinder//mcu/
2025-08-11 17:31:29,641 [WARN] DbFile:41 - Overriding database path with different value: /home/nova/.stmcufinder/plugins/mcufinder/ => /home/nova/.stmcufinder/plugins/mcufinder
2025-08-11 17:31:29,641 [WARN] DbFile:41 - Overriding database path with different value: /home/nova/.stmcufinder/plugins/mcufinder/ => /home/nova/.stmcufinder/plugins/mcufinder
2025-08-11 17:31:29,641 [INFO] CrossReferenceDbSqlite:203 - Set database path to: /home/nova/.stmcufinder/plugins/mcufinder//mcu/cs/
2025-08-11 17:31:29,841 [INFO] MainPanel:272 - HeapMemory: 268435456
2025-08-11 17:31:30,343 [INFO] DbMcusXml:78 - Set database path to: /opt/st/stm32cubeide_1.18.1/plugins/com.st.stm32cube.common.mx_6.14.1.202504091515//db//mcu/
2025-08-11 17:31:30,343 [INFO] ApiDb:274 - Set plugin database path to: /opt/st/stm32cubeide_1.18.1/plugins/com.st.stm32cube.common.mx_6.14.1.202504091515//db//plugins/boardmanager/
2025-08-11 17:31:30,344 [INFO] ApiDb:261 - Set plugin images path to: /opt/st/stm32cubeide_1.18.1/plugins/com.st.stm32cube.common.mx_6.14.1.202504091515//db//plugins/mcufinder/images/
2025-08-11 17:31:30,344 [WARN] DbFile:41 - Overriding database path with different value: /home/nova/.stmcufinder/plugins/mcufinder/ => /home/nova/.stmcufinder/plugins/mcufinder
2025-08-11 17:31:30,344 [INFO] ApiDb:250 - Set database path to: /home/nova/.stmcufinder/plugins/mcufinder//mcu/
2025-08-11 17:31:30,345 [WARN] DbFile:41 - Overriding database path with different value: /home/nova/.stmcufinder/plugins/mcufinder/ => /home/nova/.stmcufinder/plugins/mcufinder
2025-08-11 17:31:30,345 [INFO] DbMcusAds:125 - Set database path to: /home/nova/.stmcufinder/plugins/mcufinder//mcu/
2025-08-11 17:31:30,345 [WARN] DbFile:41 - Overriding database path with different value: /home/nova/.stmcufinder/plugins/mcufinder/ => /home/nova/.stmcufinder/plugins/mcufinder
2025-08-11 17:31:30,345 [WARN] DbFile:41 - Overriding database path with different value: /home/nova/.stmcufinder/plugins/mcufinder/ => /home/nova/.stmcufinder/plugins/mcufinder
2025-08-11 17:31:30,345 [INFO] CrossReferenceDbSqlite:203 - Set database path to: /home/nova/.stmcufinder/plugins/mcufinder//mcu/cs/
2025-08-11 17:31:30,370 [INFO] ApplicationProperties:184 - Using Application install path: /opt/st/stm32cubeide_1.18.1/plugins/com.st.stm32cube.common.mx_6.14.1.202504091515
2025-08-11 17:31:30,372 [INFO] PluginManage:196 - Search for loadable plugins [exclusion list=, ]
2025-08-11 17:31:30,374 [INFO] PluginManage:310 - Check plugin analytics
2025-08-11 17:31:30,799 [INFO] AnalyticsPlugin:253 - Accepted Software Licenses: 
2025-08-11 17:31:30,799 [INFO] AnalyticsPlugin:255 - Accepted CMSIS Pack Licenses: 
2025-08-11 17:31:30,799 [INFO] AnalyticsPlugin:257 - Accepted Firmware Licenses: 
2025-08-11 17:31:30,804 [INFO] PluginManage:359 - Loaded plugin analytics (category:tool,tabindex:-1)
2025-08-11 17:31:30,805 [INFO] PluginManage:310 - Check plugin cadmodel
2025-08-11 17:31:30,862 [INFO] CADModel:105 - Init CAD model plugin
2025-08-11 17:31:30,862 [INFO] PluginManage:359 - Loaded plugin cadmodel (category:power,tabindex:5)
2025-08-11 17:31:30,863 [INFO] PluginManage:310 - Check plugin clock
2025-08-11 17:31:30,918 [INFO] PluginManage:359 - Loaded plugin clock (category:base,tabindex:2)
2025-08-11 17:31:30,919 [INFO] PluginManage:310 - Check plugin ddr
2025-08-11 17:31:30,936 [INFO] PluginManage:359 - Loaded plugin ddr (category:tool,tabindex:6)
2025-08-11 17:31:30,936 [INFO] PluginManage:310 - Check plugin filemanager
2025-08-11 17:31:31,424 [INFO] PluginManage:359 - Loaded plugin filemanager (category:base,tabindex:10)
2025-08-11 17:31:31,425 [INFO] PluginManage:310 - Check plugin ipmanager
2025-08-11 17:31:31,448 [INFO] PluginManage:359 - Loaded plugin ipmanager (category:base,tabindex:5)
2025-08-11 17:31:31,449 [INFO] PluginManage:310 - Check plugin lpbam
2025-08-11 17:31:31,601 [INFO] PluginManage:359 - Loaded plugin lpbam (category:base,tabindex:0)
2025-08-11 17:31:31,602 [INFO] PluginManage:310 - Check plugin memorymap
2025-08-11 17:31:31,707 [INFO] PluginManage:359 - Loaded plugin memorymap (category:base,tabindex:4)
2025-08-11 17:31:31,707 [INFO] PluginManage:310 - Check plugin pinoutandconfiguration
2025-08-11 17:31:31,958 [INFO] PluginManage:359 - Loaded plugin pinoutandconfiguration (category:base,tabindex:1)
2025-08-11 17:31:31,959 [INFO] PluginManage:310 - Check plugin pinoutconfig
2025-08-11 17:31:32,587 [WARN] SupportedApi:132 - Cannot load RTOS API schema: s4s-elt-must-match.1: The content of 'definitions' must match (annotation?, (simpleType | complexType)?, (unique | key | keyref)*)). A problem was found starting at: attribute.
2025-08-11 17:31:34,037 [INFO] PluginManage:359 - Loaded plugin pinoutconfig (category:base,tabindex:0)
2025-08-11 17:31:34,038 [INFO] PluginManage:310 - Check plugin power
2025-08-11 17:31:34,097 [INFO] PluginManage:359 - Loaded plugin power (category:power,tabindex:4)
2025-08-11 17:31:34,097 [INFO] PluginManage:310 - Check plugin projectmanager
2025-08-11 17:31:34,133 [INFO] PluginManage:359 - Loaded plugin projectmanager (category:projectmanager,tabindex:4)
2025-08-11 17:31:34,133 [INFO] PluginManage:310 - Check plugin rif
2025-08-11 17:31:34,223 [INFO] PluginManage:359 - Loaded plugin rif (category:base,tabindex:3)
2025-08-11 17:31:34,224 [INFO] PluginManage:310 - Check plugin thirdparty
2025-08-11 17:31:34,738 [INFO] PluginManage:359 - Loaded plugin thirdparty (category:base,tabindex:-1)
2025-08-11 17:31:34,737 [WARN] IntegrityCheckThread:84 - waiting for thirdparty lock release [integrity check]
2025-08-11 17:31:34,738 [INFO] PluginManage:310 - Check plugin tools
2025-08-11 17:31:34,738 [INFO] IntegrityCheckThread:86 - entering critical section [integrity check]
2025-08-11 17:31:34,739 [INFO] ThirdPartyUpdaterWithRetryManager:70 - Updater plugin not ready yet. [1/15]
2025-08-11 17:31:34,768 [INFO] PluginManage:359 - Loaded plugin tools (category:base,tabindex:7)
2025-08-11 17:31:34,768 [INFO] PluginManage:310 - Check plugin tutovideos
2025-08-11 17:31:35,103 [INFO] PluginManage:359 - Loaded plugin tutovideos (category:base,tabindex:-1)
2025-08-11 17:31:35,104 [INFO] PluginManage:310 - Check plugin updater
2025-08-11 17:31:35,147 [INFO] PluginManage:359 - Loaded plugin updater (category:base,tabindex:12)
2025-08-11 17:31:35,147 [INFO] PluginManage:310 - Check plugin userauth
2025-08-11 17:31:35,162 [INFO] UserAuth:118 - Init User Auth plugin
2025-08-11 17:31:35,163 [INFO] PluginManage:359 - Loaded plugin userauth (category:base,tabindex:14)
2025-08-11 17:31:35,164 [INFO] PluginManage:283 - PluginManage : Loaded plugins [18]
2025-08-11 17:31:35,779 [INFO] PinOutPanel:1589 - setPackage(No Configuration,No Configuration)
2025-08-11 17:31:36,621 [INFO] CADModel:165 - CPN selected for project level
2025-08-11 17:31:36,622 [INFO] CADModel:114 - Register for checkConnection events
2025-08-11 17:31:36,693 [INFO] IPUIPlugin:80 - create IPUIPlugin
2025-08-11 17:31:36,693 [INFO] PluginManager:220 - loadIPPluginJar : add hash
2025-08-11 17:31:36,701 [INFO] IPUIPlugin:80 - create IPUIPlugin
2025-08-11 17:31:36,701 [INFO] PluginManager:220 - loadIPPluginJar : add tracer_emb
2025-08-11 17:31:36,707 [INFO] IPUIPlugin:80 - create IPUIPlugin
2025-08-11 17:31:36,708 [INFO] PluginManager:220 - loadIPPluginJar : add gic
2025-08-11 17:31:36,777 [INFO] IPUIPlugin:80 - create IPUIPlugin
2025-08-11 17:31:36,777 [INFO] PluginManager:220 - loadIPPluginJar : add mdma
2025-08-11 17:31:36,781 [INFO] IPUIPlugin:80 - create IPUIPlugin
2025-08-11 17:31:36,781 [INFO] PluginManager:220 - loadIPPluginJar : add touchsensing
2025-08-11 17:31:36,784 [INFO] IPUIPlugin:80 - create IPUIPlugin
2025-08-11 17:31:36,785 [INFO] PluginManager:220 - loadIPPluginJar : add lorawan
2025-08-11 17:31:36,806 [INFO] IPUIPlugin:80 - create IPUIPlugin
2025-08-11 17:31:36,806 [INFO] PluginManager:220 - loadIPPluginJar : add dma
2025-08-11 17:31:36,808 [INFO] IPUIPlugin:80 - create IPUIPlugin
2025-08-11 17:31:36,809 [INFO] PluginManager:220 - loadIPPluginJar : add radio
2025-08-11 17:31:36,812 [INFO] IPUIPlugin:80 - create IPUIPlugin
2025-08-11 17:31:36,812 [INFO] PluginManager:220 - loadIPPluginJar : add i2c
2025-08-11 17:31:36,828 [INFO] IPUIPlugin:80 - create IPUIPlugin
2025-08-11 17:31:36,828 [INFO] PluginManager:220 - loadIPPluginJar : add fatfs
2025-08-11 17:31:36,835 [INFO] IPUIPlugin:80 - create IPUIPlugin
2025-08-11 17:31:36,835 [INFO] PluginManager:220 - loadIPPluginJar : add openamp
2025-08-11 17:31:36,857 [INFO] IPUIPlugin:80 - create IPUIPlugin
2025-08-11 17:31:36,858 [INFO] PluginManager:220 - loadIPPluginJar : add nvic
2025-08-11 17:31:36,859 [INFO] IPUIPlugin:80 - create IPUIPlugin
2025-08-11 17:31:36,860 [INFO] PluginManager:220 - loadIPPluginJar : add quadspi
2025-08-11 17:31:36,884 [INFO] IPUIPlugin:80 - create IPUIPlugin
2025-08-11 17:31:36,884 [INFO] PluginManager:220 - loadIPPluginJar : add extmemmanager
2025-08-11 17:31:36,889 [INFO] IPUIPlugin:80 - create IPUIPlugin
2025-08-11 17:31:36,890 [INFO] PluginManager:220 - loadIPPluginJar : add sai
2025-08-11 17:31:36,896 [INFO] IPUIPlugin:80 - create IPUIPlugin
2025-08-11 17:31:36,896 [INFO] PluginManager:220 - loadIPPluginJar : add fmc
2025-08-11 17:31:36,899 [INFO] IPUIPlugin:80 - create IPUIPlugin
2025-08-11 17:31:36,900 [INFO] PluginManager:220 - loadIPPluginJar : add can
2025-08-11 17:31:36,950 [INFO] IPUIPlugin:80 - create IPUIPlugin
2025-08-11 17:31:36,950 [INFO] PluginManager:220 - loadIPPluginJar : add ddr_ctrl_phy
2025-08-11 17:31:36,954 [INFO] IPUIPlugin:80 - create IPUIPlugin
2025-08-11 17:31:36,954 [INFO] PluginManager:220 - loadIPPluginJar : add opamp
2025-08-11 17:31:36,963 [INFO] IPUIPlugin:80 - create IPUIPlugin
2025-08-11 17:31:36,963 [INFO] PluginManager:220 - loadIPPluginJar : add ipddr
2025-08-11 17:31:36,966 [INFO] IPUIPlugin:80 - create IPUIPlugin
2025-08-11 17:31:36,967 [INFO] PluginManager:220 - loadIPPluginJar : add i3c
2025-08-11 17:31:36,973 [INFO] IPUIPlugin:80 - create IPUIPlugin
2025-08-11 17:31:36,973 [INFO] PluginManager:220 - loadIPPluginJar : add adc
2025-08-11 17:31:36,976 [INFO] IPUIPlugin:80 - create IPUIPlugin
2025-08-11 17:31:36,977 [INFO] PluginManager:220 - loadIPPluginJar : add gtzc
2025-08-11 17:31:36,981 [INFO] IPUIPlugin:80 - create IPUIPlugin
2025-08-11 17:31:36,981 [INFO] PluginManager:220 - loadIPPluginJar : add gfxmmu
2025-08-11 17:31:36,984 [INFO] IPUIPlugin:80 - create IPUIPlugin
2025-08-11 17:31:36,984 [INFO] PluginManager:220 - loadIPPluginJar : add spi
2025-08-11 17:31:37,021 [INFO] IPUIPlugin:80 - create IPUIPlugin
2025-08-11 17:31:37,024 [INFO] PluginManager:220 - loadIPPluginJar : add plateformsettings
2025-08-11 17:31:37,028 [INFO] IPUIPlugin:80 - create IPUIPlugin
2025-08-11 17:31:37,028 [INFO] PluginManager:220 - loadIPPluginJar : add pdm2pcm
2025-08-11 17:31:37,030 [INFO] IPUIPlugin:80 - create IPUIPlugin
2025-08-11 17:31:37,030 [INFO] PluginManager:220 - loadIPPluginJar : add genericplugin
2025-08-11 17:31:37,032 [INFO] IPUIPlugin:80 - create IPUIPlugin
2025-08-11 17:31:37,033 [INFO] PluginManager:220 - loadIPPluginJar : add i2s
2025-08-11 17:31:37,035 [INFO] IPUIPlugin:80 - create IPUIPlugin
2025-08-11 17:31:37,035 [INFO] PluginManager:220 - loadIPPluginJar : add tsc
2025-08-11 17:31:37,037 [INFO] IPUIPlugin:80 - create IPUIPlugin
2025-08-11 17:31:37,038 [INFO] PluginManager:220 - loadIPPluginJar : add dma3
2025-08-11 17:31:37,040 [INFO] IPUIPlugin:80 - create IPUIPlugin
2025-08-11 17:31:37,041 [INFO] PluginManager:220 - loadIPPluginJar : add aes
2025-08-11 17:31:37,043 [INFO] IPUIPlugin:80 - create IPUIPlugin
2025-08-11 17:31:37,043 [INFO] PluginManager:220 - loadIPPluginJar : add ts
2025-08-11 17:31:37,046 [INFO] IPUIPlugin:80 - create IPUIPlugin
2025-08-11 17:31:37,046 [INFO] PluginManager:220 - loadIPPluginJar : add ucpd
2025-08-11 17:31:37,048 [INFO] IPUIPlugin:80 - create IPUIPlugin
2025-08-11 17:31:37,048 [INFO] PluginManager:220 - loadIPPluginJar : add comp
2025-08-11 17:31:37,051 [INFO] IPUIPlugin:80 - create IPUIPlugin
2025-08-11 17:31:37,051 [INFO] PluginManager:220 - loadIPPluginJar : add usart
2025-08-11 17:31:37,080 [INFO] IPUIPlugin:80 - create IPUIPlugin
2025-08-11 17:31:37,080 [INFO] PluginManager:220 - loadIPPluginJar : add resmgrutility
2025-08-11 17:31:37,084 [INFO] IPUIPlugin:80 - create IPUIPlugin
2025-08-11 17:31:37,084 [INFO] PluginManager:220 - loadIPPluginJar : add usbx
2025-08-11 17:31:37,087 [INFO] IPUIPlugin:80 - create IPUIPlugin
2025-08-11 17:31:37,087 [INFO] PluginManager:220 - loadIPPluginJar : add dfsdm
2025-08-11 17:31:37,090 [INFO] IPUIPlugin:80 - create IPUIPlugin
2025-08-11 17:31:37,090 [INFO] PluginManager:220 - loadIPPluginJar : add cryp
2025-08-11 17:31:37,098 [INFO] IPUIPlugin:80 - create IPUIPlugin
2025-08-11 17:31:37,098 [INFO] PluginManager:220 - loadIPPluginJar : add linkedlist
2025-08-11 17:31:37,100 [INFO] IPUIPlugin:80 - create IPUIPlugin
2025-08-11 17:31:37,100 [INFO] PluginManager:220 - loadIPPluginJar : add ltdc
2025-08-11 17:31:37,102 [INFO] IPUIPlugin:80 - create IPUIPlugin
2025-08-11 17:31:37,102 [INFO] PluginManager:220 - loadIPPluginJar : add tim
2025-08-11 17:31:37,151 [INFO] IPUIPlugin:80 - create IPUIPlugin
2025-08-11 17:31:37,152 [INFO] PluginManager:220 - loadIPPluginJar : add gpio
2025-08-11 17:31:37,176 [INFO] IPUIPlugin:80 - create IPUIPlugin
2025-08-11 17:31:37,176 [INFO] PluginManager:220 - loadIPPluginJar : add freertos
2025-08-11 17:31:37,186 [INFO] IPUIPlugin:80 - create IPUIPlugin
2025-08-11 17:31:37,186 [INFO] PluginManager:220 - loadIPPluginJar : add stm32_wpan
2025-08-11 17:31:37,313 [FATAL] Updater:351 - Updater called before beeing initialized
2025-08-11 17:31:37,438 [INFO] RulesReader:64 - Compatibility file has been processed (302 Rules)
2025-08-11 17:31:37,452 [INFO] RulesReader:64 - Compatibility file has been processed (302 Rules)
2025-08-11 17:31:37,460 [INFO] CADModel:165 - CPN selected for project level
2025-08-11 17:31:37,460 [INFO] CADModel:114 - Register for checkConnection events
2025-08-11 17:31:37,461 [FATAL] Updater:351 - Updater called before beeing initialized
2025-08-11 17:31:37,461 [ERROR] CADModel:125 - Updater not yet initialized, retry later 
2025-08-11 17:31:37,717 [FATAL] Updater:351 - Updater called before beeing initialized
2025-08-11 17:31:37,719 [INFO] CADModel:165 - CPN selected for project level
2025-08-11 17:31:37,720 [INFO] CADModel:114 - Register for checkConnection events
2025-08-11 17:31:37,720 [FATAL] Updater:351 - Updater called before beeing initialized
2025-08-11 17:31:37,720 [ERROR] CADModel:125 - Updater not yet initialized, retry later 
2025-08-11 17:31:37,739 [INFO] ThirdPartyUpdaterWithRetryManager:70 - Updater plugin not ready yet. [2/15]
2025-08-11 17:31:37,743 [FATAL] Updater:351 - Updater called before beeing initialized
2025-08-11 17:31:37,843 [FATAL] Updater:351 - Updater called before beeing initialized
2025-08-11 17:31:37,861 [INFO] DbMcusAds:53 - JSON generation date=Tue Jul 08 13:44:23 IST 2025 (1751962463562)
2025-08-11 17:31:37,861 [FATAL] Updater:351 - Updater called before beeing initialized
2025-08-11 17:31:38,001 [WARN] DetailPanel:346 - Failed to get advertising image, set to default
2025-08-11 17:31:38,369 [FATAL] Updater:351 - Updater called before beeing initialized
2025-08-11 17:31:38,373 [FATAL] Updater:351 - Updater called before beeing initialized
2025-08-11 17:31:38,373 [FATAL] Updater:351 - Updater called before beeing initialized
2025-08-11 17:31:38,374 [WARN] DetailPanel:346 - Failed to get advertising image, set to default
2025-08-11 17:31:38,377 [FATAL] Updater:351 - Updater called before beeing initialized
2025-08-11 17:31:38,466 [ERROR] Updater:1198 - MainUpdater not yet initialized. External WinMGr cannot be set.
2025-08-11 17:31:38,473 [INFO] Updater:1134 - Updater Version found : 6.14.1
2025-08-11 17:31:38,496 [INFO] ApplicationProperties:184 - Using Application install path: /opt/st/stm32cubeide_1.18.1/plugins/com.st.stm32cube.common.mx_6.14.1.202504091515
2025-08-11 17:31:39,042 [INFO] MainUpdater:2872 - connection check result : 10
2025-08-11 17:31:39,042 [INFO] MainUpdater:3566 - Updater definition file requires update
2025-08-11 17:31:39,042 [INFO] MainUpdater:289 - Updater Check For Update Now.
2025-08-11 17:31:39,043 [INFO] MicroXplorer:498 - Change Database Version : DB.6.0.141
2025-08-11 17:31:39,048 [INFO] McuFinderGlobals:63 - Set McuFinder mode to 2 (CubeIDE integrated)
2025-08-11 17:31:39,049 [INFO] UserAuth:171 - activating auth plugin
2025-08-11 17:31:39,052 [INFO] UserAuth:484 - Internet connection configuration mode: 1
2025-08-11 17:31:39,111 [INFO] ServerAccessManage:473 - Download File updaters.zip
2025-08-11 17:31:39,251 [INFO] FileExtend:242 - Unzip File : updaters.zip
2025-08-11 17:31:39,251 [INFO] FileExtend:257 - Standard Zip Deflate
2025-08-11 17:31:39,262 [INFO] JxBrowserEngine:152 - Initiate JxBrowser Engine with user profile folder
2025-08-11 17:31:39,890 [INFO] ServerAccessManage:473 - Download File PacksControlFlags.xml
2025-08-11 17:31:40,177 [INFO] ServerAccessManage:473 - Download File cubemx.pidx
2025-08-11 17:31:40,385 [INFO] LoadServerUpdatesThread:375 - End of LoadServerUpdate Thread
2025-08-11 17:31:40,612 [INFO] CheckServerUpdateThread:120 - End of CheckServer Thread
2025-08-11 17:31:40,653 [INFO] MainUpdater:2872 - connection check result : 10
2025-08-11 17:31:40,677 [INFO] McuFinderGlobals:76 - Set McuFinderConnectedMode to true
2025-08-11 17:31:40,741 [WARN] MainUpdater:1193 - Updater busy. Cannot search thirdparties
2025-08-11 17:31:40,741 [INFO] ThirdPartyUpdaterWithRetryManager:96 - Updater plugin is busy. [1/15]
2025-08-11 17:31:40,941 [INFO] ServerAccessManage:473 - Download File mcusAds.json._tmp_
2025-08-11 17:31:41,099 [INFO] LoadUrlFilesThread:156 - End of LoadUrlFiles Thread
2025-08-11 17:31:41,863 [INFO] ServerAccessManage:473 - Download File cube-finder-db.zip
2025-08-11 17:31:43,741 [WARN] MainUpdater:1193 - Updater busy. Cannot search thirdparties
2025-08-11 17:31:43,742 [INFO] ThirdPartyUpdaterWithRetryManager:96 - Updater plugin is busy. [2/15]
2025-08-11 17:31:45,392 [INFO] FileExtend:242 - Unzip File : cube-finder-db.zip
2025-08-11 17:31:45,394 [INFO] FileExtend:257 - Standard Zip Deflate
2025-08-11 17:31:46,743 [WARN] MainUpdater:1193 - Updater busy. Cannot search thirdparties
2025-08-11 17:31:46,744 [INFO] ThirdPartyUpdaterWithRetryManager:96 - Updater plugin is busy. [3/15]
2025-08-11 17:31:49,782 [WARN] MainUpdater:1193 - Updater busy. Cannot search thirdparties
2025-08-11 17:31:49,782 [INFO] ThirdPartyUpdaterWithRetryManager:96 - Updater plugin is busy. [4/15]
2025-08-11 17:31:52,232 [INFO] LoadUrlFilesThread:156 - End of LoadUrlFiles Thread
2025-08-11 17:31:52,784 [WARN] MainUpdater:1193 - Updater busy. Cannot search thirdparties
2025-08-11 17:31:52,784 [INFO] ThirdPartyUpdaterWithRetryManager:96 - Updater plugin is busy. [5/15]
2025-08-11 17:31:54,049 [INFO] ServerAccessManage:473 - Download File crdb.zip
2025-08-11 17:31:54,204 [INFO] WebApp:169 - Instantiating new browser for Auth
2025-08-11 17:31:55,785 [WARN] MainUpdater:1193 - Updater busy. Cannot search thirdparties
2025-08-11 17:31:55,785 [INFO] ThirdPartyUpdaterWithRetryManager:96 - Updater plugin is busy. [6/15]
2025-08-11 17:31:58,488 [INFO] FileExtend:242 - Unzip File : crdb.zip
2025-08-11 17:31:58,489 [INFO] FileExtend:257 - Standard Zip Deflate
2025-08-11 17:31:58,650 [INFO] LoadUrlFilesThread:156 - End of LoadUrlFiles Thread
2025-08-11 17:31:58,786 [WARN] MainUpdater:1193 - Updater busy. Cannot search thirdparties
2025-08-11 17:31:58,787 [INFO] ThirdPartyUpdaterWithRetryManager:96 - Updater plugin is busy. [7/15]
2025-08-11 17:31:58,909 [INFO] ServerAccessManage:473 - Download File tutoVideoDB.zip
2025-08-11 17:31:58,930 [INFO] FileExtend:242 - Unzip File : tutoVideoDB.zip
2025-08-11 17:31:58,930 [INFO] FileExtend:257 - Standard Zip Deflate
2025-08-11 17:31:59,039 [INFO] LoadUrlFilesThread:156 - End of LoadUrlFiles Thread
2025-08-11 17:31:59,042 [WARN] DbFile:41 - Overriding database path with different value: /home/nova/.stmcufinder/plugins/mcufinder/ => /home/nova/.stmcufinder/plugins/mcufinder
2025-08-11 17:31:59,182 [INFO] ServerAccessManage:473 - Download File api_config.json
2025-08-11 17:31:59,289 [INFO] LoadUrlFilesThread:156 - End of LoadUrlFiles Thread
2025-08-11 17:31:59,294 [INFO] DbMcusAds:53 - JSON generation date=Tue Jul 08 13:44:23 IST 2025 (1751962463593)
2025-08-11 17:31:59,567 [INFO] LoadUrlFilesThread:185 - End of LoadServerUrlFiles without Thread
2025-08-11 17:31:59,568 [INFO] TargetSelectorAdapter:259 - Refresh data is successful
2025-08-11 17:32:03,430 [WARN] PackLoader:240 - Cannot read IP mode file for STMicroelectronics.FP-SNS-MOTENVWB1.1.4.0
2025-08-11 17:32:03,452 [INFO] ApiDb:581 - Connected to CubeFinder SQLite database (/home/nova/.stmcufinder/plugins/mcufinder/mcu/cube-finder-db.db)
2025-08-11 17:32:03,482 [WARN] PackLoader:240 - Cannot read IP mode file for STMicroelectronics.X-CUBE-SMBUS.2.1.0
2025-08-11 17:32:03,581 [INFO] ApiDb:668 - CubeFinder database Data Model version=2.1
2025-08-11 17:32:03,582 [INFO] ApiDb:669 - CubeFinder database Configuration version=3.0.39
2025-08-11 17:32:03,582 [INFO] ApiDb:670 - CubeFinder database generation date=2025-07-24 (1753349077)
2025-08-11 17:32:03,583 [INFO] ApiDb:671 - CubeFinder database FW Pack versions=[FP-ATR-ASTRA1_V2.0.0, FP-SNS-FLIGHT1_V5.1.0, FP-SNS-MOTENV1_V5.0.0, FP-SNS-MOTENVWB1_V1.4.0, FP-SNS-SMARTAG2_V1.2.0, FP-SNS-STBOX1_V2.0.0, STM32Cube_FW_C0_V1.4.0, STM32Cube_FW_F4_V1.28.2, STM32Cube_FW_F7_V1.17.3, STM32Cube_FW_G0_V1.6.2, STM32Cube_FW_G4_V1.6.1, STM32Cube_FW_H5_V1.5.0, STM32Cube_FW_H7RS_V1.2.0, STM32Cube_FW_H7_V1.12.1, STM32Cube_FW_L0_V1.12.2, STM32Cube_FW_L4_V1.18.1, STM32Cube_FW_L5_V1.5.1, STM32Cube_FW_N6_V1.2.0, STM32Cube_FW_U0_V1.3.0, STM32Cube_FW_U3_V1.2.0, STM32Cube_FW_U5_V1.8.0, STM32Cube_FW_WB0_V1.3.0, STM32Cube_FW_WBA_V1.7.0, STM32Cube_FW_WB_V1.23.0, STM32Cube_FW_WL3_V1.2.0, STM32Cube_FW_WL_V1.3.1, X-CUBE-ALGOBUILD_V1.4.0, X-CUBE-ALS_V1.0.2, X-CUBE-AZRTOS-F4_V1.1.0, X-CUBE-AZRTOS-F7_V1.1.0, X-CUBE-AZRTOS-G0_V1.1.0, X-CUBE-AZRTOS-G4_V2.0.0, X-CUBE-AZRTOS-H7RS_V1.1.0, X-CUBE-AZRTOS-H7_V3.4.0, X-CUBE-AZRTOS-L4_V2.0.0, X-CUBE-AZRTOS-L5_V2.0.0, X-CUBE-AZRTOS-WB_V2.0.0, X-CUBE-AZRTOS-WL_V2.0.0, X-CUBE-BLE1_V7.1.0, X-CUBE-BLE2_V3.3.0, X-CUBE-BLEMGR_V4.1.0, X-CUBE-EEPRMA1_V5.2.0, X-CUBE-FREERTOS_V1.3.1, X-CUBE-GNSS1_V6.0.0, X-CUBE-MEMS1_V11.3.0, X-CUBE-NFC4_V3.0.0, X-CUBE-NFC7_V2.0.0, X-CUBE-SFXS2LP1_V4.0.0, X-CUBE-ST67W61_V1.0.0, X-CUBE-SUBG2_V5.0.0, X-CUBE-TOF1_V3.4.3]
2025-08-11 17:32:03,597 [WARN] PackLoader:240 - Cannot read IP mode file for STMicroelectronics.X-CUBE-AZRTOS-F7.1.1.0
2025-08-11 17:32:03,638 [WARN] PackLoader:240 - Cannot read IP mode file for STMicroelectronics.X-CUBE-DISPLAY.3.0.0
2025-08-11 17:32:03,715 [WARN] PackLoader:240 - Cannot read IP mode file for STMicroelectronics.X-CUBE-NFC10.1.0.0
2025-08-11 17:32:03,726 [WARN] PackLoader:240 - Cannot read IP mode file for STMicroelectronics.FP-SNS-SMARTAG2.1.2.0
2025-08-11 17:32:03,804 [INFO] LogOutputStream:77 - [STDOUT_REDIRECT] 1 : Invalid condition id : UX_CORESTACK_Condition cause : null
2025-08-11 17:32:03,806 [INFO] LogOutputStream:77 - [STDOUT_REDIRECT] 1 : Invalid condition id : UX_CORESTACK_Condition cause : null
2025-08-11 17:32:03,806 [INFO] LogOutputStream:77 - [STDOUT_REDIRECT] 1 : Invalid condition id : UX_CORESTACK_Condition cause : null
2025-08-11 17:32:03,807 [INFO] LogOutputStream:77 - [STDOUT_REDIRECT] 1 : Invalid condition id : UX_CORESTACK_Condition cause : null
2025-08-11 17:32:03,807 [INFO] LogOutputStream:77 - [STDOUT_REDIRECT] 1 : Invalid condition id : UX_CORESTACK_Condition cause : null
2025-08-11 17:32:03,819 [WARN] PackLoader:240 - Cannot read IP mode file for STMicroelectronics.X-CUBE-AZRTOS-WL.2.0.0
2025-08-11 17:32:03,839 [WARN] PackLoader:240 - Cannot read IP mode file for STMicroelectronics.FP-SNS-MOTENV1.5.0.0
2025-08-11 17:32:03,862 [WARN] PackLoader:240 - Cannot read IP mode file for STMicroelectronics.X-CUBE-BLE2.3.3.0
2025-08-11 17:32:03,896 [WARN] PackLoader:240 - Cannot read IP mode file for STMicroelectronics.X-CUBE-NFC9.1.0.0
2025-08-11 17:32:04,403 [WARN] PackLoader:240 - Cannot read IP mode file for STMicroelectronics.X-CUBE-AZRTOS-G0.1.1.0
2025-08-11 17:32:04,528 [WARN] PackLoader:240 - Cannot read IP mode file for STMicroelectronics.X-CUBE-SAFEA1.1.2.2
2025-08-11 17:32:04,605 [WARN] PackLoader:240 - Cannot read IP mode file for STMicroelectronics.X-CUBE-NFC4.3.0.0
2025-08-11 17:32:04,641 [WARN] PackLoader:240 - Cannot read IP mode file for STMicroelectronics.X-CUBE-TCPP.4.2.0
2025-08-11 17:32:04,787 [WARN] PackLoader:240 - Cannot read IP mode file for RealThread.X-CUBE-RT-Thread_Nano.4.1.1
2025-08-11 17:32:04,872 [WARN] PackLoader:240 - Cannot read IP mode file for STMicroelectronics.FP-ATR-SIGFOX1.3.2.0
2025-08-11 17:32:04,990 [WARN] PackLoader:240 - Cannot read IP mode file for SEGGER.I-CUBE-embOS.1.3.1
2025-08-11 17:32:05,140 [WARN] PackLoader:240 - Cannot read IP mode file for STMicroelectronics.X-CUBE-ALGOBUILD.1.4.0
2025-08-11 17:32:05,202 [WARN] PackLoader:240 - Cannot read IP mode file for STMicroelectronics.X-CUBE-AZRTOS-F4.1.1.0
2025-08-11 17:32:05,214 [WARN] PackLoader:240 - Cannot read IP mode file for STMicroelectronics.X-CUBE-ISPU.2.1.0
2025-08-11 17:32:05,246 [WARN] PackLoader:240 - Cannot read IP mode file for STMicroelectronics.X-CUBE-AZRTOS-L5.2.0.0
2025-08-11 17:32:05,264 [WARN] PackLoader:240 - Cannot read IP mode file for STMicroelectronics.X-CUBE-NFC6.3.1.0
2025-08-11 17:32:05,428 [WARN] ConditionMgr:438 - getConditionDescription Invalid condition id : LAN8742 Phy interface Condition cause : null
2025-08-11 17:32:05,429 [WARN] PackLoader:240 - Cannot read IP mode file for STMicroelectronics.X-CUBE-AZRTOS-L4.2.0.0
2025-08-11 17:32:05,433 [WARN] ConditionMgr:1044 - genDependencies : Invalid condition id : LAN8742 Phy interface Condition cause : null
2025-08-11 17:32:05,434 [WARN] ConditionMgr:1044 - genDependencies : Invalid condition id : LAN8742 Phy interface Condition cause : null
2025-08-11 17:32:05,435 [WARN] ConditionMgr:1044 - genDependencies : Invalid condition id : LAN8742 Phy interface Condition cause : null
2025-08-11 17:32:05,520 [WARN] PackLoader:240 - Cannot read IP mode file for STMicroelectronics.X-CUBE-SFXS2LP1.4.0.0
2025-08-11 17:32:05,579 [WARN] ConditionMgr:438 - getConditionDescription Invalid condition id : UX DEVICE CLASS RTOS Condition cause : null
2025-08-11 17:32:05,579 [WARN] ConditionMgr:438 - getConditionDescription Invalid condition id : UX DEVICE CLASS RTOS Condition cause : null
2025-08-11 17:32:05,584 [WARN] PackLoader:240 - Cannot read IP mode file for STMicroelectronics.X-CUBE-AZRTOS-WB.2.0.0
2025-08-11 17:32:05,584 [WARN] ConditionMgr:1044 - genDependencies : Invalid condition id : UX DEVICE CLASS RTOS Condition cause : null
2025-08-11 17:32:05,585 [WARN] ConditionMgr:1044 - genDependencies : Invalid condition id : UX DEVICE CLASS RTOS Condition cause : null
2025-08-11 17:32:05,585 [WARN] ConditionMgr:1044 - genDependencies : Invalid condition id : UX DEVICE CLASS RTOS Condition cause : null
2025-08-11 17:32:05,586 [WARN] ConditionMgr:1044 - genDependencies : Invalid condition id : UX DEVICE CLASS RTOS Condition cause : null
2025-08-11 17:32:05,586 [WARN] ConditionMgr:1044 - genDependencies : Invalid condition id : UX DEVICE CLASS RTOS Condition cause : null
2025-08-11 17:32:05,614 [WARN] PackLoader:240 - Cannot read IP mode file for STMicroelectronics.X-CUBE-GNSS1.7.0.1
2025-08-11 17:32:05,624 [WARN] PackLoader:240 - Cannot read IP mode file for STMicroelectronics.FP-SNS-STBOX1.2.0.0
2025-08-11 17:32:05,667 [WARN] PackLoader:240 - Cannot read IP mode file for STMicroelectronics.X-CUBE-SUBG2.5.0.0
2025-08-11 17:32:05,794 [WARN] PackLoader:240 - Cannot read IP mode file for STMicroelectronics.X-CUBE-AZRTOS-G4.2.0.0
2025-08-11 17:32:05,821 [WARN] PackLoader:240 - Cannot read IP mode file for STMicroelectronics.X-CUBE-IPS.3.1.0
2025-08-11 17:32:05,838 [WARN] PackLoader:240 - Cannot read IP mode file for STMicroelectronics.X-CUBE-ALS.1.0.2
2025-08-11 17:32:05,862 [WARN] PackLoader:240 - Cannot read IP mode file for portGmbH.I-Cube-SoM-uGOAL.1.1.0
2025-08-11 17:32:05,864 [INFO] ThirdParty:978 - Integrity check success = true
2025-08-11 17:32:05,864 [INFO] IntegrityCheckThread:100 - exiting critical section [integrity check]
2025-08-11 17:32:05,864 [INFO] IntegrityCheckThread:103 - End integrity checks thread
2025-08-11 17:32:06,731 [INFO] WebApp:463 - Apply proxy settings
2025-08-11 17:32:06,732 [INFO] WebApp:548 - Chromium requires no authentication
2025-08-11 17:32:06,821 [INFO] WebApp:491 - Direct internet connection detected
2025-08-11 17:32:07,294 [INFO] WebApp:894 - Register for checkConnection events
2025-08-11 17:32:07,294 [INFO] WebApp:463 - Apply proxy settings
2025-08-11 17:32:07,294 [INFO] WebApp:548 - Chromium requires no authentication
2025-08-11 17:32:07,407 [INFO] WebApp:491 - Direct internet connection detected
2025-08-11 17:32:07,908 [INFO] ApiDb:240 - Found 895 in-development CPN: [B-G473E-ZEST1S, B-WB1M-WPAN1, B-WBA5M-WPAN, B-WL5M-SUBG1, NUCLEO-C031C6, NUCLEO-C051C8, NUCLEO-C071RB, NUCLEO-C092RC, NUCLEO-H503RB, NUCLEO-H533RE, NUCLEO-H563ZI, NUCLEO-H7S3L8, NUCLEO-N657X0-Q, NUCLEO-U031R8, NUCLEO-U083RC, NUCLEO-U385RG-Q, NUCLEO-U545RE-Q, NUCLEO-U5A5ZJ-Q, NUCLEO-WB05KZ, NUCLEO-WB07CC, NUCLEO-WB09KE, NUCLEO-WBA52CG, NUCLEO-WBA55CG, NUCLEO-WBA65RI, NUCLEO-WL33CC1, NUCLEO-WL33CC2, STEVAL-PROTEUS1, STEVAL-SMARTAG2, STEVAL-STWINBX1, STM320518-EVAL, STM32C0116-DK, STM32C011D6Y3TR, STM32C011D6Y6TR, STM32C011F4P3, STM32C011F4P6, STM32C011F4U3, STM32C011F4U6TR, STM32C011F6P3, STM32C011F6P6, STM32C011F6U3, STM32C011F6U6TR, STM32C011J4M3, STM32C011J4M6, STM32C011J6M3, STM32C011J6M6, STM32C0316-DK, STM32C031C4T3, STM32C031C4T6, STM32C031C4U3, STM32C031C4U6, STM32C031C6T3, STM32C031C6T6, STM32C031C6U3, STM32C031C6U6, STM32C031F4P3, STM32C031F4P6, STM32C031F6P3, STM32C031F6P6, STM32C031G4U3, STM32C031G4U6, STM32C031G6U3, STM32C031G6U6, STM32C031K4T3, STM32C031K4T6, STM32C031K4U3, STM32C031K4U6, STM32C031K6T3, STM32C031K6T6, STM32C031K6U3, STM32C031K6U6, STM32C051C6T6, STM32C051C6U6, STM32C051C8T6, STM32C051C8U6, STM32C051D8Y6TR, STM32C051F6P6, STM32C051F8P6, STM32C051G6U6, STM32C051G8U6, STM32C051K6T6, STM32C051K6U6, STM32C051K8T6, STM32C071C8T6, STM32C071C8T6N, STM32C071C8U6, STM32C071C8U6N, STM32C071CBT6, STM32C071CBT6N, STM32C071CBU6, STM32C071CBU6N, STM32C071F8P6, STM32C071F8P6N, STM32C071FBP6, STM32C071FBP6N, STM32C071FBY6TR, STM32C071G8U6, STM32C071G8U6N, STM32C071GBU6, STM32C071GBU6N, STM32C071K8T6, STM32C071K8T6N, STM32C071K8U6, STM32C071K8U6N, STM32C071KBT6, STM32C071KBT6N, STM32C071KBU6, STM32C071KBU6N, STM32C071R8T6, STM32C071R8T6N, STM32C071RBI6N, STM32C071RBT6, STM32C071RBT6N, STM32C091CBT6, STM32C091CBU6, STM32C091CCT6, STM32C091CCU6, STM32C091ECY6TR, STM32C091FBP6, STM32C091FCP6, STM32C091GBU6, STM32C091GCU6, STM32C091KBT6, STM32C091KBU6, STM32C091KCT6, STM32C091KCU6, STM32C091RBT6, STM32C091RCI6, STM32C091RCT6, STM32C092CBT6, STM32C092CBU6, STM32C092CCT6, STM32C092CCU6, STM32C092ECY6TR, STM32C092FBP6, STM32C092FCP6, STM32C092GBU6, STM32C092GCU6, STM32C092KBT6, STM32C092KBU6, STM32C092KCT6, STM32C092KCU6, STM32C092RBT6, STM32C092RCI6, STM32C092RCT6, STM32G071K8TXN, STM32G071K8UXN, STM32G081GBU6N, STM32G081KBT6N, STM32G081KBUXN, STM32G0B1CCT6N, STM32G0B1KCT6, STM32G0B1NEY6TR, STM32G0B1RCT6N, STM32G0C1CCT6, STM32G0C1CCT6N, STM32G0C1CCU6N, STM32G0C1CET6N, STM32G0C1CEU6N, STM32G0C1KCT6, STM32G0C1NEY6TR, STM32G0C1RCI6N, STM32G0C1RCT6N, STM32G0C1REI6N, STM32G0C1RET6N, STM32G0C1VCI6, STM32G0C1VEI6, STM32G411C6T3, STM32G411C6T6, STM32G411C6U3, STM32G411C6U6, STM32G411C8T3, STM32G411C8T6, STM32G411C8U3, STM32G411C8U6, STM32G411CBT3, STM32G411CBT6, STM32G411CBU3, STM32G411CBU6, STM32G411CCT3, STM32G411CCT6, STM32G411CCU3, STM32G411CCU6, STM32G411K6T3, STM32G411K6T6, STM32G411K6U3, STM32G411K6U6, STM32G411K8T3, STM32G411K8T6, STM32G411K8U3, STM32G411K8U6, STM32G411KBT3, STM32G411KBT6, STM32G411KBU3, STM32G411KBU6, STM32G411M6T3, STM32G411M6T6, STM32G411M8T3, STM32G411M8T6, STM32G411MBT3, STM32G411MBT6, STM32G411MCT3, STM32G411MCT6, STM32G411R6T3, STM32G411R6T6, STM32G411R8T3, STM32G411R8T6, STM32G411RBT3, STM32G411RBT6, STM32G411RCT3, STM32G411RCT6, STM32G414CBT3, STM32G414CBT6, STM32G414CBU3, STM32G414CBU6, STM32G414CCT3, STM32G414CCT6, STM32G414CCU3, STM32G414CCU6, STM32G414MBT3, STM32G414MBT6, STM32G414MCT3, STM32G414MCT6, STM32G414RBT3, STM32G414RBT6, STM32G414RCT3, STM32G414RCT6, STM32G414VBT3, STM32G414VBT6, STM32G414VCT3, STM32G414VCT6, STM32G431CBT3Z, STM32G431RBT3Z, STM32G471CCT6, STM32G471CCU6, STM32G471CET3, STM32G471CET6, STM32G471CEU3, STM32G471CEU6, STM32G471MCT6, STM32G471MET3, STM32G471MET6, STM32G471MEY6TR, STM32G471QCT6, STM32G471QET3, STM32G471RCT6, STM32G471RET3, STM32G471RET6, STM32G471VCH6, STM32G471VCI6, STM32G471VCT6, STM32G471VEH3, STM32G471VEH6, STM32G471VEI3, STM32G471VEI6, STM32G471VET3, STM32G471VET6, STM32G473QET3Z, STM32G473RET3Z, STM32G474CCT6, STM32G491RET3Z, STM32H503CBT6, STM32H503CBU6, STM32H503EBY6TR, STM32H503KBU6, STM32H503RBT6, STM32H523CCT6, STM32H523CCU6, STM32H523CET6, STM32H523CEU6, STM32H523HEY6TR, STM32H523RCT6, STM32H523RET6, STM32H523VCI6, STM32H523VCT6, STM32H523VEI6, STM32H523VET6, STM32H523ZCJ6, STM32H523ZCT6, STM32H523ZEJ6, STM32H523ZET6, STM32H533CET6, STM32H533CEU6, STM32H533HEY6TR, STM32H533RET6, STM32H533VEI6, STM32H533VET6, STM32H533ZEJ6, STM32H533ZET6, STM32H562AGI6, STM32H562AII6, STM32H562IGK6, STM32H562IGT6, STM32H562IIK6, STM32H562IIT6, STM32H562RGT6, STM32H562RGV6, STM32H562RIT6, STM32H562RIV6, STM32H562VGT6, STM32H562VIT6, STM32H562ZGT6, STM32H562ZIT6, STM32H563AGI6, STM32H563AII3Q, STM32H563AII6, STM32H563IGK6, STM32H563IGT6, STM32H563IIK3Q, STM32H563IIK6, STM32H563IIT3Q, STM32H563IIT6, STM32H563MIY3QTR, STM32H563RGT6, STM32H563RGV6, STM32H563RIT6, STM32H563RIV6, STM32H563VGT6, STM32H563VIT3Q, STM32H563VIT6, STM32H563ZGT6, STM32H563ZIT3Q, STM32H563ZIT6, STM32H573AII3Q, STM32H573AII6, STM32H573I-DK, STM32H573IIK3Q, STM32H573IIK6, STM32H573IIT3Q, STM32H573IIT6, STM32H573MIY3QTR, STM32H573RIT6, STM32H573RIV6, STM32H573VIT3Q, STM32H573VIT6, STM32H573ZIT3Q, STM32H573ZIT6, STM32H7R3A8I6, STM32H7R3I8K6, STM32H7R3I8T6, STM32H7R3L8H6, STM32H7R3L8H6H, STM32H7R3R8V6, STM32H7R3V8H6, STM32H7R3V8T6, STM32H7R3V8Y6TR, STM32H7R3Z8J6, STM32H7R3Z8T6, STM32H7R7A8I6, STM32H7R7I8K6, STM32H7R7I8T6, STM32H7R7L8H6, STM32H7R7L8H6H, STM32H7R7Z8J6, STM32H7S3A8I6, STM32H7S3I8K6, STM32H7S3I8T6, STM32H7S3L8H6, STM32H7S3L8H6H, STM32H7S3R8V6, STM32H7S3V8H6, STM32H7S3V8T6, STM32H7S3V8Y6TR, STM32H7S3Z8J6, STM32H7S3Z8T6, STM32H7S78-DK, STM32H7S7A8I6, STM32H7S7I8K6, STM32H7S7I8T6, STM32H7S7L8H6, STM32H7S7L8H6H, STM32H7S7Z8J6, STM32L4R5QGI6STR, STM32MP131AAE3, STM32MP131AAF3, STM32MP131AAG3, STM32MP131CAE3, STM32MP131CAF3, STM32MP131CAG3, STM32MP131DAE7, STM32MP131DAF7, STM32MP131DAG7, STM32MP131FAE7, STM32MP131FAF7, STM32MP131FAG7, STM32MP133AAE3, STM32MP133AAF3, STM32MP133AAG3, STM32MP133CAE3, STM32MP133CAF3, STM32MP133CAG3, STM32MP133DAE7, STM32MP133DAF7, STM32MP133DAG7, STM32MP133FAE7, STM32MP133FAF7, STM32MP133FAG7, STM32MP135AAE3, STM32MP135AAF3, STM32MP135AAG3, STM32MP135CAE3, STM32MP135CAF3, STM32MP135CAG3, STM32MP135DAE7, STM32MP135DAF7, STM32MP135DAG7, STM32MP135F-DK, STM32MP135FAE7, STM32MP135FAF7, STM32MP135FAF7T, STM32MP135FAF7U, STM32MP135FAG7, STM32MP231AAJ3, STM32MP231AAK3, STM32MP231AAL3, STM32MP231CAJ3, STM32MP231CAK3, STM32MP231CAL3, STM32MP231DAJ3, STM32MP231DAK3, STM32MP231DAL3, STM32MP231FAJ3, STM32MP231FAK3, STM32MP231FAL3, STM32MP233AAJ3, STM32MP233AAK3, STM32MP233AAL3, STM32MP233CAJ3, STM32MP233CAK3, STM32MP233CAL3, STM32MP233DAJ3, STM32MP233DAK3, STM32MP233DAL3, STM32MP233FAJ3, STM32MP233FAK3, STM32MP233FAL3, STM32MP235AAJ3, STM32MP235AAK3, STM32MP235AAL3, STM32MP235CAJ3, STM32MP235CAK3, STM32MP235CAL3, STM32MP235DAJ3, STM32MP235DAK3, STM32MP235DAL3, STM32MP235FAJ3, STM32MP235FAK3, STM32MP235FAL3, STM32MP251AAI3, STM32MP251AAJ3, STM32MP251AAK3, STM32MP251AAL3, STM32MP251CAI3, STM32MP251CAJ3, STM32MP251CAK3, STM32MP251CAL3, STM32MP251DAI3, STM32MP251DAJ3, STM32MP251DAK3, STM32MP251DAL3, STM32MP251FAI3, STM32MP251FAJ3, STM32MP251FAK3, STM32MP251FAL3, STM32MP253AAI3, STM32MP253AAJ3, STM32MP253AAK3, STM32MP253AAL3, STM32MP253CAI3, STM32MP253CAJ3, STM32MP253CAK3, STM32MP253CAL3, STM32MP253DAI3, STM32MP253DAJ3, STM32MP253DAK3, STM32MP253DAL3, STM32MP253FAI3, STM32MP253FAJ3, STM32MP253FAK3, STM32MP253FAL3, STM32MP255AAI3, STM32MP255AAJ3, STM32MP255AAK3, STM32MP255AAL3, STM32MP255CAI3, STM32MP255CAJ3, STM32MP255CAK3, STM32MP255CAL3, STM32MP255DAI3, STM32MP255DAJ3, STM32MP255DAK3, STM32MP255DAL3, STM32MP255FAI3, STM32MP255FAJ3, STM32MP255FAK3, STM32MP255FAL3, STM32MP257AAI3, STM32MP257AAJ3, STM32MP257AAK3, STM32MP257AAL3, STM32MP257CAI3, STM32MP257CAJ3, STM32MP257CAK3, STM32MP257CAL3, STM32MP257DAI3, STM32MP257DAJ3, STM32MP257DAK3, STM32MP257DAL3, STM32MP257F-DK, STM32MP257F-EV1, STM32MP257FAI3, STM32MP257FAJ3, STM32MP257FAK3, STM32MP257FAL3, STM32N645A0H3Q, STM32N645B0H3Q, STM32N645I0H3Q, STM32N645L0H3Q, STM32N645X0H3Q, STM32N645Z0H3Q, STM32N647A0H3Q, STM32N647B0H3Q, STM32N647I0H3Q, STM32N647L0H3Q, STM32N647X0H3Q, STM32N647Z0H3Q, STM32N655A0H3Q, STM32N655B0H3Q, STM32N655I0H3Q, STM32N655L0H3Q, STM32N655X0H3Q, STM32N655Z0H3Q, STM32N6570-DK, STM32N657A0H3Q, STM32N657B0H3Q, STM32N657I0H3Q, STM32N657L0H3Q, STM32N657X0H3Q, STM32N657Z0H3Q, STM32U031C6T6, STM32U031C6U6, STM32U031C8T6, STM32U031C8U6, STM32U031F4P6, STM32U031F6P6, STM32U031F8P6, STM32U031G6Y6TR, STM32U031G8Y6TR, STM32U031K4U6, STM32U031K6U6, STM32U031K8U6, STM32U031R6I6, STM32U031R6T6, STM32U031R8I6, STM32U031R8T6, STM32U073C8T6, STM32U073C8U6, STM32U073CBT6, STM32U073CBU6, STM32U073CCT6, STM32U073CCU6, STM32U073H8Y6TR, STM32U073HBY6TR, STM32U073HCY6TR, STM32U073K8U6, STM32U073KBU6, STM32U073KCU6, STM32U073M8I6, STM32U073M8T6, STM32U073MBI6, STM32U073MBT6, STM32U073MCI6, STM32U073MCT6, STM32U073R8I6, STM32U073R8T6, STM32U073RBI6, STM32U073RBT6, STM32U073RCI6, STM32U073RCT6, STM32U083C-DK, STM32U083CCT6, STM32U083CCU6, STM32U083HCY6TR, STM32U083KCU6, STM32U083MCI6, STM32U083MCT6, STM32U083RCI6, STM32U083RCT6, STM32U375CET6, STM32U375CET6Q, STM32U375CEU6, STM32U375CEU6Q, STM32U375CEY6QTR, STM32U375CGT6, STM32U375CGT6Q, STM32U375CGU6, STM32U375CGU6Q, STM32U375CGY6QTR, STM32U375KEU6, STM32U375KGU6, STM32U375REI6, STM32U375REI6Q, STM32U375RET6, STM32U375RET6Q, STM32U375REY6GTR, STM32U375REY6QTR, STM32U375RGI6, STM32U375RGI6Q, STM32U375RGT6, STM32U375RGT6Q, STM32U375RGY6GTR, STM32U375RGY6QTR, STM32U375VEI6, STM32U375VEI6Q, STM32U375VET6, STM32U375VET6Q, STM32U375VGI6, STM32U375VGI6Q, STM32U375VGT6, STM32U375VGT6Q, STM32U385CGT6, STM32U385CGT6Q, STM32U385CGU6, STM32U385CGU6Q, STM32U385CGY6QTR, STM32U385KGU6, STM32U385RGI6, STM32U385RGI6Q, STM32U385RGT6, STM32U385RGT6Q, STM32U385RGY6GTR, STM32U385RGY6QTR, STM32U385VGI6, STM32U385VGI6Q, STM32U385VGT6, STM32U385VGT6Q, STM32U535CBT6, STM32U535CBT6Q, STM32U535CBU6, STM32U535CBU6Q, STM32U535CCT6, STM32U535CCT6Q, STM32U535CCU6, STM32U535CCU6Q, STM32U535CET6, STM32U535CET6Q, STM32U535CEU6, STM32U535CEU6Q, STM32U535JEY6QTR, STM32U535NCY6QTR, STM32U535NEY6QTR, STM32U535RBI6, STM32U535RBI6Q, STM32U535RBT6, STM32U535RBT6Q, STM32U535RCI6, STM32U535RCI6Q, STM32U535RCT6, STM32U535RCT6Q, STM32U535REI6, STM32U535REI6Q, STM32U535RET6, STM32U535RET6Q, STM32U535VCI6, STM32U535VCI6Q, STM32U535VCT6, STM32U535VCT6Q, STM32U535VEI6, STM32U535VEI6Q, STM32U535VET6, STM32U535VET6Q, STM32U545CET6, STM32U545CET6Q, STM32U545CEU6, STM32U545CEU6Q, STM32U545JEY6QTR, STM32U545NEY6QTR, STM32U545REI6, STM32U545REI6Q, STM32U545RET6, STM32U545RET6Q, STM32U545VEI6, STM32U545VEI6Q, STM32U545VET6, STM32U545VET6Q, STM32U595AIH6, STM32U595AIH6Q, STM32U595AJH6, STM32U595AJH6Q, STM32U595QII6, STM32U595QII6Q, STM32U595QJI6, STM32U595QJI6Q, STM32U595RIT6, STM32U595RIT6Q, STM32U595RJT6, STM32U595RJT6Q, STM32U595VIT6, STM32U595VIT6Q, STM32U595VJT6, STM32U595VJT6Q, STM32U595ZIT6, STM32U595ZIT6Q, STM32U595ZIY6QTR, STM32U595ZJT6, STM32U595ZJT6Q, STM32U595ZJY6QTR, STM32U599BJY6QTR, STM32U599NIH6Q, STM32U599NJH6Q, STM32U599VIT6Q, STM32U599VJT6, STM32U599VJT6Q, STM32U599ZIT6Q, STM32U599ZIY6QTR, STM32U599ZJT6Q, STM32U599ZJY6QTR, STM32U5A5AJH6, STM32U5A5AJH6Q, STM32U5A5QII3Q , STM32U5A5QJI6, STM32U5A5QJI6Q, STM32U5A5RJT6, STM32U5A5RJT6Q, STM32U5A5VJT6, STM32U5A5VJT6Q, STM32U5A5ZJT6, STM32U5A5ZJT6Q, STM32U5A5ZJY6QTR, STM32U5A9BJY6QTR, STM32U5A9J-DK, STM32U5A9NJH6Q, STM32U5A9VJT6Q, STM32U5A9ZJT6Q, STM32U5A9ZJY6QTR, STM32U5F7VIT6, STM32U5F7VIT6Q, STM32U5F7VJT6, STM32U5F7VJT6Q, STM32U5F9BJY6QTR, STM32U5F9NJH6Q, STM32U5F9VIT6Q, STM32U5F9VJT6Q, STM32U5F9ZIJ6QTR, STM32U5F9ZIT6Q, STM32U5F9ZJJ6QTR, STM32U5F9ZJT6Q, STM32U5G7VJT6, STM32U5G7VJT6Q, STM32U5G9BJY6QTR, STM32U5G9J-DK1, STM32U5G9J-DK2, STM32U5G9NJH6Q, STM32U5G9VJT6Q, STM32U5G9ZJJ6QTR, STM32U5G9ZJT6Q, STM32WB05KZV6TR, STM32WB05KZV7TR, STM32WB05TZF6TR, STM32WB05TZF7TR, STM32WB06CCF6TR, STM32WB06CCF7TR, STM32WB06CCV6TR, STM32WB06CCV7TR, STM32WB06KCV6TR, STM32WB06KCV7TR, STM32WB07CCF6TR, STM32WB07CCF7TR, STM32WB07CCV6TR, STM32WB07CCV7TR, STM32WB07KCV6TR, STM32WB07KCV7TR, STM32WB09KEV6TR, STM32WB09KEV7TR, STM32WB09TEF6TR, STM32WB09TEF7TR, STM32WB1MMCH6, STM32WBA50KGU6, STM32WBA50KGU6TR, STM32WBA52CEU6, STM32WBA52CEU6TR, STM32WBA52CEU7, STM32WBA52CEU7TR, STM32WBA52CGU6, STM32WBA52CGU6TR, STM32WBA52CGU6U, STM32WBA52CGU7, STM32WBA52CGU7TR, STM32WBA52KEU6, STM32WBA52KEU6TR, STM32WBA52KGU6, STM32WBA52KGU6TR, STM32WBA54CEU6, STM32WBA54CEU6TR, STM32WBA54CEU7, STM32WBA54CEU7TR, STM32WBA54CGU6, STM32WBA54CGU6TR, STM32WBA54CGU7, STM32WBA54CGU7TR, STM32WBA54KEU6, STM32WBA54KEU6TR, STM32WBA54KEU7, STM32WBA54KEU7TR, STM32WBA54KGU6, STM32WBA54KGU6TR, STM32WBA54KGU7, STM32WBA54KGU7TR, STM32WBA55CEU6, STM32WBA55CEU6TR, STM32WBA55CEU7, STM32WBA55CEU7TR, STM32WBA55CGU6, STM32WBA55CGU6TR, STM32WBA55CGU6U, STM32WBA55CGU7, STM32WBA55CGU7TR, STM32WBA55G-DK1, STM32WBA55HEF6, STM32WBA55HEF7, STM32WBA55HGF6, STM32WBA55HGF7, STM32WBA55UEI6, STM32WBA55UEI6TR, STM32WBA55UEI7, STM32WBA55UEI7TR, STM32WBA55UGI6, STM32WBA55UGI6TR, STM32WBA55UGI7, STM32WBA55UGI7TR, STM32WBA5MJGH6TR, STM32WBA62CGU6, STM32WBA62CIU6, STM32WBA62MGF6, STM32WBA62MIF6, STM32WBA62PGI6, STM32WBA62PII6, STM32WBA63CGU6, STM32WBA63CGU7, STM32WBA63CIU6, STM32WBA63CIU7, STM32WBA64CGU6, STM32WBA64CGU7, STM32WBA64CIU6, STM32WBA64CIU7, STM32WBA65CGU6, STM32WBA65CGU7, STM32WBA65CIU6, STM32WBA65CIU7, STM32WBA65I-DK1, STM32WBA65MGF6, STM32WBA65MGF7, STM32WBA65MIF6, STM32WBA65MIF7, STM32WBA65PGI6, STM32WBA65PGI7, STM32WBA65PII6, STM32WBA65PII7, STM32WBA65RGV6, STM32WBA65RGV7, STM32WBA65RIV6, STM32WBA65RIV7, STM32WL30K8V6, STM32WL30KBV6, STM32WL31C8V6, STM32WL31CBV6, STM32WL31K8V6, STM32WL31KBV6, STM32WL33C8V6, STM32WL33C8V6TR, STM32WL33C8V7, STM32WL33C8V7TR, STM32WL33CBV6, STM32WL33CBV6TR, STM32WL33CBV7, STM32WL33CBV7TR, STM32WL33CCV6, STM32WL33CCV6TR, STM32WL33CCV7, STM32WL33CCV7A, STM32WL33CCV7ATR, STM32WL33CCV7TR, STM32WL33K8V6, STM32WL33K8V6TR, STM32WL33K8V7, STM32WL33K8V7TR, STM32WL33KBV6, STM32WL33KBV6TR, STM32WL33KBV7, STM32WL33KBV7TR, STM32WL33KCV6, STM32WL33KCV6TR, STM32WL33KCV7, STM32WL33KCV7TR, STM32WL5MOCH6, STM32WL5MOCH6TR]
2025-08-11 17:32:07,924 [INFO] DbMcus:218 - Found 4747 MCUs, 4747 are supported
2025-08-11 17:32:08,140 [INFO] ApiDb:423 - Load user favorites file /home/nova/.stm32cubeide/favorites.mcus.txt: 1 item(s)
2025-08-11 17:32:08,141 [INFO] ApiDb:427 - User favorites MCUs=[STM32F446RET6]
2025-08-11 17:32:08,142 [INFO] DbMcus:224 - Set 1 / 1 favorites MCUs
2025-08-11 17:32:09,112 [INFO] ApiDb:668 - CubeFinder database Data Model version=2.1
2025-08-11 17:32:09,112 [INFO] ApiDb:669 - CubeFinder database Configuration version=3.0.39
2025-08-11 17:32:09,112 [INFO] ApiDb:670 - CubeFinder database generation date=2025-07-24 (1753349077)
2025-08-11 17:32:09,113 [INFO] ApiDb:671 - CubeFinder database FW Pack versions=[FP-ATR-ASTRA1_V2.0.0, FP-SNS-FLIGHT1_V5.1.0, FP-SNS-MOTENV1_V5.0.0, FP-SNS-MOTENVWB1_V1.4.0, FP-SNS-SMARTAG2_V1.2.0, FP-SNS-STBOX1_V2.0.0, STM32Cube_FW_C0_V1.4.0, STM32Cube_FW_F4_V1.28.2, STM32Cube_FW_F7_V1.17.3, STM32Cube_FW_G0_V1.6.2, STM32Cube_FW_G4_V1.6.1, STM32Cube_FW_H5_V1.5.0, STM32Cube_FW_H7RS_V1.2.0, STM32Cube_FW_H7_V1.12.1, STM32Cube_FW_L0_V1.12.2, STM32Cube_FW_L4_V1.18.1, STM32Cube_FW_L5_V1.5.1, STM32Cube_FW_N6_V1.2.0, STM32Cube_FW_U0_V1.3.0, STM32Cube_FW_U3_V1.2.0, STM32Cube_FW_U5_V1.8.0, STM32Cube_FW_WB0_V1.3.0, STM32Cube_FW_WBA_V1.7.0, STM32Cube_FW_WB_V1.23.0, STM32Cube_FW_WL3_V1.2.0, STM32Cube_FW_WL_V1.3.1, X-CUBE-ALGOBUILD_V1.4.0, X-CUBE-ALS_V1.0.2, X-CUBE-AZRTOS-F4_V1.1.0, X-CUBE-AZRTOS-F7_V1.1.0, X-CUBE-AZRTOS-G0_V1.1.0, X-CUBE-AZRTOS-G4_V2.0.0, X-CUBE-AZRTOS-H7RS_V1.1.0, X-CUBE-AZRTOS-H7_V3.4.0, X-CUBE-AZRTOS-L4_V2.0.0, X-CUBE-AZRTOS-L5_V2.0.0, X-CUBE-AZRTOS-WB_V2.0.0, X-CUBE-AZRTOS-WL_V2.0.0, X-CUBE-BLE1_V7.1.0, X-CUBE-BLE2_V3.3.0, X-CUBE-BLEMGR_V4.1.0, X-CUBE-EEPRMA1_V5.2.0, X-CUBE-FREERTOS_V1.3.1, X-CUBE-GNSS1_V6.0.0, X-CUBE-MEMS1_V11.3.0, X-CUBE-NFC4_V3.0.0, X-CUBE-NFC7_V2.0.0, X-CUBE-SFXS2LP1_V4.0.0, X-CUBE-ST67W61_V1.0.0, X-CUBE-SUBG2_V5.0.0, X-CUBE-TOF1_V3.4.3]
2025-08-11 17:32:09,323 [INFO] DbBoardsSqlite:226 - include board P-NUCLEO-WB55-NUCLEO as a kit item of type 'Nucleo-64'
2025-08-11 17:32:09,323 [INFO] DbBoardsSqlite:226 - include board P-NUCLEO-WB55-USBDONGLE as a kit item of type 'Nucleo USB Dongle'
2025-08-11 17:32:09,324 [INFO] DbBoardsSqlite:226 - include board STEVAL-IDP005V1 as a kit item of type 'Evaluation Board'
2025-08-11 17:32:09,324 [INFO] DbBoardsSqlite:226 - include board STEVAL-IDP005V2 as a kit item of type 'Evaluation Board'
2025-08-11 17:32:09,427 [INFO] ApiDb:240 - Found 895 in-development CPN: [B-G473E-ZEST1S, B-WB1M-WPAN1, B-WBA5M-WPAN, B-WL5M-SUBG1, NUCLEO-C031C6, NUCLEO-C051C8, NUCLEO-C071RB, NUCLEO-C092RC, NUCLEO-H503RB, NUCLEO-H533RE, NUCLEO-H563ZI, NUCLEO-H7S3L8, NUCLEO-N657X0-Q, NUCLEO-U031R8, NUCLEO-U083RC, NUCLEO-U385RG-Q, NUCLEO-U545RE-Q, NUCLEO-U5A5ZJ-Q, NUCLEO-WB05KZ, NUCLEO-WB07CC, NUCLEO-WB09KE, NUCLEO-WBA52CG, NUCLEO-WBA55CG, NUCLEO-WBA65RI, NUCLEO-WL33CC1, NUCLEO-WL33CC2, STEVAL-PROTEUS1, STEVAL-SMARTAG2, STEVAL-STWINBX1, STM320518-EVAL, STM32C0116-DK, STM32C011D6Y3TR, STM32C011D6Y6TR, STM32C011F4P3, STM32C011F4P6, STM32C011F4U3, STM32C011F4U6TR, STM32C011F6P3, STM32C011F6P6, STM32C011F6U3, STM32C011F6U6TR, STM32C011J4M3, STM32C011J4M6, STM32C011J6M3, STM32C011J6M6, STM32C0316-DK, STM32C031C4T3, STM32C031C4T6, STM32C031C4U3, STM32C031C4U6, STM32C031C6T3, STM32C031C6T6, STM32C031C6U3, STM32C031C6U6, STM32C031F4P3, STM32C031F4P6, STM32C031F6P3, STM32C031F6P6, STM32C031G4U3, STM32C031G4U6, STM32C031G6U3, STM32C031G6U6, STM32C031K4T3, STM32C031K4T6, STM32C031K4U3, STM32C031K4U6, STM32C031K6T3, STM32C031K6T6, STM32C031K6U3, STM32C031K6U6, STM32C051C6T6, STM32C051C6U6, STM32C051C8T6, STM32C051C8U6, STM32C051D8Y6TR, STM32C051F6P6, STM32C051F8P6, STM32C051G6U6, STM32C051G8U6, STM32C051K6T6, STM32C051K6U6, STM32C051K8T6, STM32C071C8T6, STM32C071C8T6N, STM32C071C8U6, STM32C071C8U6N, STM32C071CBT6, STM32C071CBT6N, STM32C071CBU6, STM32C071CBU6N, STM32C071F8P6, STM32C071F8P6N, STM32C071FBP6, STM32C071FBP6N, STM32C071FBY6TR, STM32C071G8U6, STM32C071G8U6N, STM32C071GBU6, STM32C071GBU6N, STM32C071K8T6, STM32C071K8T6N, STM32C071K8U6, STM32C071K8U6N, STM32C071KBT6, STM32C071KBT6N, STM32C071KBU6, STM32C071KBU6N, STM32C071R8T6, STM32C071R8T6N, STM32C071RBI6N, STM32C071RBT6, STM32C071RBT6N, STM32C091CBT6, STM32C091CBU6, STM32C091CCT6, STM32C091CCU6, STM32C091ECY6TR, STM32C091FBP6, STM32C091FCP6, STM32C091GBU6, STM32C091GCU6, STM32C091KBT6, STM32C091KBU6, STM32C091KCT6, STM32C091KCU6, STM32C091RBT6, STM32C091RCI6, STM32C091RCT6, STM32C092CBT6, STM32C092CBU6, STM32C092CCT6, STM32C092CCU6, STM32C092ECY6TR, STM32C092FBP6, STM32C092FCP6, STM32C092GBU6, STM32C092GCU6, STM32C092KBT6, STM32C092KBU6, STM32C092KCT6, STM32C092KCU6, STM32C092RBT6, STM32C092RCI6, STM32C092RCT6, STM32G071K8TXN, STM32G071K8UXN, STM32G081GBU6N, STM32G081KBT6N, STM32G081KBUXN, STM32G0B1CCT6N, STM32G0B1KCT6, STM32G0B1NEY6TR, STM32G0B1RCT6N, STM32G0C1CCT6, STM32G0C1CCT6N, STM32G0C1CCU6N, STM32G0C1CET6N, STM32G0C1CEU6N, STM32G0C1KCT6, STM32G0C1NEY6TR, STM32G0C1RCI6N, STM32G0C1RCT6N, STM32G0C1REI6N, STM32G0C1RET6N, STM32G0C1VCI6, STM32G0C1VEI6, STM32G411C6T3, STM32G411C6T6, STM32G411C6U3, STM32G411C6U6, STM32G411C8T3, STM32G411C8T6, STM32G411C8U3, STM32G411C8U6, STM32G411CBT3, STM32G411CBT6, STM32G411CBU3, STM32G411CBU6, STM32G411CCT3, STM32G411CCT6, STM32G411CCU3, STM32G411CCU6, STM32G411K6T3, STM32G411K6T6, STM32G411K6U3, STM32G411K6U6, STM32G411K8T3, STM32G411K8T6, STM32G411K8U3, STM32G411K8U6, STM32G411KBT3, STM32G411KBT6, STM32G411KBU3, STM32G411KBU6, STM32G411M6T3, STM32G411M6T6, STM32G411M8T3, STM32G411M8T6, STM32G411MBT3, STM32G411MBT6, STM32G411MCT3, STM32G411MCT6, STM32G411R6T3, STM32G411R6T6, STM32G411R8T3, STM32G411R8T6, STM32G411RBT3, STM32G411RBT6, STM32G411RCT3, STM32G411RCT6, STM32G414CBT3, STM32G414CBT6, STM32G414CBU3, STM32G414CBU6, STM32G414CCT3, STM32G414CCT6, STM32G414CCU3, STM32G414CCU6, STM32G414MBT3, STM32G414MBT6, STM32G414MCT3, STM32G414MCT6, STM32G414RBT3, STM32G414RBT6, STM32G414RCT3, STM32G414RCT6, STM32G414VBT3, STM32G414VBT6, STM32G414VCT3, STM32G414VCT6, STM32G431CBT3Z, STM32G431RBT3Z, STM32G471CCT6, STM32G471CCU6, STM32G471CET3, STM32G471CET6, STM32G471CEU3, STM32G471CEU6, STM32G471MCT6, STM32G471MET3, STM32G471MET6, STM32G471MEY6TR, STM32G471QCT6, STM32G471QET3, STM32G471RCT6, STM32G471RET3, STM32G471RET6, STM32G471VCH6, STM32G471VCI6, STM32G471VCT6, STM32G471VEH3, STM32G471VEH6, STM32G471VEI3, STM32G471VEI6, STM32G471VET3, STM32G471VET6, STM32G473QET3Z, STM32G473RET3Z, STM32G474CCT6, STM32G491RET3Z, STM32H503CBT6, STM32H503CBU6, STM32H503EBY6TR, STM32H503KBU6, STM32H503RBT6, STM32H523CCT6, STM32H523CCU6, STM32H523CET6, STM32H523CEU6, STM32H523HEY6TR, STM32H523RCT6, STM32H523RET6, STM32H523VCI6, STM32H523VCT6, STM32H523VEI6, STM32H523VET6, STM32H523ZCJ6, STM32H523ZCT6, STM32H523ZEJ6, STM32H523ZET6, STM32H533CET6, STM32H533CEU6, STM32H533HEY6TR, STM32H533RET6, STM32H533VEI6, STM32H533VET6, STM32H533ZEJ6, STM32H533ZET6, STM32H562AGI6, STM32H562AII6, STM32H562IGK6, STM32H562IGT6, STM32H562IIK6, STM32H562IIT6, STM32H562RGT6, STM32H562RGV6, STM32H562RIT6, STM32H562RIV6, STM32H562VGT6, STM32H562VIT6, STM32H562ZGT6, STM32H562ZIT6, STM32H563AGI6, STM32H563AII3Q, STM32H563AII6, STM32H563IGK6, STM32H563IGT6, STM32H563IIK3Q, STM32H563IIK6, STM32H563IIT3Q, STM32H563IIT6, STM32H563MIY3QTR, STM32H563RGT6, STM32H563RGV6, STM32H563RIT6, STM32H563RIV6, STM32H563VGT6, STM32H563VIT3Q, STM32H563VIT6, STM32H563ZGT6, STM32H563ZIT3Q, STM32H563ZIT6, STM32H573AII3Q, STM32H573AII6, STM32H573I-DK, STM32H573IIK3Q, STM32H573IIK6, STM32H573IIT3Q, STM32H573IIT6, STM32H573MIY3QTR, STM32H573RIT6, STM32H573RIV6, STM32H573VIT3Q, STM32H573VIT6, STM32H573ZIT3Q, STM32H573ZIT6, STM32H7R3A8I6, STM32H7R3I8K6, STM32H7R3I8T6, STM32H7R3L8H6, STM32H7R3L8H6H, STM32H7R3R8V6, STM32H7R3V8H6, STM32H7R3V8T6, STM32H7R3V8Y6TR, STM32H7R3Z8J6, STM32H7R3Z8T6, STM32H7R7A8I6, STM32H7R7I8K6, STM32H7R7I8T6, STM32H7R7L8H6, STM32H7R7L8H6H, STM32H7R7Z8J6, STM32H7S3A8I6, STM32H7S3I8K6, STM32H7S3I8T6, STM32H7S3L8H6, STM32H7S3L8H6H, STM32H7S3R8V6, STM32H7S3V8H6, STM32H7S3V8T6, STM32H7S3V8Y6TR, STM32H7S3Z8J6, STM32H7S3Z8T6, STM32H7S78-DK, STM32H7S7A8I6, STM32H7S7I8K6, STM32H7S7I8T6, STM32H7S7L8H6, STM32H7S7L8H6H, STM32H7S7Z8J6, STM32L4R5QGI6STR, STM32MP131AAE3, STM32MP131AAF3, STM32MP131AAG3, STM32MP131CAE3, STM32MP131CAF3, STM32MP131CAG3, STM32MP131DAE7, STM32MP131DAF7, STM32MP131DAG7, STM32MP131FAE7, STM32MP131FAF7, STM32MP131FAG7, STM32MP133AAE3, STM32MP133AAF3, STM32MP133AAG3, STM32MP133CAE3, STM32MP133CAF3, STM32MP133CAG3, STM32MP133DAE7, STM32MP133DAF7, STM32MP133DAG7, STM32MP133FAE7, STM32MP133FAF7, STM32MP133FAG7, STM32MP135AAE3, STM32MP135AAF3, STM32MP135AAG3, STM32MP135CAE3, STM32MP135CAF3, STM32MP135CAG3, STM32MP135DAE7, STM32MP135DAF7, STM32MP135DAG7, STM32MP135F-DK, STM32MP135FAE7, STM32MP135FAF7, STM32MP135FAF7T, STM32MP135FAF7U, STM32MP135FAG7, STM32MP231AAJ3, STM32MP231AAK3, STM32MP231AAL3, STM32MP231CAJ3, STM32MP231CAK3, STM32MP231CAL3, STM32MP231DAJ3, STM32MP231DAK3, STM32MP231DAL3, STM32MP231FAJ3, STM32MP231FAK3, STM32MP231FAL3, STM32MP233AAJ3, STM32MP233AAK3, STM32MP233AAL3, STM32MP233CAJ3, STM32MP233CAK3, STM32MP233CAL3, STM32MP233DAJ3, STM32MP233DAK3, STM32MP233DAL3, STM32MP233FAJ3, STM32MP233FAK3, STM32MP233FAL3, STM32MP235AAJ3, STM32MP235AAK3, STM32MP235AAL3, STM32MP235CAJ3, STM32MP235CAK3, STM32MP235CAL3, STM32MP235DAJ3, STM32MP235DAK3, STM32MP235DAL3, STM32MP235FAJ3, STM32MP235FAK3, STM32MP235FAL3, STM32MP251AAI3, STM32MP251AAJ3, STM32MP251AAK3, STM32MP251AAL3, STM32MP251CAI3, STM32MP251CAJ3, STM32MP251CAK3, STM32MP251CAL3, STM32MP251DAI3, STM32MP251DAJ3, STM32MP251DAK3, STM32MP251DAL3, STM32MP251FAI3, STM32MP251FAJ3, STM32MP251FAK3, STM32MP251FAL3, STM32MP253AAI3, STM32MP253AAJ3, STM32MP253AAK3, STM32MP253AAL3, STM32MP253CAI3, STM32MP253CAJ3, STM32MP253CAK3, STM32MP253CAL3, STM32MP253DAI3, STM32MP253DAJ3, STM32MP253DAK3, STM32MP253DAL3, STM32MP253FAI3, STM32MP253FAJ3, STM32MP253FAK3, STM32MP253FAL3, STM32MP255AAI3, STM32MP255AAJ3, STM32MP255AAK3, STM32MP255AAL3, STM32MP255CAI3, STM32MP255CAJ3, STM32MP255CAK3, STM32MP255CAL3, STM32MP255DAI3, STM32MP255DAJ3, STM32MP255DAK3, STM32MP255DAL3, STM32MP255FAI3, STM32MP255FAJ3, STM32MP255FAK3, STM32MP255FAL3, STM32MP257AAI3, STM32MP257AAJ3, STM32MP257AAK3, STM32MP257AAL3, STM32MP257CAI3, STM32MP257CAJ3, STM32MP257CAK3, STM32MP257CAL3, STM32MP257DAI3, STM32MP257DAJ3, STM32MP257DAK3, STM32MP257DAL3, STM32MP257F-DK, STM32MP257F-EV1, STM32MP257FAI3, STM32MP257FAJ3, STM32MP257FAK3, STM32MP257FAL3, STM32N645A0H3Q, STM32N645B0H3Q, STM32N645I0H3Q, STM32N645L0H3Q, STM32N645X0H3Q, STM32N645Z0H3Q, STM32N647A0H3Q, STM32N647B0H3Q, STM32N647I0H3Q, STM32N647L0H3Q, STM32N647X0H3Q, STM32N647Z0H3Q, STM32N655A0H3Q, STM32N655B0H3Q, STM32N655I0H3Q, STM32N655L0H3Q, STM32N655X0H3Q, STM32N655Z0H3Q, STM32N6570-DK, STM32N657A0H3Q, STM32N657B0H3Q, STM32N657I0H3Q, STM32N657L0H3Q, STM32N657X0H3Q, STM32N657Z0H3Q, STM32U031C6T6, STM32U031C6U6, STM32U031C8T6, STM32U031C8U6, STM32U031F4P6, STM32U031F6P6, STM32U031F8P6, STM32U031G6Y6TR, STM32U031G8Y6TR, STM32U031K4U6, STM32U031K6U6, STM32U031K8U6, STM32U031R6I6, STM32U031R6T6, STM32U031R8I6, STM32U031R8T6, STM32U073C8T6, STM32U073C8U6, STM32U073CBT6, STM32U073CBU6, STM32U073CCT6, STM32U073CCU6, STM32U073H8Y6TR, STM32U073HBY6TR, STM32U073HCY6TR, STM32U073K8U6, STM32U073KBU6, STM32U073KCU6, STM32U073M8I6, STM32U073M8T6, STM32U073MBI6, STM32U073MBT6, STM32U073MCI6, STM32U073MCT6, STM32U073R8I6, STM32U073R8T6, STM32U073RBI6, STM32U073RBT6, STM32U073RCI6, STM32U073RCT6, STM32U083C-DK, STM32U083CCT6, STM32U083CCU6, STM32U083HCY6TR, STM32U083KCU6, STM32U083MCI6, STM32U083MCT6, STM32U083RCI6, STM32U083RCT6, STM32U375CET6, STM32U375CET6Q, STM32U375CEU6, STM32U375CEU6Q, STM32U375CEY6QTR, STM32U375CGT6, STM32U375CGT6Q, STM32U375CGU6, STM32U375CGU6Q, STM32U375CGY6QTR, STM32U375KEU6, STM32U375KGU6, STM32U375REI6, STM32U375REI6Q, STM32U375RET6, STM32U375RET6Q, STM32U375REY6GTR, STM32U375REY6QTR, STM32U375RGI6, STM32U375RGI6Q, STM32U375RGT6, STM32U375RGT6Q, STM32U375RGY6GTR, STM32U375RGY6QTR, STM32U375VEI6, STM32U375VEI6Q, STM32U375VET6, STM32U375VET6Q, STM32U375VGI6, STM32U375VGI6Q, STM32U375VGT6, STM32U375VGT6Q, STM32U385CGT6, STM32U385CGT6Q, STM32U385CGU6, STM32U385CGU6Q, STM32U385CGY6QTR, STM32U385KGU6, STM32U385RGI6, STM32U385RGI6Q, STM32U385RGT6, STM32U385RGT6Q, STM32U385RGY6GTR, STM32U385RGY6QTR, STM32U385VGI6, STM32U385VGI6Q, STM32U385VGT6, STM32U385VGT6Q, STM32U535CBT6, STM32U535CBT6Q, STM32U535CBU6, STM32U535CBU6Q, STM32U535CCT6, STM32U535CCT6Q, STM32U535CCU6, STM32U535CCU6Q, STM32U535CET6, STM32U535CET6Q, STM32U535CEU6, STM32U535CEU6Q, STM32U535JEY6QTR, STM32U535NCY6QTR, STM32U535NEY6QTR, STM32U535RBI6, STM32U535RBI6Q, STM32U535RBT6, STM32U535RBT6Q, STM32U535RCI6, STM32U535RCI6Q, STM32U535RCT6, STM32U535RCT6Q, STM32U535REI6, STM32U535REI6Q, STM32U535RET6, STM32U535RET6Q, STM32U535VCI6, STM32U535VCI6Q, STM32U535VCT6, STM32U535VCT6Q, STM32U535VEI6, STM32U535VEI6Q, STM32U535VET6, STM32U535VET6Q, STM32U545CET6, STM32U545CET6Q, STM32U545CEU6, STM32U545CEU6Q, STM32U545JEY6QTR, STM32U545NEY6QTR, STM32U545REI6, STM32U545REI6Q, STM32U545RET6, STM32U545RET6Q, STM32U545VEI6, STM32U545VEI6Q, STM32U545VET6, STM32U545VET6Q, STM32U595AIH6, STM32U595AIH6Q, STM32U595AJH6, STM32U595AJH6Q, STM32U595QII6, STM32U595QII6Q, STM32U595QJI6, STM32U595QJI6Q, STM32U595RIT6, STM32U595RIT6Q, STM32U595RJT6, STM32U595RJT6Q, STM32U595VIT6, STM32U595VIT6Q, STM32U595VJT6, STM32U595VJT6Q, STM32U595ZIT6, STM32U595ZIT6Q, STM32U595ZIY6QTR, STM32U595ZJT6, STM32U595ZJT6Q, STM32U595ZJY6QTR, STM32U599BJY6QTR, STM32U599NIH6Q, STM32U599NJH6Q, STM32U599VIT6Q, STM32U599VJT6, STM32U599VJT6Q, STM32U599ZIT6Q, STM32U599ZIY6QTR, STM32U599ZJT6Q, STM32U599ZJY6QTR, STM32U5A5AJH6, STM32U5A5AJH6Q, STM32U5A5QII3Q , STM32U5A5QJI6, STM32U5A5QJI6Q, STM32U5A5RJT6, STM32U5A5RJT6Q, STM32U5A5VJT6, STM32U5A5VJT6Q, STM32U5A5ZJT6, STM32U5A5ZJT6Q, STM32U5A5ZJY6QTR, STM32U5A9BJY6QTR, STM32U5A9J-DK, STM32U5A9NJH6Q, STM32U5A9VJT6Q, STM32U5A9ZJT6Q, STM32U5A9ZJY6QTR, STM32U5F7VIT6, STM32U5F7VIT6Q, STM32U5F7VJT6, STM32U5F7VJT6Q, STM32U5F9BJY6QTR, STM32U5F9NJH6Q, STM32U5F9VIT6Q, STM32U5F9VJT6Q, STM32U5F9ZIJ6QTR, STM32U5F9ZIT6Q, STM32U5F9ZJJ6QTR, STM32U5F9ZJT6Q, STM32U5G7VJT6, STM32U5G7VJT6Q, STM32U5G9BJY6QTR, STM32U5G9J-DK1, STM32U5G9J-DK2, STM32U5G9NJH6Q, STM32U5G9VJT6Q, STM32U5G9ZJJ6QTR, STM32U5G9ZJT6Q, STM32WB05KZV6TR, STM32WB05KZV7TR, STM32WB05TZF6TR, STM32WB05TZF7TR, STM32WB06CCF6TR, STM32WB06CCF7TR, STM32WB06CCV6TR, STM32WB06CCV7TR, STM32WB06KCV6TR, STM32WB06KCV7TR, STM32WB07CCF6TR, STM32WB07CCF7TR, STM32WB07CCV6TR, STM32WB07CCV7TR, STM32WB07KCV6TR, STM32WB07KCV7TR, STM32WB09KEV6TR, STM32WB09KEV7TR, STM32WB09TEF6TR, STM32WB09TEF7TR, STM32WB1MMCH6, STM32WBA50KGU6, STM32WBA50KGU6TR, STM32WBA52CEU6, STM32WBA52CEU6TR, STM32WBA52CEU7, STM32WBA52CEU7TR, STM32WBA52CGU6, STM32WBA52CGU6TR, STM32WBA52CGU6U, STM32WBA52CGU7, STM32WBA52CGU7TR, STM32WBA52KEU6, STM32WBA52KEU6TR, STM32WBA52KGU6, STM32WBA52KGU6TR, STM32WBA54CEU6, STM32WBA54CEU6TR, STM32WBA54CEU7, STM32WBA54CEU7TR, STM32WBA54CGU6, STM32WBA54CGU6TR, STM32WBA54CGU7, STM32WBA54CGU7TR, STM32WBA54KEU6, STM32WBA54KEU6TR, STM32WBA54KEU7, STM32WBA54KEU7TR, STM32WBA54KGU6, STM32WBA54KGU6TR, STM32WBA54KGU7, STM32WBA54KGU7TR, STM32WBA55CEU6, STM32WBA55CEU6TR, STM32WBA55CEU7, STM32WBA55CEU7TR, STM32WBA55CGU6, STM32WBA55CGU6TR, STM32WBA55CGU6U, STM32WBA55CGU7, STM32WBA55CGU7TR, STM32WBA55G-DK1, STM32WBA55HEF6, STM32WBA55HEF7, STM32WBA55HGF6, STM32WBA55HGF7, STM32WBA55UEI6, STM32WBA55UEI6TR, STM32WBA55UEI7, STM32WBA55UEI7TR, STM32WBA55UGI6, STM32WBA55UGI6TR, STM32WBA55UGI7, STM32WBA55UGI7TR, STM32WBA5MJGH6TR, STM32WBA62CGU6, STM32WBA62CIU6, STM32WBA62MGF6, STM32WBA62MIF6, STM32WBA62PGI6, STM32WBA62PII6, STM32WBA63CGU6, STM32WBA63CGU7, STM32WBA63CIU6, STM32WBA63CIU7, STM32WBA64CGU6, STM32WBA64CGU7, STM32WBA64CIU6, STM32WBA64CIU7, STM32WBA65CGU6, STM32WBA65CGU7, STM32WBA65CIU6, STM32WBA65CIU7, STM32WBA65I-DK1, STM32WBA65MGF6, STM32WBA65MGF7, STM32WBA65MIF6, STM32WBA65MIF7, STM32WBA65PGI6, STM32WBA65PGI7, STM32WBA65PII6, STM32WBA65PII7, STM32WBA65RGV6, STM32WBA65RGV7, STM32WBA65RIV6, STM32WBA65RIV7, STM32WL30K8V6, STM32WL30KBV6, STM32WL31C8V6, STM32WL31CBV6, STM32WL31K8V6, STM32WL31KBV6, STM32WL33C8V6, STM32WL33C8V6TR, STM32WL33C8V7, STM32WL33C8V7TR, STM32WL33CBV6, STM32WL33CBV6TR, STM32WL33CBV7, STM32WL33CBV7TR, STM32WL33CCV6, STM32WL33CCV6TR, STM32WL33CCV7, STM32WL33CCV7A, STM32WL33CCV7ATR, STM32WL33CCV7TR, STM32WL33K8V6, STM32WL33K8V6TR, STM32WL33K8V7, STM32WL33K8V7TR, STM32WL33KBV6, STM32WL33KBV6TR, STM32WL33KBV7, STM32WL33KBV7TR, STM32WL33KCV6, STM32WL33KCV6TR, STM32WL33KCV7, STM32WL33KCV7TR, STM32WL5MOCH6, STM32WL5MOCH6TR]
2025-08-11 17:32:09,705 [INFO] WebApp:225 - Starting web application
2025-08-11 17:32:09,706 [INFO] WebApp:593 - Web application path used /opt/st/stm32cubeide_1.18.1/plugins/com.st.stm32cube.common.mx_6.14.1.202504091515/db/plugins/mcufinder/reactClient1/index.html
2025-08-11 17:32:10,200 [INFO] BoardInfo:889 - No configuration file found for board P-NUCLEO-WB55
2025-08-11 17:32:10,200 [INFO] DbBoards:161 - Kit is not supported: P-NUCLEO-WB55
2025-08-11 17:32:10,206 [INFO] BoardInfo:889 - No configuration file found for board STEVAL-BFA001V1B
2025-08-11 17:32:10,206 [INFO] DbBoards:161 - Kit is not supported: STEVAL-BFA001V1B
2025-08-11 17:32:10,208 [INFO] BoardInfo:889 - No configuration file found for board STEVAL-BFA001V2B
2025-08-11 17:32:10,208 [INFO] DbBoards:161 - Kit is not supported: STEVAL-BFA001V2B
2025-08-11 17:32:10,424 [INFO] DbBoards:168 - Found 211 boards, 208 are supported
2025-08-11 17:32:10,424 [INFO] DbBoards:169 - Found 211 boards, 43 of them is supported for  Bsp
2025-08-11 17:32:10,427 [INFO] ApiDb:423 - Load user favorites file /home/nova/.stm32cubeide/favorites.boards.txt: 0 item(s)
2025-08-11 17:32:10,428 [INFO] ApiDb:427 - User favorites Boards=[]
2025-08-11 17:32:10,428 [INFO] DbBoards:198 - Set 0 / 0 favorites Boards
2025-08-11 17:32:10,432 [INFO] ApiDb:668 - CubeFinder database Data Model version=2.1
2025-08-11 17:32:10,433 [INFO] ApiDb:669 - CubeFinder database Configuration version=3.0.39
2025-08-11 17:32:10,433 [INFO] ApiDb:670 - CubeFinder database generation date=2025-07-24 (1753349077)
2025-08-11 17:32:10,433 [INFO] ApiDb:671 - CubeFinder database FW Pack versions=[FP-ATR-ASTRA1_V2.0.0, FP-SNS-FLIGHT1_V5.1.0, FP-SNS-MOTENV1_V5.0.0, FP-SNS-MOTENVWB1_V1.4.0, FP-SNS-SMARTAG2_V1.2.0, FP-SNS-STBOX1_V2.0.0, STM32Cube_FW_C0_V1.4.0, STM32Cube_FW_F4_V1.28.2, STM32Cube_FW_F7_V1.17.3, STM32Cube_FW_G0_V1.6.2, STM32Cube_FW_G4_V1.6.1, STM32Cube_FW_H5_V1.5.0, STM32Cube_FW_H7RS_V1.2.0, STM32Cube_FW_H7_V1.12.1, STM32Cube_FW_L0_V1.12.2, STM32Cube_FW_L4_V1.18.1, STM32Cube_FW_L5_V1.5.1, STM32Cube_FW_N6_V1.2.0, STM32Cube_FW_U0_V1.3.0, STM32Cube_FW_U3_V1.2.0, STM32Cube_FW_U5_V1.8.0, STM32Cube_FW_WB0_V1.3.0, STM32Cube_FW_WBA_V1.7.0, STM32Cube_FW_WB_V1.23.0, STM32Cube_FW_WL3_V1.2.0, STM32Cube_FW_WL_V1.3.1, X-CUBE-ALGOBUILD_V1.4.0, X-CUBE-ALS_V1.0.2, X-CUBE-AZRTOS-F4_V1.1.0, X-CUBE-AZRTOS-F7_V1.1.0, X-CUBE-AZRTOS-G0_V1.1.0, X-CUBE-AZRTOS-G4_V2.0.0, X-CUBE-AZRTOS-H7RS_V1.1.0, X-CUBE-AZRTOS-H7_V3.4.0, X-CUBE-AZRTOS-L4_V2.0.0, X-CUBE-AZRTOS-L5_V2.0.0, X-CUBE-AZRTOS-WB_V2.0.0, X-CUBE-AZRTOS-WL_V2.0.0, X-CUBE-BLE1_V7.1.0, X-CUBE-BLE2_V3.3.0, X-CUBE-BLEMGR_V4.1.0, X-CUBE-EEPRMA1_V5.2.0, X-CUBE-FREERTOS_V1.3.1, X-CUBE-GNSS1_V6.0.0, X-CUBE-MEMS1_V11.3.0, X-CUBE-NFC4_V3.0.0, X-CUBE-NFC7_V2.0.0, X-CUBE-SFXS2LP1_V4.0.0, X-CUBE-ST67W61_V1.0.0, X-CUBE-SUBG2_V5.0.0, X-CUBE-TOF1_V3.4.3]
2025-08-11 17:32:11,682 [ERROR] DbExamplesSqlite:437 - Missing JSON key: board_cpn
2025-08-11 17:32:11,682 [ERROR] DbExamplesSqlite:437 - Missing JSON key: board_cpn
2025-08-11 17:32:11,682 [ERROR] DbExamplesSqlite:437 - Missing JSON key: board_cpn
2025-08-11 17:32:11,683 [ERROR] DbExamplesSqlite:437 - Missing JSON key: board_cpn
2025-08-11 17:32:11,910 [ERROR] DbExamplesSqlite:437 - Missing JSON key: board_cpn
2025-08-11 17:32:11,910 [ERROR] DbExamplesSqlite:437 - Missing JSON key: board_cpn
2025-08-11 17:32:11,910 [ERROR] DbExamplesSqlite:437 - Missing JSON key: board_cpn
2025-08-11 17:32:11,911 [ERROR] DbExamplesSqlite:437 - Missing JSON key: board_cpn
2025-08-11 17:32:11,911 [ERROR] DbExamplesSqlite:437 - Missing JSON key: board_cpn
2025-08-11 17:32:11,911 [ERROR] DbExamplesSqlite:437 - Missing JSON key: board_cpn
2025-08-11 17:32:11,911 [ERROR] DbExamplesSqlite:437 - Missing JSON key: board_cpn
2025-08-11 17:32:11,912 [ERROR] DbExamplesSqlite:437 - Missing JSON key: board_cpn
2025-08-11 17:32:11,912 [ERROR] DbExamplesSqlite:437 - Missing JSON key: board_cpn
2025-08-11 17:32:12,262 [ERROR] DbExamplesSqlite:437 - Missing JSON key: board_cpn
2025-08-11 17:32:12,262 [ERROR] DbExamplesSqlite:437 - Missing JSON key: board_cpn
2025-08-11 17:32:12,265 [INFO] DbExamplesSqlite:395 - Ignored 33 examples not supported by CubeIDE
2025-08-11 17:32:12,266 [INFO] DbExamplesSqlite:396 - Found 10866 examples active
2025-08-11 17:32:12,266 [INFO] DbExamplesSqlite:397 - Found 0 examples obsolete
2025-08-11 17:32:12,266 [INFO] DbExamplesSqlite:398 - Found 0 examples under development
2025-08-11 17:32:12,267 [INFO] DbExamplesSqlite:399 - Found 65 examples not building
2025-08-11 17:32:12,269 [INFO] DbExamples:125 - Found 10898 examples
2025-08-11 17:32:12,291 [INFO] DbExamples:222 - Found 134 boards with related examples
2025-08-11 17:32:12,292 [INFO] DbExamples:235 - Found 111 MCUs with related examples
2025-08-11 17:32:12,322 [INFO] ApiDb:414 - User favorites file not found: /home/nova/.stm32cubeide/favorites.examples.txt
2025-08-11 17:32:12,323 [INFO] DbExamples:250 - Set 0 / 0 favorites Examples
2025-08-11 17:32:12,596 [INFO] WebApp:191 - Connection restablished
2025-08-11 17:32:18,976 [INFO] McuFinderGlobals:76 - Set McuFinderConnectedMode to true
2025-08-11 17:32:19,090 [INFO] MultiScanPanel:200 - Auto-refresh data requested => check proxy status ongoing
2025-08-11 17:32:19,094 [INFO] FinderPluginLoader:95 - Searching for filters in installed packs
2025-08-11 17:32:23,724 [INFO] LoadUrlFilesThread:185 - End of LoadServerUrlFiles without Thread
2025-08-11 17:32:24,030 [INFO] DetailPanel:341 - Set advertising image to /home/nova/STM32Cube/Repository//en.2400x1350px.jpeg
2025-08-11 17:32:36,906 [INFO] MultiScanPanel:200 - Auto-refresh data requested => check proxy status ongoing
2025-08-11 17:32:37,119 [INFO] LoadUrlFilesThread:185 - End of LoadServerUrlFiles without Thread
2025-08-11 17:32:37,119 [INFO] DetailPanel:341 - Set advertising image to /home/nova/STM32Cube/Repository//en.2400x1350px.jpeg
2025-08-11 17:32:37,136 [INFO] DbBoards:642 - Loading board mini-images...
2025-08-11 17:32:39,899 [INFO] DbBoards:665 - Loaded 211 board mini-images
2025-08-11 17:32:52,635 [INFO] MainUpdater:2872 - connection check result : 10
2025-08-11 17:32:52,635 [INFO] MainUpdater:2872 - connection check result : 10
2025-08-11 17:32:52,674 [INFO] MicroXplorer:468 - Change Database Path : 
2025-08-11 17:32:52,675 [INFO] MicroXplorer:498 - Change Database Version : DB.6.0.141
2025-08-11 17:32:52,707 [WARN] ThirdParty:871 - waiting for thirdparty lock release [close project]
2025-08-11 17:32:52,707 [INFO] ThirdParty:873 - entering critical section [close project]
2025-08-11 17:32:52,709 [INFO] ThirdParty:883 - exiting critical section [close project]
2025-08-11 17:32:52,712 [INFO] PinOutPanel:1589 - setPackage(No Configuration,No Configuration)
2025-08-11 17:32:52,719 [INFO] UtilMem:75 - Begin LoadConfig() Used Memory: 762594552 Bytes (851443712)
2025-08-11 17:32:52,767 [INFO] OpenFileManager:354 - Change cursor
2025-08-11 17:32:52,891 [INFO] ProjectFactory:442 - No CPN specified for board NUCLEO-F446RE => set CPN to STM32F446RET6
2025-08-11 17:32:52,892 [INFO] Mcu:2011 - Initializing MCU STM32F446R(C-E)Tx STM32F446RETx STM32F446RET6
2025-08-11 17:32:58,694 [INFO] Context:756 - Trying to add GPIOservice into a context  which must be forbidden
2025-08-11 17:32:59,810 [INFO] Rule:225 - rule 117617 - U5Cobra4M][GTZC] default value MPCBB3 and MPCBB5 - Not Secured memory - MPCBB1 is applicable
2025-08-11 17:32:59,811 [INFO] Rule:225 - rule 117617 - U5Cobra4M][GTZC] default value MPCBB3 and MPCBB5 - Not Secured memory - MPCBB1 is applicable
2025-08-11 17:32:59,811 [INFO] Rule:225 - rule 117617 - U5Cobra4M][GTZC] default value MPCBB3 and MPCBB5 - Not Secured memory - MPCBB2 is applicable
2025-08-11 17:32:59,811 [INFO] Rule:225 - rule 117617 - U5Cobra4M][GTZC] default value MPCBB3 and MPCBB5 - Not Secured memory - MPCBB2 is applicable
2025-08-11 17:32:59,811 [INFO] Rule:225 - rule 117617 - U5Cobra4M][GTZC] default value MPCBB3 and MPCBB5 - Not Secured memory - MPCBB3 is applicable
2025-08-11 17:32:59,811 [INFO] Rule:225 - rule 117617 - U5Cobra4M][GTZC] default value MPCBB3 and MPCBB5 - Not Secured memory - MPCBB3 is applicable
2025-08-11 17:32:59,811 [INFO] Rule:225 - rule 117617 - U5Cobra4M][GTZC] default value MPCBB3 and MPCBB5 - Not Secured memory - MPCBB4 is applicable
2025-08-11 17:32:59,811 [INFO] Rule:225 - rule 117617 - U5Cobra4M][GTZC] default value MPCBB3 and MPCBB5 - Not Secured memory - MPCBB4 is applicable
2025-08-11 17:32:59,811 [INFO] Rule:225 - rule 117617 - U5Cobra4M][GTZC] default value MPCBB3 and MPCBB5 - Secured memory - MPCBB1 is applicable
2025-08-11 17:32:59,811 [INFO] Rule:225 - rule 117617 - U5Cobra4M][GTZC] default value MPCBB3 and MPCBB5 - Secured memory - MPCBB2 is applicable
2025-08-11 17:32:59,811 [INFO] Rule:225 - rule 117617 - U5Cobra4M][GTZC] default value MPCBB3 and MPCBB5 - Secured memory - MPCBB3 is applicable
2025-08-11 17:32:59,811 [INFO] Rule:225 - rule 117617 - U5Cobra4M][GTZC] default value MPCBB3 and MPCBB5 - Secured memory - MPCBB4 is applicable
2025-08-11 17:32:59,811 [INFO] Rule:225 - rule 117617 - U5Cobra4M][GTZC] default value MPCBB3 and MPCBB5 - Privileged memory - MPCBB1 is applicable
2025-08-11 17:32:59,811 [INFO] Rule:225 - rule 117617 - U5Cobra4M][GTZC] default value MPCBB3 and MPCBB5 - Privileged memory - MPCBB2 is applicable
2025-08-11 17:32:59,811 [INFO] Rule:225 - rule 117617 - U5Cobra4M][GTZC] default value MPCBB3 and MPCBB5 - Privileged memory - MPCBB3 is applicable
2025-08-11 17:32:59,812 [INFO] Rule:225 - rule 117617 - U5Cobra4M][GTZC] default value MPCBB3 and MPCBB5 - Privileged memory - MPCBB4 is applicable
2025-08-11 17:32:59,812 [INFO] Rule:225 - rule 117617 - U5Cobra4M][GTZC] default value MPCBB3 and MPCBB5 - Not Privileged memory - MPCBB1 is applicable
2025-08-11 17:32:59,812 [INFO] Rule:225 - rule 117617 - U5Cobra4M][GTZC] default value MPCBB3 and MPCBB5 - Not Privileged memory - MPCBB2 is applicable
2025-08-11 17:32:59,812 [INFO] Rule:225 - rule 117617 - U5Cobra4M][GTZC] default value MPCBB3 and MPCBB5 - Not Privileged memory - MPCBB3 is applicable
2025-08-11 17:32:59,812 [INFO] Rule:225 - rule 117617 - U5Cobra4M][GTZC] default value MPCBB3 and MPCBB5 - Not Privileged memory - MPCBB4 is applicable
2025-08-11 17:32:59,812 [INFO] Rule:225 - rule 117617 - U5Cobra4M][GTZC] default value MPCBB3 and MPCBB5 - Privileged memory - MPCBB1 is applicable
2025-08-11 17:32:59,812 [INFO] Rule:225 - rule 117617 - U5Cobra4M][GTZC] default value MPCBB3 and MPCBB5 - Privileged memory - MPCBB2 is applicable
2025-08-11 17:32:59,812 [INFO] Rule:225 - rule 117617 - U5Cobra4M][GTZC] default value MPCBB3 and MPCBB5 - Privileged memory - MPCBB3 is applicable
2025-08-11 17:32:59,812 [INFO] Rule:225 - rule 117617 - U5Cobra4M][GTZC] default value MPCBB3 and MPCBB5 - Privileged memory - MPCBB4 is applicable
2025-08-11 17:32:59,812 [INFO] Rule:225 - rule 117617 - U5Cobra4M][GTZC] default value MPCBB3 and MPCBB5 - Privileged memory - MPCBB1 is applicable
2025-08-11 17:32:59,812 [INFO] Rule:225 - rule 117617 - U5Cobra4M][GTZC] default value MPCBB3 and MPCBB5 - Privileged memory - MPCBB2 is applicable
2025-08-11 17:32:59,812 [INFO] Rule:225 - rule 117617 - U5Cobra4M][GTZC] default value MPCBB3 and MPCBB5 - Privileged memory - MPCBB3 is applicable
2025-08-11 17:32:59,812 [INFO] Rule:225 - rule 117617 - U5Cobra4M][GTZC] default value MPCBB3 and MPCBB5 - Privileged memory - MPCBB4 is applicable
2025-08-11 17:32:59,812 [INFO] Rule:225 - rule 117617 - U5Cobra4M][GTZC] default value MPCBB3 and MPCBB5 - Not Privileged memory - MPCBB1 is applicable
2025-08-11 17:32:59,812 [INFO] Rule:225 - rule 117617 - U5Cobra4M][GTZC] default value MPCBB3 and MPCBB5 - Not Privileged memory - MPCBB2 is applicable
2025-08-11 17:32:59,812 [INFO] Rule:225 - rule 117617 - U5Cobra4M][GTZC] default value MPCBB3 and MPCBB5 - Not Privileged memory - MPCBB3 is applicable
2025-08-11 17:32:59,813 [INFO] Rule:225 - rule 117617 - U5Cobra4M][GTZC] default value MPCBB3 and MPCBB5 - Not Privileged memory - MPCBB4 is applicable
2025-08-11 17:32:59,813 [INFO] Rule:225 - rule 117617 - U5Cobra4M][GTZC] default value MPCBB3 and MPCBB5 - Privileged memory - MPCBB1 is applicable
2025-08-11 17:32:59,813 [INFO] Rule:225 - rule 117617 - U5Cobra4M][GTZC] default value MPCBB3 and MPCBB5 - Privileged memory - MPCBB2 is applicable
2025-08-11 17:32:59,813 [INFO] Rule:225 - rule 117617 - U5Cobra4M][GTZC] default value MPCBB3 and MPCBB5 - Privileged memory - MPCBB3 is applicable
2025-08-11 17:32:59,813 [INFO] Rule:225 - rule 117617 - U5Cobra4M][GTZC] default value MPCBB3 and MPCBB5 - Privileged memory - MPCBB4 is applicable
2025-08-11 17:32:59,813 [INFO] Rule:225 - rule Rename SubGHz_Phy SUBGHZ_APPLICATION SUBGHZ_PINGPONG to SUBGHZ_ADV_APPLICATION is applicable
2025-08-11 17:32:59,813 [INFO] Rule:225 - rule Rename Enabled to IBEACON is applicable
2025-08-11 17:32:59,813 [INFO] Rule:225 - rule GTZC_S instance for project manager is applicable
2025-08-11 17:32:59,813 [INFO] Rule:225 - rule GTZC_S instance for context M33S is applicable
2025-08-11 17:32:59,813 [INFO] Rule:225 - rule GTZC_S instance value for IP GTZC is applicable
2025-08-11 17:32:59,813 [INFO] Rule:225 - rule GTZC_S instance for mcu.IP is applicable
2025-08-11 17:32:59,813 [INFO] Rule:225 - rule GTZC_S instance for VP is applicable
2025-08-11 17:32:59,813 [INFO] Rule:225 - rule GTZC_S instance for signal is applicable
2025-08-11 17:32:59,813 [INFO] Rule:225 - rule GTZC_S instance for mcu.Pin is applicable
2025-08-11 17:32:59,813 [INFO] Rule:225 - rule GTZC_S instance for VP is applicable
2025-08-11 17:32:59,814 [INFO] Rule:225 - rule GTZC_S instance for signal is applicable
2025-08-11 17:32:59,814 [INFO] Rule:225 - rule GTZC_S instance for mcu is applicable
2025-08-11 17:32:59,814 [INFO] Rule:225 - rule GTZC_S instance for mcu.Pin is applicable
2025-08-11 17:32:59,814 [INFO] Rule:225 - rule GTZC_S instance value for IP GTZC is applicable
2025-08-11 17:32:59,814 [INFO] Rule:225 - rule GTZC_S instance for project manager is applicable
2025-08-11 17:32:59,814 [INFO] Rule:225 - rule GTZC_S instance for context M33S is applicable
2025-08-11 17:32:59,814 [INFO] Rule:225 - rule GTZC_S instance for VP is applicable
2025-08-11 17:32:59,814 [INFO] Rule:225 - rule GTZC_S instance for signal is applicable
2025-08-11 17:32:59,814 [INFO] Rule:225 - rule SPDIFRX instance for mcu is applicable
2025-08-11 17:32:59,814 [INFO] Rule:225 - rule Rename Tracer Mode is applicable
2025-08-11 17:32:59,814 [INFO] Rule:225 - rule SPDIFRX instance value for IP SPDIFRX is applicable
2025-08-11 17:32:59,814 [INFO] Rule:225 - rule SPDIFRX instance for signal is applicable
2025-08-11 17:32:59,814 [INFO] Rule:225 - rule SPDIFRX instance for project manager is applicable
2025-08-11 17:32:59,814 [INFO] Rule:225 - rule SPDIFRX instance for project manager is applicable
2025-08-11 17:32:59,814 [INFO] Rule:225 - rule ADC Scan  fix with FW F7 is applicable
2025-08-11 17:32:59,814 [INFO] Rule:225 - rule ADC Scan  fix with FW F7 is applicable
2025-08-11 17:32:59,815 [INFO] Rule:225 - rule WakeUp0 Mode is applicable
2025-08-11 17:32:59,815 [INFO] Rule:225 - rule WakeUp0 SIGNAL is applicable
2025-08-11 17:32:59,815 [INFO] Rule:225 - rule WakeUp1 Mode is applicable
2025-08-11 17:32:59,815 [INFO] Rule:225 - rule WakeUp1 SIGNAL is applicable
2025-08-11 17:32:59,815 [INFO] Rule:225 - rule WakeUp2 Mode is applicable
2025-08-11 17:32:59,815 [INFO] Rule:225 - rule WakeUp2 SIGNAL is applicable
2025-08-11 17:32:59,815 [INFO] Rule:225 - rule WakeUp4 Mode is applicable
2025-08-11 17:32:59,815 [INFO] Rule:225 - rule WakeUp4 SIGNAL is applicable
2025-08-11 17:32:59,815 [INFO] Rule:225 - rule WakeUp5 Mode is applicable
2025-08-11 17:32:59,815 [INFO] Rule:225 - rule WakeUp5 SIGNAL is applicable
2025-08-11 17:32:59,815 [INFO] Rule:225 - rule Add RTC Activate Clock Source is applicable
2025-08-11 17:32:59,815 [INFO] Rule:225 - rule Add RTC Activate Calendar 1 is applicable
2025-08-11 17:32:59,816 [INFO] Rule:225 - rule Add RTC Activate Calendar 2 is applicable
2025-08-11 17:32:59,816 [INFO] Rule:225 - rule Add RTC Activate Calendar 3 is applicable
2025-08-11 17:32:59,816 [INFO] Rule:225 - rule UART/USART TX Mode is applicable
2025-08-11 17:32:59,816 [INFO] Rule:225 - rule UART/USART RX Mode is applicable
2025-08-11 17:32:59,816 [INFO] Rule:225 - rule UART/USART RX TX Mode is applicable
2025-08-11 17:32:59,816 [INFO] Rule:225 - rule UART/USART PARITY NONE is applicable
2025-08-11 17:32:59,816 [INFO] Rule:225 - rule UART/USART PARITY EVEN is applicable
2025-08-11 17:32:59,816 [INFO] Rule:225 - rule UART/USART PARITY ODD is applicable
2025-08-11 17:32:59,816 [INFO] Rule:225 - rule USART StopBits 1 is applicable
2025-08-11 17:32:59,816 [INFO] Rule:225 - rule USART StopBits 2 is applicable
2025-08-11 17:32:59,816 [INFO] Rule:225 - rule USART StopBits 1.5 is applicable
2025-08-11 17:32:59,816 [INFO] Rule:225 - rule USART StopBits 0.5 is applicable
2025-08-11 17:32:59,816 [INFO] Rule:225 - rule UART/USART WORD LENGTH 7 is applicable
2025-08-11 17:32:59,816 [INFO] Rule:225 - rule UART/USART WORD LENGTH 8 is applicable
2025-08-11 17:32:59,816 [INFO] Rule:225 - rule UART/USART WORD LENGTH 9 is applicable
2025-08-11 17:32:59,816 [INFO] Rule:225 - rule Rename FMC NAND NCE signal is applicable
2025-08-11 17:32:59,817 [INFO] Rule:225 - rule Rename FMC NAND INT signal is applicable
2025-08-11 17:32:59,817 [INFO] Rule:225 - rule Change Default Value for LSE Drive Capability for WB family is applicable
2025-08-11 17:32:59,817 [INFO] Rule:225 - rule Change Default Value for ADC Clock Prescaler G0 family is applicable
2025-08-11 17:32:59,817 [INFO] Rule:225 - rule Change Default Value for ADC ExternalTrigConv L4 family is applicable
2025-08-11 17:32:59,817 [INFO] Rule:225 - rule Change Default Value for ADC ExternalTrigInjecConv L4 family is applicable
2025-08-11 17:32:59,817 [INFO] Rule:225 - rule Change Default Value for ADC ExternalTrigConv F3 family is applicable
2025-08-11 17:32:59,817 [INFO] Rule:225 - rule Change Default Value for ADC ExternalTrigInjecConv F3 family is applicable
2025-08-11 17:32:59,817 [INFO] Rule:225 - rule Change Default Value for ADC ExternalTrigConv Goldfish serie is applicable
2025-08-11 17:32:59,817 [INFO] Rule:225 - rule Change Default Value for ADC ExternalTrigInjecConv Goldfish serie is applicable
2025-08-11 17:32:59,817 [INFO] Rule:225 - rule Change Default Value for ADC ExternalTrigConv L0 family is applicable
2025-08-11 17:32:59,818 [INFO] Rule:225 - rule Change Default Value for ADC ExternalTrigConv F0 family is applicable
2025-08-11 17:32:59,818 [INFO] Rule:225 - rule Change Default Value for ADC ExternalTrigConvn L1 family is applicable
2025-08-11 17:32:59,818 [INFO] Rule:225 - rule Change Default Value for ADC ExternalTrigInjecConv L1 family is applicable
2025-08-11 17:32:59,818 [INFO] Rule:225 - rule Change Default Value for ADC ExternalTrigConv F1 family is applicable
2025-08-11 17:32:59,818 [INFO] Rule:225 - rule Change Default Value for ADC ExternalTrigInjecConv F1 family is applicable
2025-08-11 17:32:59,818 [INFO] Rule:225 - rule Change Default Value for ADC ExternalTrigConv F7 family is applicable
2025-08-11 17:32:59,818 [INFO] Rule:225 - rule Change Default Value for ADC ExternalTrigInjecConv F7 family is applicable
2025-08-11 17:32:59,818 [INFO] Rule:225 - rule Change Default Value for ADC ExternalTrigConv F4 and F2 family is applicable
2025-08-11 17:32:59,818 [INFO] Rule:225 - rule Change Default Value for ADC ExternalTrigInjecConv F4 and F2 family is applicable
2025-08-11 17:32:59,819 [INFO] Rule:225 - rule ADC SamplingTime fix with FW L0  is applicable
2025-08-11 17:32:59,819 [INFO] Rule:225 - rule ADC SamplingTime fix with FW L0  is applicable
2025-08-11 17:32:59,819 [INFO] Rule:225 - rule ADC SamplingTime fix with FW L0 is applicable
2025-08-11 17:32:59,819 [INFO] Rule:225 - rule ADC SamplingTime fix with FW L0 is applicable
2025-08-11 17:32:59,819 [INFO] Rule:225 - rule ADC SamplingTime fix with FW L0  is applicable
2025-08-11 17:32:59,819 [INFO] Rule:225 - rule ADC SamplingTime fix with FW L0 is applicable
2025-08-11 17:32:59,819 [INFO] Rule:225 - rule Rename USB_OE Signal is applicable
2025-08-11 17:32:59,819 [INFO] Rule:225 - rule Rename Activate_OE Mode is applicable
2025-08-11 17:32:59,820 [INFO] Rule:225 - rule Rename DIE462/DIE415 pin PC14/OSC32_IN -> PC14-OSC32_IN (PC14) is applicable
2025-08-11 17:32:59,820 [INFO] Rule:225 - rule Rename DIE462/DIE415 pin PC15/OSC32_OUT -> PC15-OSC32_OUT (PC15) is applicable
2025-08-11 17:32:59,820 [INFO] Rule:225 - rule Rename DIE462/DIE415 pin PH0/OSC_IN -> PH0-OSC_IN (PH0) is applicable
2025-08-11 17:32:59,820 [INFO] Rule:225 - rule Rename DIE462/DIE415 pin PH1/OSC_OUT -> PH1-OSC_OUT (PH1) is applicable
2025-08-11 17:32:59,820 [INFO] Rule:225 - rule Rename DIE462 pin PA13 -> PA13 (JTMS/SWDIO) is applicable
2025-08-11 17:32:59,821 [INFO] Rule:225 - rule Rename DIE415 pin PA13 -> PA13 (JTMS/SWDIO) is applicable
2025-08-11 17:32:59,821 [INFO] Rule:225 - rule Rename DIE462 pin PA14 -> PA14 (JTCK/SWCLK) is applicable
2025-08-11 17:32:59,822 [INFO] Rule:225 - rule Rename DIE415 pin PA14 -> PA14 (JTCK/SWCLK) is applicable
2025-08-11 17:32:59,822 [INFO] Rule:225 - rule Rename DIE462/DIE415 pin PA15 -> PA15 (JTDI) is applicable
2025-08-11 17:32:59,822 [INFO] Rule:225 - rule Rename DIE462 pin PB3 -> PB3 (JTD0/TRACESWO) is applicable
2025-08-11 17:32:59,822 [INFO] Rule:225 - rule Rename DIE415 pin PB3 -> PB3 (JTD0-TRACESWO) is applicable
2025-08-11 17:32:59,822 [INFO] Rule:225 - rule Rename DIE462/DIE415 pin PB4 -> PB4 (NJTRST) is applicable
2025-08-11 17:32:59,822 [INFO] Rule:225 - rule Rename DIE462 pin PH3/BOOT0 -> PH3-BOOT0 (BOOT0) is applicable
2025-08-11 17:32:59,823 [INFO] Rule:225 - rule Rename CRYP DataEncryptionTypesList to Algorithm is applicable
2025-08-11 17:32:59,823 [INFO] Rule:225 - rule Rename AES DataEncryptionTypesList to Algorithm is applicable
2025-08-11 17:32:59,823 [INFO] Rule:225 - rule Rename TDESECB to CRYP_TDES_ECB is applicable
2025-08-11 17:32:59,823 [INFO] Rule:225 - rule Rename TDESCBC to CRYP_TDES_CBC is applicable
2025-08-11 17:32:59,823 [INFO] Rule:225 - rule Rename DESECB to CRYP_DES_ECB is applicable
2025-08-11 17:32:59,823 [INFO] Rule:225 - rule Rename DESCBC to CRYP_DES_CBC is applicable
2025-08-11 17:32:59,823 [INFO] Rule:225 - rule Rename AESECB to CRYP_AES_ECB is applicable
2025-08-11 17:32:59,823 [INFO] Rule:225 - rule Rename AESCBC to CRYP_AES_CBC is applicable
2025-08-11 17:32:59,823 [INFO] Rule:225 - rule Rename AESCTR to CRYP_AES_CTR is applicable
2025-08-11 17:32:59,823 [INFO] Rule:225 - rule Rename AESGCM to CRYP_AES_GCM is applicable
2025-08-11 17:32:59,823 [INFO] Rule:225 - rule Rename AESCCM to CRYP_AES_CCM is applicable
2025-08-11 17:32:59,824 [INFO] Rule:225 - rule Rename CAN TimeSeg1 to BS1 is applicable
2025-08-11 17:32:59,824 [INFO] Rule:225 - rule Rename CAN TimeSeg2 to BS2 is applicable
2025-08-11 17:32:59,824 [INFO] Rule:225 - rule Rename CAN SyncJumpWidth to SJW is applicable
2025-08-11 17:32:59,824 [INFO] Rule:225 - rule TimeTriggeredMode to TTCM is applicable
2025-08-11 17:32:59,824 [INFO] Rule:225 - rule Rename CAN AutoBusOff to ABOM is applicable
2025-08-11 17:32:59,824 [INFO] Rule:225 - rule Rename CAN AutoWakeUp to AWUM is applicable
2025-08-11 17:32:59,824 [INFO] Rule:225 - rule Rename CAN AutoRetransmission to NART is applicable
2025-08-11 17:32:59,824 [INFO] Rule:225 - rule Rename CAN ReceiveFifoLocked to RFLM is applicable
2025-08-11 17:32:59,824 [INFO] Rule:225 - rule Rename CAN TransmitFifoPriority to TXFP is applicable
2025-08-11 17:32:59,824 [INFO] Rule:225 - rule Rename HRTIMER HRTIM_OUTPUTFAULTLEVEL_HIGH in HRTIMER HRTIM_OUTPUTFAULTLEVEL_HIGHZ is applicable
2025-08-11 17:32:59,825 [INFO] Rule:225 - rule Rename TIMER TIM_CLEARINPUTSOURCE_OCREFCLR in  TIMER TIM_CLEARINPUTSOURCE_NONE for F7 family is applicable
2025-08-11 17:32:59,825 [INFO] Rule:225 - rule FDCAN_R1 - Rename FDCAN mode Master into Classic is applicable
2025-08-11 17:32:59,825 [INFO] Rule:225 - rule FDCAN_R2 - Rename FDCAN mode Slave into Classic is applicable
2025-08-11 17:32:59,825 [INFO] Rule:225 - rule FDCAN1_R3 - if PA10.Mode=FullDuplex, add Pin PA12 is applicable
2025-08-11 17:32:59,825 [INFO] Rule:225 - rule FDCAN1_R3 - if PA9.Mode=FullDuplex, add Pin PA11 is applicable
2025-08-11 17:32:59,825 [INFO] Rule:225 - rule FDCAN1_R3 - Alternatepin_1 - if PE1.Mode=FullDuplex, add Pin PB9 is applicable
2025-08-11 17:32:59,825 [INFO] Rule:225 - rule FDCAN1_R3 - Alternatepin_1 - if PE0.Mode=FullDuplex, add Pin PB8 is applicable
2025-08-11 17:32:59,825 [INFO] Rule:225 - rule FDCAN1_R3 - Alternatepin_2 - if PD5.Mode=FullDuplex, add Pin PD1 is applicable
2025-08-11 17:32:59,825 [INFO] Rule:225 - rule FDCAN1_R3 - Alternatepin_2 - if PD4.Mode=FullDuplex, add Pin PD0 is applicable
2025-08-11 17:32:59,825 [INFO] Rule:225 - rule FDCAN1_R4 - Rename Mode FullDuplex into Enable FDCAN_TXFD for pin PA10 is applicable
2025-08-11 17:32:59,825 [INFO] Rule:225 - rule FDCAN1_R4 - Rename Mode FullDuplex into Enable FDCAN_TXFD for pin PA9 is applicable
2025-08-11 17:32:59,826 [INFO] Rule:225 - rule FDCAN1_R4 - Alternatepin_1 - Rename Mode FullDuplex into Enable FDCAN_TXFD for pin PE1 is applicable
2025-08-11 17:32:59,826 [INFO] Rule:225 - rule FDCAN1_R4 - Alternatepin_1 - Rename Mode FullDuplex into Enable FDCAN_TXFD for pin PE0 is applicable
2025-08-11 17:32:59,826 [INFO] Rule:225 - rule FDCAN1_R4 - Alternatepin_2 - Rename Mode FullDuplex into Enable FDCAN_TXFD for pin PD5 is applicable
2025-08-11 17:32:59,826 [INFO] Rule:225 - rule FDCAN1_R4 - Alternatepin_2 - Rename Mode FullDuplex into Enable FDCAN_TXFD for pin PD4 is applicable
2025-08-11 17:32:59,826 [INFO] Rule:225 - rule FDCAN2_R3 - if PD10.Mode=FullDuplex, add Pin PB13 is applicable
2025-08-11 17:32:59,826 [INFO] Rule:225 - rule FDCAN2_R3 - if PD9.Mode=FullDuplex, add Pin PB12 is applicable
2025-08-11 17:32:59,826 [INFO] Rule:225 - rule FDCAN2_R3 - Alternatepin_1 - if PB7.Mode=FullDuplex, add Pin PB6 is applicable
2025-08-11 17:32:59,826 [INFO] Rule:225 - rule FDCAN2_R3 - Alternatepin_1 - if PD9.Mode=FullDuplex, add Pin PB12 is applicable
2025-08-11 17:32:59,826 [INFO] Rule:225 - rule FDCAN2_R4 - Rename Mode FullDuplex into Enable FDCAN_TXFD for pin PD10 is applicable
2025-08-11 17:32:59,826 [INFO] Rule:225 - rule FDCAN2_R4 - Rename Mode FullDuplex into Enable FDCAN_TXFD for pin PD9 is applicable
2025-08-11 17:32:59,826 [INFO] Rule:225 - rule FDCAN2_R4 - Alternatepin_1 - Rename Mode FullDuplex into Enable FDCAN_TXFD for pin PB7 is applicable
2025-08-11 17:32:59,827 [INFO] Rule:225 - rule FDCAN2_R4 - Alternatepin_1 - Rename Mode FullDuplex into Enable FDCAN_TXFD for pin PD6 is applicable
2025-08-11 17:32:59,827 [INFO] Rule:225 - rule USART TxPinLevelInvertParam Mode is applicable
2025-08-11 17:32:59,827 [INFO] Rule:225 - rule USART RxPinLevelInvertParam Mode is applicable
2025-08-11 17:32:59,827 [INFO] Rule:225 - rule USART DataInvertParam Mode is applicable
2025-08-11 17:32:59,827 [INFO] Rule:225 - rule USART SwapParam Mode is applicable
2025-08-11 17:32:59,827 [INFO] Rule:225 - rule USART OverrunDisableParam Mode is applicable
2025-08-11 17:32:59,827 [INFO] Rule:225 - rule USART DMADisableonRxErrorParam Mode is applicable
2025-08-11 17:32:59,827 [INFO] Rule:225 - rule USART MSBFirstParam Mode is applicable
2025-08-11 17:32:59,827 [INFO] Rule:225 - rule Update MwName for USB_DEVICE is applicable
2025-08-11 17:32:59,827 [INFO] Rule:225 - rule Change PWR_Regulator_Voltage_Scale Default Value for RCC  H7 family is applicable
2025-08-11 17:32:59,827 [INFO] Rule:225 - rule UART/USART IPParameter rename Prescaler parameter to ClockPrescaler is applicable
2025-08-11 17:32:59,828 [INFO] Rule:225 - rule UART/USART Prescaler rename Prescaler parameter to ClockPrescaler is applicable
2025-08-11 17:32:59,828 [INFO] Rule:225 - rule TIM1CLockSelection is applicable
2025-08-11 17:32:59,828 [INFO] Rule:225 - rule TIM15CLockSelection is applicable
2025-08-11 17:32:59,828 [INFO] Rule:225 - rule align RCC SDMMC3CLockSelection default value on MP1 is applicable
2025-08-11 17:32:59,828 [INFO] Rule:225 - rule align RCC SDMMC12CLockSelection default value on MP1 is applicable
2025-08-11 17:32:59,828 [INFO] Rule:225 - rule align RCC QSPICLockSelection default value on MP1 is applicable
2025-08-11 17:32:59,828 [INFO] Rule:225 - rule align RCC QSPICLockSelection default value on MP1 is applicable
2025-08-11 17:32:59,828 [INFO] Rule:225 - rule align RCC SPI6CLockSelection default value on MP1 is applicable
2025-08-11 17:32:59,828 [INFO] Rule:225 - rule align RCC LPTIM23CLockSelection default value on MP1 is applicable
2025-08-11 17:32:59,828 [INFO] Rule:225 - rule align RCC LPTIM1CLockSelection default value on MP1 is applicable
2025-08-11 17:32:59,828 [INFO] Rule:225 - rule align RCC USART1CLockSelection default value on MP1 is applicable
2025-08-11 17:32:59,828 [INFO] Rule:225 - rule align RCC USART24CLockSelection default value on MP1 is applicable
2025-08-11 17:32:59,829 [INFO] Rule:225 - rule align RCC USART6CLockSelection default value on MP1 is applicable
2025-08-11 17:32:59,829 [INFO] Rule:225 - rule align RCC UART78CLockSelection default value on MP1 is applicable
2025-08-11 17:32:59,829 [INFO] Rule:225 - rule align RCC USART35CLockSelection default value on MP1 is applicable
2025-08-11 17:32:59,829 [INFO] Rule:225 - rule align RCC SPI45CLockSelection default value on MP1 is applicable
2025-08-11 17:32:59,829 [INFO] Rule:225 - rule align RCC I2C46CLockSelection BCLK value on MP1 is applicable
2025-08-11 17:32:59,829 [INFO] Rule:225 - rule align RCC SPI45CLockSelection default value on MP1 is applicable
2025-08-11 17:32:59,829 [INFO] Rule:225 - rule align RCC I2C12CLockSelection default value on MP1 is applicable
2025-08-11 17:32:59,829 [INFO] Rule:225 - rule align RCC I2C35CLockSelection default value on MP1 is applicable
2025-08-11 17:32:59,829 [INFO] Rule:225 - rule align RCC LPTIM45CLockSelection default value on MP1 is applicable
2025-08-11 17:32:59,829 [INFO] Rule:225 - rule Rename DCMI PIXCK signal is applicable
2025-08-11 17:32:59,829 [INFO] Rule:225 - rule Change Default Value for I2C46CLockSelection MP1 family is applicable
2025-08-11 17:32:59,830 [INFO] Rule:225 - rule Change Default Value for UART for G4, G0 and WB families is applicable
2025-08-11 17:32:59,830 [INFO] Rule:225 - rule Change Default Value for USART for G4, G0 and WB families is applicable
2025-08-11 17:32:59,830 [INFO] Rule:225 - rule Change Default Value for USART for G4 family is applicable
2025-08-11 17:32:59,830 [INFO] Rule:225 - rule Change USART1CLockSelection refparam name for MP1 is applicable
2025-08-11 17:32:59,830 [INFO] Rule:225 - rule Change USART2CLockSelection refparam name for MP1 is applicable
2025-08-11 17:32:59,830 [INFO] Rule:225 - rule Change USART3CLockSelection refparam name for MP1 is applicable
2025-08-11 17:32:59,830 [INFO] Rule:225 - rule Change UART4CLockSelection refparam name for MP1 is applicable
2025-08-11 17:32:59,830 [INFO] Rule:225 - rule Change UART5CLockSelection refparam name for MP1 is applicable
2025-08-11 17:32:59,830 [INFO] Rule:225 - rule Change LPUART1CLockSelection refparam name for MP1 is applicable
2025-08-11 17:32:59,830 [INFO] Rule:225 - rule Change LPTIM1CLockSelection refparam name for MP1 is applicable
2025-08-11 17:32:59,830 [INFO] Rule:225 - rule Change LPTIM2CLockSelection refparam name for MP1 is applicable
2025-08-11 17:32:59,830 [INFO] Rule:225 - rule Change RCC_MCO1Source refparam name for MP1 is applicable
2025-08-11 17:32:59,830 [INFO] Rule:225 - rule Change LSCOSource1 refparam name for MP1 is applicable
2025-08-11 17:32:59,831 [INFO] Rule:225 - rule Change SMPSCLockSelection refparam name for MP1 is applicable
2025-08-11 17:32:59,831 [INFO] Rule:225 - rule Change LPTIM3CLockSelection refparam name for MP1 is applicable
2025-08-11 17:32:59,831 [INFO] Rule:225 - rule Change MPCBB* Default Template Mode to Parameters is applicable
2025-08-11 17:32:59,831 [INFO] Rule:225 - rule Change MPCWM* or MPCBB* Secure Mode to Parameters is applicable
2025-08-11 17:32:59,831 [INFO] Rule:225 - rule Change MPCWM* or MPCBB* No Secure Mode to Parameters is applicable
2025-08-11 17:32:59,831 [INFO] Rule:225 - rule Change TZSC IP Secure Mode to Parameters is applicable
2025-08-11 17:32:59,831 [INFO] Rule:225 - rule Change TZSC IP No Secure Mode to Parameters is applicable
2025-08-11 17:32:59,831 [INFO] Rule:225 - rule Change TZSC IP Privilege Mode to Parameters is applicable
2025-08-11 17:32:59,831 [INFO] Rule:225 - rule Change TZSC IP No Privilege Mode to Parameters is applicable
2025-08-11 17:32:59,831 [INFO] Rule:225 - rule Change TZIC IT Secure Mode to Parameters is applicable
2025-08-11 17:32:59,832 [INFO] Rule:225 - rule Change TZIC IT No Secure Mode to Parameters is applicable
2025-08-11 17:32:59,832 [INFO] Rule:225 - rule Add MPCBB1_NonSecureArea_Start_Address value with referenced to MPCBB1_NonSecureArea_Start value is applicable
2025-08-11 17:32:59,832 [INFO] Rule:225 - rule Add MPCBB2_NonSecureArea_Start_Address value with referenced to MPCBB2_NonSecureArea_Start value is applicable
2025-08-11 17:32:59,832 [INFO] Rule:225 - rule Add MPCWM1_NonSecureArea*_Start_Address value with referenced to MPCWM1_NonSecureArea*_Start value is applicable
2025-08-11 17:32:59,832 [INFO] Rule:225 - rule Add MPCWM2_NonSecureArea*_Start_Address value with referenced to MPCWM2_NonSecureArea*_Start value is applicable
2025-08-11 17:32:59,832 [INFO] Rule:225 - rule Add MPCWM3_NonSecureArea_Start_Address value with referenced to MPCWM3_NonSecureArea_Start value is applicable
2025-08-11 17:32:59,832 [INFO] Rule:225 - rule Change Default Value for PLL1UserDefinedConfig is applicable
2025-08-11 17:32:59,832 [INFO] Rule:225 - rule Change GPIO_PuPd Default Value for USART in async mode is applicable
2025-08-11 17:32:59,832 [INFO] Rule:225 - rule Change SMPSDivider Default Value is applicable
2025-08-11 17:32:59,832 [INFO] Rule:225 - rule OPAMP is applicable
2025-08-11 17:32:59,832 [INFO] Rule:225 - rule LPUART IPParameter rename Prescaler parameter to ClockPrescaler for STM32H7 is applicable
2025-08-11 17:32:59,832 [INFO] Rule:225 - rule LPUART IPParameter rename Prescaler parameter to ClockPrescaler for STM32H7 is applicable
2025-08-11 17:32:59,833 [INFO] Rule:225 - rule LPUART IPParameter rename Prescaler parameter to ClockPrescaler for STM32WB is applicable
2025-08-11 17:32:59,833 [INFO] Rule:225 - rule LPUART IPParameter rename Prescaler parameter to ClockPrescaler for STM32WB is applicable
2025-08-11 17:32:59,833 [INFO] Rule:225 - rule LPUART IPParameter rename Prescaler parameter to ClockPrescaler for STM32G4 is applicable
2025-08-11 17:32:59,833 [INFO] Rule:225 - rule LPUART IPParameter rename Prescaler parameter to ClockPrescaler for STM32G4 is applicable
2025-08-11 17:32:59,833 [INFO] Rule:225 - rule LPUART IPParameter rename Prescaler parameter to ClockPrescaler for STM32L5 is applicable
2025-08-11 17:32:59,833 [INFO] Rule:225 - rule LPUART IPParameter rename Prescaler parameter to ClockPrescaler for STM32L5 is applicable
2025-08-11 17:32:59,833 [INFO] Rule:225 - rule LPUART IPParameter rename Prescaler parameter to ClockPrescaler for STM32G4 is applicable
2025-08-11 17:32:59,833 [INFO] Rule:225 - rule LPUART IPParameter rename Prescaler parameter to ClockPrescaler for STM32G4 is applicable
2025-08-11 17:32:59,833 [INFO] Rule:225 - rule USB device lib V2.5.3 for L0 rename USBD_SUPPORT_USER_STRING parameter to USBD_SUPPORT_USER_STRING_DESC4 is applicable
2025-08-11 17:32:59,833 [INFO] Rule:225 - rule I2SCLockSelection clock entry align is applicable
2025-08-11 17:32:59,834 [INFO] Rule:225 - rule Assign TIMx context if used as SYS timebase is applicable
2025-08-11 17:32:59,834 [INFO] Rule:225 - rule Change GPIO_Pu Default Value for I2C is applicable
2025-08-11 17:32:59,834 [INFO] Rule:225 - rule Change GPIO_Pu Default Value for SMBus is applicable
2025-08-11 17:32:59,834 [INFO] Rule:225 - rule change FDCAN default value is applicable
2025-08-11 17:32:59,834 [INFO] Rule:225 - rule Change mode sai is applicable
2025-08-11 17:32:59,834 [INFO] Rule:225 - rule **Change sai mode is applicable
2025-08-11 17:32:59,834 [INFO] Rule:225 - rule Rename STM32WPAN CFG_BLE_IRK to CFG_BLE_IR is applicable
2025-08-11 17:32:59,834 [INFO] Rule:225 - rule Rename STM32WPAN CFG_BLE_ERK to CFG_BLE_ER is applicable
2025-08-11 17:32:59,834 [INFO] Rule:225 - rule Rename STM32WPAN CFG_BLE_IRK_HEX to CFG_BLE_IR_HEX is applicable
2025-08-11 17:32:59,835 [INFO] Rule:225 - rule Rename STM32WPAN CFG_BLE_ERK_HEX to CFG_BLE_ER_HEX is applicable
2025-08-11 17:32:59,835 [INFO] Rule:225 - rule Adapt Old IOC before rework replace old CORTEX_M33/CORTEX_M55 attributes by the new one. is applicable
2025-08-11 17:32:59,835 [INFO] Rule:225 - rule Rename parametre of RCC RCC_APBDBG_DIV2 to RCC_TIMPRES_DIV2 is applicable
2025-08-11 17:32:59,835 [INFO] Rule:225 - rule Rename DIE493 pin PA10 [PA12] -> PA10 is applicable
2025-08-11 17:32:59,835 [INFO] Rule:225 - rule Rename DIE493 pin PA9 [PA11] -> PA9 is applicable
2025-08-11 17:32:59,835 [INFO] Rule:225 - rule Adapt Old IOC CSI. is applicable
2025-08-11 17:32:59,868 [INFO] DbConfProperties:307 - Apply Compatibility (49/267 Rules)
2025-08-11 17:32:59,993 [INFO] ImportTextPane:218 - (OptionalMessage_ERROR) Unable to find key (Mcu.ThirdPartyNb) in loaded IOC file
2025-08-11 17:32:59,996 [INFO] ImportTextPane:218 - (OptionalMessage_ERROR) Pin12 (VP_RIF_VS_RIF1) cannot be retrieved for this MCU
2025-08-11 17:33:00,200 [INFO] RtosManager:558 - Registered RTOS mode: class=CMSIS, group=RTOS, mode=CMSIS_V1, owner=FREERTOS
2025-08-11 17:33:00,200 [INFO] RtosManager:558 - Registered RTOS mode: class=CMSIS, group=RTOS2, mode=CMSIS_V2, owner=FREERTOS
2025-08-11 17:33:00,200 [INFO] RtosManager:558 - Registered RTOS mode: class=RTOS, group=Core, mode=CMSIS_V1, owner=FREERTOS
2025-08-11 17:33:00,200 [INFO] RtosManager:558 - Registered RTOS mode: class=RTOS, group=Core, mode=CMSIS_V2, owner=FREERTOS
2025-08-11 17:33:00,200 [WARN] ModelIntegratedComponent:184 - Missing modes for component STMicroelectronics:FreeRTOS:0.0.1:STMicroelectronics:RTOS:FreeRTOS:Core:::10.2.0:
2025-08-11 17:33:00,223 [WARN] ModelIntegratedComponent:63 - No mode defined for component null
2025-08-11 17:33:00,224 [WARN] ModelIntegratedComponent:63 - No mode defined for component null
2025-08-11 17:33:00,224 [WARN] ModelIntegratedComponent:63 - No mode defined for component null
2025-08-11 17:33:00,224 [WARN] ModelIntegratedComponent:63 - No mode defined for component null
2025-08-11 17:33:00,224 [WARN] ModelIntegratedComponent:63 - No mode defined for component null
2025-08-11 17:33:00,224 [WARN] ModelIntegratedComponent:63 - No mode defined for component null
2025-08-11 17:33:00,224 [WARN] ModelIntegratedComponent:63 - No mode defined for component null
2025-08-11 17:33:00,224 [WARN] ModelIntegratedComponent:63 - No mode defined for component null
2025-08-11 17:33:00,224 [WARN] ModelIntegratedComponent:63 - No mode defined for component null
2025-08-11 17:33:00,224 [WARN] ModelIntegratedComponent:63 - No mode defined for component null
2025-08-11 17:33:00,224 [WARN] ModelIntegratedComponent:63 - No mode defined for component null
2025-08-11 17:33:00,224 [WARN] ModelIntegratedComponent:63 - No mode defined for component null
2025-08-11 17:33:00,224 [WARN] ModelIntegratedComponent:63 - No mode defined for component null
2025-08-11 17:33:00,225 [WARN] ModelIntegratedComponent:63 - No mode defined for component null
2025-08-11 17:33:00,225 [WARN] ModelIntegratedComponent:63 - No mode defined for component null
2025-08-11 17:33:00,225 [WARN] ModelIntegratedComponent:63 - No mode defined for component null
2025-08-11 17:33:00,225 [WARN] ModelIntegratedComponent:63 - No mode defined for component null
2025-08-11 17:33:00,225 [WARN] ModelIntegratedComponent:63 - No mode defined for component null
2025-08-11 17:33:00,225 [WARN] ModelIntegratedComponent:63 - No mode defined for component null
2025-08-11 17:33:00,225 [WARN] ModelIntegratedComponent:63 - No mode defined for component null
2025-08-11 17:33:00,225 [WARN] ModelIntegratedComponent:63 - No mode defined for component null
2025-08-11 17:33:00,225 [WARN] ModelIntegratedComponent:63 - No mode defined for component null
2025-08-11 17:33:00,225 [WARN] ModelIntegratedComponent:63 - No mode defined for component null
2025-08-11 17:33:00,225 [WARN] ModelIntegratedComponent:63 - No mode defined for component null
2025-08-11 17:33:00,225 [WARN] ModelIntegratedComponent:63 - No mode defined for component null
2025-08-11 17:33:00,225 [WARN] ModelIntegratedComponent:63 - No mode defined for component null
2025-08-11 17:33:00,226 [WARN] ModelIntegratedComponent:63 - No mode defined for component null
2025-08-11 17:33:00,226 [WARN] ModelIntegratedComponent:63 - No mode defined for component null
2025-08-11 17:33:00,226 [WARN] ModelIntegratedComponent:63 - No mode defined for component null
2025-08-11 17:33:00,226 [WARN] ModelIntegratedComponent:63 - No mode defined for component null
2025-08-11 17:33:00,226 [WARN] ModelIntegratedComponent:63 - No mode defined for component null
2025-08-11 17:33:00,226 [WARN] ModelIntegratedComponent:63 - No mode defined for component null
2025-08-11 17:33:00,226 [WARN] ModelIntegratedComponent:63 - No mode defined for component null
2025-08-11 17:33:00,226 [WARN] ModelIntegratedComponent:63 - No mode defined for component null
2025-08-11 17:33:00,226 [WARN] ModelIntegratedComponent:63 - No mode defined for component null
2025-08-11 17:33:00,226 [WARN] ModelPack:524 - Component already loaded: STMicroelectronics:HAL Drivers:0.0.0:STMicroelectronics:Device:STMicro_Driver:XSPI:HAL::0.0.1:HAL_XSPI
2025-08-11 17:33:00,275 [INFO] ThirdPartyModel:298 - Start build external matchings
2025-08-11 17:33:00,962 [INFO] ThirdPartyModel:316 - End build external matchings
2025-08-11 17:33:00,978 [INFO] ImportTextPane:218 - (OptionalMessage_ERROR) IP (RCC) : Invalid parameter (48MHZClocksFreq_Value)
2025-08-11 17:33:00,979 [INFO] ImportTextPane:218 - (OptionalMessage_ERROR) IP (RCC) : Invalid parameter (EthernetFreq_Value)
2025-08-11 17:33:00,983 [INFO] ImportTextPane:218 - (OptionalMessage_ERROR) IP (RCC) : Parameter (FLatency) has Id (AdvancedSettings) currently not set
2025-08-11 17:33:00,983 [INFO] ImportTextPane:218 - (OptionalMessage_ERROR) IP (RCC) : Invalid parameter (FamilyName)
2025-08-11 17:33:00,984 [INFO] ImportTextPane:218 - (OptionalMessage_ERROR) IP (RCC) : Invalid parameter (I2SClocksFreq_Value)
2025-08-11 17:33:00,987 [INFO] ImportTextPane:218 - (OptionalMessage_ERROR) IP (RCC) : Parameter (SDIOFreq_Value) has invalid value (168000000)
2025-08-11 17:33:00,987 [INFO] ImportTextPane:218 - (OptionalMessage_ERROR) IP (RCC) : Parameter (USBFreq_Value) has invalid value (168000000)
2025-08-11 17:33:00,990 [INFO] ImportTextPane:218 - (OptionalMessage_ERROR) IP (RCC) : Invalid parameter (VCOInputMFreq_Value)
2025-08-11 17:33:00,990 [INFO] ImportTextPane:218 - (OptionalMessage_ERROR) IP (RCC) : Invalid parameter (VcooutputI2S)
2025-08-11 17:33:01,859 [INFO] UtilMem:75 - End LoadConfig() Used Memory: 590022480 Bytes (1000341504)
2025-08-11 17:33:01,984 [WARN] ThirdParty:833 - waiting for thirdparty lock release [change project]
2025-08-11 17:33:01,985 [INFO] ThirdParty:835 - entering critical section [change project]
2025-08-11 17:33:01,985 [INFO] ThirdParty:1030 - CMSIS Pack Vendor :STMicroelectronics USBPD 4.1
2025-08-11 17:33:01,985 [INFO] ThirdParty:1030 - CMSIS Pack Vendor :STMicroelectronics X-CUBE-NFC9 1.0.0
2025-08-11 17:33:01,985 [INFO] ThirdParty:1030 - CMSIS Pack Vendor :STMicroelectronics USB_HOST 2.0.0
2025-08-11 17:33:01,985 [INFO] ThirdParty:1030 - CMSIS Pack Vendor :STMicroelectronics FP-SNS-MOTENVWB1 1.4.0
2025-08-11 17:33:01,986 [INFO] ThirdParty:1030 - CMSIS Pack Vendor :STMicroelectronics X-CUBE-AZRTOS-F4 1.1.0
2025-08-11 17:33:01,986 [INFO] ThirdParty:1030 - CMSIS Pack Vendor :STMicroelectronics LIBJPEG 8.0.0
2025-08-11 17:33:01,986 [INFO] ThirdParty:1030 - CMSIS Pack Vendor :STMicroelectronics X-CUBE-SMBUS 2.1.0
2025-08-11 17:33:01,986 [INFO] ThirdParty:1030 - CMSIS Pack Vendor :STMicroelectronics USB_DEVICE 3.0.0
2025-08-11 17:33:01,986 [INFO] ThirdParty:1030 - CMSIS Pack Vendor :STMicroelectronics X-CUBE-ISPU 2.1.0
2025-08-11 17:33:01,986 [INFO] ThirdParty:1030 - CMSIS Pack Vendor :STMicroelectronics X-CUBE-AZRTOS-WB 2.0.0
2025-08-11 17:33:01,986 [INFO] ThirdParty:1030 - CMSIS Pack Vendor :STMicroelectronics X-CUBE-GNSS1 7.0.1
2025-08-11 17:33:01,986 [INFO] ThirdParty:1030 - CMSIS Pack Vendor :STMicroelectronics X-CUBE-AZRTOS-F7 1.1.0
2025-08-11 17:33:01,986 [INFO] ThirdParty:1030 - CMSIS Pack Vendor :STMicroelectronics X-CUBE-AZRTOS-L5 2.0.0
2025-08-11 17:33:01,986 [INFO] ThirdParty:1030 - CMSIS Pack Vendor :STMicroelectronics USB_DEVICE 2.0.0
2025-08-11 17:33:01,986 [INFO] ThirdParty:1030 - CMSIS Pack Vendor :STMicroelectronics X-CUBE-NFC6 3.1.0
2025-08-11 17:33:01,986 [INFO] ThirdParty:1030 - CMSIS Pack Vendor :STMicroelectronics FP-SNS-STBOX1 2.0.0
2025-08-11 17:33:01,987 [INFO] ThirdParty:1030 - CMSIS Pack Vendor :STMicroelectronics FreeRTOS 0.0.1
2025-08-11 17:33:01,991 [INFO] ThirdParty:1030 - CMSIS Pack Vendor :STMicroelectronics X-CUBE-AZRTOS-G0 1.1.0
2025-08-11 17:33:01,991 [INFO] ThirdParty:1030 - CMSIS Pack Vendor :STMicroelectronics X-CUBE-SAFEA1 1.2.2
2025-08-11 17:33:01,991 [INFO] ThirdParty:1030 - CMSIS Pack Vendor :STMicroelectronics X-CUBE-NFC4 3.0.0
2025-08-11 17:33:01,991 [INFO] ThirdParty:1030 - CMSIS Pack Vendor :STMicroelectronics X-CUBE-SUBG2 5.0.0
2025-08-11 17:33:01,991 [INFO] ThirdParty:1030 - CMSIS Pack Vendor :STMicroelectronics STM32_WPAN 1.0.0
2025-08-11 17:33:01,991 [INFO] ThirdParty:1030 - CMSIS Pack Vendor :STMicroelectronics lwIP 2.0.3
2025-08-11 17:33:01,991 [INFO] ThirdParty:1030 - CMSIS Pack Vendor :STMicroelectronics USB_HOST 1.0.0
2025-08-11 17:33:01,992 [INFO] ThirdParty:1030 - CMSIS Pack Vendor :STMicroelectronics X-CUBE-AZRTOS-G4 2.0.0
2025-08-11 17:33:01,992 [INFO] ThirdParty:1030 - CMSIS Pack Vendor :STMicroelectronics PDM2PCM 3.1.0
2025-08-11 17:33:01,992 [INFO] ThirdParty:1030 - CMSIS Pack Vendor :STMicroelectronics PDM2PCM 3.3.0
2025-08-11 17:33:01,992 [INFO] ThirdParty:1030 - CMSIS Pack Vendor :STMicroelectronics X-CUBE-DISPLAY 3.0.0
2025-08-11 17:33:01,992 [INFO] ThirdParty:1030 - CMSIS Pack Vendor :STMicroelectronics X-CUBE-TCPP 4.2.0
2025-08-11 17:33:01,992 [INFO] ThirdParty:1030 - CMSIS Pack Vendor :RealThread X-CUBE-RT-Thread_Nano 4.1.1
2025-08-11 17:33:01,992 [INFO] ThirdParty:1030 - CMSIS Pack Vendor :STMicroelectronics FP-ATR-SIGFOX1 3.2.0
2025-08-11 17:33:01,992 [INFO] ThirdParty:1030 - CMSIS Pack Vendor :STMicroelectronics X-CUBE-NFC10 1.0.0
2025-08-11 17:33:01,992 [INFO] ThirdParty:1030 - CMSIS Pack Vendor :STMicroelectronics HAL Drivers 0.0.0
2025-08-11 17:33:01,992 [INFO] ThirdParty:1030 - CMSIS Pack Vendor :STMicroelectronics MBEDTLS 2.16.2
2025-08-11 17:33:01,992 [INFO] ThirdParty:1030 - CMSIS Pack Vendor :STMicroelectronics X-CUBE-IPS 3.1.0
2025-08-11 17:33:01,992 [INFO] ThirdParty:1030 - CMSIS Pack Vendor :STMicroelectronics X-CUBE-ALS 1.0.2
2025-08-11 17:33:01,992 [INFO] ThirdParty:1030 - CMSIS Pack Vendor :STMicroelectronics MBEDTLS 2.14.1
2025-08-11 17:33:01,992 [INFO] ThirdParty:1030 - CMSIS Pack Vendor :portGmbH I-Cube-SoM-uGOAL 1.1.0
2025-08-11 17:33:01,992 [INFO] ThirdParty:1030 - CMSIS Pack Vendor :STMicroelectronics ThreadX 1.0.0
2025-08-11 17:33:01,992 [INFO] ThirdParty:1030 - CMSIS Pack Vendor :STMicroelectronics FP-SNS-SMARTAG2 1.2.0
2025-08-11 17:33:01,993 [INFO] ThirdParty:1030 - CMSIS Pack Vendor :STMicroelectronics X-CUBE-AZRTOS-WL 2.0.0
2025-08-11 17:33:01,994 [INFO] ThirdParty:1030 - CMSIS Pack Vendor :SEGGER I-CUBE-embOS 1.3.1
2025-08-11 17:33:01,994 [INFO] ThirdParty:1030 - CMSIS Pack Vendor :STMicroelectronics X-CUBE-ALGOBUILD 1.4.0
2025-08-11 17:33:01,994 [INFO] ThirdParty:1030 - CMSIS Pack Vendor :STMicroelectronics FP-SNS-MOTENV1 5.0.0
2025-08-11 17:33:01,994 [INFO] ThirdParty:1030 - CMSIS Pack Vendor :STMicroelectronics USB_DEVICE 1.0.0
2025-08-11 17:33:01,994 [INFO] ThirdParty:1030 - CMSIS Pack Vendor :STMicroelectronics X-CUBE-AZRTOS-L4 2.0.0
2025-08-11 17:33:01,994 [INFO] ThirdParty:1030 - CMSIS Pack Vendor :STMicroelectronics ThreadX 0.0.2
2025-08-11 17:33:01,994 [INFO] ThirdParty:1030 - CMSIS Pack Vendor :STMicroelectronics lwIP 2.1.2
2025-08-11 17:33:01,994 [INFO] ThirdParty:1030 - CMSIS Pack Vendor :STMicroelectronics X-CUBE-SFXS2LP1 4.0.0
2025-08-11 17:33:01,995 [INFO] ThirdParty:1030 - CMSIS Pack Vendor :STMicroelectronics X-CUBE-BLE2 3.3.0
2025-08-11 17:33:01,998 [INFO] ThirdParty:1030 - CMSIS Pack Vendor :STMicroelectronics PDM2PCM 3.2.0
2025-08-11 17:33:01,998 [INFO] ThirdParty:841 - exiting critical section [change project]
2025-08-11 17:33:03,028 [INFO] PinOutPanel:1589 - setPackage(No Configuration,No Configuration)
2025-08-11 17:33:03,029 [INFO] PinOutPanel:1589 - setPackage(STM32F446RETx,LQFP64)
2025-08-11 17:33:05,259 [INFO] UtilMem:75 - Before build in PCC Used Memory: 702443152 Bytes (1000341504)
2025-08-11 17:33:07,095 [INFO] UtilMem:75 - After build in PCC Used Memory: 642253912 Bytes (1000341504)
2025-08-11 17:33:07,206 [INFO] IPUIPlugin:80 - create IPUIPlugin
2025-08-11 17:33:07,206 [INFO] IPUIPlugin:80 - create IPUIPlugin
2025-08-11 17:33:07,206 [INFO] IPUIPlugin:80 - create IPUIPlugin
2025-08-11 17:33:07,206 [INFO] IPUIPlugin:80 - create IPUIPlugin
2025-08-11 17:33:07,207 [INFO] IPUIPlugin:80 - create IPUIPlugin
2025-08-11 17:33:07,207 [INFO] IPUIPlugin:80 - create IPUIPlugin
2025-08-11 17:33:07,207 [INFO] IPUIPlugin:80 - create IPUIPlugin
2025-08-11 17:33:07,208 [INFO] IPUIPlugin:80 - create IPUIPlugin
2025-08-11 17:33:07,208 [INFO] IPUIPlugin:80 - create IPUIPlugin
2025-08-11 17:33:07,208 [INFO] IPUIPlugin:80 - create IPUIPlugin
2025-08-11 17:33:07,208 [INFO] IPUIPlugin:80 - create IPUIPlugin
2025-08-11 17:33:07,208 [INFO] IPUIPlugin:80 - create IPUIPlugin
2025-08-11 17:33:07,209 [INFO] IPUIPlugin:80 - create IPUIPlugin
2025-08-11 17:33:07,209 [INFO] IPUIPlugin:80 - create IPUIPlugin
2025-08-11 17:33:07,209 [INFO] IPUIPlugin:80 - create IPUIPlugin
2025-08-11 17:33:07,209 [INFO] IPUIPlugin:80 - create IPUIPlugin
2025-08-11 17:33:07,210 [INFO] IPUIPlugin:80 - create IPUIPlugin
2025-08-11 17:33:07,210 [INFO] IPUIPlugin:80 - create IPUIPlugin
2025-08-11 17:33:07,210 [INFO] IPUIPlugin:80 - create IPUIPlugin
2025-08-11 17:33:07,210 [INFO] IPUIPlugin:80 - create IPUIPlugin
2025-08-11 17:33:07,211 [INFO] IPUIPlugin:80 - create IPUIPlugin
2025-08-11 17:33:07,211 [INFO] IPUIPlugin:80 - create IPUIPlugin
2025-08-11 17:33:07,212 [INFO] IPUIPlugin:80 - create IPUIPlugin
2025-08-11 17:33:07,212 [INFO] IPUIPlugin:80 - create IPUIPlugin
2025-08-11 17:33:07,212 [INFO] IPUIPlugin:80 - create IPUIPlugin
2025-08-11 17:33:07,213 [INFO] IPUIPlugin:80 - create IPUIPlugin
2025-08-11 17:33:07,213 [INFO] IPUIPlugin:80 - create IPUIPlugin
2025-08-11 17:33:07,214 [INFO] IPUIPlugin:80 - create IPUIPlugin
2025-08-11 17:33:07,214 [INFO] IPUIPlugin:80 - create IPUIPlugin
2025-08-11 17:33:07,215 [INFO] IPUIPlugin:80 - create IPUIPlugin
2025-08-11 17:33:07,215 [INFO] IPUIPlugin:80 - create IPUIPlugin
2025-08-11 17:33:07,216 [INFO] IPUIPlugin:80 - create IPUIPlugin
2025-08-11 17:33:07,216 [INFO] IPUIPlugin:80 - create IPUIPlugin
2025-08-11 17:33:07,216 [INFO] IPUIPlugin:80 - create IPUIPlugin
2025-08-11 17:33:07,217 [INFO] IPUIPlugin:80 - create IPUIPlugin
2025-08-11 17:33:07,217 [INFO] IPUIPlugin:80 - create IPUIPlugin
2025-08-11 17:33:07,218 [INFO] IPUIPlugin:80 - create IPUIPlugin
2025-08-11 17:33:07,218 [INFO] IPUIPlugin:80 - create IPUIPlugin
2025-08-11 17:33:07,219 [INFO] IPUIPlugin:80 - create IPUIPlugin
2025-08-11 17:33:07,219 [INFO] IPUIPlugin:80 - create IPUIPlugin
2025-08-11 17:33:07,220 [INFO] IPUIPlugin:80 - create IPUIPlugin
2025-08-11 17:33:07,221 [INFO] IPUIPlugin:80 - create IPUIPlugin
2025-08-11 17:33:07,221 [INFO] IPUIPlugin:80 - create IPUIPlugin
2025-08-11 17:33:07,222 [INFO] IPUIPlugin:80 - create IPUIPlugin
2025-08-11 17:33:07,222 [INFO] IPUIPlugin:80 - create IPUIPlugin
2025-08-11 17:33:07,223 [INFO] IPUIPlugin:80 - create IPUIPlugin
2025-08-11 17:33:07,224 [INFO] IPUIPlugin:80 - create IPUIPlugin
2025-08-11 17:33:07,224 [INFO] IPUIPlugin:80 - create IPUIPlugin
2025-08-11 17:33:07,225 [INFO] IPUIPlugin:80 - create IPUIPlugin
2025-08-11 17:33:07,225 [INFO] IPUIPlugin:80 - create IPUIPlugin
2025-08-11 17:33:07,226 [INFO] IPUIPlugin:80 - create IPUIPlugin
2025-08-11 17:33:07,227 [INFO] IPUIPlugin:80 - create IPUIPlugin
2025-08-11 17:33:07,227 [INFO] IPUIPlugin:80 - create IPUIPlugin
2025-08-11 17:33:07,228 [INFO] IPUIPlugin:80 - create IPUIPlugin
2025-08-11 17:33:07,229 [INFO] IPUIPlugin:80 - create IPUIPlugin
2025-08-11 17:33:07,230 [INFO] IPUIPlugin:80 - create IPUIPlugin
2025-08-11 17:33:07,231 [INFO] IPUIPlugin:80 - create IPUIPlugin
2025-08-11 17:33:07,232 [INFO] IPUIPlugin:80 - create IPUIPlugin
2025-08-11 17:33:07,232 [INFO] IPUIPlugin:80 - create IPUIPlugin
2025-08-11 17:33:07,233 [INFO] IPUIPlugin:80 - create IPUIPlugin
2025-08-11 17:33:07,875 [INFO] ApiDbMcu:508 - Load IP Config File for PDM2PCM
2025-08-11 17:33:08,725 [INFO] CADModel:165 - CPN selected for project levelSTM32F446RET6
2025-08-11 17:33:08,725 [INFO] CADModel:114 - Register for checkConnection events
2025-08-11 17:33:08,771 [INFO] OpenFileManager:385 - Restore cursor
2025-08-11 17:33:09,643 [INFO] UtilMem:75 - End SaveConfig() Used Memory: 751306752 Bytes (1000341504)
2025-08-11 17:33:09,780 [INFO] UtilMem:75 - End SaveConfig() Used Memory: 785383424 Bytes (1000341504)
2025-08-11 17:33:10,929 [INFO] BlockDiagram:2775 - set Specific Code input for plugin: SYS
2025-08-11 17:33:10,929 [INFO] BlockDiagram:2775 - set Specific Code input for plugin: RCC
2025-08-11 17:33:10,929 [INFO] BlockDiagram:2775 - set Specific Code input for plugin: NVIC
2025-08-11 17:33:10,929 [INFO] BlockDiagram:2775 - set Specific Code input for plugin: USART
2025-08-11 17:33:10,930 [INFO] BlockDiagram:2775 - set Specific Code input for plugin: GPIO
2025-08-11 17:33:10,931 [INFO] CodeGenerator:882 - code generatio: config db path: /opt/st/stm32cubeide_1.18.1/plugins/com.st.stm32cube.common.mx_6.14.1.202504091515//db/
2025-08-11 17:33:12,394 [INFO] CodeEngine:263 - oldGeneratedFile, /home/nova/STM32CubeIDE/workspace_1.18.1/hello/MXTmpFiles/license.tmp_save
2025-08-11 17:33:13,316 [INFO] CodeEngine:287 - Generated code: /home/nova/STM32CubeIDE/workspace_1.18.1/hello/MXTmpFiles/license.tmp
2025-08-11 17:33:13,474 [INFO] CodeEngine:263 - oldGeneratedFile, /home/nova/STM32CubeIDE/workspace_1.18.1/hello/MXTmpFiles/gpio.tmp_save
2025-08-11 17:33:13,729 [INFO] CodeEngine:287 - Generated code: /home/nova/STM32CubeIDE/workspace_1.18.1/hello/MXTmpFiles/gpio.tmp
2025-08-11 17:33:14,221 [INFO] CodeEngine:263 - oldGeneratedFile, /home/nova/STM32CubeIDE/workspace_1.18.1/hello/Core/Src/stm32f4xx_it.c_save
2025-08-11 17:33:14,451 [INFO] CodeEngine:287 - Generated code: /home/nova/STM32CubeIDE/workspace_1.18.1/hello/Core/Src/stm32f4xx_it.c
2025-08-11 17:33:14,454 [INFO] CodeEngine:263 - oldGeneratedFile, /home/nova/STM32CubeIDE/workspace_1.18.1/hello/Core/Inc/stm32f4xx_it.h_save
2025-08-11 17:33:14,611 [INFO] CodeEngine:287 - Generated code: /home/nova/STM32CubeIDE/workspace_1.18.1/hello/Core/Inc/stm32f4xx_it.h
2025-08-11 17:33:14,662 [INFO] CodeEngine:263 - oldGeneratedFile, /home/nova/STM32CubeIDE/workspace_1.18.1/hello/Core/Src/stm32f4xx_hal_msp.c_save
2025-08-11 17:33:14,943 [INFO] CodeEngine:287 - Generated code: /home/nova/STM32CubeIDE/workspace_1.18.1/hello/Core/Src/stm32f4xx_hal_msp.c
2025-08-11 17:33:14,947 [INFO] CodeEngine:263 - oldGeneratedFile, /home/nova/STM32CubeIDE/workspace_1.18.1/hello/MXTmpFiles/system.tmp_save
2025-08-11 17:33:15,056 [INFO] CodeEngine:287 - Generated code: /home/nova/STM32CubeIDE/workspace_1.18.1/hello/MXTmpFiles/system.tmp
2025-08-11 17:33:15,062 [INFO] CodeEngine:319 - oldGeneratedFile, /home/nova/STM32CubeIDE/workspace_1.18.1/hello/Core/Inc/stm32f4xx_hal_conf.h_save
2025-08-11 17:33:15,211 [INFO] CodeEngine:343 - Generated code: /home/nova/STM32CubeIDE/workspace_1.18.1/hello/Core/Inc/stm32f4xx_hal_conf.h
2025-08-11 17:33:15,295 [WARN] IPConfigManager:3217 - Warning: the RefConfig PLL2P_FOR_MCO is not available in your config.xml file
2025-08-11 17:33:15,322 [INFO] ApiDbMcu:508 - Load IP Config File for USART2
2025-08-11 17:33:15,342 [INFO] ApiDbMcu:508 - Load IP Config File for RCC
2025-08-11 17:33:15,352 [INFO] CodeEngine:263 - oldGeneratedFile, /home/nova/STM32CubeIDE/workspace_1.18.1/hello/Core/Inc/main.h_save
2025-08-11 17:33:15,544 [INFO] CodeEngine:287 - Generated code: /home/nova/STM32CubeIDE/workspace_1.18.1/hello/Core/Inc/main.h
2025-08-11 17:33:15,550 [INFO] CodeEngine:263 - oldGeneratedFile, /home/nova/STM32CubeIDE/workspace_1.18.1/hello/Core/Src/main.c_save
2025-08-11 17:33:15,816 [INFO] CodeEngine:287 - Generated code: /home/nova/STM32CubeIDE/workspace_1.18.1/hello/Core/Src/main.c
2025-08-11 17:33:19,388 [INFO] ProjectBuilder:3324 - Time for Copy HAL[1] : 1450mS.
2025-08-11 17:33:19,400 [INFO] ProjectBuilder:4912 - Project Generator version: 4.6.0.1-B1
2025-08-11 17:33:19,649 [INFO] ConfigFileManager:1590 - The Die is : DIE421
2025-08-11 17:33:19,672 [INFO] ApiDbMcu:508 - Load IP Config File for FATFS
2025-08-11 17:33:19,762 [INFO] ApiDbMcu:508 - Load IP Config File for FREERTOS
2025-08-11 17:33:19,785 [INFO] ApiDbMcu:508 - Load IP Config File for LIBJPEG
2025-08-11 17:33:19,871 [INFO] ApiDbMcu:508 - Load IP Config File for MBEDTLS
2025-08-11 17:33:19,984 [INFO] ApiDbMcu:508 - Load IP Config File for USB_DEVICE
2025-08-11 17:33:20,008 [INFO] ApiDbMcu:508 - Load IP Config File for USB_HOST
2025-08-11 17:33:20,852 [INFO] LogOutputStream:77 - [STDOUT_REDIRECT] 
2025-08-11 17:33:30,167 [INFO] ProjectBuilder:5191 - Time for Generating toolchain IDE Files: 10767mS.
2025-08-11 17:33:30,170 [INFO] ProjectBuilder:3181 - Time for Copy CMSIS : 0mS.
2025-08-11 17:33:30,171 [INFO] ProjectBuilder:3181 - Time for Copy CMSIS : 0mS.
2025-08-11 17:33:32,575 [INFO] McuFinderGlobals:76 - Set McuFinderConnectedMode to true
2025-08-11 17:33:32,580 [INFO] ApiDb:448 - Save user favorites file /home/nova/.stm32cubeide/favorites.mcus.txt: 1 item(s)
2025-08-11 17:33:32,580 [INFO] ApiDb:452 - User favorites MCUs=[STM32F446RET6]
2025-08-11 17:33:32,595 [INFO] ApiDb:448 - Save user favorites file /home/nova/.stm32cubeide/favorites.boards.txt: 0 item(s)
2025-08-11 17:33:32,595 [INFO] ApiDb:452 - User favorites Boards=[]
2025-08-11 17:33:57,356 [INFO] MainUpdater:2872 - connection check result : 10
2025-08-11 17:33:57,356 [INFO] MainUpdater:2872 - connection check result : 10
2025-08-11 17:33:58,258 [INFO] MicroXplorer:468 - Change Database Path : 
2025-08-11 17:33:58,259 [INFO] MicroXplorer:498 - Change Database Version : DB.6.0.141
2025-08-11 17:33:58,280 [ERROR] ProjectManagerView:395 - 
java.lang.NullPointerException: Cannot invoke "javax.swing.JTextField.getText()" because the return value of "java.util.List.get(int)" is null
	at com.st.microxplorer.plugins.projectmanager.gui.ProjectChoiceTab$9.caretUpdate(ProjectChoiceTab.java:2678) ~[filemanager.jar:?]
	at javax.swing.text.JTextComponent.fireCaretUpdate(JTextComponent.java:408) ~[?:?]
	at javax.swing.text.JTextComponent$MutableCaretEvent.fire(JTextComponent.java:4484) ~[?:?]
	at javax.swing.text.JTextComponent$MutableCaretEvent.stateChanged(JTextComponent.java:4506) ~[?:?]
	at javax.swing.text.DefaultCaret.fireStateChanged(DefaultCaret.java:857) ~[?:?]
	at javax.swing.text.DefaultCaret.changeCaretPosition(DefaultCaret.java:1343) ~[?:?]
	at javax.swing.text.DefaultCaret.handleSetDot(DefaultCaret.java:1242) ~[?:?]
	at javax.swing.text.DefaultCaret.setDot(DefaultCaret.java:1223) ~[?:?]
	at javax.swing.text.DefaultCaret$Handler.insertUpdate(DefaultCaret.java:1819) ~[?:?]
	at javax.swing.text.AbstractDocument.fireInsertUpdate(AbstractDocument.java:227) ~[?:?]
	at javax.swing.text.AbstractDocument.handleInsertString(AbstractDocument.java:781) ~[?:?]
	at javax.swing.text.AbstractDocument.insertString(AbstractDocument.java:740) ~[?:?]
	at javax.swing.text.PlainDocument.insertString(PlainDocument.java:131) ~[?:?]
	at javax.swing.text.AbstractDocument.replace(AbstractDocument.java:699) ~[?:?]
	at javax.swing.text.JTextComponent.setText(JTextComponent.java:1725) ~[?:?]
	at com.st.microxplorer.plugins.projectmanager.gui.ProjectChoiceTab.createHeapStackFields(ProjectChoiceTab.java:979) ~[filemanager.jar:?]
	at com.st.microxplorer.plugins.projectmanager.gui.ProjectChoiceTab.buildLinkSettingsPanel(ProjectChoiceTab.java:3766) ~[filemanager.jar:?]
	at com.st.microxplorer.plugins.projectmanager.gui.ProjectChoiceTab.defineWindowsFields(ProjectChoiceTab.java:1962) ~[filemanager.jar:?]
	at com.st.microxplorer.plugins.projectmanager.gui.ProjectChoiceTab.updateSettings(ProjectChoiceTab.java:555) ~[filemanager.jar:?]
	at com.st.microxplorer.plugins.projectmanager.gui.ProjectSettingsPanel.UpdateDialog(ProjectSettingsPanel.java:245) ~[filemanager.jar:?]
	at com.st.microxplorer.plugins.projectmanager.ProjectManagerView.propertyChange(ProjectManagerView.java:392) ~[filemanager.jar:?]
	at java.beans.PropertyChangeSupport.fire(PropertyChangeSupport.java:343) ~[?:?]
	at java.beans.PropertyChangeSupport.firePropertyChange(PropertyChangeSupport.java:335) ~[?:?]
	at java.beans.PropertyChangeSupport.firePropertyChange(PropertyChangeSupport.java:268) ~[?:?]
	at com.st.microxplorer.util.MXPropertyChangeSupport.firePropertyChange(MXPropertyChangeSupport.java:54) ~[STM32CubeMX.jar:?]
	at com.st.microxplorer.mxsystem.MxSystem.closeConfig(MxSystem.java:899) ~[STM32CubeMX.jar:?]
	at com.st.microxplorer.maingui.MainPanel.closeConfig(MainPanel.java:789) ~[STM32CubeMX.jar:?]
	at com.st.microxplorer.plugins.filemanager.engine.OpenFileManager.loadConfigurationFile(OpenFileManager.java:287) ~[filemanager.jar:?]
	at com.st.microxplorer.plugins.filemanager.engine.MainFileManager.userLoadConfig(MainFileManager.java:341) ~[filemanager.jar:?]
	at com.st.microxplorer.plugins.filemanager.engine.MainFileManager.userLoadConfig(MainFileManager.java:319) ~[filemanager.jar:?]
	at com.st.microxplorer.plugins.filemanager.FileManagerView.getSpecificTask(FileManagerView.java:246) ~[filemanager.jar:?]
	at com.st.stm32cube.common.mx.editor.CubeMxEditor.getMxTabbedPaneInstance(CubeMxEditor.java:1198) ~[com.st.stm32cube.common.mx_6.14.1.202504091515/:?]
	at com.st.stm32cube.common.mx.editor.CubeMxEditor$12$1.createSwingComponent(CubeMxEditor.java:1068) ~[com.st.stm32cube.common.mx_6.14.1.202504091515/:?]
	at com.st.stm32cube.common.mx.oss.core.awtswtbridge.EmbeddedSwingComposite.doComponentCreation(EmbeddedSwingComposite.java:492) ~[com.st.stm32cube.common.mx.oss_6.14.1.202504091515/:?]
	at com.st.stm32cube.common.mx.oss.core.awtswtbridge.EmbeddedSwingComposite$4.run(EmbeddedSwingComposite.java:291) ~[com.st.stm32cube.common.mx.oss_6.14.1.202504091515/:?]
	at com.st.stm32cube.common.mx.oss.core.awtswtbridge.AwtEnvironment$2.run(AwtEnvironment.java:166) ~[com.st.stm32cube.common.mx.oss_6.14.1.202504091515/:?]
	at java.awt.event.InvocationEvent.dispatch(InvocationEvent.java:318) ~[?:?]
	at java.awt.EventQueue.dispatchEventImpl(EventQueue.java:773) ~[?:?]
	at java.awt.EventQueue$4.run(EventQueue.java:720) ~[?:?]
	at java.awt.EventQueue$4.run(EventQueue.java:714) ~[?:?]
	at java.security.AccessController.doPrivileged(AccessController.java:400) ~[?:?]
	at java.security.ProtectionDomain$JavaSecurityAccessImpl.doIntersectionPrivilege(ProtectionDomain.java:87) ~[?:?]
	at java.awt.EventQueue.dispatchEvent(EventQueue.java:742) ~[?:?]
	at java.awt.EventDispatchThread.pumpOneEventForFilters(EventDispatchThread.java:203) ~[?:?]
	at java.awt.EventDispatchThread.pumpEventsForFilter(EventDispatchThread.java:124) ~[?:?]
	at java.awt.EventDispatchThread.pumpEventsForHierarchy(EventDispatchThread.java:113) ~[?:?]
	at java.awt.EventDispatchThread.pumpEvents(EventDispatchThread.java:109) ~[?:?]
	at java.awt.EventDispatchThread.pumpEvents(EventDispatchThread.java:101) ~[?:?]
	at java.awt.EventDispatchThread.run(EventDispatchThread.java:90) ~[?:?]
2025-08-11 17:33:58,425 [WARN] ThirdParty:871 - waiting for thirdparty lock release [close project]
2025-08-11 17:33:58,425 [INFO] ThirdParty:873 - entering critical section [close project]
2025-08-11 17:33:58,425 [INFO] ThirdParty:883 - exiting critical section [close project]
2025-08-11 17:33:58,428 [INFO] PinOutPanel:1589 - setPackage(No Configuration,No Configuration)
2025-08-11 17:33:58,768 [WARN] IpParametersView:155 - Warning: This peripheral hasn't parameters
2025-08-11 17:33:58,800 [WARN] MainPanel:289 - <html><b><center>Warning: This peripheral has no parameters to be configured<br></b></html>
2025-08-11 17:33:58,831 [INFO] UtilMem:75 - Begin LoadConfig() Used Memory: 991342512 Bytes (1073741824)
2025-08-11 17:33:58,833 [INFO] MicroXplorer:468 - Change Database Path : 
2025-08-11 17:33:58,833 [INFO] MicroXplorer:498 - Change Database Version : DB.6.0.141
2025-08-11 17:33:58,833 [INFO] OpenFileManager:354 - Change cursor
2025-08-11 17:33:58,860 [INFO] RulesReader:64 - Compatibility file has been processed (302 Rules)
2025-08-11 17:33:58,865 [INFO] Mcu:2011 - Initializing MCU STM32F446R(C-E)Tx STM32F446RETx STM32F446RET6
2025-08-11 17:34:02,152 [INFO] Context:756 - Trying to add GPIOservice into a context  which must be forbidden
2025-08-11 17:34:02,686 [INFO] ImportTextPane:218 - (OptionalMessage_ERROR) Pin12 (VP_RIF_VS_RIF1) cannot be retrieved for this MCU
2025-08-11 17:34:02,728 [INFO] RtosManager:558 - Registered RTOS mode: class=CMSIS, group=RTOS, mode=CMSIS_V1, owner=FREERTOS
2025-08-11 17:34:02,728 [INFO] RtosManager:558 - Registered RTOS mode: class=CMSIS, group=RTOS2, mode=CMSIS_V2, owner=FREERTOS
2025-08-11 17:34:02,728 [INFO] RtosManager:558 - Registered RTOS mode: class=RTOS, group=Core, mode=CMSIS_V1, owner=FREERTOS
2025-08-11 17:34:02,728 [INFO] RtosManager:558 - Registered RTOS mode: class=RTOS, group=Core, mode=CMSIS_V2, owner=FREERTOS
2025-08-11 17:34:02,728 [WARN] ModelIntegratedComponent:184 - Missing modes for component STMicroelectronics:FreeRTOS:0.0.1:STMicroelectronics:RTOS:FreeRTOS:Core:::10.2.0:
2025-08-11 17:34:02,737 [WARN] ModelIntegratedComponent:63 - No mode defined for component null
2025-08-11 17:34:02,737 [WARN] ModelIntegratedComponent:63 - No mode defined for component null
2025-08-11 17:34:02,737 [WARN] ModelIntegratedComponent:63 - No mode defined for component null
2025-08-11 17:34:02,737 [WARN] ModelIntegratedComponent:63 - No mode defined for component null
2025-08-11 17:34:02,737 [WARN] ModelIntegratedComponent:63 - No mode defined for component null
2025-08-11 17:34:02,737 [WARN] ModelIntegratedComponent:63 - No mode defined for component null
2025-08-11 17:34:02,737 [WARN] ModelIntegratedComponent:63 - No mode defined for component null
2025-08-11 17:34:02,737 [WARN] ModelIntegratedComponent:63 - No mode defined for component null
2025-08-11 17:34:02,737 [WARN] ModelIntegratedComponent:63 - No mode defined for component null
2025-08-11 17:34:02,737 [WARN] ModelIntegratedComponent:63 - No mode defined for component null
2025-08-11 17:34:02,737 [WARN] ModelIntegratedComponent:63 - No mode defined for component null
2025-08-11 17:34:02,737 [WARN] ModelIntegratedComponent:63 - No mode defined for component null
2025-08-11 17:34:02,737 [WARN] ModelIntegratedComponent:63 - No mode defined for component null
2025-08-11 17:34:02,738 [WARN] ModelIntegratedComponent:63 - No mode defined for component null
2025-08-11 17:34:02,738 [WARN] ModelIntegratedComponent:63 - No mode defined for component null
2025-08-11 17:34:02,738 [WARN] ModelIntegratedComponent:63 - No mode defined for component null
2025-08-11 17:34:02,738 [WARN] ModelIntegratedComponent:63 - No mode defined for component null
2025-08-11 17:34:02,738 [WARN] ModelIntegratedComponent:63 - No mode defined for component null
2025-08-11 17:34:02,738 [WARN] ModelIntegratedComponent:63 - No mode defined for component null
2025-08-11 17:34:02,738 [WARN] ModelIntegratedComponent:63 - No mode defined for component null
2025-08-11 17:34:02,738 [WARN] ModelIntegratedComponent:63 - No mode defined for component null
2025-08-11 17:34:02,738 [WARN] ModelIntegratedComponent:63 - No mode defined for component null
2025-08-11 17:34:02,738 [WARN] ModelIntegratedComponent:63 - No mode defined for component null
2025-08-11 17:34:02,738 [WARN] ModelIntegratedComponent:63 - No mode defined for component null
2025-08-11 17:34:02,738 [WARN] ModelIntegratedComponent:63 - No mode defined for component null
2025-08-11 17:34:02,738 [WARN] ModelIntegratedComponent:63 - No mode defined for component null
2025-08-11 17:34:02,738 [WARN] ModelIntegratedComponent:63 - No mode defined for component null
2025-08-11 17:34:02,738 [WARN] ModelIntegratedComponent:63 - No mode defined for component null
2025-08-11 17:34:02,738 [WARN] ModelIntegratedComponent:63 - No mode defined for component null
2025-08-11 17:34:02,738 [WARN] ModelIntegratedComponent:63 - No mode defined for component null
2025-08-11 17:34:02,738 [WARN] ModelIntegratedComponent:63 - No mode defined for component null
2025-08-11 17:34:02,738 [WARN] ModelIntegratedComponent:63 - No mode defined for component null
2025-08-11 17:34:02,738 [WARN] ModelIntegratedComponent:63 - No mode defined for component null
2025-08-11 17:34:02,738 [WARN] ModelIntegratedComponent:63 - No mode defined for component null
2025-08-11 17:34:02,738 [WARN] ModelIntegratedComponent:63 - No mode defined for component null
2025-08-11 17:34:02,739 [WARN] ModelPack:524 - Component already loaded: STMicroelectronics:HAL Drivers:0.0.0:STMicroelectronics:Device:STMicro_Driver:XSPI:HAL::0.0.1:HAL_XSPI
2025-08-11 17:34:02,756 [INFO] ThirdPartyModel:298 - Start build external matchings
2025-08-11 17:34:02,944 [INFO] ThirdPartyModel:316 - End build external matchings
2025-08-11 17:34:02,951 [INFO] ImportTextPane:218 - (OptionalMessage_ERROR) IP (RCC) : Invalid parameter (48MHZClocksFreq_Value)
2025-08-11 17:34:02,951 [INFO] ImportTextPane:218 - (OptionalMessage_ERROR) IP (RCC) : Invalid parameter (EthernetFreq_Value)
2025-08-11 17:34:02,952 [INFO] ImportTextPane:218 - (OptionalMessage_ERROR) IP (RCC) : Parameter (FLatency) has Id (AdvancedSettings) currently not set
2025-08-11 17:34:02,952 [INFO] ImportTextPane:218 - (OptionalMessage_ERROR) IP (RCC) : Invalid parameter (FamilyName)
2025-08-11 17:34:02,953 [INFO] ImportTextPane:218 - (OptionalMessage_ERROR) IP (RCC) : Invalid parameter (I2SClocksFreq_Value)
2025-08-11 17:34:02,954 [INFO] ImportTextPane:218 - (OptionalMessage_ERROR) IP (RCC) : Parameter (SDIOFreq_Value) has invalid value (168000000)
2025-08-11 17:34:02,954 [INFO] ImportTextPane:218 - (OptionalMessage_ERROR) IP (RCC) : Parameter (USBFreq_Value) has invalid value (168000000)
2025-08-11 17:34:02,955 [INFO] ImportTextPane:218 - (OptionalMessage_ERROR) IP (RCC) : Invalid parameter (VCOInputMFreq_Value)
2025-08-11 17:34:02,955 [INFO] ImportTextPane:218 - (OptionalMessage_ERROR) IP (RCC) : Invalid parameter (VcooutputI2S)
2025-08-11 17:34:03,286 [INFO] UtilMem:75 - End LoadConfig() Used Memory: 720860592 Bytes (1073741824)
2025-08-11 17:34:03,308 [WARN] ThirdParty:833 - waiting for thirdparty lock release [change project]
2025-08-11 17:34:03,308 [INFO] ThirdParty:835 - entering critical section [change project]
2025-08-11 17:34:03,309 [INFO] ThirdParty:1030 - CMSIS Pack Vendor :STMicroelectronics USBPD 4.1
2025-08-11 17:34:03,310 [INFO] ThirdParty:1030 - CMSIS Pack Vendor :STMicroelectronics X-CUBE-NFC9 1.0.0
2025-08-11 17:34:03,310 [INFO] ThirdParty:1030 - CMSIS Pack Vendor :STMicroelectronics USB_HOST 2.0.0
2025-08-11 17:34:03,310 [INFO] ThirdParty:1030 - CMSIS Pack Vendor :STMicroelectronics FP-SNS-MOTENVWB1 1.4.0
2025-08-11 17:34:03,310 [INFO] ThirdParty:1030 - CMSIS Pack Vendor :STMicroelectronics X-CUBE-AZRTOS-F4 1.1.0
2025-08-11 17:34:03,310 [INFO] ThirdParty:1030 - CMSIS Pack Vendor :STMicroelectronics LIBJPEG 8.0.0
2025-08-11 17:34:03,310 [INFO] ThirdParty:1030 - CMSIS Pack Vendor :STMicroelectronics X-CUBE-SMBUS 2.1.0
2025-08-11 17:34:03,310 [INFO] ThirdParty:1030 - CMSIS Pack Vendor :STMicroelectronics USB_DEVICE 3.0.0
2025-08-11 17:34:03,310 [INFO] ThirdParty:1030 - CMSIS Pack Vendor :STMicroelectronics X-CUBE-ISPU 2.1.0
2025-08-11 17:34:03,310 [INFO] ThirdParty:1030 - CMSIS Pack Vendor :STMicroelectronics X-CUBE-AZRTOS-WB 2.0.0
2025-08-11 17:34:03,310 [INFO] ThirdParty:1030 - CMSIS Pack Vendor :STMicroelectronics X-CUBE-GNSS1 7.0.1
2025-08-11 17:34:03,310 [INFO] ThirdParty:1030 - CMSIS Pack Vendor :STMicroelectronics X-CUBE-AZRTOS-F7 1.1.0
2025-08-11 17:34:03,310 [INFO] ThirdParty:1030 - CMSIS Pack Vendor :STMicroelectronics X-CUBE-AZRTOS-L5 2.0.0
2025-08-11 17:34:03,310 [INFO] ThirdParty:1030 - CMSIS Pack Vendor :STMicroelectronics USB_DEVICE 2.0.0
2025-08-11 17:34:03,310 [INFO] ThirdParty:1030 - CMSIS Pack Vendor :STMicroelectronics X-CUBE-NFC6 3.1.0
2025-08-11 17:34:03,310 [INFO] ThirdParty:1030 - CMSIS Pack Vendor :STMicroelectronics FP-SNS-STBOX1 2.0.0
2025-08-11 17:34:03,310 [INFO] ThirdParty:1030 - CMSIS Pack Vendor :STMicroelectronics FreeRTOS 0.0.1
2025-08-11 17:34:03,310 [INFO] ThirdParty:1030 - CMSIS Pack Vendor :STMicroelectronics X-CUBE-AZRTOS-G0 1.1.0
2025-08-11 17:34:03,310 [INFO] ThirdParty:1030 - CMSIS Pack Vendor :STMicroelectronics X-CUBE-SAFEA1 1.2.2
2025-08-11 17:34:03,310 [INFO] ThirdParty:1030 - CMSIS Pack Vendor :STMicroelectronics X-CUBE-NFC4 3.0.0
2025-08-11 17:34:03,310 [INFO] ThirdParty:1030 - CMSIS Pack Vendor :STMicroelectronics X-CUBE-SUBG2 5.0.0
2025-08-11 17:34:03,310 [INFO] ThirdParty:1030 - CMSIS Pack Vendor :STMicroelectronics STM32_WPAN 1.0.0
2025-08-11 17:34:03,310 [INFO] ThirdParty:1030 - CMSIS Pack Vendor :STMicroelectronics lwIP 2.0.3
2025-08-11 17:34:03,310 [INFO] ThirdParty:1030 - CMSIS Pack Vendor :STMicroelectronics USB_HOST 1.0.0
2025-08-11 17:34:03,310 [INFO] ThirdParty:1030 - CMSIS Pack Vendor :STMicroelectronics X-CUBE-AZRTOS-G4 2.0.0
2025-08-11 17:34:03,310 [INFO] ThirdParty:1030 - CMSIS Pack Vendor :STMicroelectronics PDM2PCM 3.1.0
2025-08-11 17:34:03,310 [INFO] ThirdParty:1030 - CMSIS Pack Vendor :STMicroelectronics PDM2PCM 3.3.0
2025-08-11 17:34:03,310 [INFO] ThirdParty:1030 - CMSIS Pack Vendor :STMicroelectronics X-CUBE-DISPLAY 3.0.0
2025-08-11 17:34:03,310 [INFO] ThirdParty:1030 - CMSIS Pack Vendor :STMicroelectronics X-CUBE-TCPP 4.2.0
2025-08-11 17:34:03,310 [INFO] ThirdParty:1030 - CMSIS Pack Vendor :RealThread X-CUBE-RT-Thread_Nano 4.1.1
2025-08-11 17:34:03,310 [INFO] ThirdParty:1030 - CMSIS Pack Vendor :STMicroelectronics FP-ATR-SIGFOX1 3.2.0
2025-08-11 17:34:03,311 [INFO] ThirdParty:1030 - CMSIS Pack Vendor :STMicroelectronics X-CUBE-NFC10 1.0.0
2025-08-11 17:34:03,311 [INFO] ThirdParty:1030 - CMSIS Pack Vendor :STMicroelectronics HAL Drivers 0.0.0
2025-08-11 17:34:03,311 [INFO] ThirdParty:1030 - CMSIS Pack Vendor :STMicroelectronics MBEDTLS 2.16.2
2025-08-11 17:34:03,311 [INFO] ThirdParty:1030 - CMSIS Pack Vendor :STMicroelectronics X-CUBE-IPS 3.1.0
2025-08-11 17:34:03,311 [INFO] ThirdParty:1030 - CMSIS Pack Vendor :STMicroelectronics X-CUBE-ALS 1.0.2
2025-08-11 17:34:03,311 [INFO] ThirdParty:1030 - CMSIS Pack Vendor :STMicroelectronics MBEDTLS 2.14.1
2025-08-11 17:34:03,311 [INFO] ThirdParty:1030 - CMSIS Pack Vendor :portGmbH I-Cube-SoM-uGOAL 1.1.0
2025-08-11 17:34:03,311 [INFO] ThirdParty:1030 - CMSIS Pack Vendor :STMicroelectronics ThreadX 1.0.0
2025-08-11 17:34:03,311 [INFO] ThirdParty:1030 - CMSIS Pack Vendor :STMicroelectronics FP-SNS-SMARTAG2 1.2.0
2025-08-11 17:34:03,311 [INFO] ThirdParty:1030 - CMSIS Pack Vendor :STMicroelectronics X-CUBE-AZRTOS-WL 2.0.0
2025-08-11 17:34:03,311 [INFO] ThirdParty:1030 - CMSIS Pack Vendor :SEGGER I-CUBE-embOS 1.3.1
2025-08-11 17:34:03,311 [INFO] ThirdParty:1030 - CMSIS Pack Vendor :STMicroelectronics X-CUBE-ALGOBUILD 1.4.0
2025-08-11 17:34:03,311 [INFO] ThirdParty:1030 - CMSIS Pack Vendor :STMicroelectronics FP-SNS-MOTENV1 5.0.0
2025-08-11 17:34:03,311 [INFO] ThirdParty:1030 - CMSIS Pack Vendor :STMicroelectronics USB_DEVICE 1.0.0
2025-08-11 17:34:03,311 [INFO] ThirdParty:1030 - CMSIS Pack Vendor :STMicroelectronics X-CUBE-AZRTOS-L4 2.0.0
2025-08-11 17:34:03,311 [INFO] ThirdParty:1030 - CMSIS Pack Vendor :STMicroelectronics ThreadX 0.0.2
2025-08-11 17:34:03,311 [INFO] ThirdParty:1030 - CMSIS Pack Vendor :STMicroelectronics lwIP 2.1.2
2025-08-11 17:34:03,311 [INFO] ThirdParty:1030 - CMSIS Pack Vendor :STMicroelectronics X-CUBE-SFXS2LP1 4.0.0
2025-08-11 17:34:03,311 [INFO] ThirdParty:1030 - CMSIS Pack Vendor :STMicroelectronics X-CUBE-BLE2 3.3.0
2025-08-11 17:34:03,311 [INFO] ThirdParty:1030 - CMSIS Pack Vendor :STMicroelectronics PDM2PCM 3.2.0
2025-08-11 17:34:03,312 [INFO] ThirdParty:841 - exiting critical section [change project]
2025-08-11 17:34:03,855 [INFO] PinOutPanel:1589 - setPackage(No Configuration,No Configuration)
2025-08-11 17:34:03,856 [INFO] PinOutPanel:1589 - setPackage(STM32F446RETx,LQFP64)
2025-08-11 17:34:04,481 [INFO] UtilMem:75 - Before build in PCC Used Memory: 975669648 Bytes (1073741824)
2025-08-11 17:34:04,811 [INFO] UtilMem:75 - After build in PCC Used Memory: 520001888 Bytes (1073741824)
2025-08-11 17:34:04,845 [INFO] IPUIPlugin:80 - create IPUIPlugin
2025-08-11 17:34:04,845 [INFO] IPUIPlugin:80 - create IPUIPlugin
2025-08-11 17:34:04,845 [INFO] IPUIPlugin:80 - create IPUIPlugin
2025-08-11 17:34:04,845 [INFO] IPUIPlugin:80 - create IPUIPlugin
2025-08-11 17:34:04,845 [INFO] IPUIPlugin:80 - create IPUIPlugin
2025-08-11 17:34:04,846 [INFO] IPUIPlugin:80 - create IPUIPlugin
2025-08-11 17:34:04,846 [INFO] IPUIPlugin:80 - create IPUIPlugin
2025-08-11 17:34:04,846 [INFO] IPUIPlugin:80 - create IPUIPlugin
2025-08-11 17:34:04,846 [INFO] IPUIPlugin:80 - create IPUIPlugin
2025-08-11 17:34:04,846 [INFO] IPUIPlugin:80 - create IPUIPlugin
2025-08-11 17:34:04,847 [INFO] IPUIPlugin:80 - create IPUIPlugin
2025-08-11 17:34:04,847 [INFO] IPUIPlugin:80 - create IPUIPlugin
2025-08-11 17:34:04,847 [INFO] IPUIPlugin:80 - create IPUIPlugin
2025-08-11 17:34:04,848 [INFO] IPUIPlugin:80 - create IPUIPlugin
2025-08-11 17:34:04,848 [INFO] IPUIPlugin:80 - create IPUIPlugin
2025-08-11 17:34:04,848 [INFO] IPUIPlugin:80 - create IPUIPlugin
2025-08-11 17:34:04,848 [INFO] IPUIPlugin:80 - create IPUIPlugin
2025-08-11 17:34:04,848 [INFO] IPUIPlugin:80 - create IPUIPlugin
2025-08-11 17:34:04,849 [INFO] IPUIPlugin:80 - create IPUIPlugin
2025-08-11 17:34:04,849 [INFO] IPUIPlugin:80 - create IPUIPlugin
2025-08-11 17:34:04,850 [INFO] IPUIPlugin:80 - create IPUIPlugin
2025-08-11 17:34:04,850 [INFO] IPUIPlugin:80 - create IPUIPlugin
2025-08-11 17:34:04,851 [INFO] IPUIPlugin:80 - create IPUIPlugin
2025-08-11 17:34:04,851 [INFO] IPUIPlugin:80 - create IPUIPlugin
2025-08-11 17:34:04,851 [INFO] IPUIPlugin:80 - create IPUIPlugin
2025-08-11 17:34:04,851 [INFO] IPUIPlugin:80 - create IPUIPlugin
2025-08-11 17:34:04,852 [INFO] IPUIPlugin:80 - create IPUIPlugin
2025-08-11 17:34:04,852 [INFO] IPUIPlugin:80 - create IPUIPlugin
2025-08-11 17:34:04,853 [INFO] IPUIPlugin:80 - create IPUIPlugin
2025-08-11 17:34:04,853 [INFO] IPUIPlugin:80 - create IPUIPlugin
2025-08-11 17:34:04,854 [INFO] IPUIPlugin:80 - create IPUIPlugin
2025-08-11 17:34:04,854 [INFO] IPUIPlugin:80 - create IPUIPlugin
2025-08-11 17:34:04,855 [INFO] IPUIPlugin:80 - create IPUIPlugin
2025-08-11 17:34:04,855 [INFO] IPUIPlugin:80 - create IPUIPlugin
2025-08-11 17:34:04,856 [INFO] IPUIPlugin:80 - create IPUIPlugin
2025-08-11 17:34:04,856 [INFO] IPUIPlugin:80 - create IPUIPlugin
2025-08-11 17:34:04,856 [INFO] IPUIPlugin:80 - create IPUIPlugin
2025-08-11 17:34:04,857 [INFO] IPUIPlugin:80 - create IPUIPlugin
2025-08-11 17:34:04,857 [INFO] IPUIPlugin:80 - create IPUIPlugin
2025-08-11 17:34:04,857 [INFO] IPUIPlugin:80 - create IPUIPlugin
2025-08-11 17:34:04,857 [INFO] IPUIPlugin:80 - create IPUIPlugin
2025-08-11 17:34:04,858 [INFO] IPUIPlugin:80 - create IPUIPlugin
2025-08-11 17:34:04,858 [INFO] IPUIPlugin:80 - create IPUIPlugin
2025-08-11 17:34:04,858 [INFO] IPUIPlugin:80 - create IPUIPlugin
2025-08-11 17:34:04,859 [INFO] IPUIPlugin:80 - create IPUIPlugin
2025-08-11 17:34:04,859 [INFO] IPUIPlugin:80 - create IPUIPlugin
2025-08-11 17:34:04,859 [INFO] IPUIPlugin:80 - create IPUIPlugin
2025-08-11 17:34:04,860 [INFO] IPUIPlugin:80 - create IPUIPlugin
2025-08-11 17:34:04,860 [INFO] IPUIPlugin:80 - create IPUIPlugin
2025-08-11 17:34:04,860 [INFO] IPUIPlugin:80 - create IPUIPlugin
2025-08-11 17:34:04,860 [INFO] IPUIPlugin:80 - create IPUIPlugin
2025-08-11 17:34:04,861 [INFO] IPUIPlugin:80 - create IPUIPlugin
2025-08-11 17:34:04,861 [INFO] IPUIPlugin:80 - create IPUIPlugin
2025-08-11 17:34:04,861 [INFO] IPUIPlugin:80 - create IPUIPlugin
2025-08-11 17:34:04,862 [INFO] IPUIPlugin:80 - create IPUIPlugin
2025-08-11 17:34:04,862 [INFO] IPUIPlugin:80 - create IPUIPlugin
2025-08-11 17:34:04,863 [INFO] IPUIPlugin:80 - create IPUIPlugin
2025-08-11 17:34:04,863 [INFO] IPUIPlugin:80 - create IPUIPlugin
2025-08-11 17:34:04,864 [INFO] IPUIPlugin:80 - create IPUIPlugin
2025-08-11 17:34:04,864 [INFO] IPUIPlugin:80 - create IPUIPlugin
2025-08-11 17:34:04,867 [INFO] ApiDbMcu:508 - Load IP Config File for PDM2PCM
2025-08-11 17:34:04,961 [INFO] CADModel:165 - CPN selected for project levelSTM32F446RET6
2025-08-11 17:34:04,961 [INFO] CADModel:114 - Register for checkConnection events
2025-08-11 17:34:05,007 [INFO] OpenFileManager:385 - Restore cursor
2025-08-11 17:34:05,017 [INFO] ApiDb:581 - Connected to CubeFinder SQLite database (/home/nova/.stmcufinder/plugins/mcufinder/mcu/cube-finder-db.db)
2025-08-11 17:34:28,861 [INFO] UtilMem:75 - End SaveConfig() Used Memory: 682598968 Bytes (1073741824)
2025-08-11 17:34:32,073 [INFO] UtilMem:75 - End SaveConfig() Used Memory: 993326512 Bytes (1073741824)
2025-08-11 17:34:37,782 [INFO] UtilMem:75 - End SaveConfig() Used Memory: 696413728 Bytes (1073741824)
2025-08-11 17:34:38,071 [INFO] BlockDiagram:2775 - set Specific Code input for plugin: SYS
2025-08-11 17:34:38,071 [INFO] BlockDiagram:2775 - set Specific Code input for plugin: RCC
2025-08-11 17:34:38,071 [INFO] BlockDiagram:2775 - set Specific Code input for plugin: NVIC
2025-08-11 17:34:38,071 [INFO] BlockDiagram:2775 - set Specific Code input for plugin: USART
2025-08-11 17:34:38,072 [INFO] BlockDiagram:2775 - set Specific Code input for plugin: GPIO
2025-08-11 17:34:38,072 [INFO] CodeGenerator:882 - code generatio: config db path: /opt/st/stm32cubeide_1.18.1/plugins/com.st.stm32cube.common.mx_6.14.1.202504091515//db/
2025-08-11 17:34:38,350 [INFO] CodeEngine:263 - oldGeneratedFile, /home/nova/STM32CubeIDE/workspace_1.18.1/hello/MXTmpFiles/license.tmp_save
2025-08-11 17:34:38,597 [INFO] CodeEngine:287 - Generated code: /home/nova/STM32CubeIDE/workspace_1.18.1/hello/MXTmpFiles/license.tmp
2025-08-11 17:34:38,645 [INFO] CodeEngine:263 - oldGeneratedFile, /home/nova/STM32CubeIDE/workspace_1.18.1/hello/MXTmpFiles/gpio.tmp_save
2025-08-11 17:34:38,832 [INFO] CodeEngine:287 - Generated code: /home/nova/STM32CubeIDE/workspace_1.18.1/hello/MXTmpFiles/gpio.tmp
2025-08-11 17:34:38,944 [INFO] CodeEngine:263 - oldGeneratedFile, /home/nova/STM32CubeIDE/workspace_1.18.1/hello/Core/Src/stm32f4xx_it.c_save
2025-08-11 17:34:39,563 [INFO] CodeEngine:287 - Generated code: /home/nova/STM32CubeIDE/workspace_1.18.1/hello/Core/Src/stm32f4xx_it.c
2025-08-11 17:34:39,566 [INFO] CodeEngine:263 - oldGeneratedFile, /home/nova/STM32CubeIDE/workspace_1.18.1/hello/Core/Inc/stm32f4xx_it.h_save
2025-08-11 17:34:39,744 [INFO] CodeEngine:287 - Generated code: /home/nova/STM32CubeIDE/workspace_1.18.1/hello/Core/Inc/stm32f4xx_it.h
2025-08-11 17:34:39,753 [INFO] CodeEngine:263 - oldGeneratedFile, /home/nova/STM32CubeIDE/workspace_1.18.1/hello/Core/Src/stm32f4xx_hal_msp.c_save
2025-08-11 17:34:40,001 [INFO] CodeEngine:287 - Generated code: /home/nova/STM32CubeIDE/workspace_1.18.1/hello/Core/Src/stm32f4xx_hal_msp.c
2025-08-11 17:34:40,003 [INFO] CodeEngine:263 - oldGeneratedFile, /home/nova/STM32CubeIDE/workspace_1.18.1/hello/MXTmpFiles/system.tmp_save
2025-08-11 17:34:40,100 [INFO] CodeEngine:287 - Generated code: /home/nova/STM32CubeIDE/workspace_1.18.1/hello/MXTmpFiles/system.tmp
2025-08-11 17:34:40,106 [INFO] CodeEngine:319 - oldGeneratedFile, /home/nova/STM32CubeIDE/workspace_1.18.1/hello/Core/Inc/stm32f4xx_hal_conf.h_save
2025-08-11 17:34:40,229 [INFO] CodeEngine:343 - Generated code: /home/nova/STM32CubeIDE/workspace_1.18.1/hello/Core/Inc/stm32f4xx_hal_conf.h
2025-08-11 17:34:40,275 [WARN] IPConfigManager:3217 - Warning: the RefConfig PLL2P_FOR_MCO is not available in your config.xml file
2025-08-11 17:34:40,289 [INFO] ApiDbMcu:508 - Load IP Config File for USART2
2025-08-11 17:34:40,300 [INFO] ApiDbMcu:508 - Load IP Config File for RCC
2025-08-11 17:34:40,307 [INFO] CodeEngine:263 - oldGeneratedFile, /home/nova/STM32CubeIDE/workspace_1.18.1/hello/Core/Inc/main.h_save
2025-08-11 17:34:40,433 [INFO] CodeEngine:287 - Generated code: /home/nova/STM32CubeIDE/workspace_1.18.1/hello/Core/Inc/main.h
2025-08-11 17:34:40,435 [INFO] CodeEngine:263 - oldGeneratedFile, /home/nova/STM32CubeIDE/workspace_1.18.1/hello/Core/Src/main.c_save
2025-08-11 17:34:40,593 [INFO] CodeEngine:287 - Generated code: /home/nova/STM32CubeIDE/workspace_1.18.1/hello/Core/Src/main.c
2025-08-11 17:34:40,894 [INFO] ProjectBuilder:3324 - Time for Copy HAL[1] : 33mS.
2025-08-11 17:34:40,896 [INFO] ProjectBuilder:4912 - Project Generator version: 4.6.0.1-B1
2025-08-11 17:34:41,018 [INFO] ConfigFileManager:1590 - The Die is : DIE421
2025-08-11 17:34:41,031 [INFO] ApiDbMcu:508 - Load IP Config File for FATFS
2025-08-11 17:34:41,073 [INFO] ApiDbMcu:508 - Load IP Config File for FREERTOS
2025-08-11 17:34:41,079 [INFO] ApiDbMcu:508 - Load IP Config File for LIBJPEG
2025-08-11 17:34:41,142 [INFO] ApiDbMcu:508 - Load IP Config File for MBEDTLS
2025-08-11 17:34:41,200 [INFO] ApiDbMcu:508 - Load IP Config File for USB_DEVICE
2025-08-11 17:34:41,215 [INFO] ApiDbMcu:508 - Load IP Config File for USB_HOST
2025-08-11 17:34:42,563 [INFO] ProjectBuilder:5191 - Time for Generating toolchain IDE Files: 1667mS.
2025-08-11 17:34:42,563 [INFO] ProjectBuilder:3181 - Time for Copy CMSIS : 0mS.
2025-08-11 17:34:42,564 [INFO] ProjectBuilder:3181 - Time for Copy CMSIS : 0mS.
2025-08-11 17:34:57,033 [ERROR] LogOutputStream:75 - [STDERR_REDIRECT] 
