2025-07-28 10:20:31,870 [ERROR] LogOutputStream:75 - [STDERR_REDIRECT] 
2025-07-28 14:44:07,337 [INFO] Activator:176 - 


2025-07-28 14:44:07,340 [INFO] Activator:177 - !SESSION log4j initialized
2025-07-28 14:44:21,891 [INFO] LogOutputStream:77 - [STDOUT_REDIRECT] 
2025-07-28 14:44:26,835 [INFO] ApplicationProperties:184 - Using Application install path: /opt/st/stm32cubeide_1.18.1/plugins/com.st.stm32cube.common.mx_6.14.1.202504091515
2025-07-28 14:44:26,937 [INFO] DbMcusXml:78 - Set database path to: /opt/st/stm32cubeide_1.18.1/plugins/com.st.stm32cube.common.mx_6.14.1.202504091515//db//mcu/
2025-07-28 14:44:26,938 [INFO] ApiDb:274 - Set plugin database path to: /opt/st/stm32cubeide_1.18.1/plugins/com.st.stm32cube.common.mx_6.14.1.202504091515//db//plugins/boardmanager/
2025-07-28 14:44:26,938 [WARN] ApiDb:259 - Overriding images path with different value:  => /opt/st/stm32cubeide_1.18.1/plugins/com.st.stm32cube.common.mx_6.14.1.202504091515//db//plugins/mcufinder/images/
2025-07-28 14:44:27,296 [INFO] ApiDb:250 - Set database path to: /home/nova/.stmcufinder/plugins/mcufinder//mcu/
2025-07-28 14:44:27,301 [INFO] DbMcusAds:125 - Set database path to: /home/nova/.stmcufinder/plugins/mcufinder//mcu/
2025-07-28 14:44:27,310 [INFO] CrossReferenceDbSqlite:203 - Set database path to: /home/nova/.stmcufinder/plugins/mcufinder//mcu/cs/
2025-07-28 14:44:27,632 [INFO] RulesReader:64 - Compatibility file has been processed (302 Rules)
2025-07-28 14:44:27,910 [INFO] DbMcusXml:78 - Set database path to: /opt/st/stm32cubeide_1.18.1/plugins/com.st.stm32cube.common.mx_6.14.1.202504091515//db//mcu/
2025-07-28 14:44:27,911 [INFO] ApiDb:274 - Set plugin database path to: /opt/st/stm32cubeide_1.18.1/plugins/com.st.stm32cube.common.mx_6.14.1.202504091515//db//plugins/boardmanager/
2025-07-28 14:44:27,911 [INFO] ApiDb:261 - Set plugin images path to: /opt/st/stm32cubeide_1.18.1/plugins/com.st.stm32cube.common.mx_6.14.1.202504091515//db//plugins/mcufinder/images/
2025-07-28 14:44:27,912 [WARN] DbFile:41 - Overriding database path with different value: /home/nova/.stmcufinder/plugins/mcufinder/ => /home/nova/.stmcufinder/plugins/mcufinder
2025-07-28 14:44:27,912 [INFO] ApiDb:250 - Set database path to: /home/nova/.stmcufinder/plugins/mcufinder//mcu/
2025-07-28 14:44:27,913 [WARN] DbFile:41 - Overriding database path with different value: /home/nova/.stmcufinder/plugins/mcufinder/ => /home/nova/.stmcufinder/plugins/mcufinder
2025-07-28 14:44:27,913 [INFO] DbMcusAds:125 - Set database path to: /home/nova/.stmcufinder/plugins/mcufinder//mcu/
2025-07-28 14:44:27,913 [WARN] DbFile:41 - Overriding database path with different value: /home/nova/.stmcufinder/plugins/mcufinder/ => /home/nova/.stmcufinder/plugins/mcufinder
2025-07-28 14:44:27,914 [WARN] DbFile:41 - Overriding database path with different value: /home/nova/.stmcufinder/plugins/mcufinder/ => /home/nova/.stmcufinder/plugins/mcufinder
2025-07-28 14:44:27,914 [INFO] CrossReferenceDbSqlite:203 - Set database path to: /home/nova/.stmcufinder/plugins/mcufinder//mcu/cs/
2025-07-28 14:44:28,162 [INFO] MainPanel:272 - HeapMemory: 268435456
2025-07-28 14:44:28,614 [INFO] DbMcusXml:78 - Set database path to: /opt/st/stm32cubeide_1.18.1/plugins/com.st.stm32cube.common.mx_6.14.1.202504091515//db//mcu/
2025-07-28 14:44:28,614 [INFO] ApiDb:274 - Set plugin database path to: /opt/st/stm32cubeide_1.18.1/plugins/com.st.stm32cube.common.mx_6.14.1.202504091515//db//plugins/boardmanager/
2025-07-28 14:44:28,614 [INFO] ApiDb:261 - Set plugin images path to: /opt/st/stm32cubeide_1.18.1/plugins/com.st.stm32cube.common.mx_6.14.1.202504091515//db//plugins/mcufinder/images/
2025-07-28 14:44:28,614 [WARN] DbFile:41 - Overriding database path with different value: /home/nova/.stmcufinder/plugins/mcufinder/ => /home/nova/.stmcufinder/plugins/mcufinder
2025-07-28 14:44:28,614 [INFO] ApiDb:250 - Set database path to: /home/nova/.stmcufinder/plugins/mcufinder//mcu/
2025-07-28 14:44:28,615 [WARN] DbFile:41 - Overriding database path with different value: /home/nova/.stmcufinder/plugins/mcufinder/ => /home/nova/.stmcufinder/plugins/mcufinder
2025-07-28 14:44:28,615 [INFO] DbMcusAds:125 - Set database path to: /home/nova/.stmcufinder/plugins/mcufinder//mcu/
2025-07-28 14:44:28,615 [WARN] DbFile:41 - Overriding database path with different value: /home/nova/.stmcufinder/plugins/mcufinder/ => /home/nova/.stmcufinder/plugins/mcufinder
2025-07-28 14:44:28,615 [WARN] DbFile:41 - Overriding database path with different value: /home/nova/.stmcufinder/plugins/mcufinder/ => /home/nova/.stmcufinder/plugins/mcufinder
2025-07-28 14:44:28,615 [INFO] CrossReferenceDbSqlite:203 - Set database path to: /home/nova/.stmcufinder/plugins/mcufinder//mcu/cs/
2025-07-28 14:44:28,638 [INFO] ApplicationProperties:184 - Using Application install path: /opt/st/stm32cubeide_1.18.1/plugins/com.st.stm32cube.common.mx_6.14.1.202504091515
2025-07-28 14:44:28,640 [INFO] PluginManage:196 - Search for loadable plugins [exclusion list=, ]
2025-07-28 14:44:28,641 [INFO] PluginManage:310 - Check plugin analytics
2025-07-28 14:44:29,028 [INFO] AnalyticsPlugin:253 - Accepted Software Licenses: 
2025-07-28 14:44:29,028 [INFO] AnalyticsPlugin:255 - Accepted CMSIS Pack Licenses: 
2025-07-28 14:44:29,029 [INFO] AnalyticsPlugin:257 - Accepted Firmware Licenses: 
2025-07-28 14:44:29,033 [INFO] PluginManage:359 - Loaded plugin analytics (category:tool,tabindex:-1)
2025-07-28 14:44:29,033 [INFO] PluginManage:310 - Check plugin cadmodel
2025-07-28 14:44:29,091 [INFO] CADModel:105 - Init CAD model plugin
2025-07-28 14:44:29,092 [INFO] PluginManage:359 - Loaded plugin cadmodel (category:power,tabindex:5)
2025-07-28 14:44:29,092 [INFO] PluginManage:310 - Check plugin clock
2025-07-28 14:44:29,152 [INFO] PluginManage:359 - Loaded plugin clock (category:base,tabindex:2)
2025-07-28 14:44:29,152 [INFO] PluginManage:310 - Check plugin ddr
2025-07-28 14:44:29,178 [INFO] PluginManage:359 - Loaded plugin ddr (category:tool,tabindex:6)
2025-07-28 14:44:29,179 [INFO] PluginManage:310 - Check plugin filemanager
2025-07-28 14:44:29,576 [INFO] PluginManage:359 - Loaded plugin filemanager (category:base,tabindex:10)
2025-07-28 14:44:29,577 [INFO] PluginManage:310 - Check plugin ipmanager
2025-07-28 14:44:29,598 [INFO] PluginManage:359 - Loaded plugin ipmanager (category:base,tabindex:5)
2025-07-28 14:44:29,598 [INFO] PluginManage:310 - Check plugin lpbam
2025-07-28 14:44:29,630 [INFO] PluginManage:359 - Loaded plugin lpbam (category:base,tabindex:0)
2025-07-28 14:44:29,630 [INFO] PluginManage:310 - Check plugin memorymap
2025-07-28 14:44:29,707 [INFO] PluginManage:359 - Loaded plugin memorymap (category:base,tabindex:4)
2025-07-28 14:44:29,708 [INFO] PluginManage:310 - Check plugin pinoutandconfiguration
2025-07-28 14:44:29,769 [INFO] PluginManage:359 - Loaded plugin pinoutandconfiguration (category:base,tabindex:1)
2025-07-28 14:44:29,769 [INFO] PluginManage:310 - Check plugin pinoutconfig
2025-07-28 14:44:29,999 [WARN] SupportedApi:132 - Cannot load RTOS API schema: s4s-elt-must-match.1: The content of 'definitions' must match (annotation?, (simpleType | complexType)?, (unique | key | keyref)*)). A problem was found starting at: attribute.
2025-07-28 14:44:30,255 [INFO] PluginManage:359 - Loaded plugin pinoutconfig (category:base,tabindex:0)
2025-07-28 14:44:30,255 [INFO] PluginManage:310 - Check plugin power
2025-07-28 14:44:30,314 [INFO] PluginManage:359 - Loaded plugin power (category:power,tabindex:4)
2025-07-28 14:44:30,314 [INFO] PluginManage:310 - Check plugin projectmanager
2025-07-28 14:44:30,366 [INFO] PluginManage:359 - Loaded plugin projectmanager (category:projectmanager,tabindex:4)
2025-07-28 14:44:30,366 [INFO] PluginManage:310 - Check plugin rif
2025-07-28 14:44:30,415 [INFO] PluginManage:359 - Loaded plugin rif (category:base,tabindex:3)
2025-07-28 14:44:30,415 [INFO] PluginManage:310 - Check plugin thirdparty
2025-07-28 14:44:30,815 [INFO] PluginManage:359 - Loaded plugin thirdparty (category:base,tabindex:-1)
2025-07-28 14:44:30,815 [INFO] PluginManage:310 - Check plugin tools
2025-07-28 14:44:30,815 [WARN] IntegrityCheckThread:84 - waiting for thirdparty lock release [integrity check]
2025-07-28 14:44:30,816 [INFO] IntegrityCheckThread:86 - entering critical section [integrity check]
2025-07-28 14:44:30,816 [INFO] ThirdPartyUpdaterWithRetryManager:70 - Updater plugin not ready yet. [1/15]
2025-07-28 14:44:30,832 [INFO] PluginManage:359 - Loaded plugin tools (category:base,tabindex:7)
2025-07-28 14:44:30,833 [INFO] PluginManage:310 - Check plugin tutovideos
2025-07-28 14:44:31,184 [INFO] PluginManage:359 - Loaded plugin tutovideos (category:base,tabindex:-1)
2025-07-28 14:44:31,184 [INFO] PluginManage:310 - Check plugin updater
2025-07-28 14:44:31,239 [INFO] PluginManage:359 - Loaded plugin updater (category:base,tabindex:12)
2025-07-28 14:44:31,239 [INFO] PluginManage:310 - Check plugin userauth
2025-07-28 14:44:31,259 [INFO] UserAuth:118 - Init User Auth plugin
2025-07-28 14:44:31,260 [INFO] PluginManage:359 - Loaded plugin userauth (category:base,tabindex:14)
2025-07-28 14:44:31,261 [INFO] PluginManage:283 - PluginManage : Loaded plugins [18]
2025-07-28 14:44:31,726 [INFO] PinOutPanel:1589 - setPackage(No Configuration,No Configuration)
2025-07-28 14:44:31,934 [INFO] CADModel:165 - CPN selected for project level
2025-07-28 14:44:31,935 [INFO] CADModel:114 - Register for checkConnection events
2025-07-28 14:44:32,012 [INFO] IPUIPlugin:80 - create IPUIPlugin
2025-07-28 14:44:32,012 [INFO] PluginManager:220 - loadIPPluginJar : add hash
2025-07-28 14:44:32,015 [INFO] IPUIPlugin:80 - create IPUIPlugin
2025-07-28 14:44:32,015 [INFO] PluginManager:220 - loadIPPluginJar : add tracer_emb
2025-07-28 14:44:32,023 [INFO] IPUIPlugin:80 - create IPUIPlugin
2025-07-28 14:44:32,023 [INFO] PluginManager:220 - loadIPPluginJar : add gic
2025-07-28 14:44:32,069 [INFO] IPUIPlugin:80 - create IPUIPlugin
2025-07-28 14:44:32,069 [INFO] PluginManager:220 - loadIPPluginJar : add mdma
2025-07-28 14:44:32,073 [INFO] IPUIPlugin:80 - create IPUIPlugin
2025-07-28 14:44:32,074 [INFO] PluginManager:220 - loadIPPluginJar : add touchsensing
2025-07-28 14:44:32,078 [INFO] IPUIPlugin:80 - create IPUIPlugin
2025-07-28 14:44:32,078 [INFO] PluginManager:220 - loadIPPluginJar : add lorawan
2025-07-28 14:44:32,102 [INFO] IPUIPlugin:80 - create IPUIPlugin
2025-07-28 14:44:32,103 [INFO] PluginManager:220 - loadIPPluginJar : add dma
2025-07-28 14:44:32,105 [INFO] IPUIPlugin:80 - create IPUIPlugin
2025-07-28 14:44:32,106 [INFO] PluginManager:220 - loadIPPluginJar : add radio
2025-07-28 14:44:32,111 [INFO] IPUIPlugin:80 - create IPUIPlugin
2025-07-28 14:44:32,111 [INFO] PluginManager:220 - loadIPPluginJar : add i2c
2025-07-28 14:44:32,122 [INFO] IPUIPlugin:80 - create IPUIPlugin
2025-07-28 14:44:32,123 [INFO] PluginManager:220 - loadIPPluginJar : add fatfs
2025-07-28 14:44:32,129 [INFO] IPUIPlugin:80 - create IPUIPlugin
2025-07-28 14:44:32,130 [INFO] PluginManager:220 - loadIPPluginJar : add openamp
2025-07-28 14:44:32,152 [INFO] IPUIPlugin:80 - create IPUIPlugin
2025-07-28 14:44:32,152 [INFO] PluginManager:220 - loadIPPluginJar : add nvic
2025-07-28 14:44:32,154 [INFO] IPUIPlugin:80 - create IPUIPlugin
2025-07-28 14:44:32,154 [INFO] PluginManager:220 - loadIPPluginJar : add quadspi
2025-07-28 14:44:32,159 [INFO] IPUIPlugin:80 - create IPUIPlugin
2025-07-28 14:44:32,159 [INFO] PluginManager:220 - loadIPPluginJar : add extmemmanager
2025-07-28 14:44:32,163 [INFO] IPUIPlugin:80 - create IPUIPlugin
2025-07-28 14:44:32,163 [INFO] PluginManager:220 - loadIPPluginJar : add sai
2025-07-28 14:44:32,171 [INFO] IPUIPlugin:80 - create IPUIPlugin
2025-07-28 14:44:32,172 [INFO] PluginManager:220 - loadIPPluginJar : add fmc
2025-07-28 14:44:32,175 [INFO] IPUIPlugin:80 - create IPUIPlugin
2025-07-28 14:44:32,175 [INFO] PluginManager:220 - loadIPPluginJar : add can
2025-07-28 14:44:32,234 [INFO] IPUIPlugin:80 - create IPUIPlugin
2025-07-28 14:44:32,234 [INFO] PluginManager:220 - loadIPPluginJar : add ddr_ctrl_phy
2025-07-28 14:44:32,239 [INFO] IPUIPlugin:80 - create IPUIPlugin
2025-07-28 14:44:32,239 [INFO] PluginManager:220 - loadIPPluginJar : add opamp
2025-07-28 14:44:32,290 [INFO] IPUIPlugin:80 - create IPUIPlugin
2025-07-28 14:44:32,291 [INFO] PluginManager:220 - loadIPPluginJar : add ipddr
2025-07-28 14:44:32,295 [INFO] IPUIPlugin:80 - create IPUIPlugin
2025-07-28 14:44:32,295 [INFO] PluginManager:220 - loadIPPluginJar : add i3c
2025-07-28 14:44:32,387 [INFO] IPUIPlugin:80 - create IPUIPlugin
2025-07-28 14:44:32,388 [INFO] PluginManager:220 - loadIPPluginJar : add adc
2025-07-28 14:44:32,392 [INFO] IPUIPlugin:80 - create IPUIPlugin
2025-07-28 14:44:32,392 [INFO] PluginManager:220 - loadIPPluginJar : add gtzc
2025-07-28 14:44:32,396 [INFO] IPUIPlugin:80 - create IPUIPlugin
2025-07-28 14:44:32,397 [INFO] PluginManager:220 - loadIPPluginJar : add gfxmmu
2025-07-28 14:44:32,400 [INFO] IPUIPlugin:80 - create IPUIPlugin
2025-07-28 14:44:32,401 [INFO] PluginManager:220 - loadIPPluginJar : add spi
2025-07-28 14:44:32,438 [INFO] IPUIPlugin:80 - create IPUIPlugin
2025-07-28 14:44:32,442 [INFO] PluginManager:220 - loadIPPluginJar : add plateformsettings
2025-07-28 14:44:32,447 [INFO] IPUIPlugin:80 - create IPUIPlugin
2025-07-28 14:44:32,447 [INFO] PluginManager:220 - loadIPPluginJar : add pdm2pcm
2025-07-28 14:44:32,449 [INFO] IPUIPlugin:80 - create IPUIPlugin
2025-07-28 14:44:32,450 [INFO] PluginManager:220 - loadIPPluginJar : add genericplugin
2025-07-28 14:44:32,453 [INFO] IPUIPlugin:80 - create IPUIPlugin
2025-07-28 14:44:32,454 [INFO] PluginManager:220 - loadIPPluginJar : add i2s
2025-07-28 14:44:32,456 [INFO] IPUIPlugin:80 - create IPUIPlugin
2025-07-28 14:44:32,457 [INFO] PluginManager:220 - loadIPPluginJar : add tsc
2025-07-28 14:44:32,461 [INFO] IPUIPlugin:80 - create IPUIPlugin
2025-07-28 14:44:32,461 [INFO] PluginManager:220 - loadIPPluginJar : add dma3
2025-07-28 14:44:32,465 [INFO] IPUIPlugin:80 - create IPUIPlugin
2025-07-28 14:44:32,465 [INFO] PluginManager:220 - loadIPPluginJar : add aes
2025-07-28 14:44:32,468 [INFO] IPUIPlugin:80 - create IPUIPlugin
2025-07-28 14:44:32,468 [INFO] PluginManager:220 - loadIPPluginJar : add ts
2025-07-28 14:44:32,471 [INFO] IPUIPlugin:80 - create IPUIPlugin
2025-07-28 14:44:32,472 [INFO] PluginManager:220 - loadIPPluginJar : add ucpd
2025-07-28 14:44:32,474 [INFO] IPUIPlugin:80 - create IPUIPlugin
2025-07-28 14:44:32,474 [INFO] PluginManager:220 - loadIPPluginJar : add comp
2025-07-28 14:44:32,478 [INFO] IPUIPlugin:80 - create IPUIPlugin
2025-07-28 14:44:32,478 [INFO] PluginManager:220 - loadIPPluginJar : add usart
2025-07-28 14:44:32,518 [INFO] IPUIPlugin:80 - create IPUIPlugin
2025-07-28 14:44:32,518 [INFO] PluginManager:220 - loadIPPluginJar : add resmgrutility
2025-07-28 14:44:32,523 [INFO] IPUIPlugin:80 - create IPUIPlugin
2025-07-28 14:44:32,523 [INFO] PluginManager:220 - loadIPPluginJar : add usbx
2025-07-28 14:44:32,526 [INFO] IPUIPlugin:80 - create IPUIPlugin
2025-07-28 14:44:32,527 [INFO] PluginManager:220 - loadIPPluginJar : add dfsdm
2025-07-28 14:44:32,531 [INFO] IPUIPlugin:80 - create IPUIPlugin
2025-07-28 14:44:32,531 [INFO] PluginManager:220 - loadIPPluginJar : add cryp
2025-07-28 14:44:32,540 [INFO] IPUIPlugin:80 - create IPUIPlugin
2025-07-28 14:44:32,540 [INFO] PluginManager:220 - loadIPPluginJar : add linkedlist
2025-07-28 14:44:32,542 [INFO] IPUIPlugin:80 - create IPUIPlugin
2025-07-28 14:44:32,542 [INFO] PluginManager:220 - loadIPPluginJar : add ltdc
2025-07-28 14:44:32,544 [INFO] IPUIPlugin:80 - create IPUIPlugin
2025-07-28 14:44:32,544 [INFO] PluginManager:220 - loadIPPluginJar : add tim
2025-07-28 14:44:32,561 [INFO] IPUIPlugin:80 - create IPUIPlugin
2025-07-28 14:44:32,561 [INFO] PluginManager:220 - loadIPPluginJar : add gpio
2025-07-28 14:44:32,584 [INFO] IPUIPlugin:80 - create IPUIPlugin
2025-07-28 14:44:32,585 [INFO] PluginManager:220 - loadIPPluginJar : add freertos
2025-07-28 14:44:32,597 [INFO] IPUIPlugin:80 - create IPUIPlugin
2025-07-28 14:44:32,597 [INFO] PluginManager:220 - loadIPPluginJar : add stm32_wpan
2025-07-28 14:44:32,779 [FATAL] Updater:351 - Updater called before beeing initialized
2025-07-28 14:44:32,883 [INFO] RulesReader:64 - Compatibility file has been processed (302 Rules)
2025-07-28 14:44:32,905 [INFO] RulesReader:64 - Compatibility file has been processed (302 Rules)
2025-07-28 14:44:32,915 [INFO] CADModel:165 - CPN selected for project level
2025-07-28 14:44:32,916 [INFO] CADModel:114 - Register for checkConnection events
2025-07-28 14:44:32,916 [FATAL] Updater:351 - Updater called before beeing initialized
2025-07-28 14:44:32,916 [ERROR] CADModel:125 - Updater not yet initialized, retry later 
2025-07-28 14:44:33,208 [FATAL] Updater:351 - Updater called before beeing initialized
2025-07-28 14:44:33,211 [INFO] CADModel:165 - CPN selected for project level
2025-07-28 14:44:33,211 [INFO] CADModel:114 - Register for checkConnection events
2025-07-28 14:44:33,211 [FATAL] Updater:351 - Updater called before beeing initialized
2025-07-28 14:44:33,211 [ERROR] CADModel:125 - Updater not yet initialized, retry later 
2025-07-28 14:44:33,235 [FATAL] Updater:351 - Updater called before beeing initialized
2025-07-28 14:44:33,376 [FATAL] Updater:351 - Updater called before beeing initialized
2025-07-28 14:44:33,393 [INFO] DbMcusAds:53 - JSON generation date=Tue Jul 08 13:44:23 IST 2025 (1751962463562)
2025-07-28 14:44:33,394 [FATAL] Updater:351 - Updater called before beeing initialized
2025-07-28 14:44:33,589 [WARN] DetailPanel:346 - Failed to get advertising image, set to default
2025-07-28 14:44:33,817 [INFO] ThirdPartyUpdaterWithRetryManager:70 - Updater plugin not ready yet. [2/15]
2025-07-28 14:44:33,993 [FATAL] Updater:351 - Updater called before beeing initialized
2025-07-28 14:44:33,999 [FATAL] Updater:351 - Updater called before beeing initialized
2025-07-28 14:44:33,999 [FATAL] Updater:351 - Updater called before beeing initialized
2025-07-28 14:44:34,000 [WARN] DetailPanel:346 - Failed to get advertising image, set to default
2025-07-28 14:44:34,001 [FATAL] Updater:351 - Updater called before beeing initialized
2025-07-28 14:44:34,078 [ERROR] Updater:1198 - MainUpdater not yet initialized. External WinMGr cannot be set.
2025-07-28 14:44:34,085 [INFO] Updater:1134 - Updater Version found : 6.14.1
2025-07-28 14:44:34,110 [INFO] ApplicationProperties:184 - Using Application install path: /opt/st/stm32cubeide_1.18.1/plugins/com.st.stm32cube.common.mx_6.14.1.202504091515
2025-07-28 14:44:34,807 [INFO] MainUpdater:2872 - connection check result : 10
2025-07-28 14:44:34,808 [INFO] MainUpdater:289 - Updater Check For Update Now.
2025-07-28 14:44:34,809 [INFO] MicroXplorer:498 - Change Database Version : DB.6.0.141
2025-07-28 14:44:34,827 [INFO] McuFinderGlobals:63 - Set McuFinder mode to 2 (CubeIDE integrated)
2025-07-28 14:44:34,827 [INFO] UserAuth:171 - activating auth plugin
2025-07-28 14:44:34,841 [INFO] UserAuth:484 - Internet connection configuration mode: 1
2025-07-28 14:44:35,008 [INFO] JxBrowserEngine:152 - Initiate JxBrowser Engine with user profile folder
2025-07-28 14:44:35,101 [INFO] CheckServerUpdateThread:120 - End of CheckServer Thread
2025-07-28 14:44:37,482 [WARN] PackLoader:240 - Cannot read IP mode file for STMicroelectronics.FP-SNS-MOTENVWB1.1.4.0
2025-07-28 14:44:37,601 [WARN] PackLoader:240 - Cannot read IP mode file for STMicroelectronics.X-CUBE-DISPLAY.3.0.0
2025-07-28 14:44:37,633 [WARN] PackLoader:240 - Cannot read IP mode file for STMicroelectronics.FP-SNS-SMARTAG2.1.2.0
2025-07-28 14:44:37,647 [WARN] PackLoader:240 - Cannot read IP mode file for STMicroelectronics.FP-SNS-MOTENV1.5.0.0
2025-07-28 14:44:37,668 [WARN] PackLoader:240 - Cannot read IP mode file for STMicroelectronics.X-CUBE-BLE2.3.3.0
2025-07-28 14:44:37,714 [WARN] PackLoader:240 - Cannot read IP mode file for STMicroelectronics.FP-ATR-SIGFOX1.3.2.0
2025-07-28 14:44:37,744 [WARN] PackLoader:240 - Cannot read IP mode file for STMicroelectronics.FP-SNS-STBOX1.2.0.0
2025-07-28 14:44:37,762 [WARN] PackLoader:240 - Cannot read IP mode file for STMicroelectronics.X-CUBE-ALS.1.0.2
2025-07-28 14:44:37,765 [INFO] ThirdParty:978 - Integrity check success = true
2025-07-28 14:44:37,765 [INFO] IntegrityCheckThread:100 - exiting critical section [integrity check]
2025-07-28 14:44:37,765 [INFO] IntegrityCheckThread:103 - End integrity checks thread
2025-07-28 14:44:58,507 [INFO] WebApp:169 - Instantiating new browser for Auth
2025-07-28 14:45:10,739 [INFO] WebApp:463 - Apply proxy settings
2025-07-28 14:45:10,739 [INFO] WebApp:548 - Chromium requires no authentication
2025-07-28 14:45:10,815 [INFO] WebApp:491 - Direct internet connection detected
2025-07-28 14:45:11,633 [INFO] WebApp:894 - Register for checkConnection events
2025-07-28 14:45:11,633 [INFO] WebApp:463 - Apply proxy settings
2025-07-28 14:45:11,634 [INFO] WebApp:548 - Chromium requires no authentication
2025-07-28 14:45:11,753 [INFO] WebApp:491 - Direct internet connection detected
2025-07-28 14:45:13,711 [INFO] WebApp:225 - Starting web application
2025-07-28 14:45:13,711 [INFO] WebApp:593 - Web application path used /opt/st/stm32cubeide_1.18.1/plugins/com.st.stm32cube.common.mx_6.14.1.202504091515/db/plugins/mcufinder/reactClient1/index.html
2025-07-28 14:45:15,801 [INFO] WebApp:191 - Connection restablished
2025-07-28 14:50:38,752 [INFO] McuFinderGlobals:63 - Set McuFinder mode to 2 (CubeIDE integrated)
2025-07-28 14:50:38,760 [INFO] MainUpdater:2872 - connection check result : 10
2025-07-28 14:50:38,788 [INFO] MainUpdater:2872 - connection check result : 10
2025-07-28 14:50:38,968 [INFO] MicroXplorer:468 - Change Database Path : 
2025-07-28 14:50:38,969 [INFO] MicroXplorer:498 - Change Database Version : DB.6.0.141
2025-07-28 14:50:38,992 [WARN] ThirdParty:871 - waiting for thirdparty lock release [close project]
2025-07-28 14:50:38,992 [INFO] ThirdParty:873 - entering critical section [close project]
2025-07-28 14:50:38,993 [INFO] ThirdParty:883 - exiting critical section [close project]
2025-07-28 14:50:38,995 [INFO] PinOutPanel:1589 - setPackage(No Configuration,No Configuration)
2025-07-28 14:50:39,006 [INFO] UtilMem:75 - Begin LoadConfig() Used Memory: 700415104 Bytes (1058013184)
2025-07-28 14:50:39,008 [INFO] MicroXplorer:468 - Change Database Path : 
2025-07-28 14:50:39,009 [INFO] MicroXplorer:498 - Change Database Version : DB.6.0.141
2025-07-28 14:50:39,009 [INFO] OpenFileManager:354 - Change cursor
2025-07-28 14:50:39,340 [INFO] Mcu:2011 - Initializing MCU STM32F446R(C-E)Tx STM32F446RETx STM32F446RET6
2025-07-28 14:50:42,811 [INFO] Context:756 - Trying to add GPIOservice into a context  which must be forbidden
2025-07-28 14:50:43,801 [INFO] ImportTextPane:218 - (OptionalMessage_ERROR) Pin15 (VP_RIF_VS_RIF1) cannot be retrieved for this MCU
2025-07-28 14:50:43,998 [WARN] ModelIntegratedComponent:63 - No mode defined for component null
2025-07-28 14:50:43,998 [WARN] ModelIntegratedComponent:63 - No mode defined for component null
2025-07-28 14:50:43,999 [WARN] ModelIntegratedComponent:63 - No mode defined for component null
2025-07-28 14:50:43,999 [WARN] ModelIntegratedComponent:63 - No mode defined for component null
2025-07-28 14:50:43,999 [WARN] ModelIntegratedComponent:63 - No mode defined for component null
2025-07-28 14:50:43,999 [WARN] ModelIntegratedComponent:63 - No mode defined for component null
2025-07-28 14:50:43,999 [WARN] ModelIntegratedComponent:63 - No mode defined for component null
2025-07-28 14:50:43,999 [WARN] ModelIntegratedComponent:63 - No mode defined for component null
2025-07-28 14:50:43,999 [WARN] ModelIntegratedComponent:63 - No mode defined for component null
2025-07-28 14:50:44,000 [WARN] ModelIntegratedComponent:63 - No mode defined for component null
2025-07-28 14:50:44,000 [WARN] ModelIntegratedComponent:63 - No mode defined for component null
2025-07-28 14:50:44,000 [WARN] ModelIntegratedComponent:63 - No mode defined for component null
2025-07-28 14:50:44,000 [WARN] ModelIntegratedComponent:63 - No mode defined for component null
2025-07-28 14:50:44,000 [WARN] ModelIntegratedComponent:63 - No mode defined for component null
2025-07-28 14:50:44,000 [WARN] ModelIntegratedComponent:63 - No mode defined for component null
2025-07-28 14:50:44,001 [WARN] ModelIntegratedComponent:63 - No mode defined for component null
2025-07-28 14:50:44,001 [WARN] ModelIntegratedComponent:63 - No mode defined for component null
2025-07-28 14:50:44,001 [WARN] ModelIntegratedComponent:63 - No mode defined for component null
2025-07-28 14:50:44,001 [WARN] ModelIntegratedComponent:63 - No mode defined for component null
2025-07-28 14:50:44,001 [WARN] ModelIntegratedComponent:63 - No mode defined for component null
2025-07-28 14:50:44,001 [WARN] ModelIntegratedComponent:63 - No mode defined for component null
2025-07-28 14:50:44,001 [WARN] ModelIntegratedComponent:63 - No mode defined for component null
2025-07-28 14:50:44,002 [WARN] ModelIntegratedComponent:63 - No mode defined for component null
2025-07-28 14:50:44,002 [WARN] ModelIntegratedComponent:63 - No mode defined for component null
2025-07-28 14:50:44,002 [WARN] ModelIntegratedComponent:63 - No mode defined for component null
2025-07-28 14:50:44,002 [WARN] ModelIntegratedComponent:63 - No mode defined for component null
2025-07-28 14:50:44,002 [WARN] ModelIntegratedComponent:63 - No mode defined for component null
2025-07-28 14:50:44,002 [WARN] ModelIntegratedComponent:63 - No mode defined for component null
2025-07-28 14:50:44,002 [WARN] ModelIntegratedComponent:63 - No mode defined for component null
2025-07-28 14:50:44,002 [WARN] ModelIntegratedComponent:63 - No mode defined for component null
2025-07-28 14:50:44,002 [WARN] ModelIntegratedComponent:63 - No mode defined for component null
2025-07-28 14:50:44,002 [WARN] ModelIntegratedComponent:63 - No mode defined for component null
2025-07-28 14:50:44,003 [WARN] ModelIntegratedComponent:63 - No mode defined for component null
2025-07-28 14:50:44,003 [WARN] ModelIntegratedComponent:63 - No mode defined for component null
2025-07-28 14:50:44,003 [WARN] ModelIntegratedComponent:63 - No mode defined for component null
2025-07-28 14:50:44,003 [WARN] ModelPack:524 - Component already loaded: STMicroelectronics:HAL Drivers:0.0.0:STMicroelectronics:Device:STMicro_Driver:XSPI:HAL::0.0.1:HAL_XSPI
2025-07-28 14:50:44,012 [INFO] RtosManager:558 - Registered RTOS mode: class=CMSIS, group=RTOS, mode=CMSIS_V1, owner=FREERTOS
2025-07-28 14:50:44,013 [INFO] RtosManager:558 - Registered RTOS mode: class=CMSIS, group=RTOS2, mode=CMSIS_V2, owner=FREERTOS
2025-07-28 14:50:44,013 [INFO] RtosManager:558 - Registered RTOS mode: class=RTOS, group=Core, mode=CMSIS_V1, owner=FREERTOS
2025-07-28 14:50:44,013 [INFO] RtosManager:558 - Registered RTOS mode: class=RTOS, group=Core, mode=CMSIS_V2, owner=FREERTOS
2025-07-28 14:50:44,013 [WARN] ModelIntegratedComponent:184 - Missing modes for component STMicroelectronics:FreeRTOS:0.0.1:STMicroelectronics:RTOS:FreeRTOS:Core:::10.2.0:
2025-07-28 14:50:44,029 [INFO] ThirdPartyModel:298 - Start build external matchings
2025-07-28 14:50:44,070 [INFO] ThirdPartyModel:316 - End build external matchings
2025-07-28 14:50:44,077 [INFO] ImportTextPane:218 - (OptionalMessage_ERROR) IP (RCC) : Invalid parameter (48MHZClocksFreq_Value)
2025-07-28 14:50:44,078 [INFO] ImportTextPane:218 - (OptionalMessage_ERROR) IP (RCC) : Invalid parameter (EthernetFreq_Value)
2025-07-28 14:50:44,082 [INFO] ImportTextPane:218 - (OptionalMessage_ERROR) IP (RCC) : Parameter (FLatency) has Id (AdvancedSettings) currently not set
2025-07-28 14:50:44,082 [INFO] ImportTextPane:218 - (OptionalMessage_ERROR) IP (RCC) : Invalid parameter (FamilyName)
2025-07-28 14:50:44,082 [INFO] ImportTextPane:218 - (OptionalMessage_ERROR) IP (RCC) : Invalid parameter (I2SClocksFreq_Value)
2025-07-28 14:50:44,085 [INFO] ImportTextPane:218 - (OptionalMessage_ERROR) IP (RCC) : Parameter (SDIOFreq_Value) has invalid value (168000000)
2025-07-28 14:50:44,085 [INFO] ImportTextPane:218 - (OptionalMessage_ERROR) IP (RCC) : Parameter (USBFreq_Value) has invalid value (168000000)
2025-07-28 14:50:44,087 [INFO] ImportTextPane:218 - (OptionalMessage_ERROR) IP (RCC) : Invalid parameter (VCOInputMFreq_Value)
2025-07-28 14:50:44,087 [INFO] ImportTextPane:218 - (OptionalMessage_ERROR) IP (RCC) : Invalid parameter (VcooutputI2S)
2025-07-28 14:50:45,480 [INFO] ApiDb:581 - Connected to CubeFinder SQLite database (/home/nova/.stmcufinder/plugins/mcufinder/mcu/cube-finder-db.db)
2025-07-28 14:50:45,693 [INFO] ApiDb:668 - CubeFinder database Data Model version=2.1
2025-07-28 14:50:45,693 [INFO] ApiDb:669 - CubeFinder database Configuration version=3.0.39
2025-07-28 14:50:45,694 [INFO] ApiDb:670 - CubeFinder database generation date=2025-07-21 (1753107327)
2025-07-28 14:50:45,694 [INFO] ApiDb:671 - CubeFinder database FW Pack versions=[FP-ATR-ASTRA1_V2.0.0, FP-SNS-FLIGHT1_V5.1.0, FP-SNS-MOTENV1_V5.0.0, FP-SNS-MOTENVWB1_V1.4.0, FP-SNS-SMARTAG2_V1.2.0, FP-SNS-STBOX1_V2.0.0, STM32Cube_FW_C0_V1.4.0, STM32Cube_FW_F4_V1.28.2, STM32Cube_FW_F7_V1.17.3, STM32Cube_FW_G0_V1.6.2, STM32Cube_FW_G4_V1.6.1, STM32Cube_FW_H5_V1.5.0, STM32Cube_FW_H7RS_V1.2.0, STM32Cube_FW_H7_V1.12.1, STM32Cube_FW_L0_V1.12.2, STM32Cube_FW_L4_V1.18.1, STM32Cube_FW_L5_V1.5.1, STM32Cube_FW_N6_V1.2.0, STM32Cube_FW_U0_V1.3.0, STM32Cube_FW_U3_V1.2.0, STM32Cube_FW_U5_V1.8.0, STM32Cube_FW_WB0_V1.3.0, STM32Cube_FW_WBA_V1.7.0, STM32Cube_FW_WB_V1.23.0, STM32Cube_FW_WL3_V1.2.0, STM32Cube_FW_WL_V1.3.1, X-CUBE-ALGOBUILD_V1.4.0, X-CUBE-ALS_V1.0.2, X-CUBE-AZRTOS-F4_V1.1.0, X-CUBE-AZRTOS-F7_V1.1.0, X-CUBE-AZRTOS-G0_V1.1.0, X-CUBE-AZRTOS-G4_V2.0.0, X-CUBE-AZRTOS-H7RS_V1.1.0, X-CUBE-AZRTOS-H7_V3.3.0, X-CUBE-AZRTOS-L4_V2.0.0, X-CUBE-AZRTOS-L5_V2.0.0, X-CUBE-AZRTOS-WB_V2.0.0, X-CUBE-AZRTOS-WL_V2.0.0, X-CUBE-BLE1_V7.1.0, X-CUBE-BLE2_V3.3.0, X-CUBE-BLEMGR_V4.0.0, X-CUBE-EEPRMA1_V5.1.0, X-CUBE-FREERTOS_V1.3.1, X-CUBE-GNSS1_V6.0.0, X-CUBE-MEMS1_V11.3.0, X-CUBE-NFC4_V3.0.0, X-CUBE-NFC7_V2.0.0, X-CUBE-SFXS2LP1_V4.0.0, X-CUBE-SUBG2_V5.0.0, X-CUBE-TOF1_V3.4.3]
2025-07-28 14:50:46,335 [INFO] DbBoardsSqlite:226 - include board P-NUCLEO-WB55-NUCLEO as a kit item of type 'Nucleo-64'
2025-07-28 14:50:46,336 [INFO] DbBoardsSqlite:226 - include board P-NUCLEO-WB55-USBDONGLE as a kit item of type 'Nucleo USB Dongle'
2025-07-28 14:50:46,343 [INFO] DbBoardsSqlite:226 - include board STEVAL-IDP005V1 as a kit item of type 'Evaluation Board'
2025-07-28 14:50:46,344 [INFO] DbBoardsSqlite:226 - include board STEVAL-IDP005V2 as a kit item of type 'Evaluation Board'
2025-07-28 14:50:47,594 [INFO] ApiDb:240 - Found 895 in-development CPN: [B-G473E-ZEST1S, B-WB1M-WPAN1, B-WBA5M-WPAN, B-WL5M-SUBG1, NUCLEO-C031C6, NUCLEO-C051C8, NUCLEO-C071RB, NUCLEO-C092RC, NUCLEO-H503RB, NUCLEO-H533RE, NUCLEO-H563ZI, NUCLEO-H7S3L8, NUCLEO-N657X0-Q, NUCLEO-U031R8, NUCLEO-U083RC, NUCLEO-U385RG-Q, NUCLEO-U545RE-Q, NUCLEO-U5A5ZJ-Q, NUCLEO-WB05KZ, NUCLEO-WB07CC, NUCLEO-WB09KE, NUCLEO-WBA52CG, NUCLEO-WBA55CG, NUCLEO-WBA65RI, NUCLEO-WL33CC1, NUCLEO-WL33CC2, STEVAL-PROTEUS1, STEVAL-SMARTAG2, STEVAL-STWINBX1, STM320518-EVAL, STM32C0116-DK, STM32C011D6Y3TR, STM32C011D6Y6TR, STM32C011F4P3, STM32C011F4P6, STM32C011F4U3, STM32C011F4U6TR, STM32C011F6P3, STM32C011F6P6, STM32C011F6U3, STM32C011F6U6TR, STM32C011J4M3, STM32C011J4M6, STM32C011J6M3, STM32C011J6M6, STM32C0316-DK, STM32C031C4T3, STM32C031C4T6, STM32C031C4U3, STM32C031C4U6, STM32C031C6T3, STM32C031C6T6, STM32C031C6U3, STM32C031C6U6, STM32C031F4P3, STM32C031F4P6, STM32C031F6P3, STM32C031F6P6, STM32C031G4U3, STM32C031G4U6, STM32C031G6U3, STM32C031G6U6, STM32C031K4T3, STM32C031K4T6, STM32C031K4U3, STM32C031K4U6, STM32C031K6T3, STM32C031K6T6, STM32C031K6U3, STM32C031K6U6, STM32C051C6T6, STM32C051C6U6, STM32C051C8T6, STM32C051C8U6, STM32C051D8Y6TR, STM32C051F6P6, STM32C051F8P6, STM32C051G6U6, STM32C051G8U6, STM32C051K6T6, STM32C051K6U6, STM32C051K8T6, STM32C071C8T6, STM32C071C8T6N, STM32C071C8U6, STM32C071C8U6N, STM32C071CBT6, STM32C071CBT6N, STM32C071CBU6, STM32C071CBU6N, STM32C071F8P6, STM32C071F8P6N, STM32C071FBP6, STM32C071FBP6N, STM32C071FBY6TR, STM32C071G8U6, STM32C071G8U6N, STM32C071GBU6, STM32C071GBU6N, STM32C071K8T6, STM32C071K8T6N, STM32C071K8U6, STM32C071K8U6N, STM32C071KBT6, STM32C071KBT6N, STM32C071KBU6, STM32C071KBU6N, STM32C071R8T6, STM32C071R8T6N, STM32C071RBI6N, STM32C071RBT6, STM32C071RBT6N, STM32C091CBT6, STM32C091CBU6, STM32C091CCT6, STM32C091CCU6, STM32C091ECY6TR, STM32C091FBP6, STM32C091FCP6, STM32C091GBU6, STM32C091GCU6, STM32C091KBT6, STM32C091KBU6, STM32C091KCT6, STM32C091KCU6, STM32C091RBT6, STM32C091RCI6, STM32C091RCT6, STM32C092CBT6, STM32C092CBU6, STM32C092CCT6, STM32C092CCU6, STM32C092ECY6TR, STM32C092FBP6, STM32C092FCP6, STM32C092GBU6, STM32C092GCU6, STM32C092KBT6, STM32C092KBU6, STM32C092KCT6, STM32C092KCU6, STM32C092RBT6, STM32C092RCI6, STM32C092RCT6, STM32G071K8TXN, STM32G071K8UXN, STM32G081GBU6N, STM32G081KBT6N, STM32G081KBUXN, STM32G0B1CCT6N, STM32G0B1KCT6, STM32G0B1NEY6TR, STM32G0B1RCT6N, STM32G0C1CCT6, STM32G0C1CCT6N, STM32G0C1CCU6N, STM32G0C1CET6N, STM32G0C1CEU6N, STM32G0C1KCT6, STM32G0C1NEY6TR, STM32G0C1RCI6N, STM32G0C1RCT6N, STM32G0C1REI6N, STM32G0C1RET6N, STM32G0C1VCI6, STM32G0C1VEI6, STM32G411C6T3, STM32G411C6T6, STM32G411C6U3, STM32G411C6U6, STM32G411C8T3, STM32G411C8T6, STM32G411C8U3, STM32G411C8U6, STM32G411CBT3, STM32G411CBT6, STM32G411CBU3, STM32G411CBU6, STM32G411CCT3, STM32G411CCT6, STM32G411CCU3, STM32G411CCU6, STM32G411K6T3, STM32G411K6T6, STM32G411K6U3, STM32G411K6U6, STM32G411K8T3, STM32G411K8T6, STM32G411K8U3, STM32G411K8U6, STM32G411KBT3, STM32G411KBT6, STM32G411KBU3, STM32G411KBU6, STM32G411M6T3, STM32G411M6T6, STM32G411M8T3, STM32G411M8T6, STM32G411MBT3, STM32G411MBT6, STM32G411MCT3, STM32G411MCT6, STM32G411R6T3, STM32G411R6T6, STM32G411R8T3, STM32G411R8T6, STM32G411RBT3, STM32G411RBT6, STM32G411RCT3, STM32G411RCT6, STM32G414CBT3, STM32G414CBT6, STM32G414CBU3, STM32G414CBU6, STM32G414CCT3, STM32G414CCT6, STM32G414CCU3, STM32G414CCU6, STM32G414MBT3, STM32G414MBT6, STM32G414MCT3, STM32G414MCT6, STM32G414RBT3, STM32G414RBT6, STM32G414RCT3, STM32G414RCT6, STM32G414VBT3, STM32G414VBT6, STM32G414VCT3, STM32G414VCT6, STM32G431CBT3Z, STM32G431RBT3Z, STM32G471CCT6, STM32G471CCU6, STM32G471CET3, STM32G471CET6, STM32G471CEU3, STM32G471CEU6, STM32G471MCT6, STM32G471MET3, STM32G471MET6, STM32G471MEY6TR, STM32G471QCT6, STM32G471QET3, STM32G471RCT6, STM32G471RET3, STM32G471RET6, STM32G471VCH6, STM32G471VCI6, STM32G471VCT6, STM32G471VEH3, STM32G471VEH6, STM32G471VEI3, STM32G471VEI6, STM32G471VET3, STM32G471VET6, STM32G473QET3Z, STM32G473RET3Z, STM32G474CCT6, STM32G491RET3Z, STM32H503CBT6, STM32H503CBU6, STM32H503EBY6TR, STM32H503KBU6, STM32H503RBT6, STM32H523CCT6, STM32H523CCU6, STM32H523CET6, STM32H523CEU6, STM32H523HEY6TR, STM32H523RCT6, STM32H523RET6, STM32H523VCI6, STM32H523VCT6, STM32H523VEI6, STM32H523VET6, STM32H523ZCJ6, STM32H523ZCT6, STM32H523ZEJ6, STM32H523ZET6, STM32H533CET6, STM32H533CEU6, STM32H533HEY6TR, STM32H533RET6, STM32H533VEI6, STM32H533VET6, STM32H533ZEJ6, STM32H533ZET6, STM32H562AGI6, STM32H562AII6, STM32H562IGK6, STM32H562IGT6, STM32H562IIK6, STM32H562IIT6, STM32H562RGT6, STM32H562RGV6, STM32H562RIT6, STM32H562RIV6, STM32H562VGT6, STM32H562VIT6, STM32H562ZGT6, STM32H562ZIT6, STM32H563AGI6, STM32H563AII3Q, STM32H563AII6, STM32H563IGK6, STM32H563IGT6, STM32H563IIK3Q, STM32H563IIK6, STM32H563IIT3Q, STM32H563IIT6, STM32H563MIY3QTR, STM32H563RGT6, STM32H563RGV6, STM32H563RIT6, STM32H563RIV6, STM32H563VGT6, STM32H563VIT3Q, STM32H563VIT6, STM32H563ZGT6, STM32H563ZIT3Q, STM32H563ZIT6, STM32H573AII3Q, STM32H573AII6, STM32H573I-DK, STM32H573IIK3Q, STM32H573IIK6, STM32H573IIT3Q, STM32H573IIT6, STM32H573MIY3QTR, STM32H573RIT6, STM32H573RIV6, STM32H573VIT3Q, STM32H573VIT6, STM32H573ZIT3Q, STM32H573ZIT6, STM32H7R3A8I6, STM32H7R3I8K6, STM32H7R3I8T6, STM32H7R3L8H6, STM32H7R3L8H6H, STM32H7R3R8V6, STM32H7R3V8H6, STM32H7R3V8T6, STM32H7R3V8Y6TR, STM32H7R3Z8J6, STM32H7R3Z8T6, STM32H7R7A8I6, STM32H7R7I8K6, STM32H7R7I8T6, STM32H7R7L8H6, STM32H7R7L8H6H, STM32H7R7Z8J6, STM32H7S3A8I6, STM32H7S3I8K6, STM32H7S3I8T6, STM32H7S3L8H6, STM32H7S3L8H6H, STM32H7S3R8V6, STM32H7S3V8H6, STM32H7S3V8T6, STM32H7S3V8Y6TR, STM32H7S3Z8J6, STM32H7S3Z8T6, STM32H7S78-DK, STM32H7S7A8I6, STM32H7S7I8K6, STM32H7S7I8T6, STM32H7S7L8H6, STM32H7S7L8H6H, STM32H7S7Z8J6, STM32L4R5QGI6STR, STM32MP131AAE3, STM32MP131AAF3, STM32MP131AAG3, STM32MP131CAE3, STM32MP131CAF3, STM32MP131CAG3, STM32MP131DAE7, STM32MP131DAF7, STM32MP131DAG7, STM32MP131FAE7, STM32MP131FAF7, STM32MP131FAG7, STM32MP133AAE3, STM32MP133AAF3, STM32MP133AAG3, STM32MP133CAE3, STM32MP133CAF3, STM32MP133CAG3, STM32MP133DAE7, STM32MP133DAF7, STM32MP133DAG7, STM32MP133FAE7, STM32MP133FAF7, STM32MP133FAG7, STM32MP135AAE3, STM32MP135AAF3, STM32MP135AAG3, STM32MP135CAE3, STM32MP135CAF3, STM32MP135CAG3, STM32MP135DAE7, STM32MP135DAF7, STM32MP135DAG7, STM32MP135F-DK, STM32MP135FAE7, STM32MP135FAF7, STM32MP135FAF7T, STM32MP135FAF7U, STM32MP135FAG7, STM32MP231AAJ3, STM32MP231AAK3, STM32MP231AAL3, STM32MP231CAJ3, STM32MP231CAK3, STM32MP231CAL3, STM32MP231DAJ3, STM32MP231DAK3, STM32MP231DAL3, STM32MP231FAJ3, STM32MP231FAK3, STM32MP231FAL3, STM32MP233AAJ3, STM32MP233AAK3, STM32MP233AAL3, STM32MP233CAJ3, STM32MP233CAK3, STM32MP233CAL3, STM32MP233DAJ3, STM32MP233DAK3, STM32MP233DAL3, STM32MP233FAJ3, STM32MP233FAK3, STM32MP233FAL3, STM32MP235AAJ3, STM32MP235AAK3, STM32MP235AAL3, STM32MP235CAJ3, STM32MP235CAK3, STM32MP235CAL3, STM32MP235DAJ3, STM32MP235DAK3, STM32MP235DAL3, STM32MP235FAJ3, STM32MP235FAK3, STM32MP235FAL3, STM32MP251AAI3, STM32MP251AAJ3, STM32MP251AAK3, STM32MP251AAL3, STM32MP251CAI3, STM32MP251CAJ3, STM32MP251CAK3, STM32MP251CAL3, STM32MP251DAI3, STM32MP251DAJ3, STM32MP251DAK3, STM32MP251DAL3, STM32MP251FAI3, STM32MP251FAJ3, STM32MP251FAK3, STM32MP251FAL3, STM32MP253AAI3, STM32MP253AAJ3, STM32MP253AAK3, STM32MP253AAL3, STM32MP253CAI3, STM32MP253CAJ3, STM32MP253CAK3, STM32MP253CAL3, STM32MP253DAI3, STM32MP253DAJ3, STM32MP253DAK3, STM32MP253DAL3, STM32MP253FAI3, STM32MP253FAJ3, STM32MP253FAK3, STM32MP253FAL3, STM32MP255AAI3, STM32MP255AAJ3, STM32MP255AAK3, STM32MP255AAL3, STM32MP255CAI3, STM32MP255CAJ3, STM32MP255CAK3, STM32MP255CAL3, STM32MP255DAI3, STM32MP255DAJ3, STM32MP255DAK3, STM32MP255DAL3, STM32MP255FAI3, STM32MP255FAJ3, STM32MP255FAK3, STM32MP255FAL3, STM32MP257AAI3, STM32MP257AAJ3, STM32MP257AAK3, STM32MP257AAL3, STM32MP257CAI3, STM32MP257CAJ3, STM32MP257CAK3, STM32MP257CAL3, STM32MP257DAI3, STM32MP257DAJ3, STM32MP257DAK3, STM32MP257DAL3, STM32MP257F-DK, STM32MP257F-EV1, STM32MP257FAI3, STM32MP257FAJ3, STM32MP257FAK3, STM32MP257FAL3, STM32N645A0H3Q, STM32N645B0H3Q, STM32N645I0H3Q, STM32N645L0H3Q, STM32N645X0H3Q, STM32N645Z0H3Q, STM32N647A0H3Q, STM32N647B0H3Q, STM32N647I0H3Q, STM32N647L0H3Q, STM32N647X0H3Q, STM32N647Z0H3Q, STM32N655A0H3Q, STM32N655B0H3Q, STM32N655I0H3Q, STM32N655L0H3Q, STM32N655X0H3Q, STM32N655Z0H3Q, STM32N6570-DK, STM32N657A0H3Q, STM32N657B0H3Q, STM32N657I0H3Q, STM32N657L0H3Q, STM32N657X0H3Q, STM32N657Z0H3Q, STM32U031C6T6, STM32U031C6U6, STM32U031C8T6, STM32U031C8U6, STM32U031F4P6, STM32U031F6P6, STM32U031F8P6, STM32U031G6Y6TR, STM32U031G8Y6TR, STM32U031K4U6, STM32U031K6U6, STM32U031K8U6, STM32U031R6I6, STM32U031R6T6, STM32U031R8I6, STM32U031R8T6, STM32U073C8T6, STM32U073C8U6, STM32U073CBT6, STM32U073CBU6, STM32U073CCT6, STM32U073CCU6, STM32U073H8Y6TR, STM32U073HBY6TR, STM32U073HCY6TR, STM32U073K8U6, STM32U073KBU6, STM32U073KCU6, STM32U073M8I6, STM32U073M8T6, STM32U073MBI6, STM32U073MBT6, STM32U073MCI6, STM32U073MCT6, STM32U073R8I6, STM32U073R8T6, STM32U073RBI6, STM32U073RBT6, STM32U073RCI6, STM32U073RCT6, STM32U083C-DK, STM32U083CCT6, STM32U083CCU6, STM32U083HCY6TR, STM32U083KCU6, STM32U083MCI6, STM32U083MCT6, STM32U083RCI6, STM32U083RCT6, STM32U375CET6, STM32U375CET6Q, STM32U375CEU6, STM32U375CEU6Q, STM32U375CEY6QTR, STM32U375CGT6, STM32U375CGT6Q, STM32U375CGU6, STM32U375CGU6Q, STM32U375CGY6QTR, STM32U375KEU6, STM32U375KGU6, STM32U375REI6, STM32U375REI6Q, STM32U375RET6, STM32U375RET6Q, STM32U375REY6GTR, STM32U375REY6QTR, STM32U375RGI6, STM32U375RGI6Q, STM32U375RGT6, STM32U375RGT6Q, STM32U375RGY6GTR, STM32U375RGY6QTR, STM32U375VEI6, STM32U375VEI6Q, STM32U375VET6, STM32U375VET6Q, STM32U375VGI6, STM32U375VGI6Q, STM32U375VGT6, STM32U375VGT6Q, STM32U385CGT6, STM32U385CGT6Q, STM32U385CGU6, STM32U385CGU6Q, STM32U385CGY6QTR, STM32U385KGU6, STM32U385RGI6, STM32U385RGI6Q, STM32U385RGT6, STM32U385RGT6Q, STM32U385RGY6GTR, STM32U385RGY6QTR, STM32U385VGI6, STM32U385VGI6Q, STM32U385VGT6, STM32U385VGT6Q, STM32U535CBT6, STM32U535CBT6Q, STM32U535CBU6, STM32U535CBU6Q, STM32U535CCT6, STM32U535CCT6Q, STM32U535CCU6, STM32U535CCU6Q, STM32U535CET6, STM32U535CET6Q, STM32U535CEU6, STM32U535CEU6Q, STM32U535JEY6QTR, STM32U535NCY6QTR, STM32U535NEY6QTR, STM32U535RBI6, STM32U535RBI6Q, STM32U535RBT6, STM32U535RBT6Q, STM32U535RCI6, STM32U535RCI6Q, STM32U535RCT6, STM32U535RCT6Q, STM32U535REI6, STM32U535REI6Q, STM32U535RET6, STM32U535RET6Q, STM32U535VCI6, STM32U535VCI6Q, STM32U535VCT6, STM32U535VCT6Q, STM32U535VEI6, STM32U535VEI6Q, STM32U535VET6, STM32U535VET6Q, STM32U545CET6, STM32U545CET6Q, STM32U545CEU6, STM32U545CEU6Q, STM32U545JEY6QTR, STM32U545NEY6QTR, STM32U545REI6, STM32U545REI6Q, STM32U545RET6, STM32U545RET6Q, STM32U545VEI6, STM32U545VEI6Q, STM32U545VET6, STM32U545VET6Q, STM32U595AIH6, STM32U595AIH6Q, STM32U595AJH6, STM32U595AJH6Q, STM32U595QII6, STM32U595QII6Q, STM32U595QJI6, STM32U595QJI6Q, STM32U595RIT6, STM32U595RIT6Q, STM32U595RJT6, STM32U595RJT6Q, STM32U595VIT6, STM32U595VIT6Q, STM32U595VJT6, STM32U595VJT6Q, STM32U595ZIT6, STM32U595ZIT6Q, STM32U595ZIY6QTR, STM32U595ZJT6, STM32U595ZJT6Q, STM32U595ZJY6QTR, STM32U599BJY6QTR, STM32U599NIH6Q, STM32U599NJH6Q, STM32U599VIT6Q, STM32U599VJT6, STM32U599VJT6Q, STM32U599ZIT6Q, STM32U599ZIY6QTR, STM32U599ZJT6Q, STM32U599ZJY6QTR, STM32U5A5AJH6, STM32U5A5AJH6Q, STM32U5A5QII3Q , STM32U5A5QJI6, STM32U5A5QJI6Q, STM32U5A5RJT6, STM32U5A5RJT6Q, STM32U5A5VJT6, STM32U5A5VJT6Q, STM32U5A5ZJT6, STM32U5A5ZJT6Q, STM32U5A5ZJY6QTR, STM32U5A9BJY6QTR, STM32U5A9J-DK, STM32U5A9NJH6Q, STM32U5A9VJT6Q, STM32U5A9ZJT6Q, STM32U5A9ZJY6QTR, STM32U5F7VIT6, STM32U5F7VIT6Q, STM32U5F7VJT6, STM32U5F7VJT6Q, STM32U5F9BJY6QTR, STM32U5F9NJH6Q, STM32U5F9VIT6Q, STM32U5F9VJT6Q, STM32U5F9ZIJ6QTR, STM32U5F9ZIT6Q, STM32U5F9ZJJ6QTR, STM32U5F9ZJT6Q, STM32U5G7VJT6, STM32U5G7VJT6Q, STM32U5G9BJY6QTR, STM32U5G9J-DK1, STM32U5G9J-DK2, STM32U5G9NJH6Q, STM32U5G9VJT6Q, STM32U5G9ZJJ6QTR, STM32U5G9ZJT6Q, STM32WB05KZV6TR, STM32WB05KZV7TR, STM32WB05TZF6TR, STM32WB05TZF7TR, STM32WB06CCF6TR, STM32WB06CCF7TR, STM32WB06CCV6TR, STM32WB06CCV7TR, STM32WB06KCV6TR, STM32WB06KCV7TR, STM32WB07CCF6TR, STM32WB07CCF7TR, STM32WB07CCV6TR, STM32WB07CCV7TR, STM32WB07KCV6TR, STM32WB07KCV7TR, STM32WB09KEV6TR, STM32WB09KEV7TR, STM32WB09TEF6TR, STM32WB09TEF7TR, STM32WB1MMCH6, STM32WBA50KGU6, STM32WBA50KGU6TR, STM32WBA52CEU6, STM32WBA52CEU6TR, STM32WBA52CEU7, STM32WBA52CEU7TR, STM32WBA52CGU6, STM32WBA52CGU6TR, STM32WBA52CGU6U, STM32WBA52CGU7, STM32WBA52CGU7TR, STM32WBA52KEU6, STM32WBA52KEU6TR, STM32WBA52KGU6, STM32WBA52KGU6TR, STM32WBA54CEU6, STM32WBA54CEU6TR, STM32WBA54CEU7, STM32WBA54CEU7TR, STM32WBA54CGU6, STM32WBA54CGU6TR, STM32WBA54CGU7, STM32WBA54CGU7TR, STM32WBA54KEU6, STM32WBA54KEU6TR, STM32WBA54KEU7, STM32WBA54KEU7TR, STM32WBA54KGU6, STM32WBA54KGU6TR, STM32WBA54KGU7, STM32WBA54KGU7TR, STM32WBA55CEU6, STM32WBA55CEU6TR, STM32WBA55CEU7, STM32WBA55CEU7TR, STM32WBA55CGU6, STM32WBA55CGU6TR, STM32WBA55CGU6U, STM32WBA55CGU7, STM32WBA55CGU7TR, STM32WBA55G-DK1, STM32WBA55HEF6, STM32WBA55HEF7, STM32WBA55HGF6, STM32WBA55HGF7, STM32WBA55UEI6, STM32WBA55UEI6TR, STM32WBA55UEI7, STM32WBA55UEI7TR, STM32WBA55UGI6, STM32WBA55UGI6TR, STM32WBA55UGI7, STM32WBA55UGI7TR, STM32WBA5MJGH6TR, STM32WBA62CGU6, STM32WBA62CIU6, STM32WBA62MGF6, STM32WBA62MIF6, STM32WBA62PGI6, STM32WBA62PII6, STM32WBA63CGU6, STM32WBA63CGU7, STM32WBA63CIU6, STM32WBA63CIU7, STM32WBA64CGU6, STM32WBA64CGU7, STM32WBA64CIU6, STM32WBA64CIU7, STM32WBA65CGU6, STM32WBA65CGU7, STM32WBA65CIU6, STM32WBA65CIU7, STM32WBA65I-DK1, STM32WBA65MGF6, STM32WBA65MGF7, STM32WBA65MIF6, STM32WBA65MIF7, STM32WBA65PGI6, STM32WBA65PGI7, STM32WBA65PII6, STM32WBA65PII7, STM32WBA65RGV6, STM32WBA65RGV7, STM32WBA65RIV6, STM32WBA65RIV7, STM32WL30K8V6, STM32WL30KBV6, STM32WL31C8V6, STM32WL31CBV6, STM32WL31K8V6, STM32WL31KBV6, STM32WL33C8V6, STM32WL33C8V6TR, STM32WL33C8V7, STM32WL33C8V7TR, STM32WL33CBV6, STM32WL33CBV6TR, STM32WL33CBV7, STM32WL33CBV7TR, STM32WL33CCV6, STM32WL33CCV6TR, STM32WL33CCV7, STM32WL33CCV7A, STM32WL33CCV7ATR, STM32WL33CCV7TR, STM32WL33K8V6, STM32WL33K8V6TR, STM32WL33K8V7, STM32WL33K8V7TR, STM32WL33KBV6, STM32WL33KBV6TR, STM32WL33KBV7, STM32WL33KBV7TR, STM32WL33KCV6, STM32WL33KCV6TR, STM32WL33KCV7, STM32WL33KCV7TR, STM32WL5MOCH6, STM32WL5MOCH6TR]
2025-07-28 14:50:47,603 [INFO] ApiDb:668 - CubeFinder database Data Model version=2.1
2025-07-28 14:50:47,603 [INFO] ApiDb:669 - CubeFinder database Configuration version=3.0.39
2025-07-28 14:50:47,603 [INFO] ApiDb:670 - CubeFinder database generation date=2025-07-21 (1753107327)
2025-07-28 14:50:47,604 [INFO] ApiDb:671 - CubeFinder database FW Pack versions=[FP-ATR-ASTRA1_V2.0.0, FP-SNS-FLIGHT1_V5.1.0, FP-SNS-MOTENV1_V5.0.0, FP-SNS-MOTENVWB1_V1.4.0, FP-SNS-SMARTAG2_V1.2.0, FP-SNS-STBOX1_V2.0.0, STM32Cube_FW_C0_V1.4.0, STM32Cube_FW_F4_V1.28.2, STM32Cube_FW_F7_V1.17.3, STM32Cube_FW_G0_V1.6.2, STM32Cube_FW_G4_V1.6.1, STM32Cube_FW_H5_V1.5.0, STM32Cube_FW_H7RS_V1.2.0, STM32Cube_FW_H7_V1.12.1, STM32Cube_FW_L0_V1.12.2, STM32Cube_FW_L4_V1.18.1, STM32Cube_FW_L5_V1.5.1, STM32Cube_FW_N6_V1.2.0, STM32Cube_FW_U0_V1.3.0, STM32Cube_FW_U3_V1.2.0, STM32Cube_FW_U5_V1.8.0, STM32Cube_FW_WB0_V1.3.0, STM32Cube_FW_WBA_V1.7.0, STM32Cube_FW_WB_V1.23.0, STM32Cube_FW_WL3_V1.2.0, STM32Cube_FW_WL_V1.3.1, X-CUBE-ALGOBUILD_V1.4.0, X-CUBE-ALS_V1.0.2, X-CUBE-AZRTOS-F4_V1.1.0, X-CUBE-AZRTOS-F7_V1.1.0, X-CUBE-AZRTOS-G0_V1.1.0, X-CUBE-AZRTOS-G4_V2.0.0, X-CUBE-AZRTOS-H7RS_V1.1.0, X-CUBE-AZRTOS-H7_V3.3.0, X-CUBE-AZRTOS-L4_V2.0.0, X-CUBE-AZRTOS-L5_V2.0.0, X-CUBE-AZRTOS-WB_V2.0.0, X-CUBE-AZRTOS-WL_V2.0.0, X-CUBE-BLE1_V7.1.0, X-CUBE-BLE2_V3.3.0, X-CUBE-BLEMGR_V4.0.0, X-CUBE-EEPRMA1_V5.1.0, X-CUBE-FREERTOS_V1.3.1, X-CUBE-GNSS1_V6.0.0, X-CUBE-MEMS1_V11.3.0, X-CUBE-NFC4_V3.0.0, X-CUBE-NFC7_V2.0.0, X-CUBE-SFXS2LP1_V4.0.0, X-CUBE-SUBG2_V5.0.0, X-CUBE-TOF1_V3.4.3]
2025-07-28 14:50:52,589 [INFO] ApiDb:240 - Found 895 in-development CPN: [B-G473E-ZEST1S, B-WB1M-WPAN1, B-WBA5M-WPAN, B-WL5M-SUBG1, NUCLEO-C031C6, NUCLEO-C051C8, NUCLEO-C071RB, NUCLEO-C092RC, NUCLEO-H503RB, NUCLEO-H533RE, NUCLEO-H563ZI, NUCLEO-H7S3L8, NUCLEO-N657X0-Q, NUCLEO-U031R8, NUCLEO-U083RC, NUCLEO-U385RG-Q, NUCLEO-U545RE-Q, NUCLEO-U5A5ZJ-Q, NUCLEO-WB05KZ, NUCLEO-WB07CC, NUCLEO-WB09KE, NUCLEO-WBA52CG, NUCLEO-WBA55CG, NUCLEO-WBA65RI, NUCLEO-WL33CC1, NUCLEO-WL33CC2, STEVAL-PROTEUS1, STEVAL-SMARTAG2, STEVAL-STWINBX1, STM320518-EVAL, STM32C0116-DK, STM32C011D6Y3TR, STM32C011D6Y6TR, STM32C011F4P3, STM32C011F4P6, STM32C011F4U3, STM32C011F4U6TR, STM32C011F6P3, STM32C011F6P6, STM32C011F6U3, STM32C011F6U6TR, STM32C011J4M3, STM32C011J4M6, STM32C011J6M3, STM32C011J6M6, STM32C0316-DK, STM32C031C4T3, STM32C031C4T6, STM32C031C4U3, STM32C031C4U6, STM32C031C6T3, STM32C031C6T6, STM32C031C6U3, STM32C031C6U6, STM32C031F4P3, STM32C031F4P6, STM32C031F6P3, STM32C031F6P6, STM32C031G4U3, STM32C031G4U6, STM32C031G6U3, STM32C031G6U6, STM32C031K4T3, STM32C031K4T6, STM32C031K4U3, STM32C031K4U6, STM32C031K6T3, STM32C031K6T6, STM32C031K6U3, STM32C031K6U6, STM32C051C6T6, STM32C051C6U6, STM32C051C8T6, STM32C051C8U6, STM32C051D8Y6TR, STM32C051F6P6, STM32C051F8P6, STM32C051G6U6, STM32C051G8U6, STM32C051K6T6, STM32C051K6U6, STM32C051K8T6, STM32C071C8T6, STM32C071C8T6N, STM32C071C8U6, STM32C071C8U6N, STM32C071CBT6, STM32C071CBT6N, STM32C071CBU6, STM32C071CBU6N, STM32C071F8P6, STM32C071F8P6N, STM32C071FBP6, STM32C071FBP6N, STM32C071FBY6TR, STM32C071G8U6, STM32C071G8U6N, STM32C071GBU6, STM32C071GBU6N, STM32C071K8T6, STM32C071K8T6N, STM32C071K8U6, STM32C071K8U6N, STM32C071KBT6, STM32C071KBT6N, STM32C071KBU6, STM32C071KBU6N, STM32C071R8T6, STM32C071R8T6N, STM32C071RBI6N, STM32C071RBT6, STM32C071RBT6N, STM32C091CBT6, STM32C091CBU6, STM32C091CCT6, STM32C091CCU6, STM32C091ECY6TR, STM32C091FBP6, STM32C091FCP6, STM32C091GBU6, STM32C091GCU6, STM32C091KBT6, STM32C091KBU6, STM32C091KCT6, STM32C091KCU6, STM32C091RBT6, STM32C091RCI6, STM32C091RCT6, STM32C092CBT6, STM32C092CBU6, STM32C092CCT6, STM32C092CCU6, STM32C092ECY6TR, STM32C092FBP6, STM32C092FCP6, STM32C092GBU6, STM32C092GCU6, STM32C092KBT6, STM32C092KBU6, STM32C092KCT6, STM32C092KCU6, STM32C092RBT6, STM32C092RCI6, STM32C092RCT6, STM32G071K8TXN, STM32G071K8UXN, STM32G081GBU6N, STM32G081KBT6N, STM32G081KBUXN, STM32G0B1CCT6N, STM32G0B1KCT6, STM32G0B1NEY6TR, STM32G0B1RCT6N, STM32G0C1CCT6, STM32G0C1CCT6N, STM32G0C1CCU6N, STM32G0C1CET6N, STM32G0C1CEU6N, STM32G0C1KCT6, STM32G0C1NEY6TR, STM32G0C1RCI6N, STM32G0C1RCT6N, STM32G0C1REI6N, STM32G0C1RET6N, STM32G0C1VCI6, STM32G0C1VEI6, STM32G411C6T3, STM32G411C6T6, STM32G411C6U3, STM32G411C6U6, STM32G411C8T3, STM32G411C8T6, STM32G411C8U3, STM32G411C8U6, STM32G411CBT3, STM32G411CBT6, STM32G411CBU3, STM32G411CBU6, STM32G411CCT3, STM32G411CCT6, STM32G411CCU3, STM32G411CCU6, STM32G411K6T3, STM32G411K6T6, STM32G411K6U3, STM32G411K6U6, STM32G411K8T3, STM32G411K8T6, STM32G411K8U3, STM32G411K8U6, STM32G411KBT3, STM32G411KBT6, STM32G411KBU3, STM32G411KBU6, STM32G411M6T3, STM32G411M6T6, STM32G411M8T3, STM32G411M8T6, STM32G411MBT3, STM32G411MBT6, STM32G411MCT3, STM32G411MCT6, STM32G411R6T3, STM32G411R6T6, STM32G411R8T3, STM32G411R8T6, STM32G411RBT3, STM32G411RBT6, STM32G411RCT3, STM32G411RCT6, STM32G414CBT3, STM32G414CBT6, STM32G414CBU3, STM32G414CBU6, STM32G414CCT3, STM32G414CCT6, STM32G414CCU3, STM32G414CCU6, STM32G414MBT3, STM32G414MBT6, STM32G414MCT3, STM32G414MCT6, STM32G414RBT3, STM32G414RBT6, STM32G414RCT3, STM32G414RCT6, STM32G414VBT3, STM32G414VBT6, STM32G414VCT3, STM32G414VCT6, STM32G431CBT3Z, STM32G431RBT3Z, STM32G471CCT6, STM32G471CCU6, STM32G471CET3, STM32G471CET6, STM32G471CEU3, STM32G471CEU6, STM32G471MCT6, STM32G471MET3, STM32G471MET6, STM32G471MEY6TR, STM32G471QCT6, STM32G471QET3, STM32G471RCT6, STM32G471RET3, STM32G471RET6, STM32G471VCH6, STM32G471VCI6, STM32G471VCT6, STM32G471VEH3, STM32G471VEH6, STM32G471VEI3, STM32G471VEI6, STM32G471VET3, STM32G471VET6, STM32G473QET3Z, STM32G473RET3Z, STM32G474CCT6, STM32G491RET3Z, STM32H503CBT6, STM32H503CBU6, STM32H503EBY6TR, STM32H503KBU6, STM32H503RBT6, STM32H523CCT6, STM32H523CCU6, STM32H523CET6, STM32H523CEU6, STM32H523HEY6TR, STM32H523RCT6, STM32H523RET6, STM32H523VCI6, STM32H523VCT6, STM32H523VEI6, STM32H523VET6, STM32H523ZCJ6, STM32H523ZCT6, STM32H523ZEJ6, STM32H523ZET6, STM32H533CET6, STM32H533CEU6, STM32H533HEY6TR, STM32H533RET6, STM32H533VEI6, STM32H533VET6, STM32H533ZEJ6, STM32H533ZET6, STM32H562AGI6, STM32H562AII6, STM32H562IGK6, STM32H562IGT6, STM32H562IIK6, STM32H562IIT6, STM32H562RGT6, STM32H562RGV6, STM32H562RIT6, STM32H562RIV6, STM32H562VGT6, STM32H562VIT6, STM32H562ZGT6, STM32H562ZIT6, STM32H563AGI6, STM32H563AII3Q, STM32H563AII6, STM32H563IGK6, STM32H563IGT6, STM32H563IIK3Q, STM32H563IIK6, STM32H563IIT3Q, STM32H563IIT6, STM32H563MIY3QTR, STM32H563RGT6, STM32H563RGV6, STM32H563RIT6, STM32H563RIV6, STM32H563VGT6, STM32H563VIT3Q, STM32H563VIT6, STM32H563ZGT6, STM32H563ZIT3Q, STM32H563ZIT6, STM32H573AII3Q, STM32H573AII6, STM32H573I-DK, STM32H573IIK3Q, STM32H573IIK6, STM32H573IIT3Q, STM32H573IIT6, STM32H573MIY3QTR, STM32H573RIT6, STM32H573RIV6, STM32H573VIT3Q, STM32H573VIT6, STM32H573ZIT3Q, STM32H573ZIT6, STM32H7R3A8I6, STM32H7R3I8K6, STM32H7R3I8T6, STM32H7R3L8H6, STM32H7R3L8H6H, STM32H7R3R8V6, STM32H7R3V8H6, STM32H7R3V8T6, STM32H7R3V8Y6TR, STM32H7R3Z8J6, STM32H7R3Z8T6, STM32H7R7A8I6, STM32H7R7I8K6, STM32H7R7I8T6, STM32H7R7L8H6, STM32H7R7L8H6H, STM32H7R7Z8J6, STM32H7S3A8I6, STM32H7S3I8K6, STM32H7S3I8T6, STM32H7S3L8H6, STM32H7S3L8H6H, STM32H7S3R8V6, STM32H7S3V8H6, STM32H7S3V8T6, STM32H7S3V8Y6TR, STM32H7S3Z8J6, STM32H7S3Z8T6, STM32H7S78-DK, STM32H7S7A8I6, STM32H7S7I8K6, STM32H7S7I8T6, STM32H7S7L8H6, STM32H7S7L8H6H, STM32H7S7Z8J6, STM32L4R5QGI6STR, STM32MP131AAE3, STM32MP131AAF3, STM32MP131AAG3, STM32MP131CAE3, STM32MP131CAF3, STM32MP131CAG3, STM32MP131DAE7, STM32MP131DAF7, STM32MP131DAG7, STM32MP131FAE7, STM32MP131FAF7, STM32MP131FAG7, STM32MP133AAE3, STM32MP133AAF3, STM32MP133AAG3, STM32MP133CAE3, STM32MP133CAF3, STM32MP133CAG3, STM32MP133DAE7, STM32MP133DAF7, STM32MP133DAG7, STM32MP133FAE7, STM32MP133FAF7, STM32MP133FAG7, STM32MP135AAE3, STM32MP135AAF3, STM32MP135AAG3, STM32MP135CAE3, STM32MP135CAF3, STM32MP135CAG3, STM32MP135DAE7, STM32MP135DAF7, STM32MP135DAG7, STM32MP135F-DK, STM32MP135FAE7, STM32MP135FAF7, STM32MP135FAF7T, STM32MP135FAF7U, STM32MP135FAG7, STM32MP231AAJ3, STM32MP231AAK3, STM32MP231AAL3, STM32MP231CAJ3, STM32MP231CAK3, STM32MP231CAL3, STM32MP231DAJ3, STM32MP231DAK3, STM32MP231DAL3, STM32MP231FAJ3, STM32MP231FAK3, STM32MP231FAL3, STM32MP233AAJ3, STM32MP233AAK3, STM32MP233AAL3, STM32MP233CAJ3, STM32MP233CAK3, STM32MP233CAL3, STM32MP233DAJ3, STM32MP233DAK3, STM32MP233DAL3, STM32MP233FAJ3, STM32MP233FAK3, STM32MP233FAL3, STM32MP235AAJ3, STM32MP235AAK3, STM32MP235AAL3, STM32MP235CAJ3, STM32MP235CAK3, STM32MP235CAL3, STM32MP235DAJ3, STM32MP235DAK3, STM32MP235DAL3, STM32MP235FAJ3, STM32MP235FAK3, STM32MP235FAL3, STM32MP251AAI3, STM32MP251AAJ3, STM32MP251AAK3, STM32MP251AAL3, STM32MP251CAI3, STM32MP251CAJ3, STM32MP251CAK3, STM32MP251CAL3, STM32MP251DAI3, STM32MP251DAJ3, STM32MP251DAK3, STM32MP251DAL3, STM32MP251FAI3, STM32MP251FAJ3, STM32MP251FAK3, STM32MP251FAL3, STM32MP253AAI3, STM32MP253AAJ3, STM32MP253AAK3, STM32MP253AAL3, STM32MP253CAI3, STM32MP253CAJ3, STM32MP253CAK3, STM32MP253CAL3, STM32MP253DAI3, STM32MP253DAJ3, STM32MP253DAK3, STM32MP253DAL3, STM32MP253FAI3, STM32MP253FAJ3, STM32MP253FAK3, STM32MP253FAL3, STM32MP255AAI3, STM32MP255AAJ3, STM32MP255AAK3, STM32MP255AAL3, STM32MP255CAI3, STM32MP255CAJ3, STM32MP255CAK3, STM32MP255CAL3, STM32MP255DAI3, STM32MP255DAJ3, STM32MP255DAK3, STM32MP255DAL3, STM32MP255FAI3, STM32MP255FAJ3, STM32MP255FAK3, STM32MP255FAL3, STM32MP257AAI3, STM32MP257AAJ3, STM32MP257AAK3, STM32MP257AAL3, STM32MP257CAI3, STM32MP257CAJ3, STM32MP257CAK3, STM32MP257CAL3, STM32MP257DAI3, STM32MP257DAJ3, STM32MP257DAK3, STM32MP257DAL3, STM32MP257F-DK, STM32MP257F-EV1, STM32MP257FAI3, STM32MP257FAJ3, STM32MP257FAK3, STM32MP257FAL3, STM32N645A0H3Q, STM32N645B0H3Q, STM32N645I0H3Q, STM32N645L0H3Q, STM32N645X0H3Q, STM32N645Z0H3Q, STM32N647A0H3Q, STM32N647B0H3Q, STM32N647I0H3Q, STM32N647L0H3Q, STM32N647X0H3Q, STM32N647Z0H3Q, STM32N655A0H3Q, STM32N655B0H3Q, STM32N655I0H3Q, STM32N655L0H3Q, STM32N655X0H3Q, STM32N655Z0H3Q, STM32N6570-DK, STM32N657A0H3Q, STM32N657B0H3Q, STM32N657I0H3Q, STM32N657L0H3Q, STM32N657X0H3Q, STM32N657Z0H3Q, STM32U031C6T6, STM32U031C6U6, STM32U031C8T6, STM32U031C8U6, STM32U031F4P6, STM32U031F6P6, STM32U031F8P6, STM32U031G6Y6TR, STM32U031G8Y6TR, STM32U031K4U6, STM32U031K6U6, STM32U031K8U6, STM32U031R6I6, STM32U031R6T6, STM32U031R8I6, STM32U031R8T6, STM32U073C8T6, STM32U073C8U6, STM32U073CBT6, STM32U073CBU6, STM32U073CCT6, STM32U073CCU6, STM32U073H8Y6TR, STM32U073HBY6TR, STM32U073HCY6TR, STM32U073K8U6, STM32U073KBU6, STM32U073KCU6, STM32U073M8I6, STM32U073M8T6, STM32U073MBI6, STM32U073MBT6, STM32U073MCI6, STM32U073MCT6, STM32U073R8I6, STM32U073R8T6, STM32U073RBI6, STM32U073RBT6, STM32U073RCI6, STM32U073RCT6, STM32U083C-DK, STM32U083CCT6, STM32U083CCU6, STM32U083HCY6TR, STM32U083KCU6, STM32U083MCI6, STM32U083MCT6, STM32U083RCI6, STM32U083RCT6, STM32U375CET6, STM32U375CET6Q, STM32U375CEU6, STM32U375CEU6Q, STM32U375CEY6QTR, STM32U375CGT6, STM32U375CGT6Q, STM32U375CGU6, STM32U375CGU6Q, STM32U375CGY6QTR, STM32U375KEU6, STM32U375KGU6, STM32U375REI6, STM32U375REI6Q, STM32U375RET6, STM32U375RET6Q, STM32U375REY6GTR, STM32U375REY6QTR, STM32U375RGI6, STM32U375RGI6Q, STM32U375RGT6, STM32U375RGT6Q, STM32U375RGY6GTR, STM32U375RGY6QTR, STM32U375VEI6, STM32U375VEI6Q, STM32U375VET6, STM32U375VET6Q, STM32U375VGI6, STM32U375VGI6Q, STM32U375VGT6, STM32U375VGT6Q, STM32U385CGT6, STM32U385CGT6Q, STM32U385CGU6, STM32U385CGU6Q, STM32U385CGY6QTR, STM32U385KGU6, STM32U385RGI6, STM32U385RGI6Q, STM32U385RGT6, STM32U385RGT6Q, STM32U385RGY6GTR, STM32U385RGY6QTR, STM32U385VGI6, STM32U385VGI6Q, STM32U385VGT6, STM32U385VGT6Q, STM32U535CBT6, STM32U535CBT6Q, STM32U535CBU6, STM32U535CBU6Q, STM32U535CCT6, STM32U535CCT6Q, STM32U535CCU6, STM32U535CCU6Q, STM32U535CET6, STM32U535CET6Q, STM32U535CEU6, STM32U535CEU6Q, STM32U535JEY6QTR, STM32U535NCY6QTR, STM32U535NEY6QTR, STM32U535RBI6, STM32U535RBI6Q, STM32U535RBT6, STM32U535RBT6Q, STM32U535RCI6, STM32U535RCI6Q, STM32U535RCT6, STM32U535RCT6Q, STM32U535REI6, STM32U535REI6Q, STM32U535RET6, STM32U535RET6Q, STM32U535VCI6, STM32U535VCI6Q, STM32U535VCT6, STM32U535VCT6Q, STM32U535VEI6, STM32U535VEI6Q, STM32U535VET6, STM32U535VET6Q, STM32U545CET6, STM32U545CET6Q, STM32U545CEU6, STM32U545CEU6Q, STM32U545JEY6QTR, STM32U545NEY6QTR, STM32U545REI6, STM32U545REI6Q, STM32U545RET6, STM32U545RET6Q, STM32U545VEI6, STM32U545VEI6Q, STM32U545VET6, STM32U545VET6Q, STM32U595AIH6, STM32U595AIH6Q, STM32U595AJH6, STM32U595AJH6Q, STM32U595QII6, STM32U595QII6Q, STM32U595QJI6, STM32U595QJI6Q, STM32U595RIT6, STM32U595RIT6Q, STM32U595RJT6, STM32U595RJT6Q, STM32U595VIT6, STM32U595VIT6Q, STM32U595VJT6, STM32U595VJT6Q, STM32U595ZIT6, STM32U595ZIT6Q, STM32U595ZIY6QTR, STM32U595ZJT6, STM32U595ZJT6Q, STM32U595ZJY6QTR, STM32U599BJY6QTR, STM32U599NIH6Q, STM32U599NJH6Q, STM32U599VIT6Q, STM32U599VJT6, STM32U599VJT6Q, STM32U599ZIT6Q, STM32U599ZIY6QTR, STM32U599ZJT6Q, STM32U599ZJY6QTR, STM32U5A5AJH6, STM32U5A5AJH6Q, STM32U5A5QII3Q , STM32U5A5QJI6, STM32U5A5QJI6Q, STM32U5A5RJT6, STM32U5A5RJT6Q, STM32U5A5VJT6, STM32U5A5VJT6Q, STM32U5A5ZJT6, STM32U5A5ZJT6Q, STM32U5A5ZJY6QTR, STM32U5A9BJY6QTR, STM32U5A9J-DK, STM32U5A9NJH6Q, STM32U5A9VJT6Q, STM32U5A9ZJT6Q, STM32U5A9ZJY6QTR, STM32U5F7VIT6, STM32U5F7VIT6Q, STM32U5F7VJT6, STM32U5F7VJT6Q, STM32U5F9BJY6QTR, STM32U5F9NJH6Q, STM32U5F9VIT6Q, STM32U5F9VJT6Q, STM32U5F9ZIJ6QTR, STM32U5F9ZIT6Q, STM32U5F9ZJJ6QTR, STM32U5F9ZJT6Q, STM32U5G7VJT6, STM32U5G7VJT6Q, STM32U5G9BJY6QTR, STM32U5G9J-DK1, STM32U5G9J-DK2, STM32U5G9NJH6Q, STM32U5G9VJT6Q, STM32U5G9ZJJ6QTR, STM32U5G9ZJT6Q, STM32WB05KZV6TR, STM32WB05KZV7TR, STM32WB05TZF6TR, STM32WB05TZF7TR, STM32WB06CCF6TR, STM32WB06CCF7TR, STM32WB06CCV6TR, STM32WB06CCV7TR, STM32WB06KCV6TR, STM32WB06KCV7TR, STM32WB07CCF6TR, STM32WB07CCF7TR, STM32WB07CCV6TR, STM32WB07CCV7TR, STM32WB07KCV6TR, STM32WB07KCV7TR, STM32WB09KEV6TR, STM32WB09KEV7TR, STM32WB09TEF6TR, STM32WB09TEF7TR, STM32WB1MMCH6, STM32WBA50KGU6, STM32WBA50KGU6TR, STM32WBA52CEU6, STM32WBA52CEU6TR, STM32WBA52CEU7, STM32WBA52CEU7TR, STM32WBA52CGU6, STM32WBA52CGU6TR, STM32WBA52CGU6U, STM32WBA52CGU7, STM32WBA52CGU7TR, STM32WBA52KEU6, STM32WBA52KEU6TR, STM32WBA52KGU6, STM32WBA52KGU6TR, STM32WBA54CEU6, STM32WBA54CEU6TR, STM32WBA54CEU7, STM32WBA54CEU7TR, STM32WBA54CGU6, STM32WBA54CGU6TR, STM32WBA54CGU7, STM32WBA54CGU7TR, STM32WBA54KEU6, STM32WBA54KEU6TR, STM32WBA54KEU7, STM32WBA54KEU7TR, STM32WBA54KGU6, STM32WBA54KGU6TR, STM32WBA54KGU7, STM32WBA54KGU7TR, STM32WBA55CEU6, STM32WBA55CEU6TR, STM32WBA55CEU7, STM32WBA55CEU7TR, STM32WBA55CGU6, STM32WBA55CGU6TR, STM32WBA55CGU6U, STM32WBA55CGU7, STM32WBA55CGU7TR, STM32WBA55G-DK1, STM32WBA55HEF6, STM32WBA55HEF7, STM32WBA55HGF6, STM32WBA55HGF7, STM32WBA55UEI6, STM32WBA55UEI6TR, STM32WBA55UEI7, STM32WBA55UEI7TR, STM32WBA55UGI6, STM32WBA55UGI6TR, STM32WBA55UGI7, STM32WBA55UGI7TR, STM32WBA5MJGH6TR, STM32WBA62CGU6, STM32WBA62CIU6, STM32WBA62MGF6, STM32WBA62MIF6, STM32WBA62PGI6, STM32WBA62PII6, STM32WBA63CGU6, STM32WBA63CGU7, STM32WBA63CIU6, STM32WBA63CIU7, STM32WBA64CGU6, STM32WBA64CGU7, STM32WBA64CIU6, STM32WBA64CIU7, STM32WBA65CGU6, STM32WBA65CGU7, STM32WBA65CIU6, STM32WBA65CIU7, STM32WBA65I-DK1, STM32WBA65MGF6, STM32WBA65MGF7, STM32WBA65MIF6, STM32WBA65MIF7, STM32WBA65PGI6, STM32WBA65PGI7, STM32WBA65PII6, STM32WBA65PII7, STM32WBA65RGV6, STM32WBA65RGV7, STM32WBA65RIV6, STM32WBA65RIV7, STM32WL30K8V6, STM32WL30KBV6, STM32WL31C8V6, STM32WL31CBV6, STM32WL31K8V6, STM32WL31KBV6, STM32WL33C8V6, STM32WL33C8V6TR, STM32WL33C8V7, STM32WL33C8V7TR, STM32WL33CBV6, STM32WL33CBV6TR, STM32WL33CBV7, STM32WL33CBV7TR, STM32WL33CCV6, STM32WL33CCV6TR, STM32WL33CCV7, STM32WL33CCV7A, STM32WL33CCV7ATR, STM32WL33CCV7TR, STM32WL33K8V6, STM32WL33K8V6TR, STM32WL33K8V7, STM32WL33K8V7TR, STM32WL33KBV6, STM32WL33KBV6TR, STM32WL33KBV7, STM32WL33KBV7TR, STM32WL33KCV6, STM32WL33KCV6TR, STM32WL33KCV7, STM32WL33KCV7TR, STM32WL5MOCH6, STM32WL5MOCH6TR]
2025-07-28 14:50:52,599 [INFO] DbMcus:218 - Found 4747 MCUs, 4747 are supported
2025-07-28 14:50:52,623 [INFO] ApiDb:423 - Load user favorites file /home/nova/.stm32cubeide/favorites.mcus.txt: 1 item(s)
2025-07-28 14:50:52,623 [INFO] ApiDb:427 - User favorites MCUs=[STM32F446RET6]
2025-07-28 14:50:52,624 [INFO] DbMcus:224 - Set 1 / 1 favorites MCUs
2025-07-28 14:50:54,172 [INFO] BoardInfo:889 - No configuration file found for board P-NUCLEO-WB55
2025-07-28 14:50:54,173 [INFO] DbBoards:161 - Kit is not supported: P-NUCLEO-WB55
2025-07-28 14:50:54,178 [INFO] BoardInfo:889 - No configuration file found for board STEVAL-BFA001V1B
2025-07-28 14:50:54,179 [INFO] DbBoards:161 - Kit is not supported: STEVAL-BFA001V1B
2025-07-28 14:50:54,180 [INFO] BoardInfo:889 - No configuration file found for board STEVAL-BFA001V2B
2025-07-28 14:50:54,180 [INFO] DbBoards:161 - Kit is not supported: STEVAL-BFA001V2B
2025-07-28 14:50:54,395 [INFO] DbBoards:168 - Found 211 boards, 208 are supported
2025-07-28 14:50:54,395 [INFO] DbBoards:169 - Found 211 boards, 43 of them is supported for  Bsp
2025-07-28 14:50:54,398 [INFO] ApiDb:423 - Load user favorites file /home/nova/.stm32cubeide/favorites.boards.txt: 0 item(s)
2025-07-28 14:50:54,399 [INFO] ApiDb:427 - User favorites Boards=[]
2025-07-28 14:50:54,399 [INFO] DbBoards:198 - Set 0 / 0 favorites Boards
2025-07-28 14:50:54,602 [INFO] UtilMem:75 - End LoadConfig() Used Memory: 626897960 Bytes (1073741824)
2025-07-28 14:50:55,628 [WARN] ThirdParty:833 - waiting for thirdparty lock release [change project]
2025-07-28 14:50:55,628 [INFO] ThirdParty:835 - entering critical section [change project]
2025-07-28 14:50:55,628 [INFO] ThirdParty:1030 - CMSIS Pack Vendor :STMicroelectronics USBPD 4.1
2025-07-28 14:50:55,629 [INFO] ThirdParty:1030 - CMSIS Pack Vendor :STMicroelectronics X-CUBE-DISPLAY 3.0.0
2025-07-28 14:50:55,629 [INFO] ThirdParty:1030 - CMSIS Pack Vendor :STMicroelectronics USB_HOST 2.0.0
2025-07-28 14:50:55,629 [INFO] ThirdParty:1030 - CMSIS Pack Vendor :STMicroelectronics FP-SNS-MOTENVWB1 1.4.0
2025-07-28 14:50:55,629 [INFO] ThirdParty:1030 - CMSIS Pack Vendor :STMicroelectronics LIBJPEG 8.0.0
2025-07-28 14:50:55,629 [INFO] ThirdParty:1030 - CMSIS Pack Vendor :STMicroelectronics FP-ATR-SIGFOX1 3.2.0
2025-07-28 14:50:55,629 [INFO] ThirdParty:1030 - CMSIS Pack Vendor :STMicroelectronics USB_DEVICE 3.0.0
2025-07-28 14:50:55,629 [INFO] ThirdParty:1030 - CMSIS Pack Vendor :STMicroelectronics HAL Drivers 0.0.0
2025-07-28 14:50:55,629 [INFO] ThirdParty:1030 - CMSIS Pack Vendor :STMicroelectronics MBEDTLS 2.16.2
2025-07-28 14:50:55,629 [INFO] ThirdParty:1030 - CMSIS Pack Vendor :STMicroelectronics X-CUBE-ALS 1.0.2
2025-07-28 14:50:55,629 [INFO] ThirdParty:1030 - CMSIS Pack Vendor :STMicroelectronics MBEDTLS 2.14.1
2025-07-28 14:50:55,629 [INFO] ThirdParty:1030 - CMSIS Pack Vendor :STMicroelectronics USB_DEVICE 2.0.0
2025-07-28 14:50:55,630 [INFO] ThirdParty:1030 - CMSIS Pack Vendor :STMicroelectronics FP-SNS-STBOX1 2.0.0
2025-07-28 14:50:55,630 [INFO] ThirdParty:1030 - CMSIS Pack Vendor :STMicroelectronics ThreadX 1.0.0
2025-07-28 14:50:55,630 [INFO] ThirdParty:1030 - CMSIS Pack Vendor :STMicroelectronics FP-SNS-SMARTAG2 1.2.0
2025-07-28 14:50:55,630 [INFO] ThirdParty:1030 - CMSIS Pack Vendor :STMicroelectronics FreeRTOS 0.0.1
2025-07-28 14:50:55,630 [INFO] ThirdParty:1030 - CMSIS Pack Vendor :STMicroelectronics FP-SNS-MOTENV1 5.0.0
2025-07-28 14:50:55,630 [INFO] ThirdParty:1030 - CMSIS Pack Vendor :STMicroelectronics USB_DEVICE 1.0.0
2025-07-28 14:50:55,630 [INFO] ThirdParty:1030 - CMSIS Pack Vendor :STMicroelectronics STM32_WPAN 1.0.0
2025-07-28 14:50:55,630 [INFO] ThirdParty:1030 - CMSIS Pack Vendor :STMicroelectronics ThreadX 0.0.2
2025-07-28 14:50:55,630 [INFO] ThirdParty:1030 - CMSIS Pack Vendor :STMicroelectronics lwIP 2.1.2
2025-07-28 14:50:55,630 [INFO] ThirdParty:1030 - CMSIS Pack Vendor :STMicroelectronics lwIP 2.0.3
2025-07-28 14:50:55,631 [INFO] ThirdParty:1030 - CMSIS Pack Vendor :STMicroelectronics X-CUBE-BLE2 3.3.0
2025-07-28 14:50:55,631 [INFO] ThirdParty:1030 - CMSIS Pack Vendor :STMicroelectronics USB_HOST 1.0.0
2025-07-28 14:50:55,631 [INFO] ThirdParty:1030 - CMSIS Pack Vendor :STMicroelectronics PDM2PCM 3.1.0
2025-07-28 14:50:55,631 [INFO] ThirdParty:1030 - CMSIS Pack Vendor :STMicroelectronics PDM2PCM 3.2.0
2025-07-28 14:50:55,631 [INFO] ThirdParty:1030 - CMSIS Pack Vendor :STMicroelectronics PDM2PCM 3.3.0
2025-07-28 14:50:55,631 [INFO] ThirdParty:841 - exiting critical section [change project]
2025-07-28 14:50:57,305 [INFO] PinOutPanel:1589 - setPackage(No Configuration,No Configuration)
2025-07-28 14:50:57,310 [INFO] PinOutPanel:1589 - setPackage(STM32F446RETx,LQFP64)
2025-07-28 14:50:59,838 [INFO] UtilMem:75 - Before build in PCC Used Memory: 577241088 Bytes (1073741824)
2025-07-28 14:51:02,043 [INFO] UtilMem:75 - After build in PCC Used Memory: 766511104 Bytes (1073741824)
2025-07-28 14:51:02,137 [INFO] IPUIPlugin:80 - create IPUIPlugin
2025-07-28 14:51:02,137 [INFO] IPUIPlugin:80 - create IPUIPlugin
2025-07-28 14:51:02,137 [INFO] IPUIPlugin:80 - create IPUIPlugin
2025-07-28 14:51:02,138 [INFO] IPUIPlugin:80 - create IPUIPlugin
2025-07-28 14:51:02,138 [INFO] IPUIPlugin:80 - create IPUIPlugin
2025-07-28 14:51:02,138 [INFO] IPUIPlugin:80 - create IPUIPlugin
2025-07-28 14:51:02,138 [INFO] IPUIPlugin:80 - create IPUIPlugin
2025-07-28 14:51:02,139 [INFO] IPUIPlugin:80 - create IPUIPlugin
2025-07-28 14:51:02,139 [INFO] IPUIPlugin:80 - create IPUIPlugin
2025-07-28 14:51:02,139 [INFO] IPUIPlugin:80 - create IPUIPlugin
2025-07-28 14:51:02,140 [INFO] IPUIPlugin:80 - create IPUIPlugin
2025-07-28 14:51:02,140 [INFO] IPUIPlugin:80 - create IPUIPlugin
2025-07-28 14:51:02,140 [INFO] IPUIPlugin:80 - create IPUIPlugin
2025-07-28 14:51:02,141 [INFO] IPUIPlugin:80 - create IPUIPlugin
2025-07-28 14:51:02,141 [INFO] IPUIPlugin:80 - create IPUIPlugin
2025-07-28 14:51:02,141 [INFO] IPUIPlugin:80 - create IPUIPlugin
2025-07-28 14:51:02,141 [INFO] IPUIPlugin:80 - create IPUIPlugin
2025-07-28 14:51:02,142 [INFO] IPUIPlugin:80 - create IPUIPlugin
2025-07-28 14:51:02,142 [INFO] IPUIPlugin:80 - create IPUIPlugin
2025-07-28 14:51:02,145 [INFO] IPUIPlugin:80 - create IPUIPlugin
2025-07-28 14:51:02,145 [INFO] IPUIPlugin:80 - create IPUIPlugin
2025-07-28 14:51:02,146 [INFO] IPUIPlugin:80 - create IPUIPlugin
2025-07-28 14:51:02,147 [INFO] IPUIPlugin:80 - create IPUIPlugin
2025-07-28 14:51:02,147 [INFO] IPUIPlugin:80 - create IPUIPlugin
2025-07-28 14:51:02,147 [INFO] IPUIPlugin:80 - create IPUIPlugin
2025-07-28 14:51:02,148 [INFO] IPUIPlugin:80 - create IPUIPlugin
2025-07-28 14:51:02,148 [INFO] IPUIPlugin:80 - create IPUIPlugin
2025-07-28 14:51:02,149 [INFO] IPUIPlugin:80 - create IPUIPlugin
2025-07-28 14:51:02,149 [INFO] IPUIPlugin:80 - create IPUIPlugin
2025-07-28 14:51:02,150 [INFO] IPUIPlugin:80 - create IPUIPlugin
2025-07-28 14:51:02,150 [INFO] IPUIPlugin:80 - create IPUIPlugin
2025-07-28 14:51:02,151 [INFO] IPUIPlugin:80 - create IPUIPlugin
2025-07-28 14:51:02,151 [INFO] IPUIPlugin:80 - create IPUIPlugin
2025-07-28 14:51:02,151 [INFO] IPUIPlugin:80 - create IPUIPlugin
2025-07-28 14:51:02,152 [INFO] IPUIPlugin:80 - create IPUIPlugin
2025-07-28 14:51:02,153 [INFO] IPUIPlugin:80 - create IPUIPlugin
2025-07-28 14:51:02,153 [INFO] IPUIPlugin:80 - create IPUIPlugin
2025-07-28 14:51:02,154 [INFO] IPUIPlugin:80 - create IPUIPlugin
2025-07-28 14:51:02,155 [INFO] IPUIPlugin:80 - create IPUIPlugin
2025-07-28 14:51:02,155 [INFO] IPUIPlugin:80 - create IPUIPlugin
2025-07-28 14:51:02,156 [INFO] IPUIPlugin:80 - create IPUIPlugin
2025-07-28 14:51:02,157 [INFO] IPUIPlugin:80 - create IPUIPlugin
2025-07-28 14:51:02,157 [INFO] IPUIPlugin:80 - create IPUIPlugin
2025-07-28 14:51:02,158 [INFO] IPUIPlugin:80 - create IPUIPlugin
2025-07-28 14:51:02,160 [INFO] IPUIPlugin:80 - create IPUIPlugin
2025-07-28 14:51:02,161 [INFO] IPUIPlugin:80 - create IPUIPlugin
2025-07-28 14:51:02,161 [INFO] IPUIPlugin:80 - create IPUIPlugin
2025-07-28 14:51:02,163 [INFO] IPUIPlugin:80 - create IPUIPlugin
2025-07-28 14:51:02,164 [INFO] IPUIPlugin:80 - create IPUIPlugin
2025-07-28 14:51:02,165 [INFO] IPUIPlugin:80 - create IPUIPlugin
2025-07-28 14:51:02,165 [INFO] IPUIPlugin:80 - create IPUIPlugin
2025-07-28 14:51:02,166 [INFO] IPUIPlugin:80 - create IPUIPlugin
2025-07-28 14:51:02,167 [INFO] IPUIPlugin:80 - create IPUIPlugin
2025-07-28 14:51:02,168 [INFO] IPUIPlugin:80 - create IPUIPlugin
2025-07-28 14:51:02,168 [INFO] IPUIPlugin:80 - create IPUIPlugin
2025-07-28 14:51:02,169 [INFO] IPUIPlugin:80 - create IPUIPlugin
2025-07-28 14:51:02,170 [INFO] IPUIPlugin:80 - create IPUIPlugin
2025-07-28 14:51:02,171 [INFO] IPUIPlugin:80 - create IPUIPlugin
2025-07-28 14:51:02,172 [INFO] IPUIPlugin:80 - create IPUIPlugin
2025-07-28 14:51:02,173 [INFO] IPUIPlugin:80 - create IPUIPlugin
2025-07-28 14:51:02,698 [INFO] ApiDbMcu:508 - Load IP Config File for PDM2PCM
2025-07-28 14:51:03,144 [INFO] CADModel:165 - CPN selected for project levelSTM32F446RET6
2025-07-28 14:51:03,144 [INFO] CADModel:114 - Register for checkConnection events
2025-07-28 14:51:03,194 [INFO] OpenFileManager:385 - Restore cursor
2025-07-28 14:51:32,236 [INFO] NvicIntPanel:101 - NVIC parent = com.st.microxplorer.plugins.ip.nvic.MultiNvicIntPanel[,0,0,450x141,layout=javax.swing.BoxLayout,alignmentX=0.0,alignmentY=0.0,border=,flags=9,maximumSize=,minimumSize=,preferredSize=]
2025-07-28 14:51:33,700 [INFO] NvicIntPanel:101 - NVIC parent = com.st.microxplorer.plugins.ip.nvic.MultiNvicIntPanel[,0,0,0x0,invalid,layout=javax.swing.BoxLayout,alignmentX=0.0,alignmentY=0.0,border=,flags=9,maximumSize=,minimumSize=,preferredSize=]
2025-07-28 14:51:35,545 [INFO] NvicIntPanel:101 - NVIC parent = com.st.microxplorer.plugins.ip.nvic.MultiNvicIntPanel[,0,0,0x0,invalid,layout=javax.swing.BoxLayout,alignmentX=0.0,alignmentY=0.0,border=,flags=9,maximumSize=,minimumSize=,preferredSize=]
2025-07-28 14:53:19,545 [INFO] NvicIntPanel:101 - NVIC parent = com.st.microxplorer.plugins.ip.nvic.MultiNvicIntPanel[,0,0,450x141,layout=javax.swing.BoxLayout,alignmentX=0.0,alignmentY=0.0,border=,flags=9,maximumSize=,minimumSize=,preferredSize=]
2025-07-28 14:53:39,038 [INFO] UtilMem:75 - End SaveConfig() Used Memory: 952838872 Bytes (1073741824)
2025-07-28 14:53:42,115 [INFO] UtilMem:75 - End SaveConfig() Used Memory: 633021144 Bytes (1073741824)
2025-07-28 14:53:45,369 [INFO] UtilMem:75 - End SaveConfig() Used Memory: 839068376 Bytes (1073741824)
2025-07-28 14:53:46,532 [INFO] BlockDiagram:2775 - set Specific Code input for plugin: TIM1_8
2025-07-28 14:53:46,532 [INFO] BlockDiagram:2775 - set Specific Code input for plugin: TIM1_8
2025-07-28 14:53:46,533 [INFO] BlockDiagram:2775 - set Specific Code input for plugin: SYS
2025-07-28 14:53:46,533 [INFO] BlockDiagram:2775 - set Specific Code input for plugin: RCC
2025-07-28 14:53:46,533 [INFO] BlockDiagram:2775 - set Specific Code input for plugin: NVIC
2025-07-28 14:53:46,533 [INFO] BlockDiagram:2775 - set Specific Code input for plugin: USART
2025-07-28 14:53:46,534 [INFO] BlockDiagram:2775 - set Specific Code input for plugin: GPIO
2025-07-28 14:53:46,535 [INFO] CodeGenerator:882 - code generatio: config db path: /opt/st/stm32cubeide_1.18.1/plugins/com.st.stm32cube.common.mx_6.14.1.202504091515//db/
2025-07-28 14:53:48,835 [INFO] CodeEngine:263 - oldGeneratedFile, /home/nova/STM32CubeIDE/workspace_1.18.1/CASCADE_TIMER_HAL/MXTmpFiles/license.tmp_save
2025-07-28 14:53:49,773 [INFO] CodeEngine:287 - Generated code: /home/nova/STM32CubeIDE/workspace_1.18.1/CASCADE_TIMER_HAL/MXTmpFiles/license.tmp
2025-07-28 14:53:50,509 [INFO] CodeEngine:263 - oldGeneratedFile, /home/nova/STM32CubeIDE/workspace_1.18.1/CASCADE_TIMER_HAL/MXTmpFiles/gpio.tmp_save
2025-07-28 14:53:50,789 [INFO] CodeEngine:287 - Generated code: /home/nova/STM32CubeIDE/workspace_1.18.1/CASCADE_TIMER_HAL/MXTmpFiles/gpio.tmp
2025-07-28 14:53:52,552 [INFO] CodeEngine:263 - oldGeneratedFile, /home/nova/STM32CubeIDE/workspace_1.18.1/CASCADE_TIMER_HAL/Core/Src/stm32f4xx_it.c_save
2025-07-28 14:53:53,005 [INFO] CodeEngine:287 - Generated code: /home/nova/STM32CubeIDE/workspace_1.18.1/CASCADE_TIMER_HAL/Core/Src/stm32f4xx_it.c
2025-07-28 14:53:53,020 [INFO] CodeEngine:263 - oldGeneratedFile, /home/nova/STM32CubeIDE/workspace_1.18.1/CASCADE_TIMER_HAL/Core/Inc/stm32f4xx_it.h_save
2025-07-28 14:53:54,005 [INFO] CodeEngine:287 - Generated code: /home/nova/STM32CubeIDE/workspace_1.18.1/CASCADE_TIMER_HAL/Core/Inc/stm32f4xx_it.h
2025-07-28 14:53:54,061 [INFO] CodeEngine:263 - oldGeneratedFile, /home/nova/STM32CubeIDE/workspace_1.18.1/CASCADE_TIMER_HAL/Core/Src/stm32f4xx_hal_msp.c_save
2025-07-28 14:53:54,410 [INFO] CodeEngine:287 - Generated code: /home/nova/STM32CubeIDE/workspace_1.18.1/CASCADE_TIMER_HAL/Core/Src/stm32f4xx_hal_msp.c
2025-07-28 14:53:54,414 [INFO] CodeEngine:263 - oldGeneratedFile, /home/nova/STM32CubeIDE/workspace_1.18.1/CASCADE_TIMER_HAL/MXTmpFiles/system.tmp_save
2025-07-28 14:53:54,637 [INFO] CodeEngine:287 - Generated code: /home/nova/STM32CubeIDE/workspace_1.18.1/CASCADE_TIMER_HAL/MXTmpFiles/system.tmp
2025-07-28 14:53:54,651 [INFO] CodeEngine:319 - oldGeneratedFile, /home/nova/STM32CubeIDE/workspace_1.18.1/CASCADE_TIMER_HAL/Core/Inc/stm32f4xx_hal_conf.h_save
2025-07-28 14:53:54,826 [INFO] CodeEngine:343 - Generated code: /home/nova/STM32CubeIDE/workspace_1.18.1/CASCADE_TIMER_HAL/Core/Inc/stm32f4xx_hal_conf.h
2025-07-28 14:53:54,877 [WARN] IPConfigManager:3217 - Warning: the RefConfig PLL2P_FOR_MCO is not available in your config.xml file
2025-07-28 14:53:54,915 [INFO] ApiDbMcu:508 - Load IP Config File for TIM3
2025-07-28 14:53:54,944 [INFO] ApiDbMcu:508 - Load IP Config File for TIM4
2025-07-28 14:53:54,950 [INFO] ApiDbMcu:508 - Load IP Config File for USART2
2025-07-28 14:53:54,958 [INFO] ApiDbMcu:508 - Load IP Config File for RCC
2025-07-28 14:53:54,962 [WARN] IPConfigManager:3790 - IP not found : TIM
2025-07-28 14:53:54,963 [WARN] CodeGenerator:4198 - IP not found : null
2025-07-28 14:53:54,969 [INFO] CodeEngine:263 - oldGeneratedFile, /home/nova/STM32CubeIDE/workspace_1.18.1/CASCADE_TIMER_HAL/Core/Inc/main.h_save
2025-07-28 14:53:55,192 [INFO] CodeEngine:287 - Generated code: /home/nova/STM32CubeIDE/workspace_1.18.1/CASCADE_TIMER_HAL/Core/Inc/main.h
2025-07-28 14:53:55,196 [INFO] CodeEngine:263 - oldGeneratedFile, /home/nova/STM32CubeIDE/workspace_1.18.1/CASCADE_TIMER_HAL/Core/Src/main.c_save
2025-07-28 14:53:55,630 [INFO] CodeEngine:287 - Generated code: /home/nova/STM32CubeIDE/workspace_1.18.1/CASCADE_TIMER_HAL/Core/Src/main.c
2025-07-28 14:53:57,536 [INFO] ProjectBuilder:3324 - Time for Copy HAL[1] : 1199mS.
2025-07-28 14:53:57,541 [INFO] ProjectBuilder:4912 - Project Generator version: 4.6.0.1-B1
2025-07-28 14:53:57,733 [INFO] ConfigFileManager:1590 - The Die is : DIE421
2025-07-28 14:53:57,787 [INFO] ApiDbMcu:508 - Load IP Config File for FATFS
2025-07-28 14:53:57,810 [INFO] ApiDbMcu:508 - Load IP Config File for FREERTOS
2025-07-28 14:53:57,824 [INFO] ApiDbMcu:508 - Load IP Config File for LIBJPEG
2025-07-28 14:53:57,849 [INFO] ApiDbMcu:508 - Load IP Config File for MBEDTLS
2025-07-28 14:53:57,875 [INFO] ApiDbMcu:508 - Load IP Config File for USB_DEVICE
2025-07-28 14:53:57,886 [INFO] ApiDbMcu:508 - Load IP Config File for USB_HOST
2025-07-28 14:53:59,599 [INFO] LogOutputStream:77 - [STDOUT_REDIRECT] 
2025-07-28 14:54:02,065 [INFO] ProjectBuilder:5191 - Time for Generating toolchain IDE Files: 4523mS.
2025-07-28 14:54:02,065 [INFO] ProjectBuilder:3181 - Time for Copy CMSIS : 0mS.
2025-07-28 14:54:02,070 [INFO] ProjectBuilder:3181 - Time for Copy CMSIS : 0mS.
2025-07-28 14:59:50,514 [INFO] NvicIntPanel:101 - NVIC parent = com.st.microxplorer.plugins.ip.nvic.MultiNvicIntPanel[,0,0,0x0,invalid,layout=javax.swing.BoxLayout,alignmentX=0.0,alignmentY=0.0,border=,flags=9,maximumSize=,minimumSize=,preferredSize=]
2025-07-28 14:59:55,632 [INFO] NvicIntPanel:101 - NVIC parent = com.st.microxplorer.plugins.ip.nvic.MultiNvicIntPanel[,0,0,0x0,invalid,layout=javax.swing.BoxLayout,alignmentX=0.0,alignmentY=0.0,border=,flags=9,maximumSize=,minimumSize=,preferredSize=]
2025-07-28 15:00:04,759 [INFO] NvicIntPanel:101 - NVIC parent = com.st.microxplorer.plugins.ip.nvic.MultiNvicIntPanel[,0,0,0x0,invalid,layout=javax.swing.BoxLayout,alignmentX=0.0,alignmentY=0.0,border=,flags=9,maximumSize=,minimumSize=,preferredSize=]
2025-07-28 15:00:10,113 [INFO] NvicIntPanel:101 - NVIC parent = com.st.microxplorer.plugins.ip.nvic.MultiNvicIntPanel[,0,0,0x0,invalid,layout=javax.swing.BoxLayout,alignmentX=0.0,alignmentY=0.0,border=,flags=9,maximumSize=,minimumSize=,preferredSize=]
2025-07-28 15:00:39,986 [INFO] NvicIntPanel:101 - NVIC parent = com.st.microxplorer.plugins.ip.nvic.MultiNvicIntPanel[,0,0,0x0,invalid,layout=javax.swing.BoxLayout,alignmentX=0.0,alignmentY=0.0,border=,flags=9,maximumSize=,minimumSize=,preferredSize=]
2025-07-28 15:01:16,298 [INFO] WebApp:194 - Connection lost
2025-07-28 15:01:48,920 [INFO] WebApp:191 - Connection restablished
2025-07-28 15:02:19,576 [INFO] NvicIntPanel:101 - NVIC parent = com.st.microxplorer.plugins.ip.nvic.MultiNvicIntPanel[,0,0,450x141,layout=javax.swing.BoxLayout,alignmentX=0.0,alignmentY=0.0,border=,flags=9,maximumSize=,minimumSize=,preferredSize=]
2025-07-28 15:02:35,067 [INFO] NvicIntPanel:101 - NVIC parent = com.st.microxplorer.plugins.ip.nvic.MultiNvicIntPanel[,0,0,0x0,invalid,layout=javax.swing.BoxLayout,alignmentX=0.0,alignmentY=0.0,border=,flags=9,maximumSize=,minimumSize=,preferredSize=]
2025-07-28 15:02:54,812 [INFO] UtilMem:75 - End SaveConfig() Used Memory: 664274944 Bytes (853540864)
2025-07-28 15:02:56,148 [INFO] UtilMem:75 - End SaveConfig() Used Memory: 725614592 Bytes (853540864)
2025-07-28 15:03:00,356 [INFO] UtilMem:75 - End SaveConfig() Used Memory: 580542400 Bytes (853540864)
2025-07-28 15:03:01,516 [INFO] BlockDiagram:2775 - set Specific Code input for plugin: TIM1_8
2025-07-28 15:03:01,516 [INFO] BlockDiagram:2775 - set Specific Code input for plugin: TIM1_8
2025-07-28 15:03:01,516 [INFO] BlockDiagram:2775 - set Specific Code input for plugin: SYS
2025-07-28 15:03:01,516 [INFO] BlockDiagram:2775 - set Specific Code input for plugin: RCC
2025-07-28 15:03:01,516 [INFO] BlockDiagram:2775 - set Specific Code input for plugin: NVIC
2025-07-28 15:03:01,517 [INFO] BlockDiagram:2775 - set Specific Code input for plugin: GPIO
2025-07-28 15:03:01,517 [INFO] CodeGenerator:882 - code generatio: config db path: /opt/st/stm32cubeide_1.18.1/plugins/com.st.stm32cube.common.mx_6.14.1.202504091515//db/
2025-07-28 15:03:01,758 [INFO] CodeEngine:263 - oldGeneratedFile, /home/nova/STM32CubeIDE/workspace_1.18.1/CASCADE_TIMER_HAL/MXTmpFiles/license.tmp_save
2025-07-28 15:03:02,156 [INFO] CodeEngine:287 - Generated code: /home/nova/STM32CubeIDE/workspace_1.18.1/CASCADE_TIMER_HAL/MXTmpFiles/license.tmp
2025-07-28 15:03:02,206 [INFO] CodeEngine:263 - oldGeneratedFile, /home/nova/STM32CubeIDE/workspace_1.18.1/CASCADE_TIMER_HAL/MXTmpFiles/gpio.tmp_save
2025-07-28 15:03:02,389 [INFO] CodeEngine:287 - Generated code: /home/nova/STM32CubeIDE/workspace_1.18.1/CASCADE_TIMER_HAL/MXTmpFiles/gpio.tmp
2025-07-28 15:03:02,716 [INFO] CodeEngine:263 - oldGeneratedFile, /home/nova/STM32CubeIDE/workspace_1.18.1/CASCADE_TIMER_HAL/Core/Src/stm32f4xx_it.c_save
2025-07-28 15:03:02,851 [INFO] CodeEngine:287 - Generated code: /home/nova/STM32CubeIDE/workspace_1.18.1/CASCADE_TIMER_HAL/Core/Src/stm32f4xx_it.c
2025-07-28 15:03:02,853 [INFO] CodeEngine:263 - oldGeneratedFile, /home/nova/STM32CubeIDE/workspace_1.18.1/CASCADE_TIMER_HAL/Core/Inc/stm32f4xx_it.h_save
2025-07-28 15:03:02,967 [INFO] CodeEngine:287 - Generated code: /home/nova/STM32CubeIDE/workspace_1.18.1/CASCADE_TIMER_HAL/Core/Inc/stm32f4xx_it.h
2025-07-28 15:03:02,975 [INFO] CodeEngine:263 - oldGeneratedFile, /home/nova/STM32CubeIDE/workspace_1.18.1/CASCADE_TIMER_HAL/Core/Src/stm32f4xx_hal_msp.c_save
2025-07-28 15:03:03,208 [INFO] CodeEngine:287 - Generated code: /home/nova/STM32CubeIDE/workspace_1.18.1/CASCADE_TIMER_HAL/Core/Src/stm32f4xx_hal_msp.c
2025-07-28 15:03:03,210 [INFO] CodeEngine:263 - oldGeneratedFile, /home/nova/STM32CubeIDE/workspace_1.18.1/CASCADE_TIMER_HAL/MXTmpFiles/system.tmp_save
2025-07-28 15:03:03,354 [INFO] CodeEngine:287 - Generated code: /home/nova/STM32CubeIDE/workspace_1.18.1/CASCADE_TIMER_HAL/MXTmpFiles/system.tmp
2025-07-28 15:03:03,360 [INFO] CodeEngine:319 - oldGeneratedFile, /home/nova/STM32CubeIDE/workspace_1.18.1/CASCADE_TIMER_HAL/Core/Inc/stm32f4xx_hal_conf.h_save
2025-07-28 15:03:03,525 [INFO] CodeEngine:343 - Generated code: /home/nova/STM32CubeIDE/workspace_1.18.1/CASCADE_TIMER_HAL/Core/Inc/stm32f4xx_hal_conf.h
2025-07-28 15:03:03,599 [WARN] IPConfigManager:3217 - Warning: the RefConfig PLL2P_FOR_MCO is not available in your config.xml file
2025-07-28 15:03:03,607 [WARN] IPConfigManager:3790 - IP not found : TIM
2025-07-28 15:03:03,608 [WARN] CodeGenerator:4198 - IP not found : null
2025-07-28 15:03:03,612 [INFO] CodeEngine:263 - oldGeneratedFile, /home/nova/STM32CubeIDE/workspace_1.18.1/CASCADE_TIMER_HAL/Core/Inc/main.h_save
2025-07-28 15:03:03,774 [INFO] CodeEngine:287 - Generated code: /home/nova/STM32CubeIDE/workspace_1.18.1/CASCADE_TIMER_HAL/Core/Inc/main.h
2025-07-28 15:03:03,777 [INFO] CodeEngine:263 - oldGeneratedFile, /home/nova/STM32CubeIDE/workspace_1.18.1/CASCADE_TIMER_HAL/Core/Src/main.c_save
2025-07-28 15:03:04,019 [INFO] CodeEngine:287 - Generated code: /home/nova/STM32CubeIDE/workspace_1.18.1/CASCADE_TIMER_HAL/Core/Src/main.c
2025-07-28 15:03:04,391 [INFO] ProjectBuilder:3324 - Time for Copy HAL[1] : 39mS.
2025-07-28 15:03:04,394 [INFO] ProjectBuilder:4912 - Project Generator version: 4.6.0.1-B1
2025-07-28 15:03:04,537 [INFO] ConfigFileManager:1590 - The Die is : DIE421
2025-07-28 15:03:06,907 [INFO] ProjectBuilder:5191 - Time for Generating toolchain IDE Files: 2514mS.
2025-07-28 15:03:06,908 [INFO] ProjectBuilder:3181 - Time for Copy CMSIS : 0mS.
2025-07-28 15:03:06,908 [INFO] ProjectBuilder:3181 - Time for Copy CMSIS : 0mS.
2025-07-28 15:29:05,935 [INFO] MainUpdater:2872 - connection check result : 10
2025-07-28 15:29:06,234 [INFO] McuFinderGlobals:76 - Set McuFinderConnectedMode to true
2025-07-28 15:29:06,248 [INFO] MultiScanPanel:200 - Auto-refresh data requested => check proxy status ongoing
2025-07-28 15:29:06,252 [INFO] FinderPluginLoader:95 - Searching for filters in installed packs
2025-07-28 15:29:08,805 [INFO] LoadUrlFilesThread:185 - End of LoadServerUrlFiles without Thread
2025-07-28 15:29:09,110 [INFO] DetailPanel:341 - Set advertising image to /home/nova/STM32Cube/Repository//en.2400x1350px.jpeg
2025-07-28 15:29:17,645 [INFO] MultiScanPanel:200 - Auto-refresh data requested => check proxy status ongoing
2025-07-28 15:29:17,829 [INFO] LoadUrlFilesThread:185 - End of LoadServerUrlFiles without Thread
2025-07-28 15:29:17,829 [INFO] DetailPanel:341 - Set advertising image to /home/nova/STM32Cube/Repository//en.2400x1350px.jpeg
2025-07-28 15:29:17,846 [INFO] DbBoards:642 - Loading board mini-images...
2025-07-28 15:29:23,518 [INFO] DbBoards:665 - Loaded 211 board mini-images
2025-07-28 15:29:45,622 [INFO] MainUpdater:2872 - connection check result : 10
2025-07-28 15:29:45,622 [INFO] MainUpdater:2872 - connection check result : 10
2025-07-28 15:29:45,696 [INFO] MicroXplorer:468 - Change Database Path : 
2025-07-28 15:29:45,696 [INFO] MicroXplorer:498 - Change Database Version : DB.6.0.141
2025-07-28 15:29:45,753 [ERROR] ProjectManagerView:395 - 
java.lang.NullPointerException: Cannot invoke "javax.swing.JTextField.getText()" because the return value of "java.util.List.get(int)" is null
	at com.st.microxplorer.plugins.projectmanager.gui.ProjectChoiceTab$9.caretUpdate(ProjectChoiceTab.java:2678) ~[filemanager.jar:?]
	at javax.swing.text.JTextComponent.fireCaretUpdate(JTextComponent.java:408) ~[?:?]
	at javax.swing.text.JTextComponent$MutableCaretEvent.fire(JTextComponent.java:4484) ~[?:?]
	at javax.swing.text.JTextComponent$MutableCaretEvent.stateChanged(JTextComponent.java:4506) ~[?:?]
	at javax.swing.text.DefaultCaret.fireStateChanged(DefaultCaret.java:857) ~[?:?]
	at javax.swing.text.DefaultCaret.changeCaretPosition(DefaultCaret.java:1343) ~[?:?]
	at javax.swing.text.DefaultCaret.handleSetDot(DefaultCaret.java:1242) ~[?:?]
	at javax.swing.text.DefaultCaret.setDot(DefaultCaret.java:1223) ~[?:?]
	at javax.swing.text.DefaultCaret$Handler.insertUpdate(DefaultCaret.java:1819) ~[?:?]
	at javax.swing.text.AbstractDocument.fireInsertUpdate(AbstractDocument.java:227) ~[?:?]
	at javax.swing.text.AbstractDocument.handleInsertString(AbstractDocument.java:781) ~[?:?]
	at javax.swing.text.AbstractDocument.insertString(AbstractDocument.java:740) ~[?:?]
	at javax.swing.text.PlainDocument.insertString(PlainDocument.java:131) ~[?:?]
	at javax.swing.text.AbstractDocument.replace(AbstractDocument.java:699) ~[?:?]
	at javax.swing.text.JTextComponent.setText(JTextComponent.java:1725) ~[?:?]
	at com.st.microxplorer.plugins.projectmanager.gui.ProjectChoiceTab.createHeapStackFields(ProjectChoiceTab.java:979) ~[filemanager.jar:?]
	at com.st.microxplorer.plugins.projectmanager.gui.ProjectChoiceTab.buildLinkSettingsPanel(ProjectChoiceTab.java:3766) ~[filemanager.jar:?]
	at com.st.microxplorer.plugins.projectmanager.gui.ProjectChoiceTab.defineWindowsFields(ProjectChoiceTab.java:1962) ~[filemanager.jar:?]
	at com.st.microxplorer.plugins.projectmanager.gui.ProjectChoiceTab.updateSettings(ProjectChoiceTab.java:555) ~[filemanager.jar:?]
	at com.st.microxplorer.plugins.projectmanager.gui.ProjectSettingsPanel.UpdateDialog(ProjectSettingsPanel.java:245) ~[filemanager.jar:?]
	at com.st.microxplorer.plugins.projectmanager.ProjectManagerView.propertyChange(ProjectManagerView.java:392) ~[filemanager.jar:?]
	at java.beans.PropertyChangeSupport.fire(PropertyChangeSupport.java:343) ~[?:?]
	at java.beans.PropertyChangeSupport.firePropertyChange(PropertyChangeSupport.java:335) ~[?:?]
	at java.beans.PropertyChangeSupport.firePropertyChange(PropertyChangeSupport.java:268) ~[?:?]
	at com.st.microxplorer.util.MXPropertyChangeSupport.firePropertyChange(MXPropertyChangeSupport.java:54) ~[STM32CubeMX.jar:?]
	at com.st.microxplorer.mxsystem.MxSystem.closeConfig(MxSystem.java:899) ~[STM32CubeMX.jar:?]
	at com.st.microxplorer.maingui.MainPanel.closeConfig(MainPanel.java:789) ~[STM32CubeMX.jar:?]
	at com.st.microxplorer.plugins.filemanager.engine.OpenFileManager.loadConfigurationFile(OpenFileManager.java:287) ~[filemanager.jar:?]
	at com.st.microxplorer.plugins.filemanager.engine.MainFileManager.userLoadConfig(MainFileManager.java:341) ~[filemanager.jar:?]
	at com.st.microxplorer.plugins.filemanager.FileManagerView.getSpecificTask(FileManagerView.java:250) ~[filemanager.jar:?]
	at com.st.stm32cube.common.mx.editor.CubeMxEditor.getMxTabbedPaneInstance(CubeMxEditor.java:1191) ~[com.st.stm32cube.common.mx_6.14.1.202504091515/:?]
	at com.st.stm32cube.common.mx.editor.CubeMxEditor$12$1.createSwingComponent(CubeMxEditor.java:1068) ~[com.st.stm32cube.common.mx_6.14.1.202504091515/:?]
	at com.st.stm32cube.common.mx.oss.core.awtswtbridge.EmbeddedSwingComposite.doComponentCreation(EmbeddedSwingComposite.java:492) ~[com.st.stm32cube.common.mx.oss_6.14.1.202504091515/:?]
	at com.st.stm32cube.common.mx.oss.core.awtswtbridge.EmbeddedSwingComposite$4.run(EmbeddedSwingComposite.java:291) ~[com.st.stm32cube.common.mx.oss_6.14.1.202504091515/:?]
	at com.st.stm32cube.common.mx.oss.core.awtswtbridge.AwtEnvironment$2.run(AwtEnvironment.java:166) ~[com.st.stm32cube.common.mx.oss_6.14.1.202504091515/:?]
	at java.awt.event.InvocationEvent.dispatch(InvocationEvent.java:318) ~[?:?]
	at java.awt.EventQueue.dispatchEventImpl(EventQueue.java:773) ~[?:?]
	at java.awt.EventQueue$4.run(EventQueue.java:720) ~[?:?]
	at java.awt.EventQueue$4.run(EventQueue.java:714) ~[?:?]
	at java.security.AccessController.doPrivileged(AccessController.java:400) ~[?:?]
	at java.security.ProtectionDomain$JavaSecurityAccessImpl.doIntersectionPrivilege(ProtectionDomain.java:87) ~[?:?]
	at java.awt.EventQueue.dispatchEvent(EventQueue.java:742) ~[?:?]
	at java.awt.EventDispatchThread.pumpOneEventForFilters(EventDispatchThread.java:203) ~[?:?]
	at java.awt.EventDispatchThread.pumpEventsForFilter(EventDispatchThread.java:124) ~[?:?]
	at java.awt.EventDispatchThread.pumpEventsForHierarchy(EventDispatchThread.java:113) ~[?:?]
	at java.awt.EventDispatchThread.pumpEvents(EventDispatchThread.java:109) ~[?:?]
	at java.awt.EventDispatchThread.pumpEvents(EventDispatchThread.java:101) ~[?:?]
	at java.awt.EventDispatchThread.run(EventDispatchThread.java:90) ~[?:?]
2025-07-28 15:29:45,761 [WARN] ThirdParty:871 - waiting for thirdparty lock release [close project]
2025-07-28 15:29:45,761 [INFO] ThirdParty:873 - entering critical section [close project]
2025-07-28 15:29:45,761 [INFO] ThirdParty:883 - exiting critical section [close project]
2025-07-28 15:29:45,764 [INFO] PinOutPanel:1589 - setPackage(No Configuration,No Configuration)
2025-07-28 15:29:45,778 [WARN] IpParametersView:155 - Warning: This peripheral hasn't parameters
2025-07-28 15:29:45,794 [WARN] MainPanel:289 - <html><b><center>Warning: This peripheral has no parameters to be configured<br></b></html>
2025-07-28 15:29:45,840 [INFO] UtilMem:75 - Begin LoadConfig() Used Memory: 632434688 Bytes (876609536)
2025-07-28 15:29:45,841 [INFO] OpenFileManager:354 - Change cursor
2025-07-28 15:29:45,954 [INFO] RulesReader:64 - Compatibility file has been processed (302 Rules)
2025-07-28 15:29:45,976 [INFO] ProjectFactory:442 - No CPN specified for board NUCLEO-F446RE => set CPN to STM32F446RET6
2025-07-28 15:29:45,976 [INFO] Mcu:2011 - Initializing MCU STM32F446R(C-E)Tx STM32F446RETx STM32F446RET6
2025-07-28 15:29:48,930 [INFO] Context:756 - Trying to add GPIOservice into a context  which must be forbidden
2025-07-28 15:29:50,394 [INFO] Rule:225 - rule 117617 - U5Cobra4M][GTZC] default value MPCBB3 and MPCBB5 - Not Secured memory - MPCBB1 is applicable
2025-07-28 15:29:50,394 [INFO] Rule:225 - rule 117617 - U5Cobra4M][GTZC] default value MPCBB3 and MPCBB5 - Not Secured memory - MPCBB1 is applicable
2025-07-28 15:29:50,394 [INFO] Rule:225 - rule 117617 - U5Cobra4M][GTZC] default value MPCBB3 and MPCBB5 - Not Secured memory - MPCBB2 is applicable
2025-07-28 15:29:50,395 [INFO] Rule:225 - rule 117617 - U5Cobra4M][GTZC] default value MPCBB3 and MPCBB5 - Not Secured memory - MPCBB2 is applicable
2025-07-28 15:29:50,395 [INFO] Rule:225 - rule 117617 - U5Cobra4M][GTZC] default value MPCBB3 and MPCBB5 - Not Secured memory - MPCBB3 is applicable
2025-07-28 15:29:50,395 [INFO] Rule:225 - rule 117617 - U5Cobra4M][GTZC] default value MPCBB3 and MPCBB5 - Not Secured memory - MPCBB3 is applicable
2025-07-28 15:29:50,395 [INFO] Rule:225 - rule 117617 - U5Cobra4M][GTZC] default value MPCBB3 and MPCBB5 - Not Secured memory - MPCBB4 is applicable
2025-07-28 15:29:50,395 [INFO] Rule:225 - rule 117617 - U5Cobra4M][GTZC] default value MPCBB3 and MPCBB5 - Not Secured memory - MPCBB4 is applicable
2025-07-28 15:29:50,395 [INFO] Rule:225 - rule 117617 - U5Cobra4M][GTZC] default value MPCBB3 and MPCBB5 - Secured memory - MPCBB1 is applicable
2025-07-28 15:29:50,395 [INFO] Rule:225 - rule 117617 - U5Cobra4M][GTZC] default value MPCBB3 and MPCBB5 - Secured memory - MPCBB2 is applicable
2025-07-28 15:29:50,395 [INFO] Rule:225 - rule 117617 - U5Cobra4M][GTZC] default value MPCBB3 and MPCBB5 - Secured memory - MPCBB3 is applicable
2025-07-28 15:29:50,395 [INFO] Rule:225 - rule 117617 - U5Cobra4M][GTZC] default value MPCBB3 and MPCBB5 - Secured memory - MPCBB4 is applicable
2025-07-28 15:29:50,395 [INFO] Rule:225 - rule 117617 - U5Cobra4M][GTZC] default value MPCBB3 and MPCBB5 - Privileged memory - MPCBB1 is applicable
2025-07-28 15:29:50,395 [INFO] Rule:225 - rule 117617 - U5Cobra4M][GTZC] default value MPCBB3 and MPCBB5 - Privileged memory - MPCBB2 is applicable
2025-07-28 15:29:50,396 [INFO] Rule:225 - rule 117617 - U5Cobra4M][GTZC] default value MPCBB3 and MPCBB5 - Privileged memory - MPCBB3 is applicable
2025-07-28 15:29:50,396 [INFO] Rule:225 - rule 117617 - U5Cobra4M][GTZC] default value MPCBB3 and MPCBB5 - Privileged memory - MPCBB4 is applicable
2025-07-28 15:29:50,396 [INFO] Rule:225 - rule 117617 - U5Cobra4M][GTZC] default value MPCBB3 and MPCBB5 - Not Privileged memory - MPCBB1 is applicable
2025-07-28 15:29:50,396 [INFO] Rule:225 - rule 117617 - U5Cobra4M][GTZC] default value MPCBB3 and MPCBB5 - Not Privileged memory - MPCBB2 is applicable
2025-07-28 15:29:50,396 [INFO] Rule:225 - rule 117617 - U5Cobra4M][GTZC] default value MPCBB3 and MPCBB5 - Not Privileged memory - MPCBB3 is applicable
2025-07-28 15:29:50,396 [INFO] Rule:225 - rule 117617 - U5Cobra4M][GTZC] default value MPCBB3 and MPCBB5 - Not Privileged memory - MPCBB4 is applicable
2025-07-28 15:29:50,396 [INFO] Rule:225 - rule 117617 - U5Cobra4M][GTZC] default value MPCBB3 and MPCBB5 - Privileged memory - MPCBB1 is applicable
2025-07-28 15:29:50,396 [INFO] Rule:225 - rule 117617 - U5Cobra4M][GTZC] default value MPCBB3 and MPCBB5 - Privileged memory - MPCBB2 is applicable
2025-07-28 15:29:50,396 [INFO] Rule:225 - rule 117617 - U5Cobra4M][GTZC] default value MPCBB3 and MPCBB5 - Privileged memory - MPCBB3 is applicable
2025-07-28 15:29:50,396 [INFO] Rule:225 - rule 117617 - U5Cobra4M][GTZC] default value MPCBB3 and MPCBB5 - Privileged memory - MPCBB4 is applicable
2025-07-28 15:29:50,396 [INFO] Rule:225 - rule 117617 - U5Cobra4M][GTZC] default value MPCBB3 and MPCBB5 - Privileged memory - MPCBB1 is applicable
2025-07-28 15:29:50,396 [INFO] Rule:225 - rule 117617 - U5Cobra4M][GTZC] default value MPCBB3 and MPCBB5 - Privileged memory - MPCBB2 is applicable
2025-07-28 15:29:50,396 [INFO] Rule:225 - rule 117617 - U5Cobra4M][GTZC] default value MPCBB3 and MPCBB5 - Privileged memory - MPCBB3 is applicable
2025-07-28 15:29:50,396 [INFO] Rule:225 - rule 117617 - U5Cobra4M][GTZC] default value MPCBB3 and MPCBB5 - Privileged memory - MPCBB4 is applicable
2025-07-28 15:29:50,396 [INFO] Rule:225 - rule 117617 - U5Cobra4M][GTZC] default value MPCBB3 and MPCBB5 - Not Privileged memory - MPCBB1 is applicable
2025-07-28 15:29:50,396 [INFO] Rule:225 - rule 117617 - U5Cobra4M][GTZC] default value MPCBB3 and MPCBB5 - Not Privileged memory - MPCBB2 is applicable
2025-07-28 15:29:50,396 [INFO] Rule:225 - rule 117617 - U5Cobra4M][GTZC] default value MPCBB3 and MPCBB5 - Not Privileged memory - MPCBB3 is applicable
2025-07-28 15:29:50,397 [INFO] Rule:225 - rule 117617 - U5Cobra4M][GTZC] default value MPCBB3 and MPCBB5 - Not Privileged memory - MPCBB4 is applicable
2025-07-28 15:29:50,397 [INFO] Rule:225 - rule 117617 - U5Cobra4M][GTZC] default value MPCBB3 and MPCBB5 - Privileged memory - MPCBB1 is applicable
2025-07-28 15:29:50,397 [INFO] Rule:225 - rule 117617 - U5Cobra4M][GTZC] default value MPCBB3 and MPCBB5 - Privileged memory - MPCBB2 is applicable
2025-07-28 15:29:50,397 [INFO] Rule:225 - rule 117617 - U5Cobra4M][GTZC] default value MPCBB3 and MPCBB5 - Privileged memory - MPCBB3 is applicable
2025-07-28 15:29:50,397 [INFO] Rule:225 - rule 117617 - U5Cobra4M][GTZC] default value MPCBB3 and MPCBB5 - Privileged memory - MPCBB4 is applicable
2025-07-28 15:29:50,397 [INFO] Rule:225 - rule Rename SubGHz_Phy SUBGHZ_APPLICATION SUBGHZ_PINGPONG to SUBGHZ_ADV_APPLICATION is applicable
2025-07-28 15:29:50,397 [INFO] Rule:225 - rule Rename Enabled to IBEACON is applicable
2025-07-28 15:29:50,397 [INFO] Rule:225 - rule GTZC_S instance for project manager is applicable
2025-07-28 15:29:50,397 [INFO] Rule:225 - rule GTZC_S instance for context M33S is applicable
2025-07-28 15:29:50,397 [INFO] Rule:225 - rule GTZC_S instance value for IP GTZC is applicable
2025-07-28 15:29:50,397 [INFO] Rule:225 - rule GTZC_S instance for mcu.IP is applicable
2025-07-28 15:29:50,397 [INFO] Rule:225 - rule GTZC_S instance for VP is applicable
2025-07-28 15:29:50,397 [INFO] Rule:225 - rule GTZC_S instance for signal is applicable
2025-07-28 15:29:50,397 [INFO] Rule:225 - rule GTZC_S instance for mcu.Pin is applicable
2025-07-28 15:29:50,398 [INFO] Rule:225 - rule GTZC_S instance for VP is applicable
2025-07-28 15:29:50,398 [INFO] Rule:225 - rule GTZC_S instance for signal is applicable
2025-07-28 15:29:50,398 [INFO] Rule:225 - rule GTZC_S instance for mcu is applicable
2025-07-28 15:29:50,398 [INFO] Rule:225 - rule GTZC_S instance for mcu.Pin is applicable
2025-07-28 15:29:50,398 [INFO] Rule:225 - rule GTZC_S instance value for IP GTZC is applicable
2025-07-28 15:29:50,398 [INFO] Rule:225 - rule GTZC_S instance for project manager is applicable
2025-07-28 15:29:50,398 [INFO] Rule:225 - rule GTZC_S instance for context M33S is applicable
2025-07-28 15:29:50,398 [INFO] Rule:225 - rule GTZC_S instance for VP is applicable
2025-07-28 15:29:50,398 [INFO] Rule:225 - rule GTZC_S instance for signal is applicable
2025-07-28 15:29:50,398 [INFO] Rule:225 - rule SPDIFRX instance for mcu is applicable
2025-07-28 15:29:50,398 [INFO] Rule:225 - rule Rename Tracer Mode is applicable
2025-07-28 15:29:50,399 [INFO] Rule:225 - rule SPDIFRX instance value for IP SPDIFRX is applicable
2025-07-28 15:29:50,399 [INFO] Rule:225 - rule SPDIFRX instance for signal is applicable
2025-07-28 15:29:50,399 [INFO] Rule:225 - rule SPDIFRX instance for project manager is applicable
2025-07-28 15:29:50,399 [INFO] Rule:225 - rule SPDIFRX instance for project manager is applicable
2025-07-28 15:29:50,399 [INFO] Rule:225 - rule ADC Scan  fix with FW F7 is applicable
2025-07-28 15:29:50,399 [INFO] Rule:225 - rule ADC Scan  fix with FW F7 is applicable
2025-07-28 15:29:50,399 [INFO] Rule:225 - rule WakeUp0 Mode is applicable
2025-07-28 15:29:50,400 [INFO] Rule:225 - rule WakeUp0 SIGNAL is applicable
2025-07-28 15:29:50,400 [INFO] Rule:225 - rule WakeUp1 Mode is applicable
2025-07-28 15:29:50,400 [INFO] Rule:225 - rule WakeUp1 SIGNAL is applicable
2025-07-28 15:29:50,400 [INFO] Rule:225 - rule WakeUp2 Mode is applicable
2025-07-28 15:29:50,400 [INFO] Rule:225 - rule WakeUp2 SIGNAL is applicable
2025-07-28 15:29:50,400 [INFO] Rule:225 - rule WakeUp4 Mode is applicable
2025-07-28 15:29:50,400 [INFO] Rule:225 - rule WakeUp4 SIGNAL is applicable
2025-07-28 15:29:50,400 [INFO] Rule:225 - rule WakeUp5 Mode is applicable
2025-07-28 15:29:50,400 [INFO] Rule:225 - rule WakeUp5 SIGNAL is applicable
2025-07-28 15:29:50,400 [INFO] Rule:225 - rule Add RTC Activate Clock Source is applicable
2025-07-28 15:29:50,401 [INFO] Rule:225 - rule Add RTC Activate Calendar 1 is applicable
2025-07-28 15:29:50,401 [INFO] Rule:225 - rule Add RTC Activate Calendar 2 is applicable
2025-07-28 15:29:50,401 [INFO] Rule:225 - rule Add RTC Activate Calendar 3 is applicable
2025-07-28 15:29:50,401 [INFO] Rule:225 - rule UART/USART TX Mode is applicable
2025-07-28 15:29:50,401 [INFO] Rule:225 - rule UART/USART RX Mode is applicable
2025-07-28 15:29:50,401 [INFO] Rule:225 - rule UART/USART RX TX Mode is applicable
2025-07-28 15:29:50,401 [INFO] Rule:225 - rule UART/USART PARITY NONE is applicable
2025-07-28 15:29:50,401 [INFO] Rule:225 - rule UART/USART PARITY EVEN is applicable
2025-07-28 15:29:50,401 [INFO] Rule:225 - rule UART/USART PARITY ODD is applicable
2025-07-28 15:29:50,401 [INFO] Rule:225 - rule USART StopBits 1 is applicable
2025-07-28 15:29:50,402 [INFO] Rule:225 - rule USART StopBits 2 is applicable
2025-07-28 15:29:50,402 [INFO] Rule:225 - rule USART StopBits 1.5 is applicable
2025-07-28 15:29:50,402 [INFO] Rule:225 - rule USART StopBits 0.5 is applicable
2025-07-28 15:29:50,402 [INFO] Rule:225 - rule UART/USART WORD LENGTH 7 is applicable
2025-07-28 15:29:50,402 [INFO] Rule:225 - rule UART/USART WORD LENGTH 8 is applicable
2025-07-28 15:29:50,402 [INFO] Rule:225 - rule UART/USART WORD LENGTH 9 is applicable
2025-07-28 15:29:50,402 [INFO] Rule:225 - rule Rename FMC NAND NCE signal is applicable
2025-07-28 15:29:50,402 [INFO] Rule:225 - rule Rename FMC NAND INT signal is applicable
2025-07-28 15:29:50,403 [INFO] Rule:225 - rule Change Default Value for LSE Drive Capability for WB family is applicable
2025-07-28 15:29:50,403 [INFO] Rule:225 - rule Change Default Value for ADC Clock Prescaler G0 family is applicable
2025-07-28 15:29:50,403 [INFO] Rule:225 - rule Change Default Value for ADC ExternalTrigConv L4 family is applicable
2025-07-28 15:29:50,403 [INFO] Rule:225 - rule Change Default Value for ADC ExternalTrigInjecConv L4 family is applicable
2025-07-28 15:29:50,403 [INFO] Rule:225 - rule Change Default Value for ADC ExternalTrigConv F3 family is applicable
2025-07-28 15:29:50,403 [INFO] Rule:225 - rule Change Default Value for ADC ExternalTrigInjecConv F3 family is applicable
2025-07-28 15:29:50,403 [INFO] Rule:225 - rule Change Default Value for ADC ExternalTrigConv Goldfish serie is applicable
2025-07-28 15:29:50,403 [INFO] Rule:225 - rule Change Default Value for ADC ExternalTrigInjecConv Goldfish serie is applicable
2025-07-28 15:29:50,403 [INFO] Rule:225 - rule Change Default Value for ADC ExternalTrigConv L0 family is applicable
2025-07-28 15:29:50,403 [INFO] Rule:225 - rule Change Default Value for ADC ExternalTrigConv F0 family is applicable
2025-07-28 15:29:50,404 [INFO] Rule:225 - rule Change Default Value for ADC ExternalTrigConvn L1 family is applicable
2025-07-28 15:29:50,404 [INFO] Rule:225 - rule Change Default Value for ADC ExternalTrigInjecConv L1 family is applicable
2025-07-28 15:29:50,404 [INFO] Rule:225 - rule Change Default Value for ADC ExternalTrigConv F1 family is applicable
2025-07-28 15:29:50,404 [INFO] Rule:225 - rule Change Default Value for ADC ExternalTrigInjecConv F1 family is applicable
2025-07-28 15:29:50,404 [INFO] Rule:225 - rule Change Default Value for ADC ExternalTrigConv F7 family is applicable
2025-07-28 15:29:50,404 [INFO] Rule:225 - rule Change Default Value for ADC ExternalTrigInjecConv F7 family is applicable
2025-07-28 15:29:50,404 [INFO] Rule:225 - rule Change Default Value for ADC ExternalTrigConv F4 and F2 family is applicable
2025-07-28 15:29:50,404 [INFO] Rule:225 - rule Change Default Value for ADC ExternalTrigInjecConv F4 and F2 family is applicable
2025-07-28 15:29:50,404 [INFO] Rule:225 - rule ADC SamplingTime fix with FW L0  is applicable
2025-07-28 15:29:50,404 [INFO] Rule:225 - rule ADC SamplingTime fix with FW L0  is applicable
2025-07-28 15:29:50,405 [INFO] Rule:225 - rule ADC SamplingTime fix with FW L0 is applicable
2025-07-28 15:29:50,405 [INFO] Rule:225 - rule ADC SamplingTime fix with FW L0 is applicable
2025-07-28 15:29:50,405 [INFO] Rule:225 - rule ADC SamplingTime fix with FW L0  is applicable
2025-07-28 15:29:50,405 [INFO] Rule:225 - rule ADC SamplingTime fix with FW L0 is applicable
2025-07-28 15:29:50,405 [INFO] Rule:225 - rule Rename USB_OE Signal is applicable
2025-07-28 15:29:50,405 [INFO] Rule:225 - rule Rename Activate_OE Mode is applicable
2025-07-28 15:29:50,405 [INFO] Rule:225 - rule Rename DIE462/DIE415 pin PC14/OSC32_IN -> PC14-OSC32_IN (PC14) is applicable
2025-07-28 15:29:50,405 [INFO] Rule:225 - rule Rename DIE462/DIE415 pin PC15/OSC32_OUT -> PC15-OSC32_OUT (PC15) is applicable
2025-07-28 15:29:50,405 [INFO] Rule:225 - rule Rename DIE462/DIE415 pin PH0/OSC_IN -> PH0-OSC_IN (PH0) is applicable
2025-07-28 15:29:50,406 [INFO] Rule:225 - rule Rename DIE462/DIE415 pin PH1/OSC_OUT -> PH1-OSC_OUT (PH1) is applicable
2025-07-28 15:29:50,406 [INFO] Rule:225 - rule Rename DIE462 pin PA13 -> PA13 (JTMS/SWDIO) is applicable
2025-07-28 15:29:50,406 [INFO] Rule:225 - rule Rename DIE415 pin PA13 -> PA13 (JTMS/SWDIO) is applicable
2025-07-28 15:29:50,406 [INFO] Rule:225 - rule Rename DIE462 pin PA14 -> PA14 (JTCK/SWCLK) is applicable
2025-07-28 15:29:50,406 [INFO] Rule:225 - rule Rename DIE415 pin PA14 -> PA14 (JTCK/SWCLK) is applicable
2025-07-28 15:29:50,407 [INFO] Rule:225 - rule Rename DIE462/DIE415 pin PA15 -> PA15 (JTDI) is applicable
2025-07-28 15:29:50,407 [INFO] Rule:225 - rule Rename DIE462 pin PB3 -> PB3 (JTD0/TRACESWO) is applicable
2025-07-28 15:29:50,407 [INFO] Rule:225 - rule Rename DIE415 pin PB3 -> PB3 (JTD0-TRACESWO) is applicable
2025-07-28 15:29:50,407 [INFO] Rule:225 - rule Rename DIE462/DIE415 pin PB4 -> PB4 (NJTRST) is applicable
2025-07-28 15:29:50,407 [INFO] Rule:225 - rule Rename DIE462 pin PH3/BOOT0 -> PH3-BOOT0 (BOOT0) is applicable
2025-07-28 15:29:50,407 [INFO] Rule:225 - rule Rename CRYP DataEncryptionTypesList to Algorithm is applicable
2025-07-28 15:29:50,407 [INFO] Rule:225 - rule Rename AES DataEncryptionTypesList to Algorithm is applicable
2025-07-28 15:29:50,407 [INFO] Rule:225 - rule Rename TDESECB to CRYP_TDES_ECB is applicable
2025-07-28 15:29:50,407 [INFO] Rule:225 - rule Rename TDESCBC to CRYP_TDES_CBC is applicable
2025-07-28 15:29:50,407 [INFO] Rule:225 - rule Rename DESECB to CRYP_DES_ECB is applicable
2025-07-28 15:29:50,408 [INFO] Rule:225 - rule Rename DESCBC to CRYP_DES_CBC is applicable
2025-07-28 15:29:50,408 [INFO] Rule:225 - rule Rename AESECB to CRYP_AES_ECB is applicable
2025-07-28 15:29:50,408 [INFO] Rule:225 - rule Rename AESCBC to CRYP_AES_CBC is applicable
2025-07-28 15:29:50,408 [INFO] Rule:225 - rule Rename AESCTR to CRYP_AES_CTR is applicable
2025-07-28 15:29:50,408 [INFO] Rule:225 - rule Rename AESGCM to CRYP_AES_GCM is applicable
2025-07-28 15:29:50,408 [INFO] Rule:225 - rule Rename AESCCM to CRYP_AES_CCM is applicable
2025-07-28 15:29:50,408 [INFO] Rule:225 - rule Rename CAN TimeSeg1 to BS1 is applicable
2025-07-28 15:29:50,408 [INFO] Rule:225 - rule Rename CAN TimeSeg2 to BS2 is applicable
2025-07-28 15:29:50,408 [INFO] Rule:225 - rule Rename CAN SyncJumpWidth to SJW is applicable
2025-07-28 15:29:50,408 [INFO] Rule:225 - rule TimeTriggeredMode to TTCM is applicable
2025-07-28 15:29:50,408 [INFO] Rule:225 - rule Rename CAN AutoBusOff to ABOM is applicable
2025-07-28 15:29:50,409 [INFO] Rule:225 - rule Rename CAN AutoWakeUp to AWUM is applicable
2025-07-28 15:29:50,409 [INFO] Rule:225 - rule Rename CAN AutoRetransmission to NART is applicable
2025-07-28 15:29:50,409 [INFO] Rule:225 - rule Rename CAN ReceiveFifoLocked to RFLM is applicable
2025-07-28 15:29:50,409 [INFO] Rule:225 - rule Rename CAN TransmitFifoPriority to TXFP is applicable
2025-07-28 15:29:50,409 [INFO] Rule:225 - rule Rename HRTIMER HRTIM_OUTPUTFAULTLEVEL_HIGH in HRTIMER HRTIM_OUTPUTFAULTLEVEL_HIGHZ is applicable
2025-07-28 15:29:50,409 [INFO] Rule:225 - rule Rename TIMER TIM_CLEARINPUTSOURCE_OCREFCLR in  TIMER TIM_CLEARINPUTSOURCE_NONE for F7 family is applicable
2025-07-28 15:29:50,409 [INFO] Rule:225 - rule FDCAN_R1 - Rename FDCAN mode Master into Classic is applicable
2025-07-28 15:29:50,409 [INFO] Rule:225 - rule FDCAN_R2 - Rename FDCAN mode Slave into Classic is applicable
2025-07-28 15:29:50,409 [INFO] Rule:225 - rule FDCAN1_R3 - if PA10.Mode=FullDuplex, add Pin PA12 is applicable
2025-07-28 15:29:50,409 [INFO] Rule:225 - rule FDCAN1_R3 - if PA9.Mode=FullDuplex, add Pin PA11 is applicable
2025-07-28 15:29:50,409 [INFO] Rule:225 - rule FDCAN1_R3 - Alternatepin_1 - if PE1.Mode=FullDuplex, add Pin PB9 is applicable
2025-07-28 15:29:50,410 [INFO] Rule:225 - rule FDCAN1_R3 - Alternatepin_1 - if PE0.Mode=FullDuplex, add Pin PB8 is applicable
2025-07-28 15:29:50,410 [INFO] Rule:225 - rule FDCAN1_R3 - Alternatepin_2 - if PD5.Mode=FullDuplex, add Pin PD1 is applicable
2025-07-28 15:29:50,410 [INFO] Rule:225 - rule FDCAN1_R3 - Alternatepin_2 - if PD4.Mode=FullDuplex, add Pin PD0 is applicable
2025-07-28 15:29:50,410 [INFO] Rule:225 - rule FDCAN1_R4 - Rename Mode FullDuplex into Enable FDCAN_TXFD for pin PA10 is applicable
2025-07-28 15:29:50,410 [INFO] Rule:225 - rule FDCAN1_R4 - Rename Mode FullDuplex into Enable FDCAN_TXFD for pin PA9 is applicable
2025-07-28 15:29:50,410 [INFO] Rule:225 - rule FDCAN1_R4 - Alternatepin_1 - Rename Mode FullDuplex into Enable FDCAN_TXFD for pin PE1 is applicable
2025-07-28 15:29:50,410 [INFO] Rule:225 - rule FDCAN1_R4 - Alternatepin_1 - Rename Mode FullDuplex into Enable FDCAN_TXFD for pin PE0 is applicable
2025-07-28 15:29:50,410 [INFO] Rule:225 - rule FDCAN1_R4 - Alternatepin_2 - Rename Mode FullDuplex into Enable FDCAN_TXFD for pin PD5 is applicable
2025-07-28 15:29:50,410 [INFO] Rule:225 - rule FDCAN1_R4 - Alternatepin_2 - Rename Mode FullDuplex into Enable FDCAN_TXFD for pin PD4 is applicable
2025-07-28 15:29:50,410 [INFO] Rule:225 - rule FDCAN2_R3 - if PD10.Mode=FullDuplex, add Pin PB13 is applicable
2025-07-28 15:29:50,410 [INFO] Rule:225 - rule FDCAN2_R3 - if PD9.Mode=FullDuplex, add Pin PB12 is applicable
2025-07-28 15:29:50,411 [INFO] Rule:225 - rule FDCAN2_R3 - Alternatepin_1 - if PB7.Mode=FullDuplex, add Pin PB6 is applicable
2025-07-28 15:29:50,411 [INFO] Rule:225 - rule FDCAN2_R3 - Alternatepin_1 - if PD9.Mode=FullDuplex, add Pin PB12 is applicable
2025-07-28 15:29:50,411 [INFO] Rule:225 - rule FDCAN2_R4 - Rename Mode FullDuplex into Enable FDCAN_TXFD for pin PD10 is applicable
2025-07-28 15:29:50,411 [INFO] Rule:225 - rule FDCAN2_R4 - Rename Mode FullDuplex into Enable FDCAN_TXFD for pin PD9 is applicable
2025-07-28 15:29:50,411 [INFO] Rule:225 - rule FDCAN2_R4 - Alternatepin_1 - Rename Mode FullDuplex into Enable FDCAN_TXFD for pin PB7 is applicable
2025-07-28 15:29:50,411 [INFO] Rule:225 - rule FDCAN2_R4 - Alternatepin_1 - Rename Mode FullDuplex into Enable FDCAN_TXFD for pin PD6 is applicable
2025-07-28 15:29:50,411 [INFO] Rule:225 - rule USART TxPinLevelInvertParam Mode is applicable
2025-07-28 15:29:50,411 [INFO] Rule:225 - rule USART RxPinLevelInvertParam Mode is applicable
2025-07-28 15:29:50,411 [INFO] Rule:225 - rule USART DataInvertParam Mode is applicable
2025-07-28 15:29:50,411 [INFO] Rule:225 - rule USART SwapParam Mode is applicable
2025-07-28 15:29:50,411 [INFO] Rule:225 - rule USART OverrunDisableParam Mode is applicable
2025-07-28 15:29:50,411 [INFO] Rule:225 - rule USART DMADisableonRxErrorParam Mode is applicable
2025-07-28 15:29:50,412 [INFO] Rule:225 - rule USART MSBFirstParam Mode is applicable
2025-07-28 15:29:50,412 [INFO] Rule:225 - rule Update MwName for USB_DEVICE is applicable
2025-07-28 15:29:50,412 [INFO] Rule:225 - rule Change PWR_Regulator_Voltage_Scale Default Value for RCC  H7 family is applicable
2025-07-28 15:29:50,412 [INFO] Rule:225 - rule UART/USART IPParameter rename Prescaler parameter to ClockPrescaler is applicable
2025-07-28 15:29:50,412 [INFO] Rule:225 - rule UART/USART Prescaler rename Prescaler parameter to ClockPrescaler is applicable
2025-07-28 15:29:50,412 [INFO] Rule:225 - rule TIM1CLockSelection is applicable
2025-07-28 15:29:50,412 [INFO] Rule:225 - rule TIM15CLockSelection is applicable
2025-07-28 15:29:50,412 [INFO] Rule:225 - rule align RCC SDMMC3CLockSelection default value on MP1 is applicable
2025-07-28 15:29:50,412 [INFO] Rule:225 - rule align RCC SDMMC12CLockSelection default value on MP1 is applicable
2025-07-28 15:29:50,412 [INFO] Rule:225 - rule align RCC QSPICLockSelection default value on MP1 is applicable
2025-07-28 15:29:50,413 [INFO] Rule:225 - rule align RCC QSPICLockSelection default value on MP1 is applicable
2025-07-28 15:29:50,413 [INFO] Rule:225 - rule align RCC SPI6CLockSelection default value on MP1 is applicable
2025-07-28 15:29:50,413 [INFO] Rule:225 - rule align RCC LPTIM23CLockSelection default value on MP1 is applicable
2025-07-28 15:29:50,413 [INFO] Rule:225 - rule align RCC LPTIM1CLockSelection default value on MP1 is applicable
2025-07-28 15:29:50,413 [INFO] Rule:225 - rule align RCC USART1CLockSelection default value on MP1 is applicable
2025-07-28 15:29:50,413 [INFO] Rule:225 - rule align RCC USART24CLockSelection default value on MP1 is applicable
2025-07-28 15:29:50,413 [INFO] Rule:225 - rule align RCC USART6CLockSelection default value on MP1 is applicable
2025-07-28 15:29:50,413 [INFO] Rule:225 - rule align RCC UART78CLockSelection default value on MP1 is applicable
2025-07-28 15:29:50,413 [INFO] Rule:225 - rule align RCC USART35CLockSelection default value on MP1 is applicable
2025-07-28 15:29:50,413 [INFO] Rule:225 - rule align RCC SPI45CLockSelection default value on MP1 is applicable
2025-07-28 15:29:50,413 [INFO] Rule:225 - rule align RCC I2C46CLockSelection BCLK value on MP1 is applicable
2025-07-28 15:29:50,413 [INFO] Rule:225 - rule align RCC SPI45CLockSelection default value on MP1 is applicable
2025-07-28 15:29:50,414 [INFO] Rule:225 - rule align RCC I2C12CLockSelection default value on MP1 is applicable
2025-07-28 15:29:50,414 [INFO] Rule:225 - rule align RCC I2C35CLockSelection default value on MP1 is applicable
2025-07-28 15:29:50,414 [INFO] Rule:225 - rule align RCC LPTIM45CLockSelection default value on MP1 is applicable
2025-07-28 15:29:50,414 [INFO] Rule:225 - rule Rename DCMI PIXCK signal is applicable
2025-07-28 15:29:50,414 [INFO] Rule:225 - rule Change Default Value for I2C46CLockSelection MP1 family is applicable
2025-07-28 15:29:50,414 [INFO] Rule:225 - rule Change Default Value for UART for G4, G0 and WB families is applicable
2025-07-28 15:29:50,414 [INFO] Rule:225 - rule Change Default Value for USART for G4, G0 and WB families is applicable
2025-07-28 15:29:50,414 [INFO] Rule:225 - rule Change Default Value for USART for G4 family is applicable
2025-07-28 15:29:50,414 [INFO] Rule:225 - rule Change USART1CLockSelection refparam name for MP1 is applicable
2025-07-28 15:29:50,414 [INFO] Rule:225 - rule Change USART2CLockSelection refparam name for MP1 is applicable
2025-07-28 15:29:50,414 [INFO] Rule:225 - rule Change USART3CLockSelection refparam name for MP1 is applicable
2025-07-28 15:29:50,414 [INFO] Rule:225 - rule Change UART4CLockSelection refparam name for MP1 is applicable
2025-07-28 15:29:50,414 [INFO] Rule:225 - rule Change UART5CLockSelection refparam name for MP1 is applicable
2025-07-28 15:29:50,415 [INFO] Rule:225 - rule Change LPUART1CLockSelection refparam name for MP1 is applicable
2025-07-28 15:29:50,415 [INFO] Rule:225 - rule Change LPTIM1CLockSelection refparam name for MP1 is applicable
2025-07-28 15:29:50,415 [INFO] Rule:225 - rule Change LPTIM2CLockSelection refparam name for MP1 is applicable
2025-07-28 15:29:50,415 [INFO] Rule:225 - rule Change RCC_MCO1Source refparam name for MP1 is applicable
2025-07-28 15:29:50,416 [INFO] Rule:225 - rule Change LSCOSource1 refparam name for MP1 is applicable
2025-07-28 15:29:50,416 [INFO] Rule:225 - rule Change SMPSCLockSelection refparam name for MP1 is applicable
2025-07-28 15:29:50,416 [INFO] Rule:225 - rule Change LPTIM3CLockSelection refparam name for MP1 is applicable
2025-07-28 15:29:50,416 [INFO] Rule:225 - rule Change MPCBB* Default Template Mode to Parameters is applicable
2025-07-28 15:29:50,416 [INFO] Rule:225 - rule Change MPCWM* or MPCBB* Secure Mode to Parameters is applicable
2025-07-28 15:29:50,416 [INFO] Rule:225 - rule Change MPCWM* or MPCBB* No Secure Mode to Parameters is applicable
2025-07-28 15:29:50,416 [INFO] Rule:225 - rule Change TZSC IP Secure Mode to Parameters is applicable
2025-07-28 15:29:50,416 [INFO] Rule:225 - rule Change TZSC IP No Secure Mode to Parameters is applicable
2025-07-28 15:29:50,416 [INFO] Rule:225 - rule Change TZSC IP Privilege Mode to Parameters is applicable
2025-07-28 15:29:50,416 [INFO] Rule:225 - rule Change TZSC IP No Privilege Mode to Parameters is applicable
2025-07-28 15:29:50,416 [INFO] Rule:225 - rule Change TZIC IT Secure Mode to Parameters is applicable
2025-07-28 15:29:50,417 [INFO] Rule:225 - rule Change TZIC IT No Secure Mode to Parameters is applicable
2025-07-28 15:29:50,417 [INFO] Rule:225 - rule Add MPCBB1_NonSecureArea_Start_Address value with referenced to MPCBB1_NonSecureArea_Start value is applicable
2025-07-28 15:29:50,417 [INFO] Rule:225 - rule Add MPCBB2_NonSecureArea_Start_Address value with referenced to MPCBB2_NonSecureArea_Start value is applicable
2025-07-28 15:29:50,417 [INFO] Rule:225 - rule Add MPCWM1_NonSecureArea*_Start_Address value with referenced to MPCWM1_NonSecureArea*_Start value is applicable
2025-07-28 15:29:50,417 [INFO] Rule:225 - rule Add MPCWM2_NonSecureArea*_Start_Address value with referenced to MPCWM2_NonSecureArea*_Start value is applicable
2025-07-28 15:29:50,417 [INFO] Rule:225 - rule Add MPCWM3_NonSecureArea_Start_Address value with referenced to MPCWM3_NonSecureArea_Start value is applicable
2025-07-28 15:29:50,418 [INFO] Rule:225 - rule Change Default Value for PLL1UserDefinedConfig is applicable
2025-07-28 15:29:50,418 [INFO] Rule:225 - rule Change GPIO_PuPd Default Value for USART in async mode is applicable
2025-07-28 15:29:50,419 [INFO] Rule:225 - rule Change SMPSDivider Default Value is applicable
2025-07-28 15:29:50,419 [INFO] Rule:225 - rule OPAMP is applicable
2025-07-28 15:29:50,419 [INFO] Rule:225 - rule LPUART IPParameter rename Prescaler parameter to ClockPrescaler for STM32H7 is applicable
2025-07-28 15:29:50,419 [INFO] Rule:225 - rule LPUART IPParameter rename Prescaler parameter to ClockPrescaler for STM32H7 is applicable
2025-07-28 15:29:50,419 [INFO] Rule:225 - rule LPUART IPParameter rename Prescaler parameter to ClockPrescaler for STM32WB is applicable
2025-07-28 15:29:50,419 [INFO] Rule:225 - rule LPUART IPParameter rename Prescaler parameter to ClockPrescaler for STM32WB is applicable
2025-07-28 15:29:50,419 [INFO] Rule:225 - rule LPUART IPParameter rename Prescaler parameter to ClockPrescaler for STM32G4 is applicable
2025-07-28 15:29:50,419 [INFO] Rule:225 - rule LPUART IPParameter rename Prescaler parameter to ClockPrescaler for STM32G4 is applicable
2025-07-28 15:29:50,419 [INFO] Rule:225 - rule LPUART IPParameter rename Prescaler parameter to ClockPrescaler for STM32L5 is applicable
2025-07-28 15:29:50,419 [INFO] Rule:225 - rule LPUART IPParameter rename Prescaler parameter to ClockPrescaler for STM32L5 is applicable
2025-07-28 15:29:50,419 [INFO] Rule:225 - rule LPUART IPParameter rename Prescaler parameter to ClockPrescaler for STM32G4 is applicable
2025-07-28 15:29:50,420 [INFO] Rule:225 - rule LPUART IPParameter rename Prescaler parameter to ClockPrescaler for STM32G4 is applicable
2025-07-28 15:29:50,420 [INFO] Rule:225 - rule USB device lib V2.5.3 for L0 rename USBD_SUPPORT_USER_STRING parameter to USBD_SUPPORT_USER_STRING_DESC4 is applicable
2025-07-28 15:29:50,421 [INFO] Rule:225 - rule I2SCLockSelection clock entry align is applicable
2025-07-28 15:29:50,421 [INFO] Rule:225 - rule Assign TIMx context if used as SYS timebase is applicable
2025-07-28 15:29:50,421 [INFO] Rule:225 - rule Change GPIO_Pu Default Value for I2C is applicable
2025-07-28 15:29:50,421 [INFO] Rule:225 - rule Change GPIO_Pu Default Value for SMBus is applicable
2025-07-28 15:29:50,421 [INFO] Rule:225 - rule change FDCAN default value is applicable
2025-07-28 15:29:50,421 [INFO] Rule:225 - rule Change mode sai is applicable
2025-07-28 15:29:50,421 [INFO] Rule:225 - rule **Change sai mode is applicable
2025-07-28 15:29:50,421 [INFO] Rule:225 - rule Rename STM32WPAN CFG_BLE_IRK to CFG_BLE_IR is applicable
2025-07-28 15:29:50,421 [INFO] Rule:225 - rule Rename STM32WPAN CFG_BLE_ERK to CFG_BLE_ER is applicable
2025-07-28 15:29:50,421 [INFO] Rule:225 - rule Rename STM32WPAN CFG_BLE_IRK_HEX to CFG_BLE_IR_HEX is applicable
2025-07-28 15:29:50,421 [INFO] Rule:225 - rule Rename STM32WPAN CFG_BLE_ERK_HEX to CFG_BLE_ER_HEX is applicable
2025-07-28 15:29:50,422 [INFO] Rule:225 - rule Adapt Old IOC before rework replace old CORTEX_M33/CORTEX_M55 attributes by the new one. is applicable
2025-07-28 15:29:50,422 [INFO] Rule:225 - rule Rename parametre of RCC RCC_APBDBG_DIV2 to RCC_TIMPRES_DIV2 is applicable
2025-07-28 15:29:50,422 [INFO] Rule:225 - rule Rename DIE493 pin PA10 [PA12] -> PA10 is applicable
2025-07-28 15:29:50,422 [INFO] Rule:225 - rule Rename DIE493 pin PA9 [PA11] -> PA9 is applicable
2025-07-28 15:29:50,422 [INFO] Rule:225 - rule Adapt Old IOC CSI. is applicable
2025-07-28 15:29:50,447 [INFO] DbConfProperties:307 - Apply Compatibility (49/267 Rules)
2025-07-28 15:29:50,470 [INFO] ImportTextPane:218 - (OptionalMessage_ERROR) Unable to find key (Mcu.ThirdPartyNb) in loaded IOC file
2025-07-28 15:29:50,472 [INFO] ImportTextPane:218 - (OptionalMessage_ERROR) Pin12 (VP_RIF_VS_RIF1) cannot be retrieved for this MCU
2025-07-28 15:29:50,530 [WARN] ModelIntegratedComponent:63 - No mode defined for component null
2025-07-28 15:29:50,530 [WARN] ModelIntegratedComponent:63 - No mode defined for component null
2025-07-28 15:29:50,530 [WARN] ModelIntegratedComponent:63 - No mode defined for component null
2025-07-28 15:29:50,530 [WARN] ModelIntegratedComponent:63 - No mode defined for component null
2025-07-28 15:29:50,530 [WARN] ModelIntegratedComponent:63 - No mode defined for component null
2025-07-28 15:29:50,530 [WARN] ModelIntegratedComponent:63 - No mode defined for component null
2025-07-28 15:29:50,531 [WARN] ModelIntegratedComponent:63 - No mode defined for component null
2025-07-28 15:29:50,531 [WARN] ModelIntegratedComponent:63 - No mode defined for component null
2025-07-28 15:29:50,531 [WARN] ModelIntegratedComponent:63 - No mode defined for component null
2025-07-28 15:29:50,531 [WARN] ModelIntegratedComponent:63 - No mode defined for component null
2025-07-28 15:29:50,531 [WARN] ModelIntegratedComponent:63 - No mode defined for component null
2025-07-28 15:29:50,531 [WARN] ModelIntegratedComponent:63 - No mode defined for component null
2025-07-28 15:29:50,531 [WARN] ModelIntegratedComponent:63 - No mode defined for component null
2025-07-28 15:29:50,531 [WARN] ModelIntegratedComponent:63 - No mode defined for component null
2025-07-28 15:29:50,531 [WARN] ModelIntegratedComponent:63 - No mode defined for component null
2025-07-28 15:29:50,531 [WARN] ModelIntegratedComponent:63 - No mode defined for component null
2025-07-28 15:29:50,532 [WARN] ModelIntegratedComponent:63 - No mode defined for component null
2025-07-28 15:29:50,532 [WARN] ModelIntegratedComponent:63 - No mode defined for component null
2025-07-28 15:29:50,532 [WARN] ModelIntegratedComponent:63 - No mode defined for component null
2025-07-28 15:29:50,532 [WARN] ModelIntegratedComponent:63 - No mode defined for component null
2025-07-28 15:29:50,532 [WARN] ModelIntegratedComponent:63 - No mode defined for component null
2025-07-28 15:29:50,532 [WARN] ModelIntegratedComponent:63 - No mode defined for component null
2025-07-28 15:29:50,532 [WARN] ModelIntegratedComponent:63 - No mode defined for component null
2025-07-28 15:29:50,532 [WARN] ModelIntegratedComponent:63 - No mode defined for component null
2025-07-28 15:29:50,532 [WARN] ModelIntegratedComponent:63 - No mode defined for component null
2025-07-28 15:29:50,532 [WARN] ModelIntegratedComponent:63 - No mode defined for component null
2025-07-28 15:29:50,533 [WARN] ModelIntegratedComponent:63 - No mode defined for component null
2025-07-28 15:29:50,533 [WARN] ModelIntegratedComponent:63 - No mode defined for component null
2025-07-28 15:29:50,533 [WARN] ModelIntegratedComponent:63 - No mode defined for component null
2025-07-28 15:29:50,533 [WARN] ModelIntegratedComponent:63 - No mode defined for component null
2025-07-28 15:29:50,533 [WARN] ModelIntegratedComponent:63 - No mode defined for component null
2025-07-28 15:29:50,533 [WARN] ModelIntegratedComponent:63 - No mode defined for component null
2025-07-28 15:29:50,533 [WARN] ModelIntegratedComponent:63 - No mode defined for component null
2025-07-28 15:29:50,533 [WARN] ModelIntegratedComponent:63 - No mode defined for component null
2025-07-28 15:29:50,533 [WARN] ModelIntegratedComponent:63 - No mode defined for component null
2025-07-28 15:29:50,533 [WARN] ModelPack:524 - Component already loaded: STMicroelectronics:HAL Drivers:0.0.0:STMicroelectronics:Device:STMicro_Driver:XSPI:HAL::0.0.1:HAL_XSPI
2025-07-28 15:29:50,544 [INFO] RtosManager:558 - Registered RTOS mode: class=CMSIS, group=RTOS, mode=CMSIS_V1, owner=FREERTOS
2025-07-28 15:29:50,545 [INFO] RtosManager:558 - Registered RTOS mode: class=CMSIS, group=RTOS2, mode=CMSIS_V2, owner=FREERTOS
2025-07-28 15:29:50,545 [INFO] RtosManager:558 - Registered RTOS mode: class=RTOS, group=Core, mode=CMSIS_V1, owner=FREERTOS
2025-07-28 15:29:50,545 [INFO] RtosManager:558 - Registered RTOS mode: class=RTOS, group=Core, mode=CMSIS_V2, owner=FREERTOS
2025-07-28 15:29:50,545 [WARN] ModelIntegratedComponent:184 - Missing modes for component STMicroelectronics:FreeRTOS:0.0.1:STMicroelectronics:RTOS:FreeRTOS:Core:::10.2.0:
2025-07-28 15:29:50,555 [INFO] ThirdPartyModel:298 - Start build external matchings
2025-07-28 15:29:50,629 [INFO] ThirdPartyModel:316 - End build external matchings
2025-07-28 15:29:50,633 [INFO] ImportTextPane:218 - (OptionalMessage_ERROR) IP (RCC) : Invalid parameter (48MHZClocksFreq_Value)
2025-07-28 15:29:50,634 [INFO] ImportTextPane:218 - (OptionalMessage_ERROR) IP (RCC) : Invalid parameter (EthernetFreq_Value)
2025-07-28 15:29:50,636 [INFO] ImportTextPane:218 - (OptionalMessage_ERROR) IP (RCC) : Parameter (FLatency) has Id (AdvancedSettings) currently not set
2025-07-28 15:29:50,636 [INFO] ImportTextPane:218 - (OptionalMessage_ERROR) IP (RCC) : Invalid parameter (FamilyName)
2025-07-28 15:29:50,636 [INFO] ImportTextPane:218 - (OptionalMessage_ERROR) IP (RCC) : Invalid parameter (I2SClocksFreq_Value)
2025-07-28 15:29:50,639 [INFO] ImportTextPane:218 - (OptionalMessage_ERROR) IP (RCC) : Parameter (SDIOFreq_Value) has invalid value (168000000)
2025-07-28 15:29:50,639 [INFO] ImportTextPane:218 - (OptionalMessage_ERROR) IP (RCC) : Parameter (USBFreq_Value) has invalid value (168000000)
2025-07-28 15:29:50,640 [INFO] ImportTextPane:218 - (OptionalMessage_ERROR) IP (RCC) : Invalid parameter (VCOInputMFreq_Value)
2025-07-28 15:29:50,641 [INFO] ImportTextPane:218 - (OptionalMessage_ERROR) IP (RCC) : Invalid parameter (VcooutputI2S)
2025-07-28 15:29:50,972 [INFO] UtilMem:75 - End LoadConfig() Used Memory: 823920960 Bytes (1073741824)
2025-07-28 15:29:51,060 [WARN] ThirdParty:833 - waiting for thirdparty lock release [change project]
2025-07-28 15:29:51,060 [INFO] ThirdParty:835 - entering critical section [change project]
2025-07-28 15:29:51,060 [INFO] ThirdParty:1030 - CMSIS Pack Vendor :STMicroelectronics USBPD 4.1
2025-07-28 15:29:51,060 [INFO] ThirdParty:1030 - CMSIS Pack Vendor :STMicroelectronics X-CUBE-DISPLAY 3.0.0
2025-07-28 15:29:51,060 [INFO] ThirdParty:1030 - CMSIS Pack Vendor :STMicroelectronics USB_HOST 2.0.0
2025-07-28 15:29:51,061 [INFO] ThirdParty:1030 - CMSIS Pack Vendor :STMicroelectronics FP-SNS-MOTENVWB1 1.4.0
2025-07-28 15:29:51,061 [INFO] ThirdParty:1030 - CMSIS Pack Vendor :STMicroelectronics LIBJPEG 8.0.0
2025-07-28 15:29:51,061 [INFO] ThirdParty:1030 - CMSIS Pack Vendor :STMicroelectronics FP-ATR-SIGFOX1 3.2.0
2025-07-28 15:29:51,061 [INFO] ThirdParty:1030 - CMSIS Pack Vendor :STMicroelectronics USB_DEVICE 3.0.0
2025-07-28 15:29:51,061 [INFO] ThirdParty:1030 - CMSIS Pack Vendor :STMicroelectronics HAL Drivers 0.0.0
2025-07-28 15:29:51,061 [INFO] ThirdParty:1030 - CMSIS Pack Vendor :STMicroelectronics MBEDTLS 2.16.2
2025-07-28 15:29:51,061 [INFO] ThirdParty:1030 - CMSIS Pack Vendor :STMicroelectronics X-CUBE-ALS 1.0.2
2025-07-28 15:29:51,061 [INFO] ThirdParty:1030 - CMSIS Pack Vendor :STMicroelectronics MBEDTLS 2.14.1
2025-07-28 15:29:51,061 [INFO] ThirdParty:1030 - CMSIS Pack Vendor :STMicroelectronics USB_DEVICE 2.0.0
2025-07-28 15:29:51,061 [INFO] ThirdParty:1030 - CMSIS Pack Vendor :STMicroelectronics FP-SNS-STBOX1 2.0.0
2025-07-28 15:29:51,061 [INFO] ThirdParty:1030 - CMSIS Pack Vendor :STMicroelectronics ThreadX 1.0.0
2025-07-28 15:29:51,061 [INFO] ThirdParty:1030 - CMSIS Pack Vendor :STMicroelectronics FP-SNS-SMARTAG2 1.2.0
2025-07-28 15:29:51,062 [INFO] ThirdParty:1030 - CMSIS Pack Vendor :STMicroelectronics FreeRTOS 0.0.1
2025-07-28 15:29:51,062 [INFO] ThirdParty:1030 - CMSIS Pack Vendor :STMicroelectronics FP-SNS-MOTENV1 5.0.0
2025-07-28 15:29:51,062 [INFO] ThirdParty:1030 - CMSIS Pack Vendor :STMicroelectronics USB_DEVICE 1.0.0
2025-07-28 15:29:51,062 [INFO] ThirdParty:1030 - CMSIS Pack Vendor :STMicroelectronics STM32_WPAN 1.0.0
2025-07-28 15:29:51,062 [INFO] ThirdParty:1030 - CMSIS Pack Vendor :STMicroelectronics ThreadX 0.0.2
2025-07-28 15:29:51,063 [INFO] ThirdParty:1030 - CMSIS Pack Vendor :STMicroelectronics lwIP 2.1.2
2025-07-28 15:29:51,063 [INFO] ThirdParty:1030 - CMSIS Pack Vendor :STMicroelectronics lwIP 2.0.3
2025-07-28 15:29:51,063 [INFO] ThirdParty:1030 - CMSIS Pack Vendor :STMicroelectronics X-CUBE-BLE2 3.3.0
2025-07-28 15:29:51,063 [INFO] ThirdParty:1030 - CMSIS Pack Vendor :STMicroelectronics USB_HOST 1.0.0
2025-07-28 15:29:51,063 [INFO] ThirdParty:1030 - CMSIS Pack Vendor :STMicroelectronics PDM2PCM 3.1.0
2025-07-28 15:29:51,063 [INFO] ThirdParty:1030 - CMSIS Pack Vendor :STMicroelectronics PDM2PCM 3.2.0
2025-07-28 15:29:51,063 [INFO] ThirdParty:1030 - CMSIS Pack Vendor :STMicroelectronics PDM2PCM 3.3.0
2025-07-28 15:29:51,064 [INFO] ThirdParty:841 - exiting critical section [change project]
2025-07-28 15:29:51,635 [INFO] PinOutPanel:1589 - setPackage(No Configuration,No Configuration)
2025-07-28 15:29:51,636 [INFO] PinOutPanel:1589 - setPackage(STM32F446RETx,LQFP64)
2025-07-28 15:29:52,346 [INFO] UtilMem:75 - Before build in PCC Used Memory: 511351160 Bytes (1073741824)
2025-07-28 15:29:53,029 [INFO] UtilMem:75 - After build in PCC Used Memory: 563257720 Bytes (1073741824)
2025-07-28 15:29:53,090 [INFO] IPUIPlugin:80 - create IPUIPlugin
2025-07-28 15:29:53,091 [INFO] IPUIPlugin:80 - create IPUIPlugin
2025-07-28 15:29:53,093 [INFO] IPUIPlugin:80 - create IPUIPlugin
2025-07-28 15:29:53,093 [INFO] IPUIPlugin:80 - create IPUIPlugin
2025-07-28 15:29:53,094 [INFO] IPUIPlugin:80 - create IPUIPlugin
2025-07-28 15:29:53,097 [INFO] IPUIPlugin:80 - create IPUIPlugin
2025-07-28 15:29:53,098 [INFO] IPUIPlugin:80 - create IPUIPlugin
2025-07-28 15:29:53,098 [INFO] IPUIPlugin:80 - create IPUIPlugin
2025-07-28 15:29:53,098 [INFO] IPUIPlugin:80 - create IPUIPlugin
2025-07-28 15:29:53,099 [INFO] IPUIPlugin:80 - create IPUIPlugin
2025-07-28 15:29:53,099 [INFO] IPUIPlugin:80 - create IPUIPlugin
2025-07-28 15:29:53,099 [INFO] IPUIPlugin:80 - create IPUIPlugin
2025-07-28 15:29:53,100 [INFO] IPUIPlugin:80 - create IPUIPlugin
2025-07-28 15:29:53,100 [INFO] IPUIPlugin:80 - create IPUIPlugin
2025-07-28 15:29:53,104 [INFO] IPUIPlugin:80 - create IPUIPlugin
2025-07-28 15:29:53,104 [INFO] IPUIPlugin:80 - create IPUIPlugin
2025-07-28 15:29:53,104 [INFO] IPUIPlugin:80 - create IPUIPlugin
2025-07-28 15:29:53,108 [INFO] IPUIPlugin:80 - create IPUIPlugin
2025-07-28 15:29:53,108 [INFO] IPUIPlugin:80 - create IPUIPlugin
2025-07-28 15:29:53,108 [INFO] IPUIPlugin:80 - create IPUIPlugin
2025-07-28 15:29:53,109 [INFO] IPUIPlugin:80 - create IPUIPlugin
2025-07-28 15:29:53,109 [INFO] IPUIPlugin:80 - create IPUIPlugin
2025-07-28 15:29:53,110 [INFO] IPUIPlugin:80 - create IPUIPlugin
2025-07-28 15:29:53,110 [INFO] IPUIPlugin:80 - create IPUIPlugin
2025-07-28 15:29:53,110 [INFO] IPUIPlugin:80 - create IPUIPlugin
2025-07-28 15:29:53,111 [INFO] IPUIPlugin:80 - create IPUIPlugin
2025-07-28 15:29:53,111 [INFO] IPUIPlugin:80 - create IPUIPlugin
2025-07-28 15:29:53,115 [INFO] IPUIPlugin:80 - create IPUIPlugin
2025-07-28 15:29:53,115 [INFO] IPUIPlugin:80 - create IPUIPlugin
2025-07-28 15:29:53,116 [INFO] IPUIPlugin:80 - create IPUIPlugin
2025-07-28 15:29:53,117 [INFO] IPUIPlugin:80 - create IPUIPlugin
2025-07-28 15:29:53,117 [INFO] IPUIPlugin:80 - create IPUIPlugin
2025-07-28 15:29:53,117 [INFO] IPUIPlugin:80 - create IPUIPlugin
2025-07-28 15:29:53,120 [INFO] IPUIPlugin:80 - create IPUIPlugin
2025-07-28 15:29:53,120 [INFO] IPUIPlugin:80 - create IPUIPlugin
2025-07-28 15:29:53,121 [INFO] IPUIPlugin:80 - create IPUIPlugin
2025-07-28 15:29:53,121 [INFO] IPUIPlugin:80 - create IPUIPlugin
2025-07-28 15:29:53,126 [INFO] IPUIPlugin:80 - create IPUIPlugin
2025-07-28 15:29:53,127 [INFO] IPUIPlugin:80 - create IPUIPlugin
2025-07-28 15:29:53,128 [INFO] IPUIPlugin:80 - create IPUIPlugin
2025-07-28 15:29:53,128 [INFO] IPUIPlugin:80 - create IPUIPlugin
2025-07-28 15:29:53,133 [INFO] IPUIPlugin:80 - create IPUIPlugin
2025-07-28 15:29:53,134 [INFO] IPUIPlugin:80 - create IPUIPlugin
2025-07-28 15:29:53,134 [INFO] IPUIPlugin:80 - create IPUIPlugin
2025-07-28 15:29:53,135 [INFO] IPUIPlugin:80 - create IPUIPlugin
2025-07-28 15:29:53,138 [INFO] IPUIPlugin:80 - create IPUIPlugin
2025-07-28 15:29:53,139 [INFO] IPUIPlugin:80 - create IPUIPlugin
2025-07-28 15:29:53,140 [INFO] IPUIPlugin:80 - create IPUIPlugin
2025-07-28 15:29:53,146 [INFO] IPUIPlugin:80 - create IPUIPlugin
2025-07-28 15:29:53,146 [INFO] IPUIPlugin:80 - create IPUIPlugin
2025-07-28 15:29:53,147 [INFO] IPUIPlugin:80 - create IPUIPlugin
2025-07-28 15:29:53,148 [INFO] IPUIPlugin:80 - create IPUIPlugin
2025-07-28 15:29:53,152 [INFO] IPUIPlugin:80 - create IPUIPlugin
2025-07-28 15:29:53,152 [INFO] IPUIPlugin:80 - create IPUIPlugin
2025-07-28 15:29:53,153 [INFO] IPUIPlugin:80 - create IPUIPlugin
2025-07-28 15:29:53,154 [INFO] IPUIPlugin:80 - create IPUIPlugin
2025-07-28 15:29:53,158 [INFO] IPUIPlugin:80 - create IPUIPlugin
2025-07-28 15:29:53,159 [INFO] IPUIPlugin:80 - create IPUIPlugin
2025-07-28 15:29:53,160 [INFO] IPUIPlugin:80 - create IPUIPlugin
2025-07-28 15:29:53,164 [INFO] IPUIPlugin:80 - create IPUIPlugin
2025-07-28 15:29:53,175 [INFO] ApiDbMcu:508 - Load IP Config File for PDM2PCM
2025-07-28 15:29:53,351 [INFO] CADModel:165 - CPN selected for project levelSTM32F446RET6
2025-07-28 15:29:53,351 [INFO] CADModel:114 - Register for checkConnection events
2025-07-28 15:29:53,416 [INFO] OpenFileManager:385 - Restore cursor
2025-07-28 15:29:54,210 [INFO] UtilMem:75 - End SaveConfig() Used Memory: 719495544 Bytes (1073741824)
2025-07-28 15:29:54,298 [INFO] UtilMem:75 - End SaveConfig() Used Memory: 740467064 Bytes (1073741824)
2025-07-28 15:29:56,004 [INFO] BlockDiagram:2775 - set Specific Code input for plugin: SYS
2025-07-28 15:29:56,004 [INFO] BlockDiagram:2775 - set Specific Code input for plugin: RCC
2025-07-28 15:29:56,004 [INFO] BlockDiagram:2775 - set Specific Code input for plugin: NVIC
2025-07-28 15:29:56,004 [INFO] BlockDiagram:2775 - set Specific Code input for plugin: USART
2025-07-28 15:29:56,005 [INFO] BlockDiagram:2775 - set Specific Code input for plugin: GPIO
2025-07-28 15:29:56,005 [INFO] CodeGenerator:882 - code generatio: config db path: /opt/st/stm32cubeide_1.18.1/plugins/com.st.stm32cube.common.mx_6.14.1.202504091515//db/
2025-07-28 15:29:56,271 [INFO] CodeEngine:263 - oldGeneratedFile, /home/nova/STM32CubeIDE/workspace_1.18.1/UART_CIRUCULAR_BUFFER/MXTmpFiles/license.tmp_save
2025-07-28 15:29:56,717 [INFO] CodeEngine:287 - Generated code: /home/nova/STM32CubeIDE/workspace_1.18.1/UART_CIRUCULAR_BUFFER/MXTmpFiles/license.tmp
2025-07-28 15:29:56,765 [INFO] CodeEngine:263 - oldGeneratedFile, /home/nova/STM32CubeIDE/workspace_1.18.1/UART_CIRUCULAR_BUFFER/MXTmpFiles/gpio.tmp_save
2025-07-28 15:29:57,021 [INFO] CodeEngine:287 - Generated code: /home/nova/STM32CubeIDE/workspace_1.18.1/UART_CIRUCULAR_BUFFER/MXTmpFiles/gpio.tmp
2025-07-28 15:29:57,119 [INFO] CodeEngine:263 - oldGeneratedFile, /home/nova/STM32CubeIDE/workspace_1.18.1/UART_CIRUCULAR_BUFFER/Core/Src/stm32f4xx_it.c_save
2025-07-28 15:29:57,750 [INFO] CodeEngine:287 - Generated code: /home/nova/STM32CubeIDE/workspace_1.18.1/UART_CIRUCULAR_BUFFER/Core/Src/stm32f4xx_it.c
2025-07-28 15:29:57,753 [INFO] CodeEngine:263 - oldGeneratedFile, /home/nova/STM32CubeIDE/workspace_1.18.1/UART_CIRUCULAR_BUFFER/Core/Inc/stm32f4xx_it.h_save
2025-07-28 15:29:57,938 [INFO] CodeEngine:287 - Generated code: /home/nova/STM32CubeIDE/workspace_1.18.1/UART_CIRUCULAR_BUFFER/Core/Inc/stm32f4xx_it.h
2025-07-28 15:29:57,949 [INFO] CodeEngine:263 - oldGeneratedFile, /home/nova/STM32CubeIDE/workspace_1.18.1/UART_CIRUCULAR_BUFFER/Core/Src/stm32f4xx_hal_msp.c_save
2025-07-28 15:29:58,214 [INFO] CodeEngine:287 - Generated code: /home/nova/STM32CubeIDE/workspace_1.18.1/UART_CIRUCULAR_BUFFER/Core/Src/stm32f4xx_hal_msp.c
2025-07-28 15:29:58,217 [INFO] CodeEngine:263 - oldGeneratedFile, /home/nova/STM32CubeIDE/workspace_1.18.1/UART_CIRUCULAR_BUFFER/MXTmpFiles/system.tmp_save
2025-07-28 15:29:58,351 [INFO] CodeEngine:287 - Generated code: /home/nova/STM32CubeIDE/workspace_1.18.1/UART_CIRUCULAR_BUFFER/MXTmpFiles/system.tmp
2025-07-28 15:29:58,356 [INFO] CodeEngine:319 - oldGeneratedFile, /home/nova/STM32CubeIDE/workspace_1.18.1/UART_CIRUCULAR_BUFFER/Core/Inc/stm32f4xx_hal_conf.h_save
2025-07-28 15:29:58,506 [INFO] CodeEngine:343 - Generated code: /home/nova/STM32CubeIDE/workspace_1.18.1/UART_CIRUCULAR_BUFFER/Core/Inc/stm32f4xx_hal_conf.h
2025-07-28 15:29:58,544 [WARN] IPConfigManager:3217 - Warning: the RefConfig PLL2P_FOR_MCO is not available in your config.xml file
2025-07-28 15:29:58,556 [INFO] ApiDbMcu:508 - Load IP Config File for USART2
2025-07-28 15:29:58,561 [INFO] ApiDbMcu:508 - Load IP Config File for RCC
2025-07-28 15:29:58,567 [INFO] CodeEngine:263 - oldGeneratedFile, /home/nova/STM32CubeIDE/workspace_1.18.1/UART_CIRUCULAR_BUFFER/Core/Inc/main.h_save
2025-07-28 15:29:58,774 [INFO] CodeEngine:287 - Generated code: /home/nova/STM32CubeIDE/workspace_1.18.1/UART_CIRUCULAR_BUFFER/Core/Inc/main.h
2025-07-28 15:29:58,776 [INFO] CodeEngine:263 - oldGeneratedFile, /home/nova/STM32CubeIDE/workspace_1.18.1/UART_CIRUCULAR_BUFFER/Core/Src/main.c_save
2025-07-28 15:29:58,934 [INFO] CodeEngine:287 - Generated code: /home/nova/STM32CubeIDE/workspace_1.18.1/UART_CIRUCULAR_BUFFER/Core/Src/main.c
2025-07-28 15:29:59,319 [INFO] ProjectBuilder:3324 - Time for Copy HAL[1] : 34mS.
2025-07-28 15:29:59,322 [INFO] ProjectBuilder:4912 - Project Generator version: 4.6.0.1-B1
2025-07-28 15:29:59,522 [INFO] ConfigFileManager:1590 - The Die is : DIE421
2025-07-28 15:29:59,526 [INFO] ApiDbMcu:508 - Load IP Config File for FATFS
2025-07-28 15:29:59,533 [INFO] ApiDbMcu:508 - Load IP Config File for FREERTOS
2025-07-28 15:29:59,535 [INFO] ApiDbMcu:508 - Load IP Config File for LIBJPEG
2025-07-28 15:29:59,544 [INFO] ApiDbMcu:508 - Load IP Config File for MBEDTLS
2025-07-28 15:29:59,557 [INFO] ApiDbMcu:508 - Load IP Config File for USB_DEVICE
2025-07-28 15:29:59,563 [INFO] ApiDbMcu:508 - Load IP Config File for USB_HOST
2025-07-28 15:30:04,672 [INFO] ProjectBuilder:5191 - Time for Generating toolchain IDE Files: 5350mS.
2025-07-28 15:30:04,676 [INFO] ProjectBuilder:3181 - Time for Copy CMSIS : 1mS.
2025-07-28 15:30:04,676 [INFO] ProjectBuilder:3181 - Time for Copy CMSIS : 0mS.
2025-07-28 15:30:06,447 [INFO] McuFinderGlobals:76 - Set McuFinderConnectedMode to true
2025-07-28 15:30:06,450 [INFO] ApiDb:448 - Save user favorites file /home/nova/.stm32cubeide/favorites.mcus.txt: 1 item(s)
2025-07-28 15:30:06,451 [INFO] ApiDb:452 - User favorites MCUs=[STM32F446RET6]
2025-07-28 15:30:06,464 [INFO] ApiDb:448 - Save user favorites file /home/nova/.stm32cubeide/favorites.boards.txt: 0 item(s)
2025-07-28 15:30:06,465 [INFO] ApiDb:452 - User favorites Boards=[]
2025-07-28 15:30:30,202 [INFO] NvicIntPanel:101 - NVIC parent = com.st.microxplorer.plugins.ip.nvic.MultiNvicIntPanel[,0,0,450x145,layout=javax.swing.BoxLayout,alignmentX=0.0,alignmentY=0.0,border=,flags=9,maximumSize=,minimumSize=,preferredSize=]
2025-07-28 15:30:31,421 [INFO] NvicIntPanel:101 - NVIC parent = com.st.microxplorer.plugins.ip.nvic.MultiNvicIntPanel[,0,0,0x0,invalid,layout=javax.swing.BoxLayout,alignmentX=0.0,alignmentY=0.0,border=,flags=9,maximumSize=,minimumSize=,preferredSize=]
2025-07-28 15:30:59,763 [INFO] UtilMem:75 - End SaveConfig() Used Memory: 1003568000 Bytes (1073741824)
2025-07-28 15:31:01,212 [INFO] UtilMem:75 - End SaveConfig() Used Memory: 504899472 Bytes (1073741824)
2025-07-28 15:31:05,205 [INFO] UtilMem:75 - End SaveConfig() Used Memory: 942406920 Bytes (1073741824)
2025-07-28 15:31:05,429 [INFO] BlockDiagram:2775 - set Specific Code input for plugin: SYS
2025-07-28 15:31:05,429 [INFO] BlockDiagram:2775 - set Specific Code input for plugin: RCC
2025-07-28 15:31:05,429 [INFO] BlockDiagram:2775 - set Specific Code input for plugin: NVIC
2025-07-28 15:31:05,429 [INFO] BlockDiagram:2775 - set Specific Code input for plugin: USART
2025-07-28 15:31:05,430 [INFO] BlockDiagram:2775 - set Specific Code input for plugin: GPIO
2025-07-28 15:31:05,430 [INFO] CodeGenerator:882 - code generatio: config db path: /opt/st/stm32cubeide_1.18.1/plugins/com.st.stm32cube.common.mx_6.14.1.202504091515//db/
2025-07-28 15:31:05,674 [INFO] CodeEngine:263 - oldGeneratedFile, /home/nova/STM32CubeIDE/workspace_1.18.1/UART_CIRUCULAR_BUFFER/MXTmpFiles/license.tmp_save
2025-07-28 15:31:05,798 [INFO] CodeEngine:287 - Generated code: /home/nova/STM32CubeIDE/workspace_1.18.1/UART_CIRUCULAR_BUFFER/MXTmpFiles/license.tmp
2025-07-28 15:31:05,817 [INFO] CodeEngine:263 - oldGeneratedFile, /home/nova/STM32CubeIDE/workspace_1.18.1/UART_CIRUCULAR_BUFFER/MXTmpFiles/gpio.tmp_save
2025-07-28 15:31:05,940 [INFO] CodeEngine:287 - Generated code: /home/nova/STM32CubeIDE/workspace_1.18.1/UART_CIRUCULAR_BUFFER/MXTmpFiles/gpio.tmp
2025-07-28 15:31:06,013 [INFO] CodeEngine:263 - oldGeneratedFile, /home/nova/STM32CubeIDE/workspace_1.18.1/UART_CIRUCULAR_BUFFER/Core/Src/stm32f4xx_it.c_save
2025-07-28 15:31:06,172 [INFO] CodeEngine:287 - Generated code: /home/nova/STM32CubeIDE/workspace_1.18.1/UART_CIRUCULAR_BUFFER/Core/Src/stm32f4xx_it.c
2025-07-28 15:31:06,174 [INFO] CodeEngine:263 - oldGeneratedFile, /home/nova/STM32CubeIDE/workspace_1.18.1/UART_CIRUCULAR_BUFFER/Core/Inc/stm32f4xx_it.h_save
2025-07-28 15:31:07,534 [INFO] CodeEngine:287 - Generated code: /home/nova/STM32CubeIDE/workspace_1.18.1/UART_CIRUCULAR_BUFFER/Core/Inc/stm32f4xx_it.h
2025-07-28 15:31:07,551 [INFO] CodeEngine:263 - oldGeneratedFile, /home/nova/STM32CubeIDE/workspace_1.18.1/UART_CIRUCULAR_BUFFER/Core/Src/stm32f4xx_hal_msp.c_save
2025-07-28 15:31:07,670 [INFO] CodeEngine:287 - Generated code: /home/nova/STM32CubeIDE/workspace_1.18.1/UART_CIRUCULAR_BUFFER/Core/Src/stm32f4xx_hal_msp.c
2025-07-28 15:31:07,672 [INFO] CodeEngine:263 - oldGeneratedFile, /home/nova/STM32CubeIDE/workspace_1.18.1/UART_CIRUCULAR_BUFFER/MXTmpFiles/system.tmp_save
2025-07-28 15:31:07,741 [INFO] CodeEngine:287 - Generated code: /home/nova/STM32CubeIDE/workspace_1.18.1/UART_CIRUCULAR_BUFFER/MXTmpFiles/system.tmp
2025-07-28 15:31:07,745 [INFO] CodeEngine:319 - oldGeneratedFile, /home/nova/STM32CubeIDE/workspace_1.18.1/UART_CIRUCULAR_BUFFER/Core/Inc/stm32f4xx_hal_conf.h_save
2025-07-28 15:31:07,837 [INFO] CodeEngine:343 - Generated code: /home/nova/STM32CubeIDE/workspace_1.18.1/UART_CIRUCULAR_BUFFER/Core/Inc/stm32f4xx_hal_conf.h
2025-07-28 15:31:07,856 [WARN] IPConfigManager:3217 - Warning: the RefConfig PLL2P_FOR_MCO is not available in your config.xml file
2025-07-28 15:31:07,865 [INFO] CodeEngine:263 - oldGeneratedFile, /home/nova/STM32CubeIDE/workspace_1.18.1/UART_CIRUCULAR_BUFFER/Core/Inc/main.h_save
2025-07-28 15:31:07,972 [INFO] CodeEngine:287 - Generated code: /home/nova/STM32CubeIDE/workspace_1.18.1/UART_CIRUCULAR_BUFFER/Core/Inc/main.h
2025-07-28 15:31:07,975 [INFO] CodeEngine:263 - oldGeneratedFile, /home/nova/STM32CubeIDE/workspace_1.18.1/UART_CIRUCULAR_BUFFER/Core/Src/main.c_save
2025-07-28 15:31:08,095 [INFO] CodeEngine:287 - Generated code: /home/nova/STM32CubeIDE/workspace_1.18.1/UART_CIRUCULAR_BUFFER/Core/Src/main.c
2025-07-28 15:31:08,395 [INFO] ProjectBuilder:3324 - Time for Copy HAL[1] : 38mS.
2025-07-28 15:31:08,396 [INFO] ProjectBuilder:4912 - Project Generator version: 4.6.0.1-B1
2025-07-28 15:31:08,535 [INFO] ConfigFileManager:1590 - The Die is : DIE421
2025-07-28 15:31:09,754 [INFO] ProjectBuilder:5191 - Time for Generating toolchain IDE Files: 1358mS.
2025-07-28 15:31:09,754 [INFO] ProjectBuilder:3181 - Time for Copy CMSIS : 0mS.
2025-07-28 15:31:09,756 [INFO] ProjectBuilder:3181 - Time for Copy CMSIS : 1mS.
2025-07-28 17:02:59,991 [INFO] WebApp:194 - Connection lost
2025-07-28 17:16:04,137 [INFO] WebApp:191 - Connection restablished
2025-07-28 17:48:29,093 [ERROR] LogOutputStream:75 - [STDERR_REDIRECT] 
2025-07-28 17:48:57,160 [INFO] Activator:176 - 


2025-07-28 17:48:57,163 [INFO] Activator:177 - !SESSION log4j initialized
2025-07-28 17:49:05,721 [INFO] LogOutputStream:77 - [STDOUT_REDIRECT] 
2025-07-28 17:49:08,624 [INFO] ApplicationProperties:184 - Using Application install path: /opt/st/stm32cubeide_1.18.1/plugins/com.st.stm32cube.common.mx_6.14.1.202504091515
2025-07-28 17:49:08,643 [INFO] DbMcusXml:78 - Set database path to: /opt/st/stm32cubeide_1.18.1/plugins/com.st.stm32cube.common.mx_6.14.1.202504091515//db//mcu/
2025-07-28 17:49:08,644 [INFO] ApiDb:274 - Set plugin database path to: /opt/st/stm32cubeide_1.18.1/plugins/com.st.stm32cube.common.mx_6.14.1.202504091515//db//plugins/boardmanager/
2025-07-28 17:49:08,644 [WARN] ApiDb:259 - Overriding images path with different value:  => /opt/st/stm32cubeide_1.18.1/plugins/com.st.stm32cube.common.mx_6.14.1.202504091515//db//plugins/mcufinder/images/
2025-07-28 17:49:08,650 [INFO] ApiDb:250 - Set database path to: /home/nova/.stmcufinder/plugins/mcufinder//mcu/
2025-07-28 17:49:08,651 [INFO] DbMcusAds:125 - Set database path to: /home/nova/.stmcufinder/plugins/mcufinder//mcu/
2025-07-28 17:49:08,653 [INFO] CrossReferenceDbSqlite:203 - Set database path to: /home/nova/.stmcufinder/plugins/mcufinder//mcu/cs/
2025-07-28 17:49:08,817 [INFO] RulesReader:64 - Compatibility file has been processed (302 Rules)
2025-07-28 17:49:08,896 [INFO] DbMcusXml:78 - Set database path to: /opt/st/stm32cubeide_1.18.1/plugins/com.st.stm32cube.common.mx_6.14.1.202504091515//db//mcu/
2025-07-28 17:49:08,896 [INFO] ApiDb:274 - Set plugin database path to: /opt/st/stm32cubeide_1.18.1/plugins/com.st.stm32cube.common.mx_6.14.1.202504091515//db//plugins/boardmanager/
2025-07-28 17:49:08,897 [INFO] ApiDb:261 - Set plugin images path to: /opt/st/stm32cubeide_1.18.1/plugins/com.st.stm32cube.common.mx_6.14.1.202504091515//db//plugins/mcufinder/images/
2025-07-28 17:49:08,897 [WARN] DbFile:41 - Overriding database path with different value: /home/nova/.stmcufinder/plugins/mcufinder/ => /home/nova/.stmcufinder/plugins/mcufinder
2025-07-28 17:49:08,897 [INFO] ApiDb:250 - Set database path to: /home/nova/.stmcufinder/plugins/mcufinder//mcu/
2025-07-28 17:49:08,897 [WARN] DbFile:41 - Overriding database path with different value: /home/nova/.stmcufinder/plugins/mcufinder/ => /home/nova/.stmcufinder/plugins/mcufinder
2025-07-28 17:49:08,897 [INFO] DbMcusAds:125 - Set database path to: /home/nova/.stmcufinder/plugins/mcufinder//mcu/
2025-07-28 17:49:08,898 [WARN] DbFile:41 - Overriding database path with different value: /home/nova/.stmcufinder/plugins/mcufinder/ => /home/nova/.stmcufinder/plugins/mcufinder
2025-07-28 17:49:08,898 [WARN] DbFile:41 - Overriding database path with different value: /home/nova/.stmcufinder/plugins/mcufinder/ => /home/nova/.stmcufinder/plugins/mcufinder
2025-07-28 17:49:08,898 [INFO] CrossReferenceDbSqlite:203 - Set database path to: /home/nova/.stmcufinder/plugins/mcufinder//mcu/cs/
2025-07-28 17:49:08,989 [INFO] MainPanel:272 - HeapMemory: 268435456
2025-07-28 17:49:09,144 [INFO] DbMcusXml:78 - Set database path to: /opt/st/stm32cubeide_1.18.1/plugins/com.st.stm32cube.common.mx_6.14.1.202504091515//db//mcu/
2025-07-28 17:49:09,145 [INFO] ApiDb:274 - Set plugin database path to: /opt/st/stm32cubeide_1.18.1/plugins/com.st.stm32cube.common.mx_6.14.1.202504091515//db//plugins/boardmanager/
2025-07-28 17:49:09,145 [INFO] ApiDb:261 - Set plugin images path to: /opt/st/stm32cubeide_1.18.1/plugins/com.st.stm32cube.common.mx_6.14.1.202504091515//db//plugins/mcufinder/images/
2025-07-28 17:49:09,145 [WARN] DbFile:41 - Overriding database path with different value: /home/nova/.stmcufinder/plugins/mcufinder/ => /home/nova/.stmcufinder/plugins/mcufinder
2025-07-28 17:49:09,146 [INFO] ApiDb:250 - Set database path to: /home/nova/.stmcufinder/plugins/mcufinder//mcu/
2025-07-28 17:49:09,146 [WARN] DbFile:41 - Overriding database path with different value: /home/nova/.stmcufinder/plugins/mcufinder/ => /home/nova/.stmcufinder/plugins/mcufinder
2025-07-28 17:49:09,146 [INFO] DbMcusAds:125 - Set database path to: /home/nova/.stmcufinder/plugins/mcufinder//mcu/
2025-07-28 17:49:09,146 [WARN] DbFile:41 - Overriding database path with different value: /home/nova/.stmcufinder/plugins/mcufinder/ => /home/nova/.stmcufinder/plugins/mcufinder
2025-07-28 17:49:09,146 [WARN] DbFile:41 - Overriding database path with different value: /home/nova/.stmcufinder/plugins/mcufinder/ => /home/nova/.stmcufinder/plugins/mcufinder
2025-07-28 17:49:09,147 [INFO] CrossReferenceDbSqlite:203 - Set database path to: /home/nova/.stmcufinder/plugins/mcufinder//mcu/cs/
2025-07-28 17:49:09,239 [INFO] ApplicationProperties:184 - Using Application install path: /opt/st/stm32cubeide_1.18.1/plugins/com.st.stm32cube.common.mx_6.14.1.202504091515
2025-07-28 17:49:09,243 [INFO] PluginManage:196 - Search for loadable plugins [exclusion list=, ]
2025-07-28 17:49:09,246 [INFO] PluginManage:310 - Check plugin analytics
2025-07-28 17:49:09,541 [INFO] AnalyticsPlugin:253 - Accepted Software Licenses: 
2025-07-28 17:49:09,541 [INFO] AnalyticsPlugin:255 - Accepted CMSIS Pack Licenses: 
2025-07-28 17:49:09,542 [INFO] AnalyticsPlugin:257 - Accepted Firmware Licenses: 
2025-07-28 17:49:09,546 [INFO] PluginManage:359 - Loaded plugin analytics (category:tool,tabindex:-1)
2025-07-28 17:49:09,546 [INFO] PluginManage:310 - Check plugin cadmodel
2025-07-28 17:49:09,551 [INFO] CADModel:105 - Init CAD model plugin
2025-07-28 17:49:09,551 [INFO] PluginManage:359 - Loaded plugin cadmodel (category:power,tabindex:5)
2025-07-28 17:49:09,552 [INFO] PluginManage:310 - Check plugin clock
2025-07-28 17:49:09,561 [INFO] PluginManage:359 - Loaded plugin clock (category:base,tabindex:2)
2025-07-28 17:49:09,561 [INFO] PluginManage:310 - Check plugin ddr
2025-07-28 17:49:09,564 [INFO] PluginManage:359 - Loaded plugin ddr (category:tool,tabindex:6)
2025-07-28 17:49:09,564 [INFO] PluginManage:310 - Check plugin filemanager
2025-07-28 17:49:09,786 [INFO] PluginManage:359 - Loaded plugin filemanager (category:base,tabindex:10)
2025-07-28 17:49:09,786 [INFO] PluginManage:310 - Check plugin ipmanager
2025-07-28 17:49:09,794 [INFO] PluginManage:359 - Loaded plugin ipmanager (category:base,tabindex:5)
2025-07-28 17:49:09,795 [INFO] PluginManage:310 - Check plugin lpbam
2025-07-28 17:49:09,808 [INFO] PluginManage:359 - Loaded plugin lpbam (category:base,tabindex:0)
2025-07-28 17:49:09,808 [INFO] PluginManage:310 - Check plugin memorymap
2025-07-28 17:49:09,821 [INFO] PluginManage:359 - Loaded plugin memorymap (category:base,tabindex:4)
2025-07-28 17:49:09,821 [INFO] PluginManage:310 - Check plugin pinoutandconfiguration
2025-07-28 17:49:09,832 [INFO] PluginManage:359 - Loaded plugin pinoutandconfiguration (category:base,tabindex:1)
2025-07-28 17:49:09,832 [INFO] PluginManage:310 - Check plugin pinoutconfig
2025-07-28 17:49:09,956 [WARN] SupportedApi:132 - Cannot load RTOS API schema: s4s-elt-must-match.1: The content of 'definitions' must match (annotation?, (simpleType | complexType)?, (unique | key | keyref)*)). A problem was found starting at: attribute.
2025-07-28 17:49:10,138 [INFO] PluginManage:359 - Loaded plugin pinoutconfig (category:base,tabindex:0)
2025-07-28 17:49:10,139 [INFO] PluginManage:310 - Check plugin power
2025-07-28 17:49:10,158 [INFO] PluginManage:359 - Loaded plugin power (category:power,tabindex:4)
2025-07-28 17:49:10,158 [INFO] PluginManage:310 - Check plugin projectmanager
2025-07-28 17:49:10,186 [INFO] PluginManage:359 - Loaded plugin projectmanager (category:projectmanager,tabindex:4)
2025-07-28 17:49:10,186 [INFO] PluginManage:310 - Check plugin rif
2025-07-28 17:49:10,195 [INFO] PluginManage:359 - Loaded plugin rif (category:base,tabindex:3)
2025-07-28 17:49:10,196 [INFO] PluginManage:310 - Check plugin thirdparty
2025-07-28 17:49:10,406 [WARN] IntegrityCheckThread:84 - waiting for thirdparty lock release [integrity check]
2025-07-28 17:49:10,406 [INFO] IntegrityCheckThread:86 - entering critical section [integrity check]
2025-07-28 17:49:10,407 [INFO] ThirdPartyUpdaterWithRetryManager:70 - Updater plugin not ready yet. [1/15]
2025-07-28 17:49:10,408 [INFO] PluginManage:359 - Loaded plugin thirdparty (category:base,tabindex:-1)
2025-07-28 17:49:10,408 [INFO] PluginManage:310 - Check plugin tools
2025-07-28 17:49:10,411 [INFO] PluginManage:359 - Loaded plugin tools (category:base,tabindex:7)
2025-07-28 17:49:10,411 [INFO] PluginManage:310 - Check plugin tutovideos
2025-07-28 17:49:10,661 [INFO] PluginManage:359 - Loaded plugin tutovideos (category:base,tabindex:-1)
2025-07-28 17:49:10,661 [INFO] PluginManage:310 - Check plugin updater
2025-07-28 17:49:10,701 [INFO] PluginManage:359 - Loaded plugin updater (category:base,tabindex:12)
2025-07-28 17:49:10,702 [INFO] PluginManage:310 - Check plugin userauth
2025-07-28 17:49:10,710 [INFO] UserAuth:118 - Init User Auth plugin
2025-07-28 17:49:10,713 [INFO] PluginManage:359 - Loaded plugin userauth (category:base,tabindex:14)
2025-07-28 17:49:10,714 [INFO] PluginManage:283 - PluginManage : Loaded plugins [18]
2025-07-28 17:49:10,971 [INFO] PinOutPanel:1589 - setPackage(No Configuration,No Configuration)
2025-07-28 17:49:11,062 [INFO] CADModel:165 - CPN selected for project level
2025-07-28 17:49:11,062 [INFO] CADModel:114 - Register for checkConnection events
2025-07-28 17:49:11,078 [INFO] IPUIPlugin:80 - create IPUIPlugin
2025-07-28 17:49:11,079 [INFO] PluginManager:220 - loadIPPluginJar : add hash
2025-07-28 17:49:11,082 [INFO] IPUIPlugin:80 - create IPUIPlugin
2025-07-28 17:49:11,082 [INFO] PluginManager:220 - loadIPPluginJar : add tracer_emb
2025-07-28 17:49:11,090 [INFO] IPUIPlugin:80 - create IPUIPlugin
2025-07-28 17:49:11,091 [INFO] PluginManager:220 - loadIPPluginJar : add gic
2025-07-28 17:49:11,099 [INFO] IPUIPlugin:80 - create IPUIPlugin
2025-07-28 17:49:11,099 [INFO] PluginManager:220 - loadIPPluginJar : add mdma
2025-07-28 17:49:11,104 [INFO] IPUIPlugin:80 - create IPUIPlugin
2025-07-28 17:49:11,104 [INFO] PluginManager:220 - loadIPPluginJar : add touchsensing
2025-07-28 17:49:11,107 [INFO] IPUIPlugin:80 - create IPUIPlugin
2025-07-28 17:49:11,107 [INFO] PluginManager:220 - loadIPPluginJar : add lorawan
2025-07-28 17:49:11,115 [INFO] IPUIPlugin:80 - create IPUIPlugin
2025-07-28 17:49:11,115 [INFO] PluginManager:220 - loadIPPluginJar : add dma
2025-07-28 17:49:11,117 [INFO] IPUIPlugin:80 - create IPUIPlugin
2025-07-28 17:49:11,118 [INFO] PluginManager:220 - loadIPPluginJar : add radio
2025-07-28 17:49:11,122 [INFO] IPUIPlugin:80 - create IPUIPlugin
2025-07-28 17:49:11,122 [INFO] PluginManager:220 - loadIPPluginJar : add i2c
2025-07-28 17:49:11,124 [INFO] IPUIPlugin:80 - create IPUIPlugin
2025-07-28 17:49:11,124 [INFO] PluginManager:220 - loadIPPluginJar : add fatfs
2025-07-28 17:49:11,128 [INFO] IPUIPlugin:80 - create IPUIPlugin
2025-07-28 17:49:11,128 [INFO] PluginManager:220 - loadIPPluginJar : add openamp
2025-07-28 17:49:11,132 [INFO] IPUIPlugin:80 - create IPUIPlugin
2025-07-28 17:49:11,133 [INFO] PluginManager:220 - loadIPPluginJar : add nvic
2025-07-28 17:49:11,134 [INFO] IPUIPlugin:80 - create IPUIPlugin
2025-07-28 17:49:11,135 [INFO] PluginManager:220 - loadIPPluginJar : add quadspi
2025-07-28 17:49:11,138 [INFO] IPUIPlugin:80 - create IPUIPlugin
2025-07-28 17:49:11,138 [INFO] PluginManager:220 - loadIPPluginJar : add extmemmanager
2025-07-28 17:49:11,142 [INFO] IPUIPlugin:80 - create IPUIPlugin
2025-07-28 17:49:11,143 [INFO] PluginManager:220 - loadIPPluginJar : add sai
2025-07-28 17:49:11,151 [INFO] IPUIPlugin:80 - create IPUIPlugin
2025-07-28 17:49:11,151 [INFO] PluginManager:220 - loadIPPluginJar : add fmc
2025-07-28 17:49:11,155 [INFO] IPUIPlugin:80 - create IPUIPlugin
2025-07-28 17:49:11,155 [INFO] PluginManager:220 - loadIPPluginJar : add can
2025-07-28 17:49:11,158 [INFO] IPUIPlugin:80 - create IPUIPlugin
2025-07-28 17:49:11,158 [INFO] PluginManager:220 - loadIPPluginJar : add ddr_ctrl_phy
2025-07-28 17:49:11,162 [INFO] IPUIPlugin:80 - create IPUIPlugin
2025-07-28 17:49:11,162 [INFO] PluginManager:220 - loadIPPluginJar : add opamp
2025-07-28 17:49:11,167 [INFO] IPUIPlugin:80 - create IPUIPlugin
2025-07-28 17:49:11,167 [INFO] PluginManager:220 - loadIPPluginJar : add ipddr
2025-07-28 17:49:11,171 [INFO] IPUIPlugin:80 - create IPUIPlugin
2025-07-28 17:49:11,171 [INFO] PluginManager:220 - loadIPPluginJar : add i3c
2025-07-28 17:49:11,179 [INFO] IPUIPlugin:80 - create IPUIPlugin
2025-07-28 17:49:11,179 [INFO] PluginManager:220 - loadIPPluginJar : add adc
2025-07-28 17:49:11,183 [INFO] IPUIPlugin:80 - create IPUIPlugin
2025-07-28 17:49:11,183 [INFO] PluginManager:220 - loadIPPluginJar : add gtzc
2025-07-28 17:49:11,185 [INFO] IPUIPlugin:80 - create IPUIPlugin
2025-07-28 17:49:11,186 [INFO] PluginManager:220 - loadIPPluginJar : add gfxmmu
2025-07-28 17:49:11,189 [INFO] IPUIPlugin:80 - create IPUIPlugin
2025-07-28 17:49:11,189 [INFO] PluginManager:220 - loadIPPluginJar : add spi
2025-07-28 17:49:11,198 [INFO] IPUIPlugin:80 - create IPUIPlugin
2025-07-28 17:49:11,203 [INFO] PluginManager:220 - loadIPPluginJar : add plateformsettings
2025-07-28 17:49:11,207 [INFO] IPUIPlugin:80 - create IPUIPlugin
2025-07-28 17:49:11,207 [INFO] PluginManager:220 - loadIPPluginJar : add pdm2pcm
2025-07-28 17:49:11,209 [INFO] IPUIPlugin:80 - create IPUIPlugin
2025-07-28 17:49:11,209 [INFO] PluginManager:220 - loadIPPluginJar : add genericplugin
2025-07-28 17:49:11,212 [INFO] IPUIPlugin:80 - create IPUIPlugin
2025-07-28 17:49:11,213 [INFO] PluginManager:220 - loadIPPluginJar : add i2s
2025-07-28 17:49:11,215 [INFO] IPUIPlugin:80 - create IPUIPlugin
2025-07-28 17:49:11,215 [INFO] PluginManager:220 - loadIPPluginJar : add tsc
2025-07-28 17:49:11,218 [INFO] IPUIPlugin:80 - create IPUIPlugin
2025-07-28 17:49:11,218 [INFO] PluginManager:220 - loadIPPluginJar : add dma3
2025-07-28 17:49:11,222 [INFO] IPUIPlugin:80 - create IPUIPlugin
2025-07-28 17:49:11,222 [INFO] PluginManager:220 - loadIPPluginJar : add aes
2025-07-28 17:49:11,225 [INFO] IPUIPlugin:80 - create IPUIPlugin
2025-07-28 17:49:11,226 [INFO] PluginManager:220 - loadIPPluginJar : add ts
2025-07-28 17:49:11,228 [INFO] IPUIPlugin:80 - create IPUIPlugin
2025-07-28 17:49:11,229 [INFO] PluginManager:220 - loadIPPluginJar : add ucpd
2025-07-28 17:49:11,230 [INFO] IPUIPlugin:80 - create IPUIPlugin
2025-07-28 17:49:11,231 [INFO] PluginManager:220 - loadIPPluginJar : add comp
2025-07-28 17:49:11,234 [INFO] IPUIPlugin:80 - create IPUIPlugin
2025-07-28 17:49:11,234 [INFO] PluginManager:220 - loadIPPluginJar : add usart
2025-07-28 17:49:11,238 [INFO] IPUIPlugin:80 - create IPUIPlugin
2025-07-28 17:49:11,239 [INFO] PluginManager:220 - loadIPPluginJar : add resmgrutility
2025-07-28 17:49:11,243 [INFO] IPUIPlugin:80 - create IPUIPlugin
2025-07-28 17:49:11,243 [INFO] PluginManager:220 - loadIPPluginJar : add usbx
2025-07-28 17:49:11,246 [INFO] IPUIPlugin:80 - create IPUIPlugin
2025-07-28 17:49:11,246 [INFO] PluginManager:220 - loadIPPluginJar : add dfsdm
2025-07-28 17:49:11,249 [INFO] IPUIPlugin:80 - create IPUIPlugin
2025-07-28 17:49:11,249 [INFO] PluginManager:220 - loadIPPluginJar : add cryp
2025-07-28 17:49:11,259 [INFO] IPUIPlugin:80 - create IPUIPlugin
2025-07-28 17:49:11,260 [INFO] PluginManager:220 - loadIPPluginJar : add linkedlist
2025-07-28 17:49:11,261 [INFO] IPUIPlugin:80 - create IPUIPlugin
2025-07-28 17:49:11,261 [INFO] PluginManager:220 - loadIPPluginJar : add ltdc
2025-07-28 17:49:11,263 [INFO] IPUIPlugin:80 - create IPUIPlugin
2025-07-28 17:49:11,264 [INFO] PluginManager:220 - loadIPPluginJar : add tim
2025-07-28 17:49:11,269 [INFO] IPUIPlugin:80 - create IPUIPlugin
2025-07-28 17:49:11,269 [INFO] PluginManager:220 - loadIPPluginJar : add gpio
2025-07-28 17:49:11,276 [INFO] IPUIPlugin:80 - create IPUIPlugin
2025-07-28 17:49:11,276 [INFO] PluginManager:220 - loadIPPluginJar : add freertos
2025-07-28 17:49:11,323 [INFO] IPUIPlugin:80 - create IPUIPlugin
2025-07-28 17:49:11,325 [INFO] PluginManager:220 - loadIPPluginJar : add stm32_wpan
2025-07-28 17:49:11,463 [FATAL] Updater:351 - Updater called before beeing initialized
2025-07-28 17:49:11,537 [INFO] RulesReader:64 - Compatibility file has been processed (302 Rules)
2025-07-28 17:49:11,568 [INFO] RulesReader:64 - Compatibility file has been processed (302 Rules)
2025-07-28 17:49:11,580 [INFO] CADModel:165 - CPN selected for project level
2025-07-28 17:49:11,580 [INFO] CADModel:114 - Register for checkConnection events
2025-07-28 17:49:11,580 [FATAL] Updater:351 - Updater called before beeing initialized
2025-07-28 17:49:11,580 [ERROR] CADModel:125 - Updater not yet initialized, retry later 
2025-07-28 17:49:11,838 [FATAL] Updater:351 - Updater called before beeing initialized
2025-07-28 17:49:11,841 [INFO] CADModel:165 - CPN selected for project level
2025-07-28 17:49:11,842 [INFO] CADModel:114 - Register for checkConnection events
2025-07-28 17:49:11,842 [FATAL] Updater:351 - Updater called before beeing initialized
2025-07-28 17:49:11,842 [ERROR] CADModel:125 - Updater not yet initialized, retry later 
2025-07-28 17:49:11,847 [FATAL] Updater:351 - Updater called before beeing initialized
2025-07-28 17:49:12,045 [FATAL] Updater:351 - Updater called before beeing initialized
2025-07-28 17:49:12,051 [INFO] DbMcusAds:53 - JSON generation date=Tue Jul 08 13:44:23 IST 2025 (1751962463562)
2025-07-28 17:49:12,052 [FATAL] Updater:351 - Updater called before beeing initialized
2025-07-28 17:49:12,135 [WARN] DetailPanel:346 - Failed to get advertising image, set to default
2025-07-28 17:49:12,554 [FATAL] Updater:351 - Updater called before beeing initialized
2025-07-28 17:49:12,556 [FATAL] Updater:351 - Updater called before beeing initialized
2025-07-28 17:49:12,557 [FATAL] Updater:351 - Updater called before beeing initialized
2025-07-28 17:49:12,557 [WARN] DetailPanel:346 - Failed to get advertising image, set to default
2025-07-28 17:49:12,559 [FATAL] Updater:351 - Updater called before beeing initialized
2025-07-28 17:49:12,619 [ERROR] Updater:1198 - MainUpdater not yet initialized. External WinMGr cannot be set.
2025-07-28 17:49:12,621 [INFO] Updater:1134 - Updater Version found : 6.14.1
2025-07-28 17:49:12,646 [INFO] ApplicationProperties:184 - Using Application install path: /opt/st/stm32cubeide_1.18.1/plugins/com.st.stm32cube.common.mx_6.14.1.202504091515
2025-07-28 17:49:13,025 [INFO] MainUpdater:2872 - connection check result : 10
2025-07-28 17:49:13,028 [INFO] MainUpdater:289 - Updater Check For Update Now.
2025-07-28 17:49:13,029 [INFO] MicroXplorer:498 - Change Database Version : DB.6.0.141
2025-07-28 17:49:13,036 [INFO] McuFinderGlobals:63 - Set McuFinder mode to 2 (CubeIDE integrated)
2025-07-28 17:49:13,036 [INFO] UserAuth:171 - activating auth plugin
2025-07-28 17:49:13,045 [INFO] UserAuth:484 - Internet connection configuration mode: 1
2025-07-28 17:49:13,066 [INFO] JxBrowserEngine:152 - Initiate JxBrowser Engine with user profile folder
2025-07-28 17:49:13,395 [INFO] CheckServerUpdateThread:120 - End of CheckServer Thread
2025-07-28 17:49:13,606 [WARN] PackLoader:240 - Cannot read IP mode file for STMicroelectronics.FP-SNS-MOTENVWB1.1.4.0
2025-07-28 17:49:13,651 [WARN] PackLoader:240 - Cannot read IP mode file for STMicroelectronics.X-CUBE-DISPLAY.3.0.0
2025-07-28 17:49:13,690 [WARN] PackLoader:240 - Cannot read IP mode file for STMicroelectronics.FP-SNS-SMARTAG2.1.2.0
2025-07-28 17:49:13,730 [WARN] PackLoader:240 - Cannot read IP mode file for STMicroelectronics.FP-SNS-MOTENV1.5.0.0
2025-07-28 17:49:13,749 [WARN] PackLoader:240 - Cannot read IP mode file for STMicroelectronics.X-CUBE-BLE2.3.3.0
2025-07-28 17:49:13,758 [WARN] PackLoader:240 - Cannot read IP mode file for STMicroelectronics.FP-ATR-SIGFOX1.3.2.0
2025-07-28 17:49:13,775 [WARN] PackLoader:240 - Cannot read IP mode file for STMicroelectronics.FP-SNS-STBOX1.2.0.0
2025-07-28 17:49:13,796 [WARN] PackLoader:240 - Cannot read IP mode file for STMicroelectronics.X-CUBE-ALS.1.0.2
2025-07-28 17:49:13,803 [INFO] ThirdParty:978 - Integrity check success = true
2025-07-28 17:49:13,803 [INFO] IntegrityCheckThread:100 - exiting critical section [integrity check]
2025-07-28 17:49:13,803 [INFO] IntegrityCheckThread:103 - End integrity checks thread
2025-07-28 17:49:14,415 [INFO] WebApp:169 - Instantiating new browser for Auth
2025-07-28 17:49:16,805 [INFO] WebApp:463 - Apply proxy settings
2025-07-28 17:49:16,805 [INFO] WebApp:548 - Chromium requires no authentication
2025-07-28 17:49:16,817 [INFO] WebApp:491 - Direct internet connection detected
2025-07-28 17:49:16,850 [INFO] WebApp:894 - Register for checkConnection events
2025-07-28 17:49:16,850 [INFO] WebApp:463 - Apply proxy settings
2025-07-28 17:49:16,850 [INFO] WebApp:548 - Chromium requires no authentication
2025-07-28 17:49:16,851 [INFO] WebApp:491 - Direct internet connection detected
2025-07-28 17:49:17,090 [INFO] WebApp:225 - Starting web application
2025-07-28 17:49:17,090 [INFO] WebApp:593 - Web application path used /opt/st/stm32cubeide_1.18.1/plugins/com.st.stm32cube.common.mx_6.14.1.202504091515/db/plugins/mcufinder/reactClient1/index.html
2025-07-28 17:49:27,674 [INFO] WebApp:191 - Connection restablished
2025-07-28 18:16:04,200 [ERROR] LogOutputStream:75 - [STDERR_REDIRECT] 
2025-07-28 18:21:21,772 [INFO] Activator:176 - 


2025-07-28 18:21:21,776 [INFO] Activator:177 - !SESSION log4j initialized
2025-07-28 18:21:24,959 [INFO] LogOutputStream:77 - [STDOUT_REDIRECT] 
2025-07-28 18:21:28,862 [INFO] ApplicationProperties:184 - Using Application install path: /opt/st/stm32cubeide_1.18.1/plugins/com.st.stm32cube.common.mx_6.14.1.202504091515
2025-07-28 18:21:28,883 [INFO] DbMcusXml:78 - Set database path to: /opt/st/stm32cubeide_1.18.1/plugins/com.st.stm32cube.common.mx_6.14.1.202504091515//db//mcu/
2025-07-28 18:21:28,883 [INFO] ApiDb:274 - Set plugin database path to: /opt/st/stm32cubeide_1.18.1/plugins/com.st.stm32cube.common.mx_6.14.1.202504091515//db//plugins/boardmanager/
2025-07-28 18:21:28,884 [WARN] ApiDb:259 - Overriding images path with different value:  => /opt/st/stm32cubeide_1.18.1/plugins/com.st.stm32cube.common.mx_6.14.1.202504091515//db//plugins/mcufinder/images/
2025-07-28 18:21:28,888 [INFO] ApiDb:250 - Set database path to: /home/nova/.stmcufinder/plugins/mcufinder//mcu/
2025-07-28 18:21:28,890 [INFO] DbMcusAds:125 - Set database path to: /home/nova/.stmcufinder/plugins/mcufinder//mcu/
2025-07-28 18:21:28,892 [INFO] CrossReferenceDbSqlite:203 - Set database path to: /home/nova/.stmcufinder/plugins/mcufinder//mcu/cs/
2025-07-28 18:21:29,115 [INFO] RulesReader:64 - Compatibility file has been processed (302 Rules)
2025-07-28 18:21:29,199 [INFO] DbMcusXml:78 - Set database path to: /opt/st/stm32cubeide_1.18.1/plugins/com.st.stm32cube.common.mx_6.14.1.202504091515//db//mcu/
2025-07-28 18:21:29,199 [INFO] ApiDb:274 - Set plugin database path to: /opt/st/stm32cubeide_1.18.1/plugins/com.st.stm32cube.common.mx_6.14.1.202504091515//db//plugins/boardmanager/
2025-07-28 18:21:29,199 [INFO] ApiDb:261 - Set plugin images path to: /opt/st/stm32cubeide_1.18.1/plugins/com.st.stm32cube.common.mx_6.14.1.202504091515//db//plugins/mcufinder/images/
2025-07-28 18:21:29,200 [WARN] DbFile:41 - Overriding database path with different value: /home/nova/.stmcufinder/plugins/mcufinder/ => /home/nova/.stmcufinder/plugins/mcufinder
2025-07-28 18:21:29,200 [INFO] ApiDb:250 - Set database path to: /home/nova/.stmcufinder/plugins/mcufinder//mcu/
2025-07-28 18:21:29,200 [WARN] DbFile:41 - Overriding database path with different value: /home/nova/.stmcufinder/plugins/mcufinder/ => /home/nova/.stmcufinder/plugins/mcufinder
2025-07-28 18:21:29,200 [INFO] DbMcusAds:125 - Set database path to: /home/nova/.stmcufinder/plugins/mcufinder//mcu/
2025-07-28 18:21:29,200 [WARN] DbFile:41 - Overriding database path with different value: /home/nova/.stmcufinder/plugins/mcufinder/ => /home/nova/.stmcufinder/plugins/mcufinder
2025-07-28 18:21:29,201 [WARN] DbFile:41 - Overriding database path with different value: /home/nova/.stmcufinder/plugins/mcufinder/ => /home/nova/.stmcufinder/plugins/mcufinder
2025-07-28 18:21:29,201 [INFO] CrossReferenceDbSqlite:203 - Set database path to: /home/nova/.stmcufinder/plugins/mcufinder//mcu/cs/
2025-07-28 18:21:29,307 [INFO] MainPanel:272 - HeapMemory: 268435456
2025-07-28 18:21:29,523 [INFO] DbMcusXml:78 - Set database path to: /opt/st/stm32cubeide_1.18.1/plugins/com.st.stm32cube.common.mx_6.14.1.202504091515//db//mcu/
2025-07-28 18:21:29,523 [INFO] ApiDb:274 - Set plugin database path to: /opt/st/stm32cubeide_1.18.1/plugins/com.st.stm32cube.common.mx_6.14.1.202504091515//db//plugins/boardmanager/
2025-07-28 18:21:29,524 [INFO] ApiDb:261 - Set plugin images path to: /opt/st/stm32cubeide_1.18.1/plugins/com.st.stm32cube.common.mx_6.14.1.202504091515//db//plugins/mcufinder/images/
2025-07-28 18:21:29,524 [WARN] DbFile:41 - Overriding database path with different value: /home/nova/.stmcufinder/plugins/mcufinder/ => /home/nova/.stmcufinder/plugins/mcufinder
2025-07-28 18:21:29,525 [INFO] ApiDb:250 - Set database path to: /home/nova/.stmcufinder/plugins/mcufinder//mcu/
2025-07-28 18:21:29,525 [WARN] DbFile:41 - Overriding database path with different value: /home/nova/.stmcufinder/plugins/mcufinder/ => /home/nova/.stmcufinder/plugins/mcufinder
2025-07-28 18:21:29,525 [INFO] DbMcusAds:125 - Set database path to: /home/nova/.stmcufinder/plugins/mcufinder//mcu/
2025-07-28 18:21:29,526 [WARN] DbFile:41 - Overriding database path with different value: /home/nova/.stmcufinder/plugins/mcufinder/ => /home/nova/.stmcufinder/plugins/mcufinder
2025-07-28 18:21:29,526 [WARN] DbFile:41 - Overriding database path with different value: /home/nova/.stmcufinder/plugins/mcufinder/ => /home/nova/.stmcufinder/plugins/mcufinder
2025-07-28 18:21:29,526 [INFO] CrossReferenceDbSqlite:203 - Set database path to: /home/nova/.stmcufinder/plugins/mcufinder//mcu/cs/
2025-07-28 18:21:29,556 [INFO] ApplicationProperties:184 - Using Application install path: /opt/st/stm32cubeide_1.18.1/plugins/com.st.stm32cube.common.mx_6.14.1.202504091515
2025-07-28 18:21:29,560 [INFO] PluginManage:196 - Search for loadable plugins [exclusion list=, ]
2025-07-28 18:21:29,561 [INFO] PluginManage:310 - Check plugin analytics
2025-07-28 18:21:30,033 [INFO] AnalyticsPlugin:253 - Accepted Software Licenses: 
2025-07-28 18:21:30,034 [INFO] AnalyticsPlugin:255 - Accepted CMSIS Pack Licenses: 
2025-07-28 18:21:30,034 [INFO] AnalyticsPlugin:257 - Accepted Firmware Licenses: 
2025-07-28 18:21:30,041 [INFO] PluginManage:359 - Loaded plugin analytics (category:tool,tabindex:-1)
2025-07-28 18:21:30,041 [INFO] PluginManage:310 - Check plugin cadmodel
2025-07-28 18:21:30,046 [INFO] CADModel:105 - Init CAD model plugin
2025-07-28 18:21:30,047 [INFO] PluginManage:359 - Loaded plugin cadmodel (category:power,tabindex:5)
2025-07-28 18:21:30,047 [INFO] PluginManage:310 - Check plugin clock
2025-07-28 18:21:30,071 [INFO] PluginManage:359 - Loaded plugin clock (category:base,tabindex:2)
2025-07-28 18:21:30,072 [INFO] PluginManage:310 - Check plugin ddr
2025-07-28 18:21:30,075 [INFO] PluginManage:359 - Loaded plugin ddr (category:tool,tabindex:6)
2025-07-28 18:21:30,076 [INFO] PluginManage:310 - Check plugin filemanager
2025-07-28 18:21:30,324 [INFO] PluginManage:359 - Loaded plugin filemanager (category:base,tabindex:10)
2025-07-28 18:21:30,325 [INFO] PluginManage:310 - Check plugin ipmanager
2025-07-28 18:21:30,336 [INFO] PluginManage:359 - Loaded plugin ipmanager (category:base,tabindex:5)
2025-07-28 18:21:30,337 [INFO] PluginManage:310 - Check plugin lpbam
2025-07-28 18:21:30,348 [INFO] PluginManage:359 - Loaded plugin lpbam (category:base,tabindex:0)
2025-07-28 18:21:30,348 [INFO] PluginManage:310 - Check plugin memorymap
2025-07-28 18:21:30,363 [INFO] PluginManage:359 - Loaded plugin memorymap (category:base,tabindex:4)
2025-07-28 18:21:30,363 [INFO] PluginManage:310 - Check plugin pinoutandconfiguration
2025-07-28 18:21:30,375 [INFO] PluginManage:359 - Loaded plugin pinoutandconfiguration (category:base,tabindex:1)
2025-07-28 18:21:30,375 [INFO] PluginManage:310 - Check plugin pinoutconfig
2025-07-28 18:21:30,598 [WARN] SupportedApi:132 - Cannot load RTOS API schema: s4s-elt-must-match.1: The content of 'definitions' must match (annotation?, (simpleType | complexType)?, (unique | key | keyref)*)). A problem was found starting at: attribute.
2025-07-28 18:21:30,818 [INFO] PluginManage:359 - Loaded plugin pinoutconfig (category:base,tabindex:0)
2025-07-28 18:21:30,819 [INFO] PluginManage:310 - Check plugin power
2025-07-28 18:21:30,833 [INFO] PluginManage:359 - Loaded plugin power (category:power,tabindex:4)
2025-07-28 18:21:30,834 [INFO] PluginManage:310 - Check plugin projectmanager
2025-07-28 18:21:30,868 [INFO] PluginManage:359 - Loaded plugin projectmanager (category:projectmanager,tabindex:4)
2025-07-28 18:21:30,869 [INFO] PluginManage:310 - Check plugin rif
2025-07-28 18:21:30,877 [INFO] PluginManage:359 - Loaded plugin rif (category:base,tabindex:3)
2025-07-28 18:21:30,878 [INFO] PluginManage:310 - Check plugin thirdparty
2025-07-28 18:21:31,061 [INFO] PluginManage:359 - Loaded plugin thirdparty (category:base,tabindex:-1)
2025-07-28 18:21:31,061 [WARN] IntegrityCheckThread:84 - waiting for thirdparty lock release [integrity check]
2025-07-28 18:21:31,061 [INFO] IntegrityCheckThread:86 - entering critical section [integrity check]
2025-07-28 18:21:31,061 [INFO] PluginManage:310 - Check plugin tools
2025-07-28 18:21:31,062 [INFO] ThirdPartyUpdaterWithRetryManager:70 - Updater plugin not ready yet. [1/15]
2025-07-28 18:21:31,065 [INFO] PluginManage:359 - Loaded plugin tools (category:base,tabindex:7)
2025-07-28 18:21:31,065 [INFO] PluginManage:310 - Check plugin tutovideos
2025-07-28 18:21:31,309 [INFO] PluginManage:359 - Loaded plugin tutovideos (category:base,tabindex:-1)
2025-07-28 18:21:31,311 [INFO] PluginManage:310 - Check plugin updater
2025-07-28 18:21:31,367 [INFO] PluginManage:359 - Loaded plugin updater (category:base,tabindex:12)
2025-07-28 18:21:31,368 [INFO] PluginManage:310 - Check plugin userauth
2025-07-28 18:21:31,377 [INFO] UserAuth:118 - Init User Auth plugin
2025-07-28 18:21:31,379 [INFO] PluginManage:359 - Loaded plugin userauth (category:base,tabindex:14)
2025-07-28 18:21:31,380 [INFO] PluginManage:283 - PluginManage : Loaded plugins [18]
2025-07-28 18:21:31,811 [INFO] PinOutPanel:1589 - setPackage(No Configuration,No Configuration)
2025-07-28 18:21:31,934 [INFO] CADModel:165 - CPN selected for project level
2025-07-28 18:21:31,937 [INFO] CADModel:114 - Register for checkConnection events
2025-07-28 18:21:31,960 [INFO] IPUIPlugin:80 - create IPUIPlugin
2025-07-28 18:21:31,960 [INFO] PluginManager:220 - loadIPPluginJar : add hash
2025-07-28 18:21:31,964 [INFO] IPUIPlugin:80 - create IPUIPlugin
2025-07-28 18:21:31,964 [INFO] PluginManager:220 - loadIPPluginJar : add tracer_emb
2025-07-28 18:21:31,972 [INFO] IPUIPlugin:80 - create IPUIPlugin
2025-07-28 18:21:31,974 [INFO] PluginManager:220 - loadIPPluginJar : add gic
2025-07-28 18:21:31,988 [INFO] IPUIPlugin:80 - create IPUIPlugin
2025-07-28 18:21:31,988 [INFO] PluginManager:220 - loadIPPluginJar : add mdma
2025-07-28 18:21:31,993 [INFO] IPUIPlugin:80 - create IPUIPlugin
2025-07-28 18:21:31,993 [INFO] PluginManager:220 - loadIPPluginJar : add touchsensing
2025-07-28 18:21:31,997 [INFO] IPUIPlugin:80 - create IPUIPlugin
2025-07-28 18:21:31,997 [INFO] PluginManager:220 - loadIPPluginJar : add lorawan
2025-07-28 18:21:32,005 [INFO] IPUIPlugin:80 - create IPUIPlugin
2025-07-28 18:21:32,006 [INFO] PluginManager:220 - loadIPPluginJar : add dma
2025-07-28 18:21:32,008 [INFO] IPUIPlugin:80 - create IPUIPlugin
2025-07-28 18:21:32,009 [INFO] PluginManager:220 - loadIPPluginJar : add radio
2025-07-28 18:21:32,013 [INFO] IPUIPlugin:80 - create IPUIPlugin
2025-07-28 18:21:32,013 [INFO] PluginManager:220 - loadIPPluginJar : add i2c
2025-07-28 18:21:32,015 [INFO] IPUIPlugin:80 - create IPUIPlugin
2025-07-28 18:21:32,015 [INFO] PluginManager:220 - loadIPPluginJar : add fatfs
2025-07-28 18:21:32,019 [INFO] IPUIPlugin:80 - create IPUIPlugin
2025-07-28 18:21:32,020 [INFO] PluginManager:220 - loadIPPluginJar : add openamp
2025-07-28 18:21:32,024 [INFO] IPUIPlugin:80 - create IPUIPlugin
2025-07-28 18:21:32,025 [INFO] PluginManager:220 - loadIPPluginJar : add nvic
2025-07-28 18:21:32,027 [INFO] IPUIPlugin:80 - create IPUIPlugin
2025-07-28 18:21:32,027 [INFO] PluginManager:220 - loadIPPluginJar : add quadspi
2025-07-28 18:21:32,032 [INFO] IPUIPlugin:80 - create IPUIPlugin
2025-07-28 18:21:32,032 [INFO] PluginManager:220 - loadIPPluginJar : add extmemmanager
2025-07-28 18:21:32,036 [INFO] IPUIPlugin:80 - create IPUIPlugin
2025-07-28 18:21:32,037 [INFO] PluginManager:220 - loadIPPluginJar : add sai
2025-07-28 18:21:32,047 [INFO] IPUIPlugin:80 - create IPUIPlugin
2025-07-28 18:21:32,047 [INFO] PluginManager:220 - loadIPPluginJar : add fmc
2025-07-28 18:21:32,051 [INFO] IPUIPlugin:80 - create IPUIPlugin
2025-07-28 18:21:32,052 [INFO] PluginManager:220 - loadIPPluginJar : add can
2025-07-28 18:21:32,055 [INFO] IPUIPlugin:80 - create IPUIPlugin
2025-07-28 18:21:32,056 [INFO] PluginManager:220 - loadIPPluginJar : add ddr_ctrl_phy
2025-07-28 18:21:32,060 [INFO] IPUIPlugin:80 - create IPUIPlugin
2025-07-28 18:21:32,060 [INFO] PluginManager:220 - loadIPPluginJar : add opamp
2025-07-28 18:21:32,065 [INFO] IPUIPlugin:80 - create IPUIPlugin
2025-07-28 18:21:32,065 [INFO] PluginManager:220 - loadIPPluginJar : add ipddr
2025-07-28 18:21:32,069 [INFO] IPUIPlugin:80 - create IPUIPlugin
2025-07-28 18:21:32,070 [INFO] PluginManager:220 - loadIPPluginJar : add i3c
2025-07-28 18:21:32,079 [INFO] IPUIPlugin:80 - create IPUIPlugin
2025-07-28 18:21:32,080 [INFO] PluginManager:220 - loadIPPluginJar : add adc
2025-07-28 18:21:32,084 [INFO] IPUIPlugin:80 - create IPUIPlugin
2025-07-28 18:21:32,084 [INFO] PluginManager:220 - loadIPPluginJar : add gtzc
2025-07-28 18:21:32,088 [INFO] IPUIPlugin:80 - create IPUIPlugin
2025-07-28 18:21:32,088 [INFO] PluginManager:220 - loadIPPluginJar : add gfxmmu
2025-07-28 18:21:32,093 [INFO] IPUIPlugin:80 - create IPUIPlugin
2025-07-28 18:21:32,094 [INFO] PluginManager:220 - loadIPPluginJar : add spi
2025-07-28 18:21:32,105 [INFO] IPUIPlugin:80 - create IPUIPlugin
2025-07-28 18:21:32,109 [INFO] PluginManager:220 - loadIPPluginJar : add plateformsettings
2025-07-28 18:21:32,113 [INFO] IPUIPlugin:80 - create IPUIPlugin
2025-07-28 18:21:32,113 [INFO] PluginManager:220 - loadIPPluginJar : add pdm2pcm
2025-07-28 18:21:32,115 [INFO] IPUIPlugin:80 - create IPUIPlugin
2025-07-28 18:21:32,115 [INFO] PluginManager:220 - loadIPPluginJar : add genericplugin
2025-07-28 18:21:32,119 [INFO] IPUIPlugin:80 - create IPUIPlugin
2025-07-28 18:21:32,119 [INFO] PluginManager:220 - loadIPPluginJar : add i2s
2025-07-28 18:21:32,121 [INFO] IPUIPlugin:80 - create IPUIPlugin
2025-07-28 18:21:32,121 [INFO] PluginManager:220 - loadIPPluginJar : add tsc
2025-07-28 18:21:32,124 [INFO] IPUIPlugin:80 - create IPUIPlugin
2025-07-28 18:21:32,124 [INFO] PluginManager:220 - loadIPPluginJar : add dma3
2025-07-28 18:21:32,128 [INFO] IPUIPlugin:80 - create IPUIPlugin
2025-07-28 18:21:32,128 [INFO] PluginManager:220 - loadIPPluginJar : add aes
2025-07-28 18:21:32,130 [INFO] IPUIPlugin:80 - create IPUIPlugin
2025-07-28 18:21:32,131 [INFO] PluginManager:220 - loadIPPluginJar : add ts
2025-07-28 18:21:32,133 [INFO] IPUIPlugin:80 - create IPUIPlugin
2025-07-28 18:21:32,134 [INFO] PluginManager:220 - loadIPPluginJar : add ucpd
2025-07-28 18:21:32,136 [INFO] IPUIPlugin:80 - create IPUIPlugin
2025-07-28 18:21:32,136 [INFO] PluginManager:220 - loadIPPluginJar : add comp
2025-07-28 18:21:32,139 [INFO] IPUIPlugin:80 - create IPUIPlugin
2025-07-28 18:21:32,140 [INFO] PluginManager:220 - loadIPPluginJar : add usart
2025-07-28 18:21:32,144 [INFO] IPUIPlugin:80 - create IPUIPlugin
2025-07-28 18:21:32,144 [INFO] PluginManager:220 - loadIPPluginJar : add resmgrutility
2025-07-28 18:21:32,148 [INFO] IPUIPlugin:80 - create IPUIPlugin
2025-07-28 18:21:32,148 [INFO] PluginManager:220 - loadIPPluginJar : add usbx
2025-07-28 18:21:32,151 [INFO] IPUIPlugin:80 - create IPUIPlugin
2025-07-28 18:21:32,151 [INFO] PluginManager:220 - loadIPPluginJar : add dfsdm
2025-07-28 18:21:32,155 [INFO] IPUIPlugin:80 - create IPUIPlugin
2025-07-28 18:21:32,155 [INFO] PluginManager:220 - loadIPPluginJar : add cryp
2025-07-28 18:21:32,165 [INFO] IPUIPlugin:80 - create IPUIPlugin
2025-07-28 18:21:32,165 [INFO] PluginManager:220 - loadIPPluginJar : add linkedlist
2025-07-28 18:21:32,167 [INFO] IPUIPlugin:80 - create IPUIPlugin
2025-07-28 18:21:32,167 [INFO] PluginManager:220 - loadIPPluginJar : add ltdc
2025-07-28 18:21:32,169 [INFO] IPUIPlugin:80 - create IPUIPlugin
2025-07-28 18:21:32,169 [INFO] PluginManager:220 - loadIPPluginJar : add tim
2025-07-28 18:21:32,174 [INFO] IPUIPlugin:80 - create IPUIPlugin
2025-07-28 18:21:32,175 [INFO] PluginManager:220 - loadIPPluginJar : add gpio
2025-07-28 18:21:32,182 [INFO] IPUIPlugin:80 - create IPUIPlugin
2025-07-28 18:21:32,183 [INFO] PluginManager:220 - loadIPPluginJar : add freertos
2025-07-28 18:21:32,191 [INFO] IPUIPlugin:80 - create IPUIPlugin
2025-07-28 18:21:32,192 [INFO] PluginManager:220 - loadIPPluginJar : add stm32_wpan
2025-07-28 18:21:32,322 [FATAL] Updater:351 - Updater called before beeing initialized
2025-07-28 18:21:32,365 [INFO] RulesReader:64 - Compatibility file has been processed (302 Rules)
2025-07-28 18:21:32,385 [INFO] RulesReader:64 - Compatibility file has been processed (302 Rules)
2025-07-28 18:21:32,397 [INFO] CADModel:165 - CPN selected for project level
2025-07-28 18:21:32,397 [INFO] CADModel:114 - Register for checkConnection events
2025-07-28 18:21:32,398 [FATAL] Updater:351 - Updater called before beeing initialized
2025-07-28 18:21:32,398 [ERROR] CADModel:125 - Updater not yet initialized, retry later 
2025-07-28 18:21:32,593 [FATAL] Updater:351 - Updater called before beeing initialized
2025-07-28 18:21:32,595 [INFO] CADModel:165 - CPN selected for project level
2025-07-28 18:21:32,595 [INFO] CADModel:114 - Register for checkConnection events
2025-07-28 18:21:32,596 [FATAL] Updater:351 - Updater called before beeing initialized
2025-07-28 18:21:32,596 [ERROR] CADModel:125 - Updater not yet initialized, retry later 
2025-07-28 18:21:32,601 [FATAL] Updater:351 - Updater called before beeing initialized
2025-07-28 18:21:32,741 [FATAL] Updater:351 - Updater called before beeing initialized
2025-07-28 18:21:32,746 [INFO] DbMcusAds:53 - JSON generation date=Tue Jul 08 13:44:23 IST 2025 (1751962463562)
2025-07-28 18:21:32,747 [FATAL] Updater:351 - Updater called before beeing initialized
2025-07-28 18:21:32,801 [WARN] DetailPanel:346 - Failed to get advertising image, set to default
2025-07-28 18:21:33,209 [FATAL] Updater:351 - Updater called before beeing initialized
2025-07-28 18:21:33,211 [FATAL] Updater:351 - Updater called before beeing initialized
2025-07-28 18:21:33,211 [FATAL] Updater:351 - Updater called before beeing initialized
2025-07-28 18:21:33,211 [WARN] DetailPanel:346 - Failed to get advertising image, set to default
2025-07-28 18:21:33,213 [FATAL] Updater:351 - Updater called before beeing initialized
2025-07-28 18:21:33,263 [ERROR] Updater:1198 - MainUpdater not yet initialized. External WinMGr cannot be set.
2025-07-28 18:21:33,265 [INFO] Updater:1134 - Updater Version found : 6.14.1
2025-07-28 18:21:33,284 [INFO] ApplicationProperties:184 - Using Application install path: /opt/st/stm32cubeide_1.18.1/plugins/com.st.stm32cube.common.mx_6.14.1.202504091515
2025-07-28 18:21:33,575 [INFO] MainUpdater:2872 - connection check result : 10
2025-07-28 18:21:33,576 [INFO] MainUpdater:289 - Updater Check For Update Now.
2025-07-28 18:21:33,577 [INFO] MicroXplorer:498 - Change Database Version : DB.6.0.141
2025-07-28 18:21:33,584 [INFO] McuFinderGlobals:63 - Set McuFinder mode to 2 (CubeIDE integrated)
2025-07-28 18:21:33,584 [INFO] UserAuth:171 - activating auth plugin
2025-07-28 18:21:33,588 [INFO] UserAuth:484 - Internet connection configuration mode: 1
2025-07-28 18:21:33,604 [INFO] JxBrowserEngine:152 - Initiate JxBrowser Engine with user profile folder
2025-07-28 18:21:33,874 [INFO] CheckServerUpdateThread:120 - End of CheckServer Thread
2025-07-28 18:21:34,290 [WARN] PackLoader:240 - Cannot read IP mode file for STMicroelectronics.FP-SNS-MOTENVWB1.1.4.0
2025-07-28 18:21:34,351 [WARN] PackLoader:240 - Cannot read IP mode file for STMicroelectronics.X-CUBE-DISPLAY.3.0.0
2025-07-28 18:21:34,409 [WARN] PackLoader:240 - Cannot read IP mode file for STMicroelectronics.FP-SNS-SMARTAG2.1.2.0
2025-07-28 18:21:34,432 [WARN] PackLoader:240 - Cannot read IP mode file for STMicroelectronics.FP-SNS-MOTENV1.5.0.0
2025-07-28 18:21:34,481 [WARN] PackLoader:240 - Cannot read IP mode file for STMicroelectronics.X-CUBE-BLE2.3.3.0
2025-07-28 18:21:34,495 [WARN] PackLoader:240 - Cannot read IP mode file for STMicroelectronics.FP-ATR-SIGFOX1.3.2.0
2025-07-28 18:21:34,528 [WARN] PackLoader:240 - Cannot read IP mode file for STMicroelectronics.FP-SNS-STBOX1.2.0.0
2025-07-28 18:21:34,562 [WARN] PackLoader:240 - Cannot read IP mode file for STMicroelectronics.X-CUBE-ALS.1.0.2
2025-07-28 18:21:34,570 [INFO] ThirdParty:978 - Integrity check success = true
2025-07-28 18:21:34,571 [INFO] IntegrityCheckThread:100 - exiting critical section [integrity check]
2025-07-28 18:21:34,571 [INFO] IntegrityCheckThread:103 - End integrity checks thread
2025-07-28 18:21:34,968 [INFO] WebApp:169 - Instantiating new browser for Auth
2025-07-28 18:21:35,707 [INFO] McuFinderGlobals:63 - Set McuFinder mode to 2 (CubeIDE integrated)
2025-07-28 18:21:35,709 [INFO] MainUpdater:2872 - connection check result : 10
2025-07-28 18:21:36,476 [INFO] ApiDb:581 - Connected to CubeFinder SQLite database (/home/nova/.stmcufinder/plugins/mcufinder/mcu/cube-finder-db.db)
2025-07-28 18:21:36,644 [INFO] ApiDb:668 - CubeFinder database Data Model version=2.1
2025-07-28 18:21:36,644 [INFO] ApiDb:669 - CubeFinder database Configuration version=3.0.39
2025-07-28 18:21:36,644 [INFO] ApiDb:670 - CubeFinder database generation date=2025-07-21 (1753107327)
2025-07-28 18:21:36,645 [INFO] ApiDb:671 - CubeFinder database FW Pack versions=[FP-ATR-ASTRA1_V2.0.0, FP-SNS-FLIGHT1_V5.1.0, FP-SNS-MOTENV1_V5.0.0, FP-SNS-MOTENVWB1_V1.4.0, FP-SNS-SMARTAG2_V1.2.0, FP-SNS-STBOX1_V2.0.0, STM32Cube_FW_C0_V1.4.0, STM32Cube_FW_F4_V1.28.2, STM32Cube_FW_F7_V1.17.3, STM32Cube_FW_G0_V1.6.2, STM32Cube_FW_G4_V1.6.1, STM32Cube_FW_H5_V1.5.0, STM32Cube_FW_H7RS_V1.2.0, STM32Cube_FW_H7_V1.12.1, STM32Cube_FW_L0_V1.12.2, STM32Cube_FW_L4_V1.18.1, STM32Cube_FW_L5_V1.5.1, STM32Cube_FW_N6_V1.2.0, STM32Cube_FW_U0_V1.3.0, STM32Cube_FW_U3_V1.2.0, STM32Cube_FW_U5_V1.8.0, STM32Cube_FW_WB0_V1.3.0, STM32Cube_FW_WBA_V1.7.0, STM32Cube_FW_WB_V1.23.0, STM32Cube_FW_WL3_V1.2.0, STM32Cube_FW_WL_V1.3.1, X-CUBE-ALGOBUILD_V1.4.0, X-CUBE-ALS_V1.0.2, X-CUBE-AZRTOS-F4_V1.1.0, X-CUBE-AZRTOS-F7_V1.1.0, X-CUBE-AZRTOS-G0_V1.1.0, X-CUBE-AZRTOS-G4_V2.0.0, X-CUBE-AZRTOS-H7RS_V1.1.0, X-CUBE-AZRTOS-H7_V3.3.0, X-CUBE-AZRTOS-L4_V2.0.0, X-CUBE-AZRTOS-L5_V2.0.0, X-CUBE-AZRTOS-WB_V2.0.0, X-CUBE-AZRTOS-WL_V2.0.0, X-CUBE-BLE1_V7.1.0, X-CUBE-BLE2_V3.3.0, X-CUBE-BLEMGR_V4.0.0, X-CUBE-EEPRMA1_V5.1.0, X-CUBE-FREERTOS_V1.3.1, X-CUBE-GNSS1_V6.0.0, X-CUBE-MEMS1_V11.3.0, X-CUBE-NFC4_V3.0.0, X-CUBE-NFC7_V2.0.0, X-CUBE-SFXS2LP1_V4.0.0, X-CUBE-SUBG2_V5.0.0, X-CUBE-TOF1_V3.4.3]
2025-07-28 18:21:36,893 [INFO] DbBoardsSqlite:226 - include board P-NUCLEO-WB55-NUCLEO as a kit item of type 'Nucleo-64'
2025-07-28 18:21:36,909 [INFO] DbBoardsSqlite:226 - include board P-NUCLEO-WB55-USBDONGLE as a kit item of type 'Nucleo USB Dongle'
2025-07-28 18:21:36,909 [INFO] DbBoardsSqlite:226 - include board STEVAL-IDP005V1 as a kit item of type 'Evaluation Board'
2025-07-28 18:21:36,910 [INFO] DbBoardsSqlite:226 - include board STEVAL-IDP005V2 as a kit item of type 'Evaluation Board'
2025-07-28 18:21:37,108 [INFO] ApiDb:240 - Found 895 in-development CPN: [B-G473E-ZEST1S, B-WB1M-WPAN1, B-WBA5M-WPAN, B-WL5M-SUBG1, NUCLEO-C031C6, NUCLEO-C051C8, NUCLEO-C071RB, NUCLEO-C092RC, NUCLEO-H503RB, NUCLEO-H533RE, NUCLEO-H563ZI, NUCLEO-H7S3L8, NUCLEO-N657X0-Q, NUCLEO-U031R8, NUCLEO-U083RC, NUCLEO-U385RG-Q, NUCLEO-U545RE-Q, NUCLEO-U5A5ZJ-Q, NUCLEO-WB05KZ, NUCLEO-WB07CC, NUCLEO-WB09KE, NUCLEO-WBA52CG, NUCLEO-WBA55CG, NUCLEO-WBA65RI, NUCLEO-WL33CC1, NUCLEO-WL33CC2, STEVAL-PROTEUS1, STEVAL-SMARTAG2, STEVAL-STWINBX1, STM320518-EVAL, STM32C0116-DK, STM32C011D6Y3TR, STM32C011D6Y6TR, STM32C011F4P3, STM32C011F4P6, STM32C011F4U3, STM32C011F4U6TR, STM32C011F6P3, STM32C011F6P6, STM32C011F6U3, STM32C011F6U6TR, STM32C011J4M3, STM32C011J4M6, STM32C011J6M3, STM32C011J6M6, STM32C0316-DK, STM32C031C4T3, STM32C031C4T6, STM32C031C4U3, STM32C031C4U6, STM32C031C6T3, STM32C031C6T6, STM32C031C6U3, STM32C031C6U6, STM32C031F4P3, STM32C031F4P6, STM32C031F6P3, STM32C031F6P6, STM32C031G4U3, STM32C031G4U6, STM32C031G6U3, STM32C031G6U6, STM32C031K4T3, STM32C031K4T6, STM32C031K4U3, STM32C031K4U6, STM32C031K6T3, STM32C031K6T6, STM32C031K6U3, STM32C031K6U6, STM32C051C6T6, STM32C051C6U6, STM32C051C8T6, STM32C051C8U6, STM32C051D8Y6TR, STM32C051F6P6, STM32C051F8P6, STM32C051G6U6, STM32C051G8U6, STM32C051K6T6, STM32C051K6U6, STM32C051K8T6, STM32C071C8T6, STM32C071C8T6N, STM32C071C8U6, STM32C071C8U6N, STM32C071CBT6, STM32C071CBT6N, STM32C071CBU6, STM32C071CBU6N, STM32C071F8P6, STM32C071F8P6N, STM32C071FBP6, STM32C071FBP6N, STM32C071FBY6TR, STM32C071G8U6, STM32C071G8U6N, STM32C071GBU6, STM32C071GBU6N, STM32C071K8T6, STM32C071K8T6N, STM32C071K8U6, STM32C071K8U6N, STM32C071KBT6, STM32C071KBT6N, STM32C071KBU6, STM32C071KBU6N, STM32C071R8T6, STM32C071R8T6N, STM32C071RBI6N, STM32C071RBT6, STM32C071RBT6N, STM32C091CBT6, STM32C091CBU6, STM32C091CCT6, STM32C091CCU6, STM32C091ECY6TR, STM32C091FBP6, STM32C091FCP6, STM32C091GBU6, STM32C091GCU6, STM32C091KBT6, STM32C091KBU6, STM32C091KCT6, STM32C091KCU6, STM32C091RBT6, STM32C091RCI6, STM32C091RCT6, STM32C092CBT6, STM32C092CBU6, STM32C092CCT6, STM32C092CCU6, STM32C092ECY6TR, STM32C092FBP6, STM32C092FCP6, STM32C092GBU6, STM32C092GCU6, STM32C092KBT6, STM32C092KBU6, STM32C092KCT6, STM32C092KCU6, STM32C092RBT6, STM32C092RCI6, STM32C092RCT6, STM32G071K8TXN, STM32G071K8UXN, STM32G081GBU6N, STM32G081KBT6N, STM32G081KBUXN, STM32G0B1CCT6N, STM32G0B1KCT6, STM32G0B1NEY6TR, STM32G0B1RCT6N, STM32G0C1CCT6, STM32G0C1CCT6N, STM32G0C1CCU6N, STM32G0C1CET6N, STM32G0C1CEU6N, STM32G0C1KCT6, STM32G0C1NEY6TR, STM32G0C1RCI6N, STM32G0C1RCT6N, STM32G0C1REI6N, STM32G0C1RET6N, STM32G0C1VCI6, STM32G0C1VEI6, STM32G411C6T3, STM32G411C6T6, STM32G411C6U3, STM32G411C6U6, STM32G411C8T3, STM32G411C8T6, STM32G411C8U3, STM32G411C8U6, STM32G411CBT3, STM32G411CBT6, STM32G411CBU3, STM32G411CBU6, STM32G411CCT3, STM32G411CCT6, STM32G411CCU3, STM32G411CCU6, STM32G411K6T3, STM32G411K6T6, STM32G411K6U3, STM32G411K6U6, STM32G411K8T3, STM32G411K8T6, STM32G411K8U3, STM32G411K8U6, STM32G411KBT3, STM32G411KBT6, STM32G411KBU3, STM32G411KBU6, STM32G411M6T3, STM32G411M6T6, STM32G411M8T3, STM32G411M8T6, STM32G411MBT3, STM32G411MBT6, STM32G411MCT3, STM32G411MCT6, STM32G411R6T3, STM32G411R6T6, STM32G411R8T3, STM32G411R8T6, STM32G411RBT3, STM32G411RBT6, STM32G411RCT3, STM32G411RCT6, STM32G414CBT3, STM32G414CBT6, STM32G414CBU3, STM32G414CBU6, STM32G414CCT3, STM32G414CCT6, STM32G414CCU3, STM32G414CCU6, STM32G414MBT3, STM32G414MBT6, STM32G414MCT3, STM32G414MCT6, STM32G414RBT3, STM32G414RBT6, STM32G414RCT3, STM32G414RCT6, STM32G414VBT3, STM32G414VBT6, STM32G414VCT3, STM32G414VCT6, STM32G431CBT3Z, STM32G431RBT3Z, STM32G471CCT6, STM32G471CCU6, STM32G471CET3, STM32G471CET6, STM32G471CEU3, STM32G471CEU6, STM32G471MCT6, STM32G471MET3, STM32G471MET6, STM32G471MEY6TR, STM32G471QCT6, STM32G471QET3, STM32G471RCT6, STM32G471RET3, STM32G471RET6, STM32G471VCH6, STM32G471VCI6, STM32G471VCT6, STM32G471VEH3, STM32G471VEH6, STM32G471VEI3, STM32G471VEI6, STM32G471VET3, STM32G471VET6, STM32G473QET3Z, STM32G473RET3Z, STM32G474CCT6, STM32G491RET3Z, STM32H503CBT6, STM32H503CBU6, STM32H503EBY6TR, STM32H503KBU6, STM32H503RBT6, STM32H523CCT6, STM32H523CCU6, STM32H523CET6, STM32H523CEU6, STM32H523HEY6TR, STM32H523RCT6, STM32H523RET6, STM32H523VCI6, STM32H523VCT6, STM32H523VEI6, STM32H523VET6, STM32H523ZCJ6, STM32H523ZCT6, STM32H523ZEJ6, STM32H523ZET6, STM32H533CET6, STM32H533CEU6, STM32H533HEY6TR, STM32H533RET6, STM32H533VEI6, STM32H533VET6, STM32H533ZEJ6, STM32H533ZET6, STM32H562AGI6, STM32H562AII6, STM32H562IGK6, STM32H562IGT6, STM32H562IIK6, STM32H562IIT6, STM32H562RGT6, STM32H562RGV6, STM32H562RIT6, STM32H562RIV6, STM32H562VGT6, STM32H562VIT6, STM32H562ZGT6, STM32H562ZIT6, STM32H563AGI6, STM32H563AII3Q, STM32H563AII6, STM32H563IGK6, STM32H563IGT6, STM32H563IIK3Q, STM32H563IIK6, STM32H563IIT3Q, STM32H563IIT6, STM32H563MIY3QTR, STM32H563RGT6, STM32H563RGV6, STM32H563RIT6, STM32H563RIV6, STM32H563VGT6, STM32H563VIT3Q, STM32H563VIT6, STM32H563ZGT6, STM32H563ZIT3Q, STM32H563ZIT6, STM32H573AII3Q, STM32H573AII6, STM32H573I-DK, STM32H573IIK3Q, STM32H573IIK6, STM32H573IIT3Q, STM32H573IIT6, STM32H573MIY3QTR, STM32H573RIT6, STM32H573RIV6, STM32H573VIT3Q, STM32H573VIT6, STM32H573ZIT3Q, STM32H573ZIT6, STM32H7R3A8I6, STM32H7R3I8K6, STM32H7R3I8T6, STM32H7R3L8H6, STM32H7R3L8H6H, STM32H7R3R8V6, STM32H7R3V8H6, STM32H7R3V8T6, STM32H7R3V8Y6TR, STM32H7R3Z8J6, STM32H7R3Z8T6, STM32H7R7A8I6, STM32H7R7I8K6, STM32H7R7I8T6, STM32H7R7L8H6, STM32H7R7L8H6H, STM32H7R7Z8J6, STM32H7S3A8I6, STM32H7S3I8K6, STM32H7S3I8T6, STM32H7S3L8H6, STM32H7S3L8H6H, STM32H7S3R8V6, STM32H7S3V8H6, STM32H7S3V8T6, STM32H7S3V8Y6TR, STM32H7S3Z8J6, STM32H7S3Z8T6, STM32H7S78-DK, STM32H7S7A8I6, STM32H7S7I8K6, STM32H7S7I8T6, STM32H7S7L8H6, STM32H7S7L8H6H, STM32H7S7Z8J6, STM32L4R5QGI6STR, STM32MP131AAE3, STM32MP131AAF3, STM32MP131AAG3, STM32MP131CAE3, STM32MP131CAF3, STM32MP131CAG3, STM32MP131DAE7, STM32MP131DAF7, STM32MP131DAG7, STM32MP131FAE7, STM32MP131FAF7, STM32MP131FAG7, STM32MP133AAE3, STM32MP133AAF3, STM32MP133AAG3, STM32MP133CAE3, STM32MP133CAF3, STM32MP133CAG3, STM32MP133DAE7, STM32MP133DAF7, STM32MP133DAG7, STM32MP133FAE7, STM32MP133FAF7, STM32MP133FAG7, STM32MP135AAE3, STM32MP135AAF3, STM32MP135AAG3, STM32MP135CAE3, STM32MP135CAF3, STM32MP135CAG3, STM32MP135DAE7, STM32MP135DAF7, STM32MP135DAG7, STM32MP135F-DK, STM32MP135FAE7, STM32MP135FAF7, STM32MP135FAF7T, STM32MP135FAF7U, STM32MP135FAG7, STM32MP231AAJ3, STM32MP231AAK3, STM32MP231AAL3, STM32MP231CAJ3, STM32MP231CAK3, STM32MP231CAL3, STM32MP231DAJ3, STM32MP231DAK3, STM32MP231DAL3, STM32MP231FAJ3, STM32MP231FAK3, STM32MP231FAL3, STM32MP233AAJ3, STM32MP233AAK3, STM32MP233AAL3, STM32MP233CAJ3, STM32MP233CAK3, STM32MP233CAL3, STM32MP233DAJ3, STM32MP233DAK3, STM32MP233DAL3, STM32MP233FAJ3, STM32MP233FAK3, STM32MP233FAL3, STM32MP235AAJ3, STM32MP235AAK3, STM32MP235AAL3, STM32MP235CAJ3, STM32MP235CAK3, STM32MP235CAL3, STM32MP235DAJ3, STM32MP235DAK3, STM32MP235DAL3, STM32MP235FAJ3, STM32MP235FAK3, STM32MP235FAL3, STM32MP251AAI3, STM32MP251AAJ3, STM32MP251AAK3, STM32MP251AAL3, STM32MP251CAI3, STM32MP251CAJ3, STM32MP251CAK3, STM32MP251CAL3, STM32MP251DAI3, STM32MP251DAJ3, STM32MP251DAK3, STM32MP251DAL3, STM32MP251FAI3, STM32MP251FAJ3, STM32MP251FAK3, STM32MP251FAL3, STM32MP253AAI3, STM32MP253AAJ3, STM32MP253AAK3, STM32MP253AAL3, STM32MP253CAI3, STM32MP253CAJ3, STM32MP253CAK3, STM32MP253CAL3, STM32MP253DAI3, STM32MP253DAJ3, STM32MP253DAK3, STM32MP253DAL3, STM32MP253FAI3, STM32MP253FAJ3, STM32MP253FAK3, STM32MP253FAL3, STM32MP255AAI3, STM32MP255AAJ3, STM32MP255AAK3, STM32MP255AAL3, STM32MP255CAI3, STM32MP255CAJ3, STM32MP255CAK3, STM32MP255CAL3, STM32MP255DAI3, STM32MP255DAJ3, STM32MP255DAK3, STM32MP255DAL3, STM32MP255FAI3, STM32MP255FAJ3, STM32MP255FAK3, STM32MP255FAL3, STM32MP257AAI3, STM32MP257AAJ3, STM32MP257AAK3, STM32MP257AAL3, STM32MP257CAI3, STM32MP257CAJ3, STM32MP257CAK3, STM32MP257CAL3, STM32MP257DAI3, STM32MP257DAJ3, STM32MP257DAK3, STM32MP257DAL3, STM32MP257F-DK, STM32MP257F-EV1, STM32MP257FAI3, STM32MP257FAJ3, STM32MP257FAK3, STM32MP257FAL3, STM32N645A0H3Q, STM32N645B0H3Q, STM32N645I0H3Q, STM32N645L0H3Q, STM32N645X0H3Q, STM32N645Z0H3Q, STM32N647A0H3Q, STM32N647B0H3Q, STM32N647I0H3Q, STM32N647L0H3Q, STM32N647X0H3Q, STM32N647Z0H3Q, STM32N655A0H3Q, STM32N655B0H3Q, STM32N655I0H3Q, STM32N655L0H3Q, STM32N655X0H3Q, STM32N655Z0H3Q, STM32N6570-DK, STM32N657A0H3Q, STM32N657B0H3Q, STM32N657I0H3Q, STM32N657L0H3Q, STM32N657X0H3Q, STM32N657Z0H3Q, STM32U031C6T6, STM32U031C6U6, STM32U031C8T6, STM32U031C8U6, STM32U031F4P6, STM32U031F6P6, STM32U031F8P6, STM32U031G6Y6TR, STM32U031G8Y6TR, STM32U031K4U6, STM32U031K6U6, STM32U031K8U6, STM32U031R6I6, STM32U031R6T6, STM32U031R8I6, STM32U031R8T6, STM32U073C8T6, STM32U073C8U6, STM32U073CBT6, STM32U073CBU6, STM32U073CCT6, STM32U073CCU6, STM32U073H8Y6TR, STM32U073HBY6TR, STM32U073HCY6TR, STM32U073K8U6, STM32U073KBU6, STM32U073KCU6, STM32U073M8I6, STM32U073M8T6, STM32U073MBI6, STM32U073MBT6, STM32U073MCI6, STM32U073MCT6, STM32U073R8I6, STM32U073R8T6, STM32U073RBI6, STM32U073RBT6, STM32U073RCI6, STM32U073RCT6, STM32U083C-DK, STM32U083CCT6, STM32U083CCU6, STM32U083HCY6TR, STM32U083KCU6, STM32U083MCI6, STM32U083MCT6, STM32U083RCI6, STM32U083RCT6, STM32U375CET6, STM32U375CET6Q, STM32U375CEU6, STM32U375CEU6Q, STM32U375CEY6QTR, STM32U375CGT6, STM32U375CGT6Q, STM32U375CGU6, STM32U375CGU6Q, STM32U375CGY6QTR, STM32U375KEU6, STM32U375KGU6, STM32U375REI6, STM32U375REI6Q, STM32U375RET6, STM32U375RET6Q, STM32U375REY6GTR, STM32U375REY6QTR, STM32U375RGI6, STM32U375RGI6Q, STM32U375RGT6, STM32U375RGT6Q, STM32U375RGY6GTR, STM32U375RGY6QTR, STM32U375VEI6, STM32U375VEI6Q, STM32U375VET6, STM32U375VET6Q, STM32U375VGI6, STM32U375VGI6Q, STM32U375VGT6, STM32U375VGT6Q, STM32U385CGT6, STM32U385CGT6Q, STM32U385CGU6, STM32U385CGU6Q, STM32U385CGY6QTR, STM32U385KGU6, STM32U385RGI6, STM32U385RGI6Q, STM32U385RGT6, STM32U385RGT6Q, STM32U385RGY6GTR, STM32U385RGY6QTR, STM32U385VGI6, STM32U385VGI6Q, STM32U385VGT6, STM32U385VGT6Q, STM32U535CBT6, STM32U535CBT6Q, STM32U535CBU6, STM32U535CBU6Q, STM32U535CCT6, STM32U535CCT6Q, STM32U535CCU6, STM32U535CCU6Q, STM32U535CET6, STM32U535CET6Q, STM32U535CEU6, STM32U535CEU6Q, STM32U535JEY6QTR, STM32U535NCY6QTR, STM32U535NEY6QTR, STM32U535RBI6, STM32U535RBI6Q, STM32U535RBT6, STM32U535RBT6Q, STM32U535RCI6, STM32U535RCI6Q, STM32U535RCT6, STM32U535RCT6Q, STM32U535REI6, STM32U535REI6Q, STM32U535RET6, STM32U535RET6Q, STM32U535VCI6, STM32U535VCI6Q, STM32U535VCT6, STM32U535VCT6Q, STM32U535VEI6, STM32U535VEI6Q, STM32U535VET6, STM32U535VET6Q, STM32U545CET6, STM32U545CET6Q, STM32U545CEU6, STM32U545CEU6Q, STM32U545JEY6QTR, STM32U545NEY6QTR, STM32U545REI6, STM32U545REI6Q, STM32U545RET6, STM32U545RET6Q, STM32U545VEI6, STM32U545VEI6Q, STM32U545VET6, STM32U545VET6Q, STM32U595AIH6, STM32U595AIH6Q, STM32U595AJH6, STM32U595AJH6Q, STM32U595QII6, STM32U595QII6Q, STM32U595QJI6, STM32U595QJI6Q, STM32U595RIT6, STM32U595RIT6Q, STM32U595RJT6, STM32U595RJT6Q, STM32U595VIT6, STM32U595VIT6Q, STM32U595VJT6, STM32U595VJT6Q, STM32U595ZIT6, STM32U595ZIT6Q, STM32U595ZIY6QTR, STM32U595ZJT6, STM32U595ZJT6Q, STM32U595ZJY6QTR, STM32U599BJY6QTR, STM32U599NIH6Q, STM32U599NJH6Q, STM32U599VIT6Q, STM32U599VJT6, STM32U599VJT6Q, STM32U599ZIT6Q, STM32U599ZIY6QTR, STM32U599ZJT6Q, STM32U599ZJY6QTR, STM32U5A5AJH6, STM32U5A5AJH6Q, STM32U5A5QII3Q , STM32U5A5QJI6, STM32U5A5QJI6Q, STM32U5A5RJT6, STM32U5A5RJT6Q, STM32U5A5VJT6, STM32U5A5VJT6Q, STM32U5A5ZJT6, STM32U5A5ZJT6Q, STM32U5A5ZJY6QTR, STM32U5A9BJY6QTR, STM32U5A9J-DK, STM32U5A9NJH6Q, STM32U5A9VJT6Q, STM32U5A9ZJT6Q, STM32U5A9ZJY6QTR, STM32U5F7VIT6, STM32U5F7VIT6Q, STM32U5F7VJT6, STM32U5F7VJT6Q, STM32U5F9BJY6QTR, STM32U5F9NJH6Q, STM32U5F9VIT6Q, STM32U5F9VJT6Q, STM32U5F9ZIJ6QTR, STM32U5F9ZIT6Q, STM32U5F9ZJJ6QTR, STM32U5F9ZJT6Q, STM32U5G7VJT6, STM32U5G7VJT6Q, STM32U5G9BJY6QTR, STM32U5G9J-DK1, STM32U5G9J-DK2, STM32U5G9NJH6Q, STM32U5G9VJT6Q, STM32U5G9ZJJ6QTR, STM32U5G9ZJT6Q, STM32WB05KZV6TR, STM32WB05KZV7TR, STM32WB05TZF6TR, STM32WB05TZF7TR, STM32WB06CCF6TR, STM32WB06CCF7TR, STM32WB06CCV6TR, STM32WB06CCV7TR, STM32WB06KCV6TR, STM32WB06KCV7TR, STM32WB07CCF6TR, STM32WB07CCF7TR, STM32WB07CCV6TR, STM32WB07CCV7TR, STM32WB07KCV6TR, STM32WB07KCV7TR, STM32WB09KEV6TR, STM32WB09KEV7TR, STM32WB09TEF6TR, STM32WB09TEF7TR, STM32WB1MMCH6, STM32WBA50KGU6, STM32WBA50KGU6TR, STM32WBA52CEU6, STM32WBA52CEU6TR, STM32WBA52CEU7, STM32WBA52CEU7TR, STM32WBA52CGU6, STM32WBA52CGU6TR, STM32WBA52CGU6U, STM32WBA52CGU7, STM32WBA52CGU7TR, STM32WBA52KEU6, STM32WBA52KEU6TR, STM32WBA52KGU6, STM32WBA52KGU6TR, STM32WBA54CEU6, STM32WBA54CEU6TR, STM32WBA54CEU7, STM32WBA54CEU7TR, STM32WBA54CGU6, STM32WBA54CGU6TR, STM32WBA54CGU7, STM32WBA54CGU7TR, STM32WBA54KEU6, STM32WBA54KEU6TR, STM32WBA54KEU7, STM32WBA54KEU7TR, STM32WBA54KGU6, STM32WBA54KGU6TR, STM32WBA54KGU7, STM32WBA54KGU7TR, STM32WBA55CEU6, STM32WBA55CEU6TR, STM32WBA55CEU7, STM32WBA55CEU7TR, STM32WBA55CGU6, STM32WBA55CGU6TR, STM32WBA55CGU6U, STM32WBA55CGU7, STM32WBA55CGU7TR, STM32WBA55G-DK1, STM32WBA55HEF6, STM32WBA55HEF7, STM32WBA55HGF6, STM32WBA55HGF7, STM32WBA55UEI6, STM32WBA55UEI6TR, STM32WBA55UEI7, STM32WBA55UEI7TR, STM32WBA55UGI6, STM32WBA55UGI6TR, STM32WBA55UGI7, STM32WBA55UGI7TR, STM32WBA5MJGH6TR, STM32WBA62CGU6, STM32WBA62CIU6, STM32WBA62MGF6, STM32WBA62MIF6, STM32WBA62PGI6, STM32WBA62PII6, STM32WBA63CGU6, STM32WBA63CGU7, STM32WBA63CIU6, STM32WBA63CIU7, STM32WBA64CGU6, STM32WBA64CGU7, STM32WBA64CIU6, STM32WBA64CIU7, STM32WBA65CGU6, STM32WBA65CGU7, STM32WBA65CIU6, STM32WBA65CIU7, STM32WBA65I-DK1, STM32WBA65MGF6, STM32WBA65MGF7, STM32WBA65MIF6, STM32WBA65MIF7, STM32WBA65PGI6, STM32WBA65PGI7, STM32WBA65PII6, STM32WBA65PII7, STM32WBA65RGV6, STM32WBA65RGV7, STM32WBA65RIV6, STM32WBA65RIV7, STM32WL30K8V6, STM32WL30KBV6, STM32WL31C8V6, STM32WL31CBV6, STM32WL31K8V6, STM32WL31KBV6, STM32WL33C8V6, STM32WL33C8V6TR, STM32WL33C8V7, STM32WL33C8V7TR, STM32WL33CBV6, STM32WL33CBV6TR, STM32WL33CBV7, STM32WL33CBV7TR, STM32WL33CCV6, STM32WL33CCV6TR, STM32WL33CCV7, STM32WL33CCV7A, STM32WL33CCV7ATR, STM32WL33CCV7TR, STM32WL33K8V6, STM32WL33K8V6TR, STM32WL33K8V7, STM32WL33K8V7TR, STM32WL33KBV6, STM32WL33KBV6TR, STM32WL33KBV7, STM32WL33KBV7TR, STM32WL33KCV6, STM32WL33KCV6TR, STM32WL33KCV7, STM32WL33KCV7TR, STM32WL5MOCH6, STM32WL5MOCH6TR]
2025-07-28 18:21:37,141 [INFO] ApiDb:668 - CubeFinder database Data Model version=2.1
2025-07-28 18:21:37,145 [INFO] ApiDb:669 - CubeFinder database Configuration version=3.0.39
2025-07-28 18:21:37,145 [INFO] ApiDb:670 - CubeFinder database generation date=2025-07-21 (1753107327)
2025-07-28 18:21:37,146 [INFO] ApiDb:671 - CubeFinder database FW Pack versions=[FP-ATR-ASTRA1_V2.0.0, FP-SNS-FLIGHT1_V5.1.0, FP-SNS-MOTENV1_V5.0.0, FP-SNS-MOTENVWB1_V1.4.0, FP-SNS-SMARTAG2_V1.2.0, FP-SNS-STBOX1_V2.0.0, STM32Cube_FW_C0_V1.4.0, STM32Cube_FW_F4_V1.28.2, STM32Cube_FW_F7_V1.17.3, STM32Cube_FW_G0_V1.6.2, STM32Cube_FW_G4_V1.6.1, STM32Cube_FW_H5_V1.5.0, STM32Cube_FW_H7RS_V1.2.0, STM32Cube_FW_H7_V1.12.1, STM32Cube_FW_L0_V1.12.2, STM32Cube_FW_L4_V1.18.1, STM32Cube_FW_L5_V1.5.1, STM32Cube_FW_N6_V1.2.0, STM32Cube_FW_U0_V1.3.0, STM32Cube_FW_U3_V1.2.0, STM32Cube_FW_U5_V1.8.0, STM32Cube_FW_WB0_V1.3.0, STM32Cube_FW_WBA_V1.7.0, STM32Cube_FW_WB_V1.23.0, STM32Cube_FW_WL3_V1.2.0, STM32Cube_FW_WL_V1.3.1, X-CUBE-ALGOBUILD_V1.4.0, X-CUBE-ALS_V1.0.2, X-CUBE-AZRTOS-F4_V1.1.0, X-CUBE-AZRTOS-F7_V1.1.0, X-CUBE-AZRTOS-G0_V1.1.0, X-CUBE-AZRTOS-G4_V2.0.0, X-CUBE-AZRTOS-H7RS_V1.1.0, X-CUBE-AZRTOS-H7_V3.3.0, X-CUBE-AZRTOS-L4_V2.0.0, X-CUBE-AZRTOS-L5_V2.0.0, X-CUBE-AZRTOS-WB_V2.0.0, X-CUBE-AZRTOS-WL_V2.0.0, X-CUBE-BLE1_V7.1.0, X-CUBE-BLE2_V3.3.0, X-CUBE-BLEMGR_V4.0.0, X-CUBE-EEPRMA1_V5.1.0, X-CUBE-FREERTOS_V1.3.1, X-CUBE-GNSS1_V6.0.0, X-CUBE-MEMS1_V11.3.0, X-CUBE-NFC4_V3.0.0, X-CUBE-NFC7_V2.0.0, X-CUBE-SFXS2LP1_V4.0.0, X-CUBE-SUBG2_V5.0.0, X-CUBE-TOF1_V3.4.3]
2025-07-28 18:21:37,923 [INFO] WebApp:463 - Apply proxy settings
2025-07-28 18:21:37,924 [INFO] WebApp:548 - Chromium requires no authentication
2025-07-28 18:21:37,936 [INFO] WebApp:491 - Direct internet connection detected
2025-07-28 18:21:37,968 [INFO] WebApp:894 - Register for checkConnection events
2025-07-28 18:21:37,968 [INFO] WebApp:463 - Apply proxy settings
2025-07-28 18:21:37,968 [INFO] WebApp:548 - Chromium requires no authentication
2025-07-28 18:21:37,969 [INFO] WebApp:491 - Direct internet connection detected
2025-07-28 18:21:38,202 [INFO] WebApp:225 - Starting web application
2025-07-28 18:21:38,203 [INFO] WebApp:593 - Web application path used /opt/st/stm32cubeide_1.18.1/plugins/com.st.stm32cube.common.mx_6.14.1.202504091515/db/plugins/mcufinder/reactClient1/index.html
2025-07-28 18:21:42,089 [INFO] ApiDb:240 - Found 895 in-development CPN: [B-G473E-ZEST1S, B-WB1M-WPAN1, B-WBA5M-WPAN, B-WL5M-SUBG1, NUCLEO-C031C6, NUCLEO-C051C8, NUCLEO-C071RB, NUCLEO-C092RC, NUCLEO-H503RB, NUCLEO-H533RE, NUCLEO-H563ZI, NUCLEO-H7S3L8, NUCLEO-N657X0-Q, NUCLEO-U031R8, NUCLEO-U083RC, NUCLEO-U385RG-Q, NUCLEO-U545RE-Q, NUCLEO-U5A5ZJ-Q, NUCLEO-WB05KZ, NUCLEO-WB07CC, NUCLEO-WB09KE, NUCLEO-WBA52CG, NUCLEO-WBA55CG, NUCLEO-WBA65RI, NUCLEO-WL33CC1, NUCLEO-WL33CC2, STEVAL-PROTEUS1, STEVAL-SMARTAG2, STEVAL-STWINBX1, STM320518-EVAL, STM32C0116-DK, STM32C011D6Y3TR, STM32C011D6Y6TR, STM32C011F4P3, STM32C011F4P6, STM32C011F4U3, STM32C011F4U6TR, STM32C011F6P3, STM32C011F6P6, STM32C011F6U3, STM32C011F6U6TR, STM32C011J4M3, STM32C011J4M6, STM32C011J6M3, STM32C011J6M6, STM32C0316-DK, STM32C031C4T3, STM32C031C4T6, STM32C031C4U3, STM32C031C4U6, STM32C031C6T3, STM32C031C6T6, STM32C031C6U3, STM32C031C6U6, STM32C031F4P3, STM32C031F4P6, STM32C031F6P3, STM32C031F6P6, STM32C031G4U3, STM32C031G4U6, STM32C031G6U3, STM32C031G6U6, STM32C031K4T3, STM32C031K4T6, STM32C031K4U3, STM32C031K4U6, STM32C031K6T3, STM32C031K6T6, STM32C031K6U3, STM32C031K6U6, STM32C051C6T6, STM32C051C6U6, STM32C051C8T6, STM32C051C8U6, STM32C051D8Y6TR, STM32C051F6P6, STM32C051F8P6, STM32C051G6U6, STM32C051G8U6, STM32C051K6T6, STM32C051K6U6, STM32C051K8T6, STM32C071C8T6, STM32C071C8T6N, STM32C071C8U6, STM32C071C8U6N, STM32C071CBT6, STM32C071CBT6N, STM32C071CBU6, STM32C071CBU6N, STM32C071F8P6, STM32C071F8P6N, STM32C071FBP6, STM32C071FBP6N, STM32C071FBY6TR, STM32C071G8U6, STM32C071G8U6N, STM32C071GBU6, STM32C071GBU6N, STM32C071K8T6, STM32C071K8T6N, STM32C071K8U6, STM32C071K8U6N, STM32C071KBT6, STM32C071KBT6N, STM32C071KBU6, STM32C071KBU6N, STM32C071R8T6, STM32C071R8T6N, STM32C071RBI6N, STM32C071RBT6, STM32C071RBT6N, STM32C091CBT6, STM32C091CBU6, STM32C091CCT6, STM32C091CCU6, STM32C091ECY6TR, STM32C091FBP6, STM32C091FCP6, STM32C091GBU6, STM32C091GCU6, STM32C091KBT6, STM32C091KBU6, STM32C091KCT6, STM32C091KCU6, STM32C091RBT6, STM32C091RCI6, STM32C091RCT6, STM32C092CBT6, STM32C092CBU6, STM32C092CCT6, STM32C092CCU6, STM32C092ECY6TR, STM32C092FBP6, STM32C092FCP6, STM32C092GBU6, STM32C092GCU6, STM32C092KBT6, STM32C092KBU6, STM32C092KCT6, STM32C092KCU6, STM32C092RBT6, STM32C092RCI6, STM32C092RCT6, STM32G071K8TXN, STM32G071K8UXN, STM32G081GBU6N, STM32G081KBT6N, STM32G081KBUXN, STM32G0B1CCT6N, STM32G0B1KCT6, STM32G0B1NEY6TR, STM32G0B1RCT6N, STM32G0C1CCT6, STM32G0C1CCT6N, STM32G0C1CCU6N, STM32G0C1CET6N, STM32G0C1CEU6N, STM32G0C1KCT6, STM32G0C1NEY6TR, STM32G0C1RCI6N, STM32G0C1RCT6N, STM32G0C1REI6N, STM32G0C1RET6N, STM32G0C1VCI6, STM32G0C1VEI6, STM32G411C6T3, STM32G411C6T6, STM32G411C6U3, STM32G411C6U6, STM32G411C8T3, STM32G411C8T6, STM32G411C8U3, STM32G411C8U6, STM32G411CBT3, STM32G411CBT6, STM32G411CBU3, STM32G411CBU6, STM32G411CCT3, STM32G411CCT6, STM32G411CCU3, STM32G411CCU6, STM32G411K6T3, STM32G411K6T6, STM32G411K6U3, STM32G411K6U6, STM32G411K8T3, STM32G411K8T6, STM32G411K8U3, STM32G411K8U6, STM32G411KBT3, STM32G411KBT6, STM32G411KBU3, STM32G411KBU6, STM32G411M6T3, STM32G411M6T6, STM32G411M8T3, STM32G411M8T6, STM32G411MBT3, STM32G411MBT6, STM32G411MCT3, STM32G411MCT6, STM32G411R6T3, STM32G411R6T6, STM32G411R8T3, STM32G411R8T6, STM32G411RBT3, STM32G411RBT6, STM32G411RCT3, STM32G411RCT6, STM32G414CBT3, STM32G414CBT6, STM32G414CBU3, STM32G414CBU6, STM32G414CCT3, STM32G414CCT6, STM32G414CCU3, STM32G414CCU6, STM32G414MBT3, STM32G414MBT6, STM32G414MCT3, STM32G414MCT6, STM32G414RBT3, STM32G414RBT6, STM32G414RCT3, STM32G414RCT6, STM32G414VBT3, STM32G414VBT6, STM32G414VCT3, STM32G414VCT6, STM32G431CBT3Z, STM32G431RBT3Z, STM32G471CCT6, STM32G471CCU6, STM32G471CET3, STM32G471CET6, STM32G471CEU3, STM32G471CEU6, STM32G471MCT6, STM32G471MET3, STM32G471MET6, STM32G471MEY6TR, STM32G471QCT6, STM32G471QET3, STM32G471RCT6, STM32G471RET3, STM32G471RET6, STM32G471VCH6, STM32G471VCI6, STM32G471VCT6, STM32G471VEH3, STM32G471VEH6, STM32G471VEI3, STM32G471VEI6, STM32G471VET3, STM32G471VET6, STM32G473QET3Z, STM32G473RET3Z, STM32G474CCT6, STM32G491RET3Z, STM32H503CBT6, STM32H503CBU6, STM32H503EBY6TR, STM32H503KBU6, STM32H503RBT6, STM32H523CCT6, STM32H523CCU6, STM32H523CET6, STM32H523CEU6, STM32H523HEY6TR, STM32H523RCT6, STM32H523RET6, STM32H523VCI6, STM32H523VCT6, STM32H523VEI6, STM32H523VET6, STM32H523ZCJ6, STM32H523ZCT6, STM32H523ZEJ6, STM32H523ZET6, STM32H533CET6, STM32H533CEU6, STM32H533HEY6TR, STM32H533RET6, STM32H533VEI6, STM32H533VET6, STM32H533ZEJ6, STM32H533ZET6, STM32H562AGI6, STM32H562AII6, STM32H562IGK6, STM32H562IGT6, STM32H562IIK6, STM32H562IIT6, STM32H562RGT6, STM32H562RGV6, STM32H562RIT6, STM32H562RIV6, STM32H562VGT6, STM32H562VIT6, STM32H562ZGT6, STM32H562ZIT6, STM32H563AGI6, STM32H563AII3Q, STM32H563AII6, STM32H563IGK6, STM32H563IGT6, STM32H563IIK3Q, STM32H563IIK6, STM32H563IIT3Q, STM32H563IIT6, STM32H563MIY3QTR, STM32H563RGT6, STM32H563RGV6, STM32H563RIT6, STM32H563RIV6, STM32H563VGT6, STM32H563VIT3Q, STM32H563VIT6, STM32H563ZGT6, STM32H563ZIT3Q, STM32H563ZIT6, STM32H573AII3Q, STM32H573AII6, STM32H573I-DK, STM32H573IIK3Q, STM32H573IIK6, STM32H573IIT3Q, STM32H573IIT6, STM32H573MIY3QTR, STM32H573RIT6, STM32H573RIV6, STM32H573VIT3Q, STM32H573VIT6, STM32H573ZIT3Q, STM32H573ZIT6, STM32H7R3A8I6, STM32H7R3I8K6, STM32H7R3I8T6, STM32H7R3L8H6, STM32H7R3L8H6H, STM32H7R3R8V6, STM32H7R3V8H6, STM32H7R3V8T6, STM32H7R3V8Y6TR, STM32H7R3Z8J6, STM32H7R3Z8T6, STM32H7R7A8I6, STM32H7R7I8K6, STM32H7R7I8T6, STM32H7R7L8H6, STM32H7R7L8H6H, STM32H7R7Z8J6, STM32H7S3A8I6, STM32H7S3I8K6, STM32H7S3I8T6, STM32H7S3L8H6, STM32H7S3L8H6H, STM32H7S3R8V6, STM32H7S3V8H6, STM32H7S3V8T6, STM32H7S3V8Y6TR, STM32H7S3Z8J6, STM32H7S3Z8T6, STM32H7S78-DK, STM32H7S7A8I6, STM32H7S7I8K6, STM32H7S7I8T6, STM32H7S7L8H6, STM32H7S7L8H6H, STM32H7S7Z8J6, STM32L4R5QGI6STR, STM32MP131AAE3, STM32MP131AAF3, STM32MP131AAG3, STM32MP131CAE3, STM32MP131CAF3, STM32MP131CAG3, STM32MP131DAE7, STM32MP131DAF7, STM32MP131DAG7, STM32MP131FAE7, STM32MP131FAF7, STM32MP131FAG7, STM32MP133AAE3, STM32MP133AAF3, STM32MP133AAG3, STM32MP133CAE3, STM32MP133CAF3, STM32MP133CAG3, STM32MP133DAE7, STM32MP133DAF7, STM32MP133DAG7, STM32MP133FAE7, STM32MP133FAF7, STM32MP133FAG7, STM32MP135AAE3, STM32MP135AAF3, STM32MP135AAG3, STM32MP135CAE3, STM32MP135CAF3, STM32MP135CAG3, STM32MP135DAE7, STM32MP135DAF7, STM32MP135DAG7, STM32MP135F-DK, STM32MP135FAE7, STM32MP135FAF7, STM32MP135FAF7T, STM32MP135FAF7U, STM32MP135FAG7, STM32MP231AAJ3, STM32MP231AAK3, STM32MP231AAL3, STM32MP231CAJ3, STM32MP231CAK3, STM32MP231CAL3, STM32MP231DAJ3, STM32MP231DAK3, STM32MP231DAL3, STM32MP231FAJ3, STM32MP231FAK3, STM32MP231FAL3, STM32MP233AAJ3, STM32MP233AAK3, STM32MP233AAL3, STM32MP233CAJ3, STM32MP233CAK3, STM32MP233CAL3, STM32MP233DAJ3, STM32MP233DAK3, STM32MP233DAL3, STM32MP233FAJ3, STM32MP233FAK3, STM32MP233FAL3, STM32MP235AAJ3, STM32MP235AAK3, STM32MP235AAL3, STM32MP235CAJ3, STM32MP235CAK3, STM32MP235CAL3, STM32MP235DAJ3, STM32MP235DAK3, STM32MP235DAL3, STM32MP235FAJ3, STM32MP235FAK3, STM32MP235FAL3, STM32MP251AAI3, STM32MP251AAJ3, STM32MP251AAK3, STM32MP251AAL3, STM32MP251CAI3, STM32MP251CAJ3, STM32MP251CAK3, STM32MP251CAL3, STM32MP251DAI3, STM32MP251DAJ3, STM32MP251DAK3, STM32MP251DAL3, STM32MP251FAI3, STM32MP251FAJ3, STM32MP251FAK3, STM32MP251FAL3, STM32MP253AAI3, STM32MP253AAJ3, STM32MP253AAK3, STM32MP253AAL3, STM32MP253CAI3, STM32MP253CAJ3, STM32MP253CAK3, STM32MP253CAL3, STM32MP253DAI3, STM32MP253DAJ3, STM32MP253DAK3, STM32MP253DAL3, STM32MP253FAI3, STM32MP253FAJ3, STM32MP253FAK3, STM32MP253FAL3, STM32MP255AAI3, STM32MP255AAJ3, STM32MP255AAK3, STM32MP255AAL3, STM32MP255CAI3, STM32MP255CAJ3, STM32MP255CAK3, STM32MP255CAL3, STM32MP255DAI3, STM32MP255DAJ3, STM32MP255DAK3, STM32MP255DAL3, STM32MP255FAI3, STM32MP255FAJ3, STM32MP255FAK3, STM32MP255FAL3, STM32MP257AAI3, STM32MP257AAJ3, STM32MP257AAK3, STM32MP257AAL3, STM32MP257CAI3, STM32MP257CAJ3, STM32MP257CAK3, STM32MP257CAL3, STM32MP257DAI3, STM32MP257DAJ3, STM32MP257DAK3, STM32MP257DAL3, STM32MP257F-DK, STM32MP257F-EV1, STM32MP257FAI3, STM32MP257FAJ3, STM32MP257FAK3, STM32MP257FAL3, STM32N645A0H3Q, STM32N645B0H3Q, STM32N645I0H3Q, STM32N645L0H3Q, STM32N645X0H3Q, STM32N645Z0H3Q, STM32N647A0H3Q, STM32N647B0H3Q, STM32N647I0H3Q, STM32N647L0H3Q, STM32N647X0H3Q, STM32N647Z0H3Q, STM32N655A0H3Q, STM32N655B0H3Q, STM32N655I0H3Q, STM32N655L0H3Q, STM32N655X0H3Q, STM32N655Z0H3Q, STM32N6570-DK, STM32N657A0H3Q, STM32N657B0H3Q, STM32N657I0H3Q, STM32N657L0H3Q, STM32N657X0H3Q, STM32N657Z0H3Q, STM32U031C6T6, STM32U031C6U6, STM32U031C8T6, STM32U031C8U6, STM32U031F4P6, STM32U031F6P6, STM32U031F8P6, STM32U031G6Y6TR, STM32U031G8Y6TR, STM32U031K4U6, STM32U031K6U6, STM32U031K8U6, STM32U031R6I6, STM32U031R6T6, STM32U031R8I6, STM32U031R8T6, STM32U073C8T6, STM32U073C8U6, STM32U073CBT6, STM32U073CBU6, STM32U073CCT6, STM32U073CCU6, STM32U073H8Y6TR, STM32U073HBY6TR, STM32U073HCY6TR, STM32U073K8U6, STM32U073KBU6, STM32U073KCU6, STM32U073M8I6, STM32U073M8T6, STM32U073MBI6, STM32U073MBT6, STM32U073MCI6, STM32U073MCT6, STM32U073R8I6, STM32U073R8T6, STM32U073RBI6, STM32U073RBT6, STM32U073RCI6, STM32U073RCT6, STM32U083C-DK, STM32U083CCT6, STM32U083CCU6, STM32U083HCY6TR, STM32U083KCU6, STM32U083MCI6, STM32U083MCT6, STM32U083RCI6, STM32U083RCT6, STM32U375CET6, STM32U375CET6Q, STM32U375CEU6, STM32U375CEU6Q, STM32U375CEY6QTR, STM32U375CGT6, STM32U375CGT6Q, STM32U375CGU6, STM32U375CGU6Q, STM32U375CGY6QTR, STM32U375KEU6, STM32U375KGU6, STM32U375REI6, STM32U375REI6Q, STM32U375RET6, STM32U375RET6Q, STM32U375REY6GTR, STM32U375REY6QTR, STM32U375RGI6, STM32U375RGI6Q, STM32U375RGT6, STM32U375RGT6Q, STM32U375RGY6GTR, STM32U375RGY6QTR, STM32U375VEI6, STM32U375VEI6Q, STM32U375VET6, STM32U375VET6Q, STM32U375VGI6, STM32U375VGI6Q, STM32U375VGT6, STM32U375VGT6Q, STM32U385CGT6, STM32U385CGT6Q, STM32U385CGU6, STM32U385CGU6Q, STM32U385CGY6QTR, STM32U385KGU6, STM32U385RGI6, STM32U385RGI6Q, STM32U385RGT6, STM32U385RGT6Q, STM32U385RGY6GTR, STM32U385RGY6QTR, STM32U385VGI6, STM32U385VGI6Q, STM32U385VGT6, STM32U385VGT6Q, STM32U535CBT6, STM32U535CBT6Q, STM32U535CBU6, STM32U535CBU6Q, STM32U535CCT6, STM32U535CCT6Q, STM32U535CCU6, STM32U535CCU6Q, STM32U535CET6, STM32U535CET6Q, STM32U535CEU6, STM32U535CEU6Q, STM32U535JEY6QTR, STM32U535NCY6QTR, STM32U535NEY6QTR, STM32U535RBI6, STM32U535RBI6Q, STM32U535RBT6, STM32U535RBT6Q, STM32U535RCI6, STM32U535RCI6Q, STM32U535RCT6, STM32U535RCT6Q, STM32U535REI6, STM32U535REI6Q, STM32U535RET6, STM32U535RET6Q, STM32U535VCI6, STM32U535VCI6Q, STM32U535VCT6, STM32U535VCT6Q, STM32U535VEI6, STM32U535VEI6Q, STM32U535VET6, STM32U535VET6Q, STM32U545CET6, STM32U545CET6Q, STM32U545CEU6, STM32U545CEU6Q, STM32U545JEY6QTR, STM32U545NEY6QTR, STM32U545REI6, STM32U545REI6Q, STM32U545RET6, STM32U545RET6Q, STM32U545VEI6, STM32U545VEI6Q, STM32U545VET6, STM32U545VET6Q, STM32U595AIH6, STM32U595AIH6Q, STM32U595AJH6, STM32U595AJH6Q, STM32U595QII6, STM32U595QII6Q, STM32U595QJI6, STM32U595QJI6Q, STM32U595RIT6, STM32U595RIT6Q, STM32U595RJT6, STM32U595RJT6Q, STM32U595VIT6, STM32U595VIT6Q, STM32U595VJT6, STM32U595VJT6Q, STM32U595ZIT6, STM32U595ZIT6Q, STM32U595ZIY6QTR, STM32U595ZJT6, STM32U595ZJT6Q, STM32U595ZJY6QTR, STM32U599BJY6QTR, STM32U599NIH6Q, STM32U599NJH6Q, STM32U599VIT6Q, STM32U599VJT6, STM32U599VJT6Q, STM32U599ZIT6Q, STM32U599ZIY6QTR, STM32U599ZJT6Q, STM32U599ZJY6QTR, STM32U5A5AJH6, STM32U5A5AJH6Q, STM32U5A5QII3Q , STM32U5A5QJI6, STM32U5A5QJI6Q, STM32U5A5RJT6, STM32U5A5RJT6Q, STM32U5A5VJT6, STM32U5A5VJT6Q, STM32U5A5ZJT6, STM32U5A5ZJT6Q, STM32U5A5ZJY6QTR, STM32U5A9BJY6QTR, STM32U5A9J-DK, STM32U5A9NJH6Q, STM32U5A9VJT6Q, STM32U5A9ZJT6Q, STM32U5A9ZJY6QTR, STM32U5F7VIT6, STM32U5F7VIT6Q, STM32U5F7VJT6, STM32U5F7VJT6Q, STM32U5F9BJY6QTR, STM32U5F9NJH6Q, STM32U5F9VIT6Q, STM32U5F9VJT6Q, STM32U5F9ZIJ6QTR, STM32U5F9ZIT6Q, STM32U5F9ZJJ6QTR, STM32U5F9ZJT6Q, STM32U5G7VJT6, STM32U5G7VJT6Q, STM32U5G9BJY6QTR, STM32U5G9J-DK1, STM32U5G9J-DK2, STM32U5G9NJH6Q, STM32U5G9VJT6Q, STM32U5G9ZJJ6QTR, STM32U5G9ZJT6Q, STM32WB05KZV6TR, STM32WB05KZV7TR, STM32WB05TZF6TR, STM32WB05TZF7TR, STM32WB06CCF6TR, STM32WB06CCF7TR, STM32WB06CCV6TR, STM32WB06CCV7TR, STM32WB06KCV6TR, STM32WB06KCV7TR, STM32WB07CCF6TR, STM32WB07CCF7TR, STM32WB07CCV6TR, STM32WB07CCV7TR, STM32WB07KCV6TR, STM32WB07KCV7TR, STM32WB09KEV6TR, STM32WB09KEV7TR, STM32WB09TEF6TR, STM32WB09TEF7TR, STM32WB1MMCH6, STM32WBA50KGU6, STM32WBA50KGU6TR, STM32WBA52CEU6, STM32WBA52CEU6TR, STM32WBA52CEU7, STM32WBA52CEU7TR, STM32WBA52CGU6, STM32WBA52CGU6TR, STM32WBA52CGU6U, STM32WBA52CGU7, STM32WBA52CGU7TR, STM32WBA52KEU6, STM32WBA52KEU6TR, STM32WBA52KGU6, STM32WBA52KGU6TR, STM32WBA54CEU6, STM32WBA54CEU6TR, STM32WBA54CEU7, STM32WBA54CEU7TR, STM32WBA54CGU6, STM32WBA54CGU6TR, STM32WBA54CGU7, STM32WBA54CGU7TR, STM32WBA54KEU6, STM32WBA54KEU6TR, STM32WBA54KEU7, STM32WBA54KEU7TR, STM32WBA54KGU6, STM32WBA54KGU6TR, STM32WBA54KGU7, STM32WBA54KGU7TR, STM32WBA55CEU6, STM32WBA55CEU6TR, STM32WBA55CEU7, STM32WBA55CEU7TR, STM32WBA55CGU6, STM32WBA55CGU6TR, STM32WBA55CGU6U, STM32WBA55CGU7, STM32WBA55CGU7TR, STM32WBA55G-DK1, STM32WBA55HEF6, STM32WBA55HEF7, STM32WBA55HGF6, STM32WBA55HGF7, STM32WBA55UEI6, STM32WBA55UEI6TR, STM32WBA55UEI7, STM32WBA55UEI7TR, STM32WBA55UGI6, STM32WBA55UGI6TR, STM32WBA55UGI7, STM32WBA55UGI7TR, STM32WBA5MJGH6TR, STM32WBA62CGU6, STM32WBA62CIU6, STM32WBA62MGF6, STM32WBA62MIF6, STM32WBA62PGI6, STM32WBA62PII6, STM32WBA63CGU6, STM32WBA63CGU7, STM32WBA63CIU6, STM32WBA63CIU7, STM32WBA64CGU6, STM32WBA64CGU7, STM32WBA64CIU6, STM32WBA64CIU7, STM32WBA65CGU6, STM32WBA65CGU7, STM32WBA65CIU6, STM32WBA65CIU7, STM32WBA65I-DK1, STM32WBA65MGF6, STM32WBA65MGF7, STM32WBA65MIF6, STM32WBA65MIF7, STM32WBA65PGI6, STM32WBA65PGI7, STM32WBA65PII6, STM32WBA65PII7, STM32WBA65RGV6, STM32WBA65RGV7, STM32WBA65RIV6, STM32WBA65RIV7, STM32WL30K8V6, STM32WL30KBV6, STM32WL31C8V6, STM32WL31CBV6, STM32WL31K8V6, STM32WL31KBV6, STM32WL33C8V6, STM32WL33C8V6TR, STM32WL33C8V7, STM32WL33C8V7TR, STM32WL33CBV6, STM32WL33CBV6TR, STM32WL33CBV7, STM32WL33CBV7TR, STM32WL33CCV6, STM32WL33CCV6TR, STM32WL33CCV7, STM32WL33CCV7A, STM32WL33CCV7ATR, STM32WL33CCV7TR, STM32WL33K8V6, STM32WL33K8V6TR, STM32WL33K8V7, STM32WL33K8V7TR, STM32WL33KBV6, STM32WL33KBV6TR, STM32WL33KBV7, STM32WL33KBV7TR, STM32WL33KCV6, STM32WL33KCV6TR, STM32WL33KCV7, STM32WL33KCV7TR, STM32WL5MOCH6, STM32WL5MOCH6TR]
2025-07-28 18:21:42,101 [INFO] DbMcus:218 - Found 4747 MCUs, 4747 are supported
2025-07-28 18:21:42,102 [INFO] ApiDb:423 - Load user favorites file /home/nova/.stm32cubeide/favorites.mcus.txt: 1 item(s)
2025-07-28 18:21:42,102 [INFO] ApiDb:427 - User favorites MCUs=[STM32F446RET6]
2025-07-28 18:21:42,103 [INFO] DbMcus:224 - Set 1 / 1 favorites MCUs
2025-07-28 18:21:43,229 [INFO] WebApp:191 - Connection restablished
2025-07-28 18:21:43,869 [INFO] BoardInfo:889 - No configuration file found for board P-NUCLEO-WB55
2025-07-28 18:21:43,869 [INFO] DbBoards:161 - Kit is not supported: P-NUCLEO-WB55
2025-07-28 18:21:43,886 [INFO] BoardInfo:889 - No configuration file found for board STEVAL-BFA001V1B
2025-07-28 18:21:43,886 [INFO] DbBoards:161 - Kit is not supported: STEVAL-BFA001V1B
2025-07-28 18:21:43,888 [INFO] BoardInfo:889 - No configuration file found for board STEVAL-BFA001V2B
2025-07-28 18:21:43,889 [INFO] DbBoards:161 - Kit is not supported: STEVAL-BFA001V2B
2025-07-28 18:21:44,100 [INFO] DbBoards:168 - Found 211 boards, 208 are supported
2025-07-28 18:21:44,100 [INFO] DbBoards:169 - Found 211 boards, 43 of them is supported for  Bsp
2025-07-28 18:21:44,104 [INFO] ApiDb:423 - Load user favorites file /home/nova/.stm32cubeide/favorites.boards.txt: 0 item(s)
2025-07-28 18:21:44,104 [INFO] ApiDb:427 - User favorites Boards=[]
2025-07-28 18:21:44,105 [INFO] DbBoards:198 - Set 0 / 0 favorites Boards
2025-07-28 18:21:44,105 [INFO] McuFinderGlobals:76 - Set McuFinderConnectedMode to true
2025-07-28 18:21:44,116 [INFO] MultiScanPanel:200 - Auto-refresh data requested => check proxy status ongoing
2025-07-28 18:21:44,122 [INFO] FinderPluginLoader:95 - Searching for filters in installed packs
2025-07-28 18:21:47,114 [INFO] LoadUrlFilesThread:185 - End of LoadServerUrlFiles without Thread
2025-07-28 18:21:47,262 [INFO] DetailPanel:341 - Set advertising image to /home/nova/STM32Cube/Repository//en.2400x1350px.jpeg
2025-07-28 18:21:56,512 [INFO] MultiScanPanel:200 - Auto-refresh data requested => check proxy status ongoing
2025-07-28 18:21:56,739 [INFO] LoadUrlFilesThread:185 - End of LoadServerUrlFiles without Thread
2025-07-28 18:21:56,740 [INFO] DetailPanel:341 - Set advertising image to /home/nova/STM32Cube/Repository//en.2400x1350px.jpeg
2025-07-28 18:21:56,758 [INFO] DbBoards:642 - Loading board mini-images...
2025-07-28 18:22:01,128 [INFO] DbBoards:665 - Loaded 211 board mini-images
2025-07-28 18:22:27,429 [INFO] MainUpdater:2872 - connection check result : 10
2025-07-28 18:22:27,429 [INFO] MainUpdater:2872 - connection check result : 10
2025-07-28 18:22:27,440 [INFO] MicroXplorer:468 - Change Database Path : 
2025-07-28 18:22:27,441 [INFO] MicroXplorer:498 - Change Database Version : DB.6.0.141
2025-07-28 18:22:27,449 [WARN] ThirdParty:871 - waiting for thirdparty lock release [close project]
2025-07-28 18:22:27,449 [INFO] ThirdParty:873 - entering critical section [close project]
2025-07-28 18:22:27,451 [INFO] ThirdParty:883 - exiting critical section [close project]
2025-07-28 18:22:27,454 [INFO] PinOutPanel:1589 - setPackage(No Configuration,No Configuration)
2025-07-28 18:22:27,459 [INFO] UtilMem:75 - Begin LoadConfig() Used Memory: 871905992 Bytes (1042284544)
2025-07-28 18:22:27,463 [INFO] OpenFileManager:354 - Change cursor
2025-07-28 18:22:27,493 [INFO] ProjectFactory:442 - No CPN specified for board NUCLEO-F446RE => set CPN to STM32F446RET6
2025-07-28 18:22:27,494 [INFO] Mcu:2011 - Initializing MCU STM32F446R(C-E)Tx STM32F446RETx STM32F446RET6
2025-07-28 18:22:31,968 [INFO] Context:756 - Trying to add GPIOservice into a context  which must be forbidden
2025-07-28 18:22:33,191 [INFO] Rule:225 - rule 117617 - U5Cobra4M][GTZC] default value MPCBB3 and MPCBB5 - Not Secured memory - MPCBB1 is applicable
2025-07-28 18:22:33,191 [INFO] Rule:225 - rule 117617 - U5Cobra4M][GTZC] default value MPCBB3 and MPCBB5 - Not Secured memory - MPCBB1 is applicable
2025-07-28 18:22:33,191 [INFO] Rule:225 - rule 117617 - U5Cobra4M][GTZC] default value MPCBB3 and MPCBB5 - Not Secured memory - MPCBB2 is applicable
2025-07-28 18:22:33,191 [INFO] Rule:225 - rule 117617 - U5Cobra4M][GTZC] default value MPCBB3 and MPCBB5 - Not Secured memory - MPCBB2 is applicable
2025-07-28 18:22:33,191 [INFO] Rule:225 - rule 117617 - U5Cobra4M][GTZC] default value MPCBB3 and MPCBB5 - Not Secured memory - MPCBB3 is applicable
2025-07-28 18:22:33,191 [INFO] Rule:225 - rule 117617 - U5Cobra4M][GTZC] default value MPCBB3 and MPCBB5 - Not Secured memory - MPCBB3 is applicable
2025-07-28 18:22:33,191 [INFO] Rule:225 - rule 117617 - U5Cobra4M][GTZC] default value MPCBB3 and MPCBB5 - Not Secured memory - MPCBB4 is applicable
2025-07-28 18:22:33,192 [INFO] Rule:225 - rule 117617 - U5Cobra4M][GTZC] default value MPCBB3 and MPCBB5 - Not Secured memory - MPCBB4 is applicable
2025-07-28 18:22:33,192 [INFO] Rule:225 - rule 117617 - U5Cobra4M][GTZC] default value MPCBB3 and MPCBB5 - Secured memory - MPCBB1 is applicable
2025-07-28 18:22:33,192 [INFO] Rule:225 - rule 117617 - U5Cobra4M][GTZC] default value MPCBB3 and MPCBB5 - Secured memory - MPCBB2 is applicable
2025-07-28 18:22:33,192 [INFO] Rule:225 - rule 117617 - U5Cobra4M][GTZC] default value MPCBB3 and MPCBB5 - Secured memory - MPCBB3 is applicable
2025-07-28 18:22:33,192 [INFO] Rule:225 - rule 117617 - U5Cobra4M][GTZC] default value MPCBB3 and MPCBB5 - Secured memory - MPCBB4 is applicable
2025-07-28 18:22:33,192 [INFO] Rule:225 - rule 117617 - U5Cobra4M][GTZC] default value MPCBB3 and MPCBB5 - Privileged memory - MPCBB1 is applicable
2025-07-28 18:22:33,192 [INFO] Rule:225 - rule 117617 - U5Cobra4M][GTZC] default value MPCBB3 and MPCBB5 - Privileged memory - MPCBB2 is applicable
2025-07-28 18:22:33,192 [INFO] Rule:225 - rule 117617 - U5Cobra4M][GTZC] default value MPCBB3 and MPCBB5 - Privileged memory - MPCBB3 is applicable
2025-07-28 18:22:33,192 [INFO] Rule:225 - rule 117617 - U5Cobra4M][GTZC] default value MPCBB3 and MPCBB5 - Privileged memory - MPCBB4 is applicable
2025-07-28 18:22:33,193 [INFO] Rule:225 - rule 117617 - U5Cobra4M][GTZC] default value MPCBB3 and MPCBB5 - Not Privileged memory - MPCBB1 is applicable
2025-07-28 18:22:33,193 [INFO] Rule:225 - rule 117617 - U5Cobra4M][GTZC] default value MPCBB3 and MPCBB5 - Not Privileged memory - MPCBB2 is applicable
2025-07-28 18:22:33,193 [INFO] Rule:225 - rule 117617 - U5Cobra4M][GTZC] default value MPCBB3 and MPCBB5 - Not Privileged memory - MPCBB3 is applicable
2025-07-28 18:22:33,193 [INFO] Rule:225 - rule 117617 - U5Cobra4M][GTZC] default value MPCBB3 and MPCBB5 - Not Privileged memory - MPCBB4 is applicable
2025-07-28 18:22:33,193 [INFO] Rule:225 - rule 117617 - U5Cobra4M][GTZC] default value MPCBB3 and MPCBB5 - Privileged memory - MPCBB1 is applicable
2025-07-28 18:22:33,193 [INFO] Rule:225 - rule 117617 - U5Cobra4M][GTZC] default value MPCBB3 and MPCBB5 - Privileged memory - MPCBB2 is applicable
2025-07-28 18:22:33,193 [INFO] Rule:225 - rule 117617 - U5Cobra4M][GTZC] default value MPCBB3 and MPCBB5 - Privileged memory - MPCBB3 is applicable
2025-07-28 18:22:33,193 [INFO] Rule:225 - rule 117617 - U5Cobra4M][GTZC] default value MPCBB3 and MPCBB5 - Privileged memory - MPCBB4 is applicable
2025-07-28 18:22:33,193 [INFO] Rule:225 - rule 117617 - U5Cobra4M][GTZC] default value MPCBB3 and MPCBB5 - Privileged memory - MPCBB1 is applicable
2025-07-28 18:22:33,194 [INFO] Rule:225 - rule 117617 - U5Cobra4M][GTZC] default value MPCBB3 and MPCBB5 - Privileged memory - MPCBB2 is applicable
2025-07-28 18:22:33,194 [INFO] Rule:225 - rule 117617 - U5Cobra4M][GTZC] default value MPCBB3 and MPCBB5 - Privileged memory - MPCBB3 is applicable
2025-07-28 18:22:33,194 [INFO] Rule:225 - rule 117617 - U5Cobra4M][GTZC] default value MPCBB3 and MPCBB5 - Privileged memory - MPCBB4 is applicable
2025-07-28 18:22:33,194 [INFO] Rule:225 - rule 117617 - U5Cobra4M][GTZC] default value MPCBB3 and MPCBB5 - Not Privileged memory - MPCBB1 is applicable
2025-07-28 18:22:33,194 [INFO] Rule:225 - rule 117617 - U5Cobra4M][GTZC] default value MPCBB3 and MPCBB5 - Not Privileged memory - MPCBB2 is applicable
2025-07-28 18:22:33,194 [INFO] Rule:225 - rule 117617 - U5Cobra4M][GTZC] default value MPCBB3 and MPCBB5 - Not Privileged memory - MPCBB3 is applicable
2025-07-28 18:22:33,194 [INFO] Rule:225 - rule 117617 - U5Cobra4M][GTZC] default value MPCBB3 and MPCBB5 - Not Privileged memory - MPCBB4 is applicable
2025-07-28 18:22:33,194 [INFO] Rule:225 - rule 117617 - U5Cobra4M][GTZC] default value MPCBB3 and MPCBB5 - Privileged memory - MPCBB1 is applicable
2025-07-28 18:22:33,194 [INFO] Rule:225 - rule 117617 - U5Cobra4M][GTZC] default value MPCBB3 and MPCBB5 - Privileged memory - MPCBB2 is applicable
2025-07-28 18:22:33,194 [INFO] Rule:225 - rule 117617 - U5Cobra4M][GTZC] default value MPCBB3 and MPCBB5 - Privileged memory - MPCBB3 is applicable
2025-07-28 18:22:33,195 [INFO] Rule:225 - rule 117617 - U5Cobra4M][GTZC] default value MPCBB3 and MPCBB5 - Privileged memory - MPCBB4 is applicable
2025-07-28 18:22:33,195 [INFO] Rule:225 - rule Rename SubGHz_Phy SUBGHZ_APPLICATION SUBGHZ_PINGPONG to SUBGHZ_ADV_APPLICATION is applicable
2025-07-28 18:22:33,195 [INFO] Rule:225 - rule Rename Enabled to IBEACON is applicable
2025-07-28 18:22:33,195 [INFO] Rule:225 - rule GTZC_S instance for project manager is applicable
2025-07-28 18:22:33,195 [INFO] Rule:225 - rule GTZC_S instance for context M33S is applicable
2025-07-28 18:22:33,195 [INFO] Rule:225 - rule GTZC_S instance value for IP GTZC is applicable
2025-07-28 18:22:33,195 [INFO] Rule:225 - rule GTZC_S instance for mcu.IP is applicable
2025-07-28 18:22:33,195 [INFO] Rule:225 - rule GTZC_S instance for VP is applicable
2025-07-28 18:22:33,195 [INFO] Rule:225 - rule GTZC_S instance for signal is applicable
2025-07-28 18:22:33,195 [INFO] Rule:225 - rule GTZC_S instance for mcu.Pin is applicable
2025-07-28 18:22:33,196 [INFO] Rule:225 - rule GTZC_S instance for VP is applicable
2025-07-28 18:22:33,196 [INFO] Rule:225 - rule GTZC_S instance for signal is applicable
2025-07-28 18:22:33,196 [INFO] Rule:225 - rule GTZC_S instance for mcu is applicable
2025-07-28 18:22:33,196 [INFO] Rule:225 - rule GTZC_S instance for mcu.Pin is applicable
2025-07-28 18:22:33,196 [INFO] Rule:225 - rule GTZC_S instance value for IP GTZC is applicable
2025-07-28 18:22:33,196 [INFO] Rule:225 - rule GTZC_S instance for project manager is applicable
2025-07-28 18:22:33,196 [INFO] Rule:225 - rule GTZC_S instance for context M33S is applicable
2025-07-28 18:22:33,196 [INFO] Rule:225 - rule GTZC_S instance for VP is applicable
2025-07-28 18:22:33,196 [INFO] Rule:225 - rule GTZC_S instance for signal is applicable
2025-07-28 18:22:33,196 [INFO] Rule:225 - rule SPDIFRX instance for mcu is applicable
2025-07-28 18:22:33,197 [INFO] Rule:225 - rule Rename Tracer Mode is applicable
2025-07-28 18:22:33,197 [INFO] Rule:225 - rule SPDIFRX instance value for IP SPDIFRX is applicable
2025-07-28 18:22:33,197 [INFO] Rule:225 - rule SPDIFRX instance for signal is applicable
2025-07-28 18:22:33,197 [INFO] Rule:225 - rule SPDIFRX instance for project manager is applicable
2025-07-28 18:22:33,197 [INFO] Rule:225 - rule SPDIFRX instance for project manager is applicable
2025-07-28 18:22:33,197 [INFO] Rule:225 - rule ADC Scan  fix with FW F7 is applicable
2025-07-28 18:22:33,197 [INFO] Rule:225 - rule ADC Scan  fix with FW F7 is applicable
2025-07-28 18:22:33,198 [INFO] Rule:225 - rule WakeUp0 Mode is applicable
2025-07-28 18:22:33,198 [INFO] Rule:225 - rule WakeUp0 SIGNAL is applicable
2025-07-28 18:22:33,198 [INFO] Rule:225 - rule WakeUp1 Mode is applicable
2025-07-28 18:22:33,198 [INFO] Rule:225 - rule WakeUp1 SIGNAL is applicable
2025-07-28 18:22:33,198 [INFO] Rule:225 - rule WakeUp2 Mode is applicable
2025-07-28 18:22:33,198 [INFO] Rule:225 - rule WakeUp2 SIGNAL is applicable
2025-07-28 18:22:33,198 [INFO] Rule:225 - rule WakeUp4 Mode is applicable
2025-07-28 18:22:33,198 [INFO] Rule:225 - rule WakeUp4 SIGNAL is applicable
2025-07-28 18:22:33,198 [INFO] Rule:225 - rule WakeUp5 Mode is applicable
2025-07-28 18:22:33,199 [INFO] Rule:225 - rule WakeUp5 SIGNAL is applicable
2025-07-28 18:22:33,199 [INFO] Rule:225 - rule Add RTC Activate Clock Source is applicable
2025-07-28 18:22:33,199 [INFO] Rule:225 - rule Add RTC Activate Calendar 1 is applicable
2025-07-28 18:22:33,199 [INFO] Rule:225 - rule Add RTC Activate Calendar 2 is applicable
2025-07-28 18:22:33,199 [INFO] Rule:225 - rule Add RTC Activate Calendar 3 is applicable
2025-07-28 18:22:33,199 [INFO] Rule:225 - rule UART/USART TX Mode is applicable
2025-07-28 18:22:33,199 [INFO] Rule:225 - rule UART/USART RX Mode is applicable
2025-07-28 18:22:33,199 [INFO] Rule:225 - rule UART/USART RX TX Mode is applicable
2025-07-28 18:22:33,199 [INFO] Rule:225 - rule UART/USART PARITY NONE is applicable
2025-07-28 18:22:33,199 [INFO] Rule:225 - rule UART/USART PARITY EVEN is applicable
2025-07-28 18:22:33,200 [INFO] Rule:225 - rule UART/USART PARITY ODD is applicable
2025-07-28 18:22:33,200 [INFO] Rule:225 - rule USART StopBits 1 is applicable
2025-07-28 18:22:33,200 [INFO] Rule:225 - rule USART StopBits 2 is applicable
2025-07-28 18:22:33,200 [INFO] Rule:225 - rule USART StopBits 1.5 is applicable
2025-07-28 18:22:33,200 [INFO] Rule:225 - rule USART StopBits 0.5 is applicable
2025-07-28 18:22:33,200 [INFO] Rule:225 - rule UART/USART WORD LENGTH 7 is applicable
2025-07-28 18:22:33,200 [INFO] Rule:225 - rule UART/USART WORD LENGTH 8 is applicable
2025-07-28 18:22:33,200 [INFO] Rule:225 - rule UART/USART WORD LENGTH 9 is applicable
2025-07-28 18:22:33,200 [INFO] Rule:225 - rule Rename FMC NAND NCE signal is applicable
2025-07-28 18:22:33,200 [INFO] Rule:225 - rule Rename FMC NAND INT signal is applicable
2025-07-28 18:22:33,201 [INFO] Rule:225 - rule Change Default Value for LSE Drive Capability for WB family is applicable
2025-07-28 18:22:33,201 [INFO] Rule:225 - rule Change Default Value for ADC Clock Prescaler G0 family is applicable
2025-07-28 18:22:33,201 [INFO] Rule:225 - rule Change Default Value for ADC ExternalTrigConv L4 family is applicable
2025-07-28 18:22:33,201 [INFO] Rule:225 - rule Change Default Value for ADC ExternalTrigInjecConv L4 family is applicable
2025-07-28 18:22:33,201 [INFO] Rule:225 - rule Change Default Value for ADC ExternalTrigConv F3 family is applicable
2025-07-28 18:22:33,201 [INFO] Rule:225 - rule Change Default Value for ADC ExternalTrigInjecConv F3 family is applicable
2025-07-28 18:22:33,201 [INFO] Rule:225 - rule Change Default Value for ADC ExternalTrigConv Goldfish serie is applicable
2025-07-28 18:22:33,201 [INFO] Rule:225 - rule Change Default Value for ADC ExternalTrigInjecConv Goldfish serie is applicable
2025-07-28 18:22:33,202 [INFO] Rule:225 - rule Change Default Value for ADC ExternalTrigConv L0 family is applicable
2025-07-28 18:22:33,202 [INFO] Rule:225 - rule Change Default Value for ADC ExternalTrigConv F0 family is applicable
2025-07-28 18:22:33,202 [INFO] Rule:225 - rule Change Default Value for ADC ExternalTrigConvn L1 family is applicable
2025-07-28 18:22:33,202 [INFO] Rule:225 - rule Change Default Value for ADC ExternalTrigInjecConv L1 family is applicable
2025-07-28 18:22:33,202 [INFO] Rule:225 - rule Change Default Value for ADC ExternalTrigConv F1 family is applicable
2025-07-28 18:22:33,202 [INFO] Rule:225 - rule Change Default Value for ADC ExternalTrigInjecConv F1 family is applicable
2025-07-28 18:22:33,202 [INFO] Rule:225 - rule Change Default Value for ADC ExternalTrigConv F7 family is applicable
2025-07-28 18:22:33,202 [INFO] Rule:225 - rule Change Default Value for ADC ExternalTrigInjecConv F7 family is applicable
2025-07-28 18:22:33,203 [INFO] Rule:225 - rule Change Default Value for ADC ExternalTrigConv F4 and F2 family is applicable
2025-07-28 18:22:33,203 [INFO] Rule:225 - rule Change Default Value for ADC ExternalTrigInjecConv F4 and F2 family is applicable
2025-07-28 18:22:33,203 [INFO] Rule:225 - rule ADC SamplingTime fix with FW L0  is applicable
2025-07-28 18:22:33,203 [INFO] Rule:225 - rule ADC SamplingTime fix with FW L0  is applicable
2025-07-28 18:22:33,203 [INFO] Rule:225 - rule ADC SamplingTime fix with FW L0 is applicable
2025-07-28 18:22:33,203 [INFO] Rule:225 - rule ADC SamplingTime fix with FW L0 is applicable
2025-07-28 18:22:33,203 [INFO] Rule:225 - rule ADC SamplingTime fix with FW L0  is applicable
2025-07-28 18:22:33,203 [INFO] Rule:225 - rule ADC SamplingTime fix with FW L0 is applicable
2025-07-28 18:22:33,203 [INFO] Rule:225 - rule Rename USB_OE Signal is applicable
2025-07-28 18:22:33,203 [INFO] Rule:225 - rule Rename Activate_OE Mode is applicable
2025-07-28 18:22:33,204 [INFO] Rule:225 - rule Rename DIE462/DIE415 pin PC14/OSC32_IN -> PC14-OSC32_IN (PC14) is applicable
2025-07-28 18:22:33,204 [INFO] Rule:225 - rule Rename DIE462/DIE415 pin PC15/OSC32_OUT -> PC15-OSC32_OUT (PC15) is applicable
2025-07-28 18:22:33,204 [INFO] Rule:225 - rule Rename DIE462/DIE415 pin PH0/OSC_IN -> PH0-OSC_IN (PH0) is applicable
2025-07-28 18:22:33,204 [INFO] Rule:225 - rule Rename DIE462/DIE415 pin PH1/OSC_OUT -> PH1-OSC_OUT (PH1) is applicable
2025-07-28 18:22:33,204 [INFO] Rule:225 - rule Rename DIE462 pin PA13 -> PA13 (JTMS/SWDIO) is applicable
2025-07-28 18:22:33,204 [INFO] Rule:225 - rule Rename DIE415 pin PA13 -> PA13 (JTMS/SWDIO) is applicable
2025-07-28 18:22:33,204 [INFO] Rule:225 - rule Rename DIE462 pin PA14 -> PA14 (JTCK/SWCLK) is applicable
2025-07-28 18:22:33,204 [INFO] Rule:225 - rule Rename DIE415 pin PA14 -> PA14 (JTCK/SWCLK) is applicable
2025-07-28 18:22:33,204 [INFO] Rule:225 - rule Rename DIE462/DIE415 pin PA15 -> PA15 (JTDI) is applicable
2025-07-28 18:22:33,204 [INFO] Rule:225 - rule Rename DIE462 pin PB3 -> PB3 (JTD0/TRACESWO) is applicable
2025-07-28 18:22:33,205 [INFO] Rule:225 - rule Rename DIE415 pin PB3 -> PB3 (JTD0-TRACESWO) is applicable
2025-07-28 18:22:33,205 [INFO] Rule:225 - rule Rename DIE462/DIE415 pin PB4 -> PB4 (NJTRST) is applicable
2025-07-28 18:22:33,205 [INFO] Rule:225 - rule Rename DIE462 pin PH3/BOOT0 -> PH3-BOOT0 (BOOT0) is applicable
2025-07-28 18:22:33,205 [INFO] Rule:225 - rule Rename CRYP DataEncryptionTypesList to Algorithm is applicable
2025-07-28 18:22:33,205 [INFO] Rule:225 - rule Rename AES DataEncryptionTypesList to Algorithm is applicable
2025-07-28 18:22:33,205 [INFO] Rule:225 - rule Rename TDESECB to CRYP_TDES_ECB is applicable
2025-07-28 18:22:33,205 [INFO] Rule:225 - rule Rename TDESCBC to CRYP_TDES_CBC is applicable
2025-07-28 18:22:33,205 [INFO] Rule:225 - rule Rename DESECB to CRYP_DES_ECB is applicable
2025-07-28 18:22:33,205 [INFO] Rule:225 - rule Rename DESCBC to CRYP_DES_CBC is applicable
2025-07-28 18:22:33,205 [INFO] Rule:225 - rule Rename AESECB to CRYP_AES_ECB is applicable
2025-07-28 18:22:33,205 [INFO] Rule:225 - rule Rename AESCBC to CRYP_AES_CBC is applicable
2025-07-28 18:22:33,206 [INFO] Rule:225 - rule Rename AESCTR to CRYP_AES_CTR is applicable
2025-07-28 18:22:33,206 [INFO] Rule:225 - rule Rename AESGCM to CRYP_AES_GCM is applicable
2025-07-28 18:22:33,206 [INFO] Rule:225 - rule Rename AESCCM to CRYP_AES_CCM is applicable
2025-07-28 18:22:33,206 [INFO] Rule:225 - rule Rename CAN TimeSeg1 to BS1 is applicable
2025-07-28 18:22:33,206 [INFO] Rule:225 - rule Rename CAN TimeSeg2 to BS2 is applicable
2025-07-28 18:22:33,206 [INFO] Rule:225 - rule Rename CAN SyncJumpWidth to SJW is applicable
2025-07-28 18:22:33,206 [INFO] Rule:225 - rule TimeTriggeredMode to TTCM is applicable
2025-07-28 18:22:33,206 [INFO] Rule:225 - rule Rename CAN AutoBusOff to ABOM is applicable
2025-07-28 18:22:33,206 [INFO] Rule:225 - rule Rename CAN AutoWakeUp to AWUM is applicable
2025-07-28 18:22:33,206 [INFO] Rule:225 - rule Rename CAN AutoRetransmission to NART is applicable
2025-07-28 18:22:33,207 [INFO] Rule:225 - rule Rename CAN ReceiveFifoLocked to RFLM is applicable
2025-07-28 18:22:33,207 [INFO] Rule:225 - rule Rename CAN TransmitFifoPriority to TXFP is applicable
2025-07-28 18:22:33,207 [INFO] Rule:225 - rule Rename HRTIMER HRTIM_OUTPUTFAULTLEVEL_HIGH in HRTIMER HRTIM_OUTPUTFAULTLEVEL_HIGHZ is applicable
2025-07-28 18:22:33,207 [INFO] Rule:225 - rule Rename TIMER TIM_CLEARINPUTSOURCE_OCREFCLR in  TIMER TIM_CLEARINPUTSOURCE_NONE for F7 family is applicable
2025-07-28 18:22:33,207 [INFO] Rule:225 - rule FDCAN_R1 - Rename FDCAN mode Master into Classic is applicable
2025-07-28 18:22:33,207 [INFO] Rule:225 - rule FDCAN_R2 - Rename FDCAN mode Slave into Classic is applicable
2025-07-28 18:22:33,207 [INFO] Rule:225 - rule FDCAN1_R3 - if PA10.Mode=FullDuplex, add Pin PA12 is applicable
2025-07-28 18:22:33,207 [INFO] Rule:225 - rule FDCAN1_R3 - if PA9.Mode=FullDuplex, add Pin PA11 is applicable
2025-07-28 18:22:33,207 [INFO] Rule:225 - rule FDCAN1_R3 - Alternatepin_1 - if PE1.Mode=FullDuplex, add Pin PB9 is applicable
2025-07-28 18:22:33,207 [INFO] Rule:225 - rule FDCAN1_R3 - Alternatepin_1 - if PE0.Mode=FullDuplex, add Pin PB8 is applicable
2025-07-28 18:22:33,208 [INFO] Rule:225 - rule FDCAN1_R3 - Alternatepin_2 - if PD5.Mode=FullDuplex, add Pin PD1 is applicable
2025-07-28 18:22:33,208 [INFO] Rule:225 - rule FDCAN1_R3 - Alternatepin_2 - if PD4.Mode=FullDuplex, add Pin PD0 is applicable
2025-07-28 18:22:33,208 [INFO] Rule:225 - rule FDCAN1_R4 - Rename Mode FullDuplex into Enable FDCAN_TXFD for pin PA10 is applicable
2025-07-28 18:22:33,208 [INFO] Rule:225 - rule FDCAN1_R4 - Rename Mode FullDuplex into Enable FDCAN_TXFD for pin PA9 is applicable
2025-07-28 18:22:33,208 [INFO] Rule:225 - rule FDCAN1_R4 - Alternatepin_1 - Rename Mode FullDuplex into Enable FDCAN_TXFD for pin PE1 is applicable
2025-07-28 18:22:33,208 [INFO] Rule:225 - rule FDCAN1_R4 - Alternatepin_1 - Rename Mode FullDuplex into Enable FDCAN_TXFD for pin PE0 is applicable
2025-07-28 18:22:33,208 [INFO] Rule:225 - rule FDCAN1_R4 - Alternatepin_2 - Rename Mode FullDuplex into Enable FDCAN_TXFD for pin PD5 is applicable
2025-07-28 18:22:33,208 [INFO] Rule:225 - rule FDCAN1_R4 - Alternatepin_2 - Rename Mode FullDuplex into Enable FDCAN_TXFD for pin PD4 is applicable
2025-07-28 18:22:33,209 [INFO] Rule:225 - rule FDCAN2_R3 - if PD10.Mode=FullDuplex, add Pin PB13 is applicable
2025-07-28 18:22:33,209 [INFO] Rule:225 - rule FDCAN2_R3 - if PD9.Mode=FullDuplex, add Pin PB12 is applicable
2025-07-28 18:22:33,209 [INFO] Rule:225 - rule FDCAN2_R3 - Alternatepin_1 - if PB7.Mode=FullDuplex, add Pin PB6 is applicable
2025-07-28 18:22:33,209 [INFO] Rule:225 - rule FDCAN2_R3 - Alternatepin_1 - if PD9.Mode=FullDuplex, add Pin PB12 is applicable
2025-07-28 18:22:33,209 [INFO] Rule:225 - rule FDCAN2_R4 - Rename Mode FullDuplex into Enable FDCAN_TXFD for pin PD10 is applicable
2025-07-28 18:22:33,209 [INFO] Rule:225 - rule FDCAN2_R4 - Rename Mode FullDuplex into Enable FDCAN_TXFD for pin PD9 is applicable
2025-07-28 18:22:33,209 [INFO] Rule:225 - rule FDCAN2_R4 - Alternatepin_1 - Rename Mode FullDuplex into Enable FDCAN_TXFD for pin PB7 is applicable
2025-07-28 18:22:33,209 [INFO] Rule:225 - rule FDCAN2_R4 - Alternatepin_1 - Rename Mode FullDuplex into Enable FDCAN_TXFD for pin PD6 is applicable
2025-07-28 18:22:33,210 [INFO] Rule:225 - rule USART TxPinLevelInvertParam Mode is applicable
2025-07-28 18:22:33,210 [INFO] Rule:225 - rule USART RxPinLevelInvertParam Mode is applicable
2025-07-28 18:22:33,210 [INFO] Rule:225 - rule USART DataInvertParam Mode is applicable
2025-07-28 18:22:33,210 [INFO] Rule:225 - rule USART SwapParam Mode is applicable
2025-07-28 18:22:33,210 [INFO] Rule:225 - rule USART OverrunDisableParam Mode is applicable
2025-07-28 18:22:33,210 [INFO] Rule:225 - rule USART DMADisableonRxErrorParam Mode is applicable
2025-07-28 18:22:33,210 [INFO] Rule:225 - rule USART MSBFirstParam Mode is applicable
2025-07-28 18:22:33,211 [INFO] Rule:225 - rule Update MwName for USB_DEVICE is applicable
2025-07-28 18:22:33,211 [INFO] Rule:225 - rule Change PWR_Regulator_Voltage_Scale Default Value for RCC  H7 family is applicable
2025-07-28 18:22:33,211 [INFO] Rule:225 - rule UART/USART IPParameter rename Prescaler parameter to ClockPrescaler is applicable
2025-07-28 18:22:33,211 [INFO] Rule:225 - rule UART/USART Prescaler rename Prescaler parameter to ClockPrescaler is applicable
2025-07-28 18:22:33,211 [INFO] Rule:225 - rule TIM1CLockSelection is applicable
2025-07-28 18:22:33,211 [INFO] Rule:225 - rule TIM15CLockSelection is applicable
2025-07-28 18:22:33,211 [INFO] Rule:225 - rule align RCC SDMMC3CLockSelection default value on MP1 is applicable
2025-07-28 18:22:33,211 [INFO] Rule:225 - rule align RCC SDMMC12CLockSelection default value on MP1 is applicable
2025-07-28 18:22:33,211 [INFO] Rule:225 - rule align RCC QSPICLockSelection default value on MP1 is applicable
2025-07-28 18:22:33,212 [INFO] Rule:225 - rule align RCC QSPICLockSelection default value on MP1 is applicable
2025-07-28 18:22:33,212 [INFO] Rule:225 - rule align RCC SPI6CLockSelection default value on MP1 is applicable
2025-07-28 18:22:33,212 [INFO] Rule:225 - rule align RCC LPTIM23CLockSelection default value on MP1 is applicable
2025-07-28 18:22:33,212 [INFO] Rule:225 - rule align RCC LPTIM1CLockSelection default value on MP1 is applicable
2025-07-28 18:22:33,212 [INFO] Rule:225 - rule align RCC USART1CLockSelection default value on MP1 is applicable
2025-07-28 18:22:33,212 [INFO] Rule:225 - rule align RCC USART24CLockSelection default value on MP1 is applicable
2025-07-28 18:22:33,212 [INFO] Rule:225 - rule align RCC USART6CLockSelection default value on MP1 is applicable
2025-07-28 18:22:33,212 [INFO] Rule:225 - rule align RCC UART78CLockSelection default value on MP1 is applicable
2025-07-28 18:22:33,212 [INFO] Rule:225 - rule align RCC USART35CLockSelection default value on MP1 is applicable
2025-07-28 18:22:33,213 [INFO] Rule:225 - rule align RCC SPI45CLockSelection default value on MP1 is applicable
2025-07-28 18:22:33,213 [INFO] Rule:225 - rule align RCC I2C46CLockSelection BCLK value on MP1 is applicable
2025-07-28 18:22:33,213 [INFO] Rule:225 - rule align RCC SPI45CLockSelection default value on MP1 is applicable
2025-07-28 18:22:33,213 [INFO] Rule:225 - rule align RCC I2C12CLockSelection default value on MP1 is applicable
2025-07-28 18:22:33,213 [INFO] Rule:225 - rule align RCC I2C35CLockSelection default value on MP1 is applicable
2025-07-28 18:22:33,213 [INFO] Rule:225 - rule align RCC LPTIM45CLockSelection default value on MP1 is applicable
2025-07-28 18:22:33,213 [INFO] Rule:225 - rule Rename DCMI PIXCK signal is applicable
2025-07-28 18:22:33,213 [INFO] Rule:225 - rule Change Default Value for I2C46CLockSelection MP1 family is applicable
2025-07-28 18:22:33,213 [INFO] Rule:225 - rule Change Default Value for UART for G4, G0 and WB families is applicable
2025-07-28 18:22:33,213 [INFO] Rule:225 - rule Change Default Value for USART for G4, G0 and WB families is applicable
2025-07-28 18:22:33,214 [INFO] Rule:225 - rule Change Default Value for USART for G4 family is applicable
2025-07-28 18:22:33,214 [INFO] Rule:225 - rule Change USART1CLockSelection refparam name for MP1 is applicable
2025-07-28 18:22:33,214 [INFO] Rule:225 - rule Change USART2CLockSelection refparam name for MP1 is applicable
2025-07-28 18:22:33,214 [INFO] Rule:225 - rule Change USART3CLockSelection refparam name for MP1 is applicable
2025-07-28 18:22:33,214 [INFO] Rule:225 - rule Change UART4CLockSelection refparam name for MP1 is applicable
2025-07-28 18:22:33,214 [INFO] Rule:225 - rule Change UART5CLockSelection refparam name for MP1 is applicable
2025-07-28 18:22:33,214 [INFO] Rule:225 - rule Change LPUART1CLockSelection refparam name for MP1 is applicable
2025-07-28 18:22:33,214 [INFO] Rule:225 - rule Change LPTIM1CLockSelection refparam name for MP1 is applicable
2025-07-28 18:22:33,214 [INFO] Rule:225 - rule Change LPTIM2CLockSelection refparam name for MP1 is applicable
2025-07-28 18:22:33,214 [INFO] Rule:225 - rule Change RCC_MCO1Source refparam name for MP1 is applicable
2025-07-28 18:22:33,215 [INFO] Rule:225 - rule Change LSCOSource1 refparam name for MP1 is applicable
2025-07-28 18:22:33,215 [INFO] Rule:225 - rule Change SMPSCLockSelection refparam name for MP1 is applicable
2025-07-28 18:22:33,215 [INFO] Rule:225 - rule Change LPTIM3CLockSelection refparam name for MP1 is applicable
2025-07-28 18:22:33,215 [INFO] Rule:225 - rule Change MPCBB* Default Template Mode to Parameters is applicable
2025-07-28 18:22:33,215 [INFO] Rule:225 - rule Change MPCWM* or MPCBB* Secure Mode to Parameters is applicable
2025-07-28 18:22:33,215 [INFO] Rule:225 - rule Change MPCWM* or MPCBB* No Secure Mode to Parameters is applicable
2025-07-28 18:22:33,215 [INFO] Rule:225 - rule Change TZSC IP Secure Mode to Parameters is applicable
2025-07-28 18:22:33,215 [INFO] Rule:225 - rule Change TZSC IP No Secure Mode to Parameters is applicable
2025-07-28 18:22:33,215 [INFO] Rule:225 - rule Change TZSC IP Privilege Mode to Parameters is applicable
2025-07-28 18:22:33,215 [INFO] Rule:225 - rule Change TZSC IP No Privilege Mode to Parameters is applicable
2025-07-28 18:22:33,216 [INFO] Rule:225 - rule Change TZIC IT Secure Mode to Parameters is applicable
2025-07-28 18:22:33,216 [INFO] Rule:225 - rule Change TZIC IT No Secure Mode to Parameters is applicable
2025-07-28 18:22:33,216 [INFO] Rule:225 - rule Add MPCBB1_NonSecureArea_Start_Address value with referenced to MPCBB1_NonSecureArea_Start value is applicable
2025-07-28 18:22:33,216 [INFO] Rule:225 - rule Add MPCBB2_NonSecureArea_Start_Address value with referenced to MPCBB2_NonSecureArea_Start value is applicable
2025-07-28 18:22:33,217 [INFO] Rule:225 - rule Add MPCWM1_NonSecureArea*_Start_Address value with referenced to MPCWM1_NonSecureArea*_Start value is applicable
2025-07-28 18:22:33,217 [INFO] Rule:225 - rule Add MPCWM2_NonSecureArea*_Start_Address value with referenced to MPCWM2_NonSecureArea*_Start value is applicable
2025-07-28 18:22:33,217 [INFO] Rule:225 - rule Add MPCWM3_NonSecureArea_Start_Address value with referenced to MPCWM3_NonSecureArea_Start value is applicable
2025-07-28 18:22:33,217 [INFO] Rule:225 - rule Change Default Value for PLL1UserDefinedConfig is applicable
2025-07-28 18:22:33,217 [INFO] Rule:225 - rule Change GPIO_PuPd Default Value for USART in async mode is applicable
2025-07-28 18:22:33,217 [INFO] Rule:225 - rule Change SMPSDivider Default Value is applicable
2025-07-28 18:22:33,217 [INFO] Rule:225 - rule OPAMP is applicable
2025-07-28 18:22:33,217 [INFO] Rule:225 - rule LPUART IPParameter rename Prescaler parameter to ClockPrescaler for STM32H7 is applicable
2025-07-28 18:22:33,217 [INFO] Rule:225 - rule LPUART IPParameter rename Prescaler parameter to ClockPrescaler for STM32H7 is applicable
2025-07-28 18:22:33,218 [INFO] Rule:225 - rule LPUART IPParameter rename Prescaler parameter to ClockPrescaler for STM32WB is applicable
2025-07-28 18:22:33,218 [INFO] Rule:225 - rule LPUART IPParameter rename Prescaler parameter to ClockPrescaler for STM32WB is applicable
2025-07-28 18:22:33,218 [INFO] Rule:225 - rule LPUART IPParameter rename Prescaler parameter to ClockPrescaler for STM32G4 is applicable
2025-07-28 18:22:33,218 [INFO] Rule:225 - rule LPUART IPParameter rename Prescaler parameter to ClockPrescaler for STM32G4 is applicable
2025-07-28 18:22:33,218 [INFO] Rule:225 - rule LPUART IPParameter rename Prescaler parameter to ClockPrescaler for STM32L5 is applicable
2025-07-28 18:22:33,218 [INFO] Rule:225 - rule LPUART IPParameter rename Prescaler parameter to ClockPrescaler for STM32L5 is applicable
2025-07-28 18:22:33,218 [INFO] Rule:225 - rule LPUART IPParameter rename Prescaler parameter to ClockPrescaler for STM32G4 is applicable
2025-07-28 18:22:33,218 [INFO] Rule:225 - rule LPUART IPParameter rename Prescaler parameter to ClockPrescaler for STM32G4 is applicable
2025-07-28 18:22:33,219 [INFO] Rule:225 - rule USB device lib V2.5.3 for L0 rename USBD_SUPPORT_USER_STRING parameter to USBD_SUPPORT_USER_STRING_DESC4 is applicable
2025-07-28 18:22:33,219 [INFO] Rule:225 - rule I2SCLockSelection clock entry align is applicable
2025-07-28 18:22:33,219 [INFO] Rule:225 - rule Assign TIMx context if used as SYS timebase is applicable
2025-07-28 18:22:33,219 [INFO] Rule:225 - rule Change GPIO_Pu Default Value for I2C is applicable
2025-07-28 18:22:33,219 [INFO] Rule:225 - rule Change GPIO_Pu Default Value for SMBus is applicable
2025-07-28 18:22:33,219 [INFO] Rule:225 - rule change FDCAN default value is applicable
2025-07-28 18:22:33,219 [INFO] Rule:225 - rule Change mode sai is applicable
2025-07-28 18:22:33,219 [INFO] Rule:225 - rule **Change sai mode is applicable
2025-07-28 18:22:33,219 [INFO] Rule:225 - rule Rename STM32WPAN CFG_BLE_IRK to CFG_BLE_IR is applicable
2025-07-28 18:22:33,220 [INFO] Rule:225 - rule Rename STM32WPAN CFG_BLE_ERK to CFG_BLE_ER is applicable
2025-07-28 18:22:33,220 [INFO] Rule:225 - rule Rename STM32WPAN CFG_BLE_IRK_HEX to CFG_BLE_IR_HEX is applicable
2025-07-28 18:22:33,220 [INFO] Rule:225 - rule Rename STM32WPAN CFG_BLE_ERK_HEX to CFG_BLE_ER_HEX is applicable
2025-07-28 18:22:33,220 [INFO] Rule:225 - rule Adapt Old IOC before rework replace old CORTEX_M33/CORTEX_M55 attributes by the new one. is applicable
2025-07-28 18:22:33,220 [INFO] Rule:225 - rule Rename parametre of RCC RCC_APBDBG_DIV2 to RCC_TIMPRES_DIV2 is applicable
2025-07-28 18:22:33,220 [INFO] Rule:225 - rule Rename DIE493 pin PA10 [PA12] -> PA10 is applicable
2025-07-28 18:22:33,220 [INFO] Rule:225 - rule Rename DIE493 pin PA9 [PA11] -> PA9 is applicable
2025-07-28 18:22:33,220 [INFO] Rule:225 - rule Adapt Old IOC CSI. is applicable
2025-07-28 18:22:33,256 [INFO] DbConfProperties:307 - Apply Compatibility (49/267 Rules)
2025-07-28 18:22:33,303 [INFO] ImportTextPane:218 - (OptionalMessage_ERROR) Unable to find key (Mcu.ThirdPartyNb) in loaded IOC file
2025-07-28 18:22:33,308 [INFO] ImportTextPane:218 - (OptionalMessage_ERROR) Pin12 (VP_RIF_VS_RIF1) cannot be retrieved for this MCU
2025-07-28 18:22:33,478 [WARN] ModelIntegratedComponent:63 - No mode defined for component null
2025-07-28 18:22:33,479 [WARN] ModelIntegratedComponent:63 - No mode defined for component null
2025-07-28 18:22:33,479 [WARN] ModelIntegratedComponent:63 - No mode defined for component null
2025-07-28 18:22:33,479 [WARN] ModelIntegratedComponent:63 - No mode defined for component null
2025-07-28 18:22:33,479 [WARN] ModelIntegratedComponent:63 - No mode defined for component null
2025-07-28 18:22:33,479 [WARN] ModelIntegratedComponent:63 - No mode defined for component null
2025-07-28 18:22:33,479 [WARN] ModelIntegratedComponent:63 - No mode defined for component null
2025-07-28 18:22:33,480 [WARN] ModelIntegratedComponent:63 - No mode defined for component null
2025-07-28 18:22:33,480 [WARN] ModelIntegratedComponent:63 - No mode defined for component null
2025-07-28 18:22:33,480 [WARN] ModelIntegratedComponent:63 - No mode defined for component null
2025-07-28 18:22:33,480 [WARN] ModelIntegratedComponent:63 - No mode defined for component null
2025-07-28 18:22:33,480 [WARN] ModelIntegratedComponent:63 - No mode defined for component null
2025-07-28 18:22:33,480 [WARN] ModelIntegratedComponent:63 - No mode defined for component null
2025-07-28 18:22:33,480 [WARN] ModelIntegratedComponent:63 - No mode defined for component null
2025-07-28 18:22:33,480 [WARN] ModelIntegratedComponent:63 - No mode defined for component null
2025-07-28 18:22:33,480 [WARN] ModelIntegratedComponent:63 - No mode defined for component null
2025-07-28 18:22:33,481 [WARN] ModelIntegratedComponent:63 - No mode defined for component null
2025-07-28 18:22:33,481 [WARN] ModelIntegratedComponent:63 - No mode defined for component null
2025-07-28 18:22:33,481 [WARN] ModelIntegratedComponent:63 - No mode defined for component null
2025-07-28 18:22:33,481 [WARN] ModelIntegratedComponent:63 - No mode defined for component null
2025-07-28 18:22:33,481 [WARN] ModelIntegratedComponent:63 - No mode defined for component null
2025-07-28 18:22:33,481 [WARN] ModelIntegratedComponent:63 - No mode defined for component null
2025-07-28 18:22:33,481 [WARN] ModelIntegratedComponent:63 - No mode defined for component null
2025-07-28 18:22:33,481 [WARN] ModelIntegratedComponent:63 - No mode defined for component null
2025-07-28 18:22:33,482 [WARN] ModelIntegratedComponent:63 - No mode defined for component null
2025-07-28 18:22:33,482 [WARN] ModelIntegratedComponent:63 - No mode defined for component null
2025-07-28 18:22:33,482 [WARN] ModelIntegratedComponent:63 - No mode defined for component null
2025-07-28 18:22:33,482 [WARN] ModelIntegratedComponent:63 - No mode defined for component null
2025-07-28 18:22:33,482 [WARN] ModelIntegratedComponent:63 - No mode defined for component null
2025-07-28 18:22:33,482 [WARN] ModelIntegratedComponent:63 - No mode defined for component null
2025-07-28 18:22:33,482 [WARN] ModelIntegratedComponent:63 - No mode defined for component null
2025-07-28 18:22:33,482 [WARN] ModelIntegratedComponent:63 - No mode defined for component null
2025-07-28 18:22:33,483 [WARN] ModelIntegratedComponent:63 - No mode defined for component null
2025-07-28 18:22:33,483 [WARN] ModelIntegratedComponent:63 - No mode defined for component null
2025-07-28 18:22:33,483 [WARN] ModelIntegratedComponent:63 - No mode defined for component null
2025-07-28 18:22:33,483 [WARN] ModelPack:524 - Component already loaded: STMicroelectronics:HAL Drivers:0.0.0:STMicroelectronics:Device:STMicro_Driver:XSPI:HAL::0.0.1:HAL_XSPI
2025-07-28 18:22:33,494 [INFO] RtosManager:558 - Registered RTOS mode: class=CMSIS, group=RTOS, mode=CMSIS_V1, owner=FREERTOS
2025-07-28 18:22:33,494 [INFO] RtosManager:558 - Registered RTOS mode: class=CMSIS, group=RTOS2, mode=CMSIS_V2, owner=FREERTOS
2025-07-28 18:22:33,494 [INFO] RtosManager:558 - Registered RTOS mode: class=RTOS, group=Core, mode=CMSIS_V1, owner=FREERTOS
2025-07-28 18:22:33,495 [INFO] RtosManager:558 - Registered RTOS mode: class=RTOS, group=Core, mode=CMSIS_V2, owner=FREERTOS
2025-07-28 18:22:33,495 [WARN] ModelIntegratedComponent:184 - Missing modes for component STMicroelectronics:FreeRTOS:0.0.1:STMicroelectronics:RTOS:FreeRTOS:Core:::10.2.0:
2025-07-28 18:22:33,509 [INFO] ThirdPartyModel:298 - Start build external matchings
2025-07-28 18:22:33,549 [INFO] ThirdPartyModel:316 - End build external matchings
2025-07-28 18:22:33,556 [INFO] ImportTextPane:218 - (OptionalMessage_ERROR) IP (RCC) : Invalid parameter (48MHZClocksFreq_Value)
2025-07-28 18:22:33,556 [INFO] ImportTextPane:218 - (OptionalMessage_ERROR) IP (RCC) : Invalid parameter (EthernetFreq_Value)
2025-07-28 18:22:33,560 [INFO] ImportTextPane:218 - (OptionalMessage_ERROR) IP (RCC) : Parameter (FLatency) has Id (AdvancedSettings) currently not set
2025-07-28 18:22:33,560 [INFO] ImportTextPane:218 - (OptionalMessage_ERROR) IP (RCC) : Invalid parameter (FamilyName)
2025-07-28 18:22:33,561 [INFO] ImportTextPane:218 - (OptionalMessage_ERROR) IP (RCC) : Invalid parameter (I2SClocksFreq_Value)
2025-07-28 18:22:33,563 [INFO] ImportTextPane:218 - (OptionalMessage_ERROR) IP (RCC) : Parameter (SDIOFreq_Value) has invalid value (168000000)
2025-07-28 18:22:33,564 [INFO] ImportTextPane:218 - (OptionalMessage_ERROR) IP (RCC) : Parameter (USBFreq_Value) has invalid value (168000000)
2025-07-28 18:22:33,565 [INFO] ImportTextPane:218 - (OptionalMessage_ERROR) IP (RCC) : Invalid parameter (VCOInputMFreq_Value)
2025-07-28 18:22:33,566 [INFO] ImportTextPane:218 - (OptionalMessage_ERROR) IP (RCC) : Invalid parameter (VcooutputI2S)
2025-07-28 18:22:34,141 [INFO] UtilMem:75 - End LoadConfig() Used Memory: 755124720 Bytes (1073741824)
2025-07-28 18:22:34,174 [WARN] ThirdParty:833 - waiting for thirdparty lock release [change project]
2025-07-28 18:22:34,178 [INFO] ThirdParty:835 - entering critical section [change project]
2025-07-28 18:22:34,178 [INFO] ThirdParty:1030 - CMSIS Pack Vendor :STMicroelectronics USBPD 4.1
2025-07-28 18:22:34,179 [INFO] ThirdParty:1030 - CMSIS Pack Vendor :STMicroelectronics X-CUBE-DISPLAY 3.0.0
2025-07-28 18:22:34,179 [INFO] ThirdParty:1030 - CMSIS Pack Vendor :STMicroelectronics USB_HOST 2.0.0
2025-07-28 18:22:34,181 [INFO] ThirdParty:1030 - CMSIS Pack Vendor :STMicroelectronics FP-SNS-MOTENVWB1 1.4.0
2025-07-28 18:22:34,181 [INFO] ThirdParty:1030 - CMSIS Pack Vendor :STMicroelectronics LIBJPEG 8.0.0
2025-07-28 18:22:34,181 [INFO] ThirdParty:1030 - CMSIS Pack Vendor :STMicroelectronics FP-ATR-SIGFOX1 3.2.0
2025-07-28 18:22:34,181 [INFO] ThirdParty:1030 - CMSIS Pack Vendor :STMicroelectronics USB_DEVICE 3.0.0
2025-07-28 18:22:34,181 [INFO] ThirdParty:1030 - CMSIS Pack Vendor :STMicroelectronics HAL Drivers 0.0.0
2025-07-28 18:22:34,181 [INFO] ThirdParty:1030 - CMSIS Pack Vendor :STMicroelectronics MBEDTLS 2.16.2
2025-07-28 18:22:34,181 [INFO] ThirdParty:1030 - CMSIS Pack Vendor :STMicroelectronics X-CUBE-ALS 1.0.2
2025-07-28 18:22:34,181 [INFO] ThirdParty:1030 - CMSIS Pack Vendor :STMicroelectronics MBEDTLS 2.14.1
2025-07-28 18:22:34,181 [INFO] ThirdParty:1030 - CMSIS Pack Vendor :STMicroelectronics USB_DEVICE 2.0.0
2025-07-28 18:22:34,182 [INFO] ThirdParty:1030 - CMSIS Pack Vendor :STMicroelectronics FP-SNS-STBOX1 2.0.0
2025-07-28 18:22:34,182 [INFO] ThirdParty:1030 - CMSIS Pack Vendor :STMicroelectronics ThreadX 1.0.0
2025-07-28 18:22:34,182 [INFO] ThirdParty:1030 - CMSIS Pack Vendor :STMicroelectronics FP-SNS-SMARTAG2 1.2.0
2025-07-28 18:22:34,182 [INFO] ThirdParty:1030 - CMSIS Pack Vendor :STMicroelectronics FreeRTOS 0.0.1
2025-07-28 18:22:34,182 [INFO] ThirdParty:1030 - CMSIS Pack Vendor :STMicroelectronics FP-SNS-MOTENV1 5.0.0
2025-07-28 18:22:34,182 [INFO] ThirdParty:1030 - CMSIS Pack Vendor :STMicroelectronics USB_DEVICE 1.0.0
2025-07-28 18:22:34,182 [INFO] ThirdParty:1030 - CMSIS Pack Vendor :STMicroelectronics STM32_WPAN 1.0.0
2025-07-28 18:22:34,182 [INFO] ThirdParty:1030 - CMSIS Pack Vendor :STMicroelectronics ThreadX 0.0.2
2025-07-28 18:22:34,182 [INFO] ThirdParty:1030 - CMSIS Pack Vendor :STMicroelectronics lwIP 2.1.2
2025-07-28 18:22:34,182 [INFO] ThirdParty:1030 - CMSIS Pack Vendor :STMicroelectronics lwIP 2.0.3
2025-07-28 18:22:34,182 [INFO] ThirdParty:1030 - CMSIS Pack Vendor :STMicroelectronics X-CUBE-BLE2 3.3.0
2025-07-28 18:22:34,183 [INFO] ThirdParty:1030 - CMSIS Pack Vendor :STMicroelectronics USB_HOST 1.0.0
2025-07-28 18:22:34,183 [INFO] ThirdParty:1030 - CMSIS Pack Vendor :STMicroelectronics PDM2PCM 3.1.0
2025-07-28 18:22:34,186 [INFO] ThirdParty:1030 - CMSIS Pack Vendor :STMicroelectronics PDM2PCM 3.2.0
2025-07-28 18:22:34,186 [INFO] ThirdParty:1030 - CMSIS Pack Vendor :STMicroelectronics PDM2PCM 3.3.0
2025-07-28 18:22:34,187 [INFO] ThirdParty:841 - exiting critical section [change project]
2025-07-28 18:22:35,297 [INFO] PinOutPanel:1589 - setPackage(No Configuration,No Configuration)
2025-07-28 18:22:35,299 [INFO] PinOutPanel:1589 - setPackage(STM32F446RETx,LQFP64)
2025-07-28 18:22:37,192 [INFO] UtilMem:75 - Before build in PCC Used Memory: 883088976 Bytes (1073741824)
2025-07-28 18:22:39,123 [INFO] UtilMem:75 - After build in PCC Used Memory: 825229312 Bytes (1073741824)
2025-07-28 18:22:39,244 [INFO] IPUIPlugin:80 - create IPUIPlugin
2025-07-28 18:22:39,245 [INFO] IPUIPlugin:80 - create IPUIPlugin
2025-07-28 18:22:39,245 [INFO] IPUIPlugin:80 - create IPUIPlugin
2025-07-28 18:22:39,245 [INFO] IPUIPlugin:80 - create IPUIPlugin
2025-07-28 18:22:39,246 [INFO] IPUIPlugin:80 - create IPUIPlugin
2025-07-28 18:22:39,246 [INFO] IPUIPlugin:80 - create IPUIPlugin
2025-07-28 18:22:39,246 [INFO] IPUIPlugin:80 - create IPUIPlugin
2025-07-28 18:22:39,247 [INFO] IPUIPlugin:80 - create IPUIPlugin
2025-07-28 18:22:39,247 [INFO] IPUIPlugin:80 - create IPUIPlugin
2025-07-28 18:22:39,247 [INFO] IPUIPlugin:80 - create IPUIPlugin
2025-07-28 18:22:39,247 [INFO] IPUIPlugin:80 - create IPUIPlugin
2025-07-28 18:22:39,248 [INFO] IPUIPlugin:80 - create IPUIPlugin
2025-07-28 18:22:39,248 [INFO] IPUIPlugin:80 - create IPUIPlugin
2025-07-28 18:22:39,249 [INFO] IPUIPlugin:80 - create IPUIPlugin
2025-07-28 18:22:39,249 [INFO] IPUIPlugin:80 - create IPUIPlugin
2025-07-28 18:22:39,249 [INFO] IPUIPlugin:80 - create IPUIPlugin
2025-07-28 18:22:39,249 [INFO] IPUIPlugin:80 - create IPUIPlugin
2025-07-28 18:22:39,249 [INFO] IPUIPlugin:80 - create IPUIPlugin
2025-07-28 18:22:39,250 [INFO] IPUIPlugin:80 - create IPUIPlugin
2025-07-28 18:22:39,250 [INFO] IPUIPlugin:80 - create IPUIPlugin
2025-07-28 18:22:39,251 [INFO] IPUIPlugin:80 - create IPUIPlugin
2025-07-28 18:22:39,255 [INFO] IPUIPlugin:80 - create IPUIPlugin
2025-07-28 18:22:39,257 [INFO] IPUIPlugin:80 - create IPUIPlugin
2025-07-28 18:22:39,257 [INFO] IPUIPlugin:80 - create IPUIPlugin
2025-07-28 18:22:39,257 [INFO] IPUIPlugin:80 - create IPUIPlugin
2025-07-28 18:22:39,258 [INFO] IPUIPlugin:80 - create IPUIPlugin
2025-07-28 18:22:39,258 [INFO] IPUIPlugin:80 - create IPUIPlugin
2025-07-28 18:22:39,259 [INFO] IPUIPlugin:80 - create IPUIPlugin
2025-07-28 18:22:39,259 [INFO] IPUIPlugin:80 - create IPUIPlugin
2025-07-28 18:22:39,260 [INFO] IPUIPlugin:80 - create IPUIPlugin
2025-07-28 18:22:39,261 [INFO] IPUIPlugin:80 - create IPUIPlugin
2025-07-28 18:22:39,261 [INFO] IPUIPlugin:80 - create IPUIPlugin
2025-07-28 18:22:39,262 [INFO] IPUIPlugin:80 - create IPUIPlugin
2025-07-28 18:22:39,262 [INFO] IPUIPlugin:80 - create IPUIPlugin
2025-07-28 18:22:39,263 [INFO] IPUIPlugin:80 - create IPUIPlugin
2025-07-28 18:22:39,264 [INFO] IPUIPlugin:80 - create IPUIPlugin
2025-07-28 18:22:39,265 [INFO] IPUIPlugin:80 - create IPUIPlugin
2025-07-28 18:22:39,265 [INFO] IPUIPlugin:80 - create IPUIPlugin
2025-07-28 18:22:39,266 [INFO] IPUIPlugin:80 - create IPUIPlugin
2025-07-28 18:22:39,267 [INFO] IPUIPlugin:80 - create IPUIPlugin
2025-07-28 18:22:39,267 [INFO] IPUIPlugin:80 - create IPUIPlugin
2025-07-28 18:22:39,268 [INFO] IPUIPlugin:80 - create IPUIPlugin
2025-07-28 18:22:39,269 [INFO] IPUIPlugin:80 - create IPUIPlugin
2025-07-28 18:22:39,269 [INFO] IPUIPlugin:80 - create IPUIPlugin
2025-07-28 18:22:39,270 [INFO] IPUIPlugin:80 - create IPUIPlugin
2025-07-28 18:22:39,271 [INFO] IPUIPlugin:80 - create IPUIPlugin
2025-07-28 18:22:39,272 [INFO] IPUIPlugin:80 - create IPUIPlugin
2025-07-28 18:22:39,273 [INFO] IPUIPlugin:80 - create IPUIPlugin
2025-07-28 18:22:39,273 [INFO] IPUIPlugin:80 - create IPUIPlugin
2025-07-28 18:22:39,274 [INFO] IPUIPlugin:80 - create IPUIPlugin
2025-07-28 18:22:39,275 [INFO] IPUIPlugin:80 - create IPUIPlugin
2025-07-28 18:22:39,275 [INFO] IPUIPlugin:80 - create IPUIPlugin
2025-07-28 18:22:39,276 [INFO] IPUIPlugin:80 - create IPUIPlugin
2025-07-28 18:22:39,277 [INFO] IPUIPlugin:80 - create IPUIPlugin
2025-07-28 18:22:39,277 [INFO] IPUIPlugin:80 - create IPUIPlugin
2025-07-28 18:22:39,278 [INFO] IPUIPlugin:80 - create IPUIPlugin
2025-07-28 18:22:39,279 [INFO] IPUIPlugin:80 - create IPUIPlugin
2025-07-28 18:22:39,280 [INFO] IPUIPlugin:80 - create IPUIPlugin
2025-07-28 18:22:39,281 [INFO] IPUIPlugin:80 - create IPUIPlugin
2025-07-28 18:22:39,282 [INFO] IPUIPlugin:80 - create IPUIPlugin
2025-07-28 18:22:39,381 [INFO] ApiDbMcu:508 - Load IP Config File for PDM2PCM
2025-07-28 18:22:39,924 [INFO] CADModel:165 - CPN selected for project levelSTM32F446RET6
2025-07-28 18:22:39,924 [INFO] CADModel:114 - Register for checkConnection events
2025-07-28 18:22:39,975 [INFO] OpenFileManager:385 - Restore cursor
2025-07-28 18:22:41,657 [INFO] UtilMem:75 - End SaveConfig() Used Memory: 1027853152 Bytes (1073741824)
2025-07-28 18:22:41,863 [INFO] UtilMem:75 - End SaveConfig() Used Memory: 976835920 Bytes (1073741824)
2025-07-28 18:22:43,869 [INFO] BlockDiagram:2775 - set Specific Code input for plugin: SYS
2025-07-28 18:22:43,869 [INFO] BlockDiagram:2775 - set Specific Code input for plugin: RCC
2025-07-28 18:22:43,869 [INFO] BlockDiagram:2775 - set Specific Code input for plugin: NVIC
2025-07-28 18:22:43,869 [INFO] BlockDiagram:2775 - set Specific Code input for plugin: USART
2025-07-28 18:22:43,871 [INFO] BlockDiagram:2775 - set Specific Code input for plugin: GPIO
2025-07-28 18:22:43,873 [INFO] CodeGenerator:882 - code generatio: config db path: /opt/st/stm32cubeide_1.18.1/plugins/com.st.stm32cube.common.mx_6.14.1.202504091515//db/
2025-07-28 18:22:44,697 [INFO] CodeEngine:263 - oldGeneratedFile, /home/nova/STM32CubeIDE/workspace_1.18.1/Checksum_calculation/MXTmpFiles/license.tmp_save
2025-07-28 18:22:45,369 [INFO] CodeEngine:287 - Generated code: /home/nova/STM32CubeIDE/workspace_1.18.1/Checksum_calculation/MXTmpFiles/license.tmp
2025-07-28 18:22:45,454 [INFO] CodeEngine:263 - oldGeneratedFile, /home/nova/STM32CubeIDE/workspace_1.18.1/Checksum_calculation/MXTmpFiles/gpio.tmp_save
2025-07-28 18:22:45,711 [INFO] CodeEngine:287 - Generated code: /home/nova/STM32CubeIDE/workspace_1.18.1/Checksum_calculation/MXTmpFiles/gpio.tmp
2025-07-28 18:22:45,844 [INFO] CodeEngine:263 - oldGeneratedFile, /home/nova/STM32CubeIDE/workspace_1.18.1/Checksum_calculation/Core/Src/stm32f4xx_it.c_save
2025-07-28 18:22:46,143 [INFO] CodeEngine:287 - Generated code: /home/nova/STM32CubeIDE/workspace_1.18.1/Checksum_calculation/Core/Src/stm32f4xx_it.c
2025-07-28 18:22:46,147 [INFO] CodeEngine:263 - oldGeneratedFile, /home/nova/STM32CubeIDE/workspace_1.18.1/Checksum_calculation/Core/Inc/stm32f4xx_it.h_save
2025-07-28 18:22:46,335 [INFO] CodeEngine:287 - Generated code: /home/nova/STM32CubeIDE/workspace_1.18.1/Checksum_calculation/Core/Inc/stm32f4xx_it.h
2025-07-28 18:22:46,345 [INFO] CodeEngine:263 - oldGeneratedFile, /home/nova/STM32CubeIDE/workspace_1.18.1/Checksum_calculation/Core/Src/stm32f4xx_hal_msp.c_save
2025-07-28 18:22:46,652 [INFO] CodeEngine:287 - Generated code: /home/nova/STM32CubeIDE/workspace_1.18.1/Checksum_calculation/Core/Src/stm32f4xx_hal_msp.c
2025-07-28 18:22:46,654 [INFO] CodeEngine:263 - oldGeneratedFile, /home/nova/STM32CubeIDE/workspace_1.18.1/Checksum_calculation/MXTmpFiles/system.tmp_save
2025-07-28 18:22:46,776 [INFO] CodeEngine:287 - Generated code: /home/nova/STM32CubeIDE/workspace_1.18.1/Checksum_calculation/MXTmpFiles/system.tmp
2025-07-28 18:22:46,786 [INFO] CodeEngine:319 - oldGeneratedFile, /home/nova/STM32CubeIDE/workspace_1.18.1/Checksum_calculation/Core/Inc/stm32f4xx_hal_conf.h_save
2025-07-28 18:22:47,019 [INFO] CodeEngine:343 - Generated code: /home/nova/STM32CubeIDE/workspace_1.18.1/Checksum_calculation/Core/Inc/stm32f4xx_hal_conf.h
2025-07-28 18:22:47,085 [WARN] IPConfigManager:3217 - Warning: the RefConfig PLL2P_FOR_MCO is not available in your config.xml file
2025-07-28 18:22:47,101 [INFO] ApiDbMcu:508 - Load IP Config File for USART2
2025-07-28 18:22:47,108 [INFO] ApiDbMcu:508 - Load IP Config File for RCC
2025-07-28 18:22:47,116 [INFO] CodeEngine:263 - oldGeneratedFile, /home/nova/STM32CubeIDE/workspace_1.18.1/Checksum_calculation/Core/Inc/main.h_save
2025-07-28 18:22:47,319 [INFO] CodeEngine:287 - Generated code: /home/nova/STM32CubeIDE/workspace_1.18.1/Checksum_calculation/Core/Inc/main.h
2025-07-28 18:22:47,321 [INFO] CodeEngine:263 - oldGeneratedFile, /home/nova/STM32CubeIDE/workspace_1.18.1/Checksum_calculation/Core/Src/main.c_save
2025-07-28 18:22:47,583 [INFO] CodeEngine:287 - Generated code: /home/nova/STM32CubeIDE/workspace_1.18.1/Checksum_calculation/Core/Src/main.c
2025-07-28 18:22:48,456 [INFO] ProjectBuilder:3324 - Time for Copy HAL[1] : 437mS.
2025-07-28 18:22:48,473 [INFO] ProjectBuilder:4912 - Project Generator version: 4.6.0.1-B1
2025-07-28 18:22:48,674 [INFO] ConfigFileManager:1590 - The Die is : DIE421
2025-07-28 18:22:48,684 [INFO] ApiDbMcu:508 - Load IP Config File for FATFS
2025-07-28 18:22:48,693 [INFO] ApiDbMcu:508 - Load IP Config File for FREERTOS
2025-07-28 18:22:48,697 [INFO] ApiDbMcu:508 - Load IP Config File for LIBJPEG
2025-07-28 18:22:48,712 [INFO] ApiDbMcu:508 - Load IP Config File for MBEDTLS
2025-07-28 18:22:48,730 [INFO] ApiDbMcu:508 - Load IP Config File for USB_DEVICE
2025-07-28 18:22:48,737 [INFO] ApiDbMcu:508 - Load IP Config File for USB_HOST
2025-07-28 18:22:49,464 [INFO] LogOutputStream:77 - [STDOUT_REDIRECT] 
2025-07-28 18:22:54,181 [INFO] ProjectBuilder:5191 - Time for Generating toolchain IDE Files: 5705mS.
2025-07-28 18:22:54,185 [INFO] ProjectBuilder:3181 - Time for Copy CMSIS : 0mS.
2025-07-28 18:22:54,186 [INFO] ProjectBuilder:3181 - Time for Copy CMSIS : 1mS.
2025-07-28 18:22:56,226 [INFO] McuFinderGlobals:76 - Set McuFinderConnectedMode to true
2025-07-28 18:22:56,236 [INFO] ApiDb:448 - Save user favorites file /home/nova/.stm32cubeide/favorites.mcus.txt: 1 item(s)
2025-07-28 18:22:56,236 [INFO] ApiDb:452 - User favorites MCUs=[STM32F446RET6]
2025-07-28 18:22:56,246 [INFO] ApiDb:448 - Save user favorites file /home/nova/.stm32cubeide/favorites.boards.txt: 0 item(s)
2025-07-28 18:22:56,246 [INFO] ApiDb:452 - User favorites Boards=[]
2025-07-28 18:23:06,766 [INFO] NvicIntPanel:101 - NVIC parent = com.st.microxplorer.plugins.ip.nvic.MultiNvicIntPanel[,0,0,0x0,invalid,layout=javax.swing.BoxLayout,alignmentX=0.0,alignmentY=0.0,border=,flags=9,maximumSize=,minimumSize=,preferredSize=]
2025-07-28 18:23:10,929 [INFO] NvicIntPanel:101 - NVIC parent = com.st.microxplorer.plugins.ip.nvic.MultiNvicIntPanel[,0,0,0x0,invalid,layout=javax.swing.BoxLayout,alignmentX=0.0,alignmentY=0.0,border=,flags=9,maximumSize=,minimumSize=,preferredSize=]
2025-07-28 18:24:04,655 [INFO] UtilMem:75 - End SaveConfig() Used Memory: 795096096 Bytes (1073741824)
2025-07-28 18:24:07,505 [INFO] UtilMem:75 - End SaveConfig() Used Memory: 903099424 Bytes (1073741824)
2025-07-28 18:24:13,007 [INFO] UtilMem:75 - End SaveConfig() Used Memory: 960110360 Bytes (1073741824)
2025-07-28 18:24:13,260 [INFO] BlockDiagram:2775 - set Specific Code input for plugin: SYS
2025-07-28 18:24:13,260 [INFO] BlockDiagram:2775 - set Specific Code input for plugin: RCC
2025-07-28 18:24:13,260 [INFO] BlockDiagram:2775 - set Specific Code input for plugin: NVIC
2025-07-28 18:24:13,260 [INFO] BlockDiagram:2775 - set Specific Code input for plugin: USART
2025-07-28 18:24:13,261 [INFO] BlockDiagram:2775 - set Specific Code input for plugin: GPIO
2025-07-28 18:24:13,262 [INFO] CodeGenerator:882 - code generatio: config db path: /opt/st/stm32cubeide_1.18.1/plugins/com.st.stm32cube.common.mx_6.14.1.202504091515//db/
2025-07-28 18:24:13,523 [INFO] CodeEngine:263 - oldGeneratedFile, /home/nova/STM32CubeIDE/workspace_1.18.1/Checksum_calculation/MXTmpFiles/license.tmp_save
2025-07-28 18:24:13,663 [INFO] CodeEngine:287 - Generated code: /home/nova/STM32CubeIDE/workspace_1.18.1/Checksum_calculation/MXTmpFiles/license.tmp
2025-07-28 18:24:13,688 [INFO] CodeEngine:263 - oldGeneratedFile, /home/nova/STM32CubeIDE/workspace_1.18.1/Checksum_calculation/MXTmpFiles/gpio.tmp_save
2025-07-28 18:24:13,828 [INFO] CodeEngine:287 - Generated code: /home/nova/STM32CubeIDE/workspace_1.18.1/Checksum_calculation/MXTmpFiles/gpio.tmp
2025-07-28 18:24:13,921 [INFO] CodeEngine:263 - oldGeneratedFile, /home/nova/STM32CubeIDE/workspace_1.18.1/Checksum_calculation/Core/Src/stm32f4xx_it.c_save
2025-07-28 18:24:14,089 [INFO] CodeEngine:287 - Generated code: /home/nova/STM32CubeIDE/workspace_1.18.1/Checksum_calculation/Core/Src/stm32f4xx_it.c
2025-07-28 18:24:14,091 [INFO] CodeEngine:263 - oldGeneratedFile, /home/nova/STM32CubeIDE/workspace_1.18.1/Checksum_calculation/Core/Inc/stm32f4xx_it.h_save
2025-07-28 18:24:14,224 [INFO] CodeEngine:287 - Generated code: /home/nova/STM32CubeIDE/workspace_1.18.1/Checksum_calculation/Core/Inc/stm32f4xx_it.h
2025-07-28 18:24:14,236 [INFO] CodeEngine:263 - oldGeneratedFile, /home/nova/STM32CubeIDE/workspace_1.18.1/Checksum_calculation/Core/Src/stm32f4xx_hal_msp.c_save
2025-07-28 18:24:14,411 [INFO] CodeEngine:287 - Generated code: /home/nova/STM32CubeIDE/workspace_1.18.1/Checksum_calculation/Core/Src/stm32f4xx_hal_msp.c
2025-07-28 18:24:14,413 [INFO] CodeEngine:263 - oldGeneratedFile, /home/nova/STM32CubeIDE/workspace_1.18.1/Checksum_calculation/MXTmpFiles/system.tmp_save
2025-07-28 18:24:14,528 [INFO] CodeEngine:287 - Generated code: /home/nova/STM32CubeIDE/workspace_1.18.1/Checksum_calculation/MXTmpFiles/system.tmp
2025-07-28 18:24:14,536 [INFO] CodeEngine:319 - oldGeneratedFile, /home/nova/STM32CubeIDE/workspace_1.18.1/Checksum_calculation/Core/Inc/stm32f4xx_hal_conf.h_save
2025-07-28 18:24:14,681 [INFO] CodeEngine:343 - Generated code: /home/nova/STM32CubeIDE/workspace_1.18.1/Checksum_calculation/Core/Inc/stm32f4xx_hal_conf.h
2025-07-28 18:24:14,729 [WARN] IPConfigManager:3217 - Warning: the RefConfig PLL2P_FOR_MCO is not available in your config.xml file
2025-07-28 18:24:14,744 [INFO] CodeEngine:263 - oldGeneratedFile, /home/nova/STM32CubeIDE/workspace_1.18.1/Checksum_calculation/Core/Inc/main.h_save
2025-07-28 18:24:15,140 [INFO] CodeEngine:287 - Generated code: /home/nova/STM32CubeIDE/workspace_1.18.1/Checksum_calculation/Core/Inc/main.h
2025-07-28 18:24:15,145 [INFO] CodeEngine:263 - oldGeneratedFile, /home/nova/STM32CubeIDE/workspace_1.18.1/Checksum_calculation/Core/Src/main.c_save
2025-07-28 18:24:15,352 [INFO] CodeEngine:287 - Generated code: /home/nova/STM32CubeIDE/workspace_1.18.1/Checksum_calculation/Core/Src/main.c
2025-07-28 18:24:15,702 [INFO] ProjectBuilder:3324 - Time for Copy HAL[1] : 37mS.
2025-07-28 18:24:15,704 [INFO] ProjectBuilder:4912 - Project Generator version: 4.6.0.1-B1
2025-07-28 18:24:15,844 [INFO] ConfigFileManager:1590 - The Die is : DIE421
2025-07-28 18:24:17,635 [INFO] ProjectBuilder:5191 - Time for Generating toolchain IDE Files: 1930mS.
2025-07-28 18:24:17,635 [INFO] ProjectBuilder:3181 - Time for Copy CMSIS : 0mS.
2025-07-28 18:24:17,640 [INFO] ProjectBuilder:3181 - Time for Copy CMSIS : 1mS.
2025-07-28 18:31:13,226 [INFO] WebApp:194 - Connection lost
