2025-07-31 15:05:48,335 [INFO] Activator:176 - 


2025-07-31 15:05:48,342 [INFO] Activator:177 - !SESSION log4j initialized
2025-07-31 15:05:51,357 [INFO] LogOutputStream:77 - [STDOUT_REDIRECT] 
2025-07-31 15:05:55,551 [INFO] ApplicationProperties:184 - Using Application install path: /opt/st/stm32cubeide_1.18.1/plugins/com.st.stm32cube.common.mx_6.14.1.202504091515
2025-07-31 15:05:55,569 [INFO] DbMcusXml:78 - Set database path to: /opt/st/stm32cubeide_1.18.1/plugins/com.st.stm32cube.common.mx_6.14.1.202504091515//db//mcu/
2025-07-31 15:05:55,569 [INFO] ApiDb:274 - Set plugin database path to: /opt/st/stm32cubeide_1.18.1/plugins/com.st.stm32cube.common.mx_6.14.1.202504091515//db//plugins/boardmanager/
2025-07-31 15:05:55,569 [WARN] ApiDb:259 - Overriding images path with different value:  => /opt/st/stm32cubeide_1.18.1/plugins/com.st.stm32cube.common.mx_6.14.1.202504091515//db//plugins/mcufinder/images/
2025-07-31 15:05:55,574 [INFO] ApiDb:250 - Set database path to: /home/nova/.stmcufinder/plugins/mcufinder//mcu/
2025-07-31 15:05:55,575 [INFO] DbMcusAds:125 - Set database path to: /home/nova/.stmcufinder/plugins/mcufinder//mcu/
2025-07-31 15:05:55,577 [INFO] CrossReferenceDbSqlite:203 - Set database path to: /home/nova/.stmcufinder/plugins/mcufinder//mcu/cs/
2025-07-31 15:05:55,786 [INFO] RulesReader:64 - Compatibility file has been processed (302 Rules)
2025-07-31 15:05:55,884 [INFO] DbMcusXml:78 - Set database path to: /opt/st/stm32cubeide_1.18.1/plugins/com.st.stm32cube.common.mx_6.14.1.202504091515//db//mcu/
2025-07-31 15:05:55,884 [INFO] ApiDb:274 - Set plugin database path to: /opt/st/stm32cubeide_1.18.1/plugins/com.st.stm32cube.common.mx_6.14.1.202504091515//db//plugins/boardmanager/
2025-07-31 15:05:55,885 [INFO] ApiDb:261 - Set plugin images path to: /opt/st/stm32cubeide_1.18.1/plugins/com.st.stm32cube.common.mx_6.14.1.202504091515//db//plugins/mcufinder/images/
2025-07-31 15:05:55,885 [WARN] DbFile:41 - Overriding database path with different value: /home/nova/.stmcufinder/plugins/mcufinder/ => /home/nova/.stmcufinder/plugins/mcufinder
2025-07-31 15:05:55,885 [INFO] ApiDb:250 - Set database path to: /home/nova/.stmcufinder/plugins/mcufinder//mcu/
2025-07-31 15:05:55,885 [WARN] DbFile:41 - Overriding database path with different value: /home/nova/.stmcufinder/plugins/mcufinder/ => /home/nova/.stmcufinder/plugins/mcufinder
2025-07-31 15:05:55,886 [INFO] DbMcusAds:125 - Set database path to: /home/nova/.stmcufinder/plugins/mcufinder//mcu/
2025-07-31 15:05:55,886 [WARN] DbFile:41 - Overriding database path with different value: /home/nova/.stmcufinder/plugins/mcufinder/ => /home/nova/.stmcufinder/plugins/mcufinder
2025-07-31 15:05:55,886 [WARN] DbFile:41 - Overriding database path with different value: /home/nova/.stmcufinder/plugins/mcufinder/ => /home/nova/.stmcufinder/plugins/mcufinder
2025-07-31 15:05:55,886 [INFO] CrossReferenceDbSqlite:203 - Set database path to: /home/nova/.stmcufinder/plugins/mcufinder//mcu/cs/
2025-07-31 15:05:55,971 [INFO] MainPanel:272 - HeapMemory: 268435456
2025-07-31 15:05:56,087 [INFO] DbMcusXml:78 - Set database path to: /opt/st/stm32cubeide_1.18.1/plugins/com.st.stm32cube.common.mx_6.14.1.202504091515//db//mcu/
2025-07-31 15:05:56,087 [INFO] ApiDb:274 - Set plugin database path to: /opt/st/stm32cubeide_1.18.1/plugins/com.st.stm32cube.common.mx_6.14.1.202504091515//db//plugins/boardmanager/
2025-07-31 15:05:56,087 [INFO] ApiDb:261 - Set plugin images path to: /opt/st/stm32cubeide_1.18.1/plugins/com.st.stm32cube.common.mx_6.14.1.202504091515//db//plugins/mcufinder/images/
2025-07-31 15:05:56,088 [WARN] DbFile:41 - Overriding database path with different value: /home/nova/.stmcufinder/plugins/mcufinder/ => /home/nova/.stmcufinder/plugins/mcufinder
2025-07-31 15:05:56,088 [INFO] ApiDb:250 - Set database path to: /home/nova/.stmcufinder/plugins/mcufinder//mcu/
2025-07-31 15:05:56,088 [WARN] DbFile:41 - Overriding database path with different value: /home/nova/.stmcufinder/plugins/mcufinder/ => /home/nova/.stmcufinder/plugins/mcufinder
2025-07-31 15:05:56,088 [INFO] DbMcusAds:125 - Set database path to: /home/nova/.stmcufinder/plugins/mcufinder//mcu/
2025-07-31 15:05:56,088 [WARN] DbFile:41 - Overriding database path with different value: /home/nova/.stmcufinder/plugins/mcufinder/ => /home/nova/.stmcufinder/plugins/mcufinder
2025-07-31 15:05:56,088 [WARN] DbFile:41 - Overriding database path with different value: /home/nova/.stmcufinder/plugins/mcufinder/ => /home/nova/.stmcufinder/plugins/mcufinder
2025-07-31 15:05:56,088 [INFO] CrossReferenceDbSqlite:203 - Set database path to: /home/nova/.stmcufinder/plugins/mcufinder//mcu/cs/
2025-07-31 15:05:56,106 [INFO] ApplicationProperties:184 - Using Application install path: /opt/st/stm32cubeide_1.18.1/plugins/com.st.stm32cube.common.mx_6.14.1.202504091515
2025-07-31 15:05:56,108 [INFO] PluginManage:196 - Search for loadable plugins [exclusion list=, ]
2025-07-31 15:05:56,110 [INFO] PluginManage:310 - Check plugin analytics
2025-07-31 15:05:56,309 [INFO] AnalyticsPlugin:253 - Accepted Software Licenses: 
2025-07-31 15:05:56,309 [INFO] AnalyticsPlugin:255 - Accepted CMSIS Pack Licenses: 
2025-07-31 15:05:56,310 [INFO] AnalyticsPlugin:257 - Accepted Firmware Licenses: 
2025-07-31 15:05:56,314 [INFO] PluginManage:359 - Loaded plugin analytics (category:tool,tabindex:-1)
2025-07-31 15:05:56,314 [INFO] PluginManage:310 - Check plugin cadmodel
2025-07-31 15:05:56,318 [INFO] CADModel:105 - Init CAD model plugin
2025-07-31 15:05:56,318 [INFO] PluginManage:359 - Loaded plugin cadmodel (category:power,tabindex:5)
2025-07-31 15:05:56,318 [INFO] PluginManage:310 - Check plugin clock
2025-07-31 15:05:56,327 [INFO] PluginManage:359 - Loaded plugin clock (category:base,tabindex:2)
2025-07-31 15:05:56,327 [INFO] PluginManage:310 - Check plugin ddr
2025-07-31 15:05:56,329 [INFO] PluginManage:359 - Loaded plugin ddr (category:tool,tabindex:6)
2025-07-31 15:05:56,329 [INFO] PluginManage:310 - Check plugin filemanager
2025-07-31 15:05:56,616 [INFO] PluginManage:359 - Loaded plugin filemanager (category:base,tabindex:10)
2025-07-31 15:05:56,617 [INFO] PluginManage:310 - Check plugin ipmanager
2025-07-31 15:05:56,634 [INFO] PluginManage:359 - Loaded plugin ipmanager (category:base,tabindex:5)
2025-07-31 15:05:56,637 [INFO] PluginManage:310 - Check plugin lpbam
2025-07-31 15:05:56,652 [INFO] PluginManage:359 - Loaded plugin lpbam (category:base,tabindex:0)
2025-07-31 15:05:56,653 [INFO] PluginManage:310 - Check plugin memorymap
2025-07-31 15:05:56,668 [INFO] PluginManage:359 - Loaded plugin memorymap (category:base,tabindex:4)
2025-07-31 15:05:56,668 [INFO] PluginManage:310 - Check plugin pinoutandconfiguration
2025-07-31 15:05:56,678 [INFO] PluginManage:359 - Loaded plugin pinoutandconfiguration (category:base,tabindex:1)
2025-07-31 15:05:56,678 [INFO] PluginManage:310 - Check plugin pinoutconfig
2025-07-31 15:05:56,808 [WARN] SupportedApi:132 - Cannot load RTOS API schema: s4s-elt-must-match.1: The content of 'definitions' must match (annotation?, (simpleType | complexType)?, (unique | key | keyref)*)). A problem was found starting at: attribute.
2025-07-31 15:05:57,001 [INFO] PluginManage:359 - Loaded plugin pinoutconfig (category:base,tabindex:0)
2025-07-31 15:05:57,001 [INFO] PluginManage:310 - Check plugin power
2025-07-31 15:05:57,013 [INFO] PluginManage:359 - Loaded plugin power (category:power,tabindex:4)
2025-07-31 15:05:57,013 [INFO] PluginManage:310 - Check plugin projectmanager
2025-07-31 15:05:57,048 [INFO] PluginManage:359 - Loaded plugin projectmanager (category:projectmanager,tabindex:4)
2025-07-31 15:05:57,049 [INFO] PluginManage:310 - Check plugin rif
2025-07-31 15:05:57,060 [INFO] PluginManage:359 - Loaded plugin rif (category:base,tabindex:3)
2025-07-31 15:05:57,060 [INFO] PluginManage:310 - Check plugin thirdparty
2025-07-31 15:05:57,231 [INFO] PluginManage:359 - Loaded plugin thirdparty (category:base,tabindex:-1)
2025-07-31 15:05:57,231 [WARN] IntegrityCheckThread:84 - waiting for thirdparty lock release [integrity check]
2025-07-31 15:05:57,232 [INFO] PluginManage:310 - Check plugin tools
2025-07-31 15:05:57,232 [INFO] IntegrityCheckThread:86 - entering critical section [integrity check]
2025-07-31 15:05:57,232 [INFO] ThirdPartyUpdaterWithRetryManager:70 - Updater plugin not ready yet. [1/15]
2025-07-31 15:05:57,234 [INFO] PluginManage:359 - Loaded plugin tools (category:base,tabindex:7)
2025-07-31 15:05:57,235 [INFO] PluginManage:310 - Check plugin tutovideos
2025-07-31 15:05:57,424 [INFO] PluginManage:359 - Loaded plugin tutovideos (category:base,tabindex:-1)
2025-07-31 15:05:57,424 [INFO] PluginManage:310 - Check plugin updater
2025-07-31 15:05:57,456 [INFO] PluginManage:359 - Loaded plugin updater (category:base,tabindex:12)
2025-07-31 15:05:57,456 [INFO] PluginManage:310 - Check plugin userauth
2025-07-31 15:05:57,461 [INFO] UserAuth:118 - Init User Auth plugin
2025-07-31 15:05:57,463 [INFO] PluginManage:359 - Loaded plugin userauth (category:base,tabindex:14)
2025-07-31 15:05:57,464 [INFO] PluginManage:283 - PluginManage : Loaded plugins [18]
2025-07-31 15:05:57,714 [INFO] PinOutPanel:1589 - setPackage(No Configuration,No Configuration)
2025-07-31 15:05:57,803 [INFO] CADModel:165 - CPN selected for project level
2025-07-31 15:05:57,803 [INFO] CADModel:114 - Register for checkConnection events
2025-07-31 15:05:57,815 [INFO] IPUIPlugin:80 - create IPUIPlugin
2025-07-31 15:05:57,815 [INFO] PluginManager:220 - loadIPPluginJar : add hash
2025-07-31 15:05:57,818 [INFO] IPUIPlugin:80 - create IPUIPlugin
2025-07-31 15:05:57,818 [INFO] PluginManager:220 - loadIPPluginJar : add tracer_emb
2025-07-31 15:05:57,825 [INFO] IPUIPlugin:80 - create IPUIPlugin
2025-07-31 15:05:57,825 [INFO] PluginManager:220 - loadIPPluginJar : add gic
2025-07-31 15:05:57,834 [INFO] IPUIPlugin:80 - create IPUIPlugin
2025-07-31 15:05:57,834 [INFO] PluginManager:220 - loadIPPluginJar : add mdma
2025-07-31 15:05:57,838 [INFO] IPUIPlugin:80 - create IPUIPlugin
2025-07-31 15:05:57,838 [INFO] PluginManager:220 - loadIPPluginJar : add touchsensing
2025-07-31 15:05:57,840 [INFO] IPUIPlugin:80 - create IPUIPlugin
2025-07-31 15:05:57,841 [INFO] PluginManager:220 - loadIPPluginJar : add lorawan
2025-07-31 15:05:57,847 [INFO] IPUIPlugin:80 - create IPUIPlugin
2025-07-31 15:05:57,847 [INFO] PluginManager:220 - loadIPPluginJar : add dma
2025-07-31 15:05:57,849 [INFO] IPUIPlugin:80 - create IPUIPlugin
2025-07-31 15:05:57,849 [INFO] PluginManager:220 - loadIPPluginJar : add radio
2025-07-31 15:05:57,852 [INFO] IPUIPlugin:80 - create IPUIPlugin
2025-07-31 15:05:57,852 [INFO] PluginManager:220 - loadIPPluginJar : add i2c
2025-07-31 15:05:57,853 [INFO] IPUIPlugin:80 - create IPUIPlugin
2025-07-31 15:05:57,854 [INFO] PluginManager:220 - loadIPPluginJar : add fatfs
2025-07-31 15:05:57,856 [INFO] IPUIPlugin:80 - create IPUIPlugin
2025-07-31 15:05:57,857 [INFO] PluginManager:220 - loadIPPluginJar : add openamp
2025-07-31 15:05:57,860 [INFO] IPUIPlugin:80 - create IPUIPlugin
2025-07-31 15:05:57,860 [INFO] PluginManager:220 - loadIPPluginJar : add nvic
2025-07-31 15:05:57,862 [INFO] IPUIPlugin:80 - create IPUIPlugin
2025-07-31 15:05:57,862 [INFO] PluginManager:220 - loadIPPluginJar : add quadspi
2025-07-31 15:05:57,865 [INFO] IPUIPlugin:80 - create IPUIPlugin
2025-07-31 15:05:57,865 [INFO] PluginManager:220 - loadIPPluginJar : add extmemmanager
2025-07-31 15:05:57,868 [INFO] IPUIPlugin:80 - create IPUIPlugin
2025-07-31 15:05:57,868 [INFO] PluginManager:220 - loadIPPluginJar : add sai
2025-07-31 15:05:57,874 [INFO] IPUIPlugin:80 - create IPUIPlugin
2025-07-31 15:05:57,874 [INFO] PluginManager:220 - loadIPPluginJar : add fmc
2025-07-31 15:05:57,876 [INFO] IPUIPlugin:80 - create IPUIPlugin
2025-07-31 15:05:57,877 [INFO] PluginManager:220 - loadIPPluginJar : add can
2025-07-31 15:05:57,879 [INFO] IPUIPlugin:80 - create IPUIPlugin
2025-07-31 15:05:57,879 [INFO] PluginManager:220 - loadIPPluginJar : add ddr_ctrl_phy
2025-07-31 15:05:57,882 [INFO] IPUIPlugin:80 - create IPUIPlugin
2025-07-31 15:05:57,882 [INFO] PluginManager:220 - loadIPPluginJar : add opamp
2025-07-31 15:05:57,885 [INFO] IPUIPlugin:80 - create IPUIPlugin
2025-07-31 15:05:57,885 [INFO] PluginManager:220 - loadIPPluginJar : add ipddr
2025-07-31 15:05:57,887 [INFO] IPUIPlugin:80 - create IPUIPlugin
2025-07-31 15:05:57,888 [INFO] PluginManager:220 - loadIPPluginJar : add i3c
2025-07-31 15:05:57,893 [INFO] IPUIPlugin:80 - create IPUIPlugin
2025-07-31 15:05:57,893 [INFO] PluginManager:220 - loadIPPluginJar : add adc
2025-07-31 15:05:57,896 [INFO] IPUIPlugin:80 - create IPUIPlugin
2025-07-31 15:05:57,896 [INFO] PluginManager:220 - loadIPPluginJar : add gtzc
2025-07-31 15:05:57,898 [INFO] IPUIPlugin:80 - create IPUIPlugin
2025-07-31 15:05:57,898 [INFO] PluginManager:220 - loadIPPluginJar : add gfxmmu
2025-07-31 15:05:57,901 [INFO] IPUIPlugin:80 - create IPUIPlugin
2025-07-31 15:05:57,901 [INFO] PluginManager:220 - loadIPPluginJar : add spi
2025-07-31 15:05:57,907 [INFO] IPUIPlugin:80 - create IPUIPlugin
2025-07-31 15:05:57,910 [INFO] PluginManager:220 - loadIPPluginJar : add plateformsettings
2025-07-31 15:05:57,913 [INFO] IPUIPlugin:80 - create IPUIPlugin
2025-07-31 15:05:57,913 [INFO] PluginManager:220 - loadIPPluginJar : add pdm2pcm
2025-07-31 15:05:57,914 [INFO] IPUIPlugin:80 - create IPUIPlugin
2025-07-31 15:05:57,915 [INFO] PluginManager:220 - loadIPPluginJar : add genericplugin
2025-07-31 15:05:57,917 [INFO] IPUIPlugin:80 - create IPUIPlugin
2025-07-31 15:05:57,917 [INFO] PluginManager:220 - loadIPPluginJar : add i2s
2025-07-31 15:05:57,919 [INFO] IPUIPlugin:80 - create IPUIPlugin
2025-07-31 15:05:57,919 [INFO] PluginManager:220 - loadIPPluginJar : add tsc
2025-07-31 15:05:57,921 [INFO] IPUIPlugin:80 - create IPUIPlugin
2025-07-31 15:05:57,921 [INFO] PluginManager:220 - loadIPPluginJar : add dma3
2025-07-31 15:05:57,923 [INFO] IPUIPlugin:80 - create IPUIPlugin
2025-07-31 15:05:57,924 [INFO] PluginManager:220 - loadIPPluginJar : add aes
2025-07-31 15:05:57,926 [INFO] IPUIPlugin:80 - create IPUIPlugin
2025-07-31 15:05:57,926 [INFO] PluginManager:220 - loadIPPluginJar : add ts
2025-07-31 15:05:57,927 [INFO] IPUIPlugin:80 - create IPUIPlugin
2025-07-31 15:05:57,928 [INFO] PluginManager:220 - loadIPPluginJar : add ucpd
2025-07-31 15:05:57,929 [INFO] IPUIPlugin:80 - create IPUIPlugin
2025-07-31 15:05:57,929 [INFO] PluginManager:220 - loadIPPluginJar : add comp
2025-07-31 15:05:57,932 [INFO] IPUIPlugin:80 - create IPUIPlugin
2025-07-31 15:05:57,932 [INFO] PluginManager:220 - loadIPPluginJar : add usart
2025-07-31 15:05:57,935 [INFO] IPUIPlugin:80 - create IPUIPlugin
2025-07-31 15:05:57,935 [INFO] PluginManager:220 - loadIPPluginJar : add resmgrutility
2025-07-31 15:05:57,937 [INFO] IPUIPlugin:80 - create IPUIPlugin
2025-07-31 15:05:57,937 [INFO] PluginManager:220 - loadIPPluginJar : add usbx
2025-07-31 15:05:57,940 [INFO] IPUIPlugin:80 - create IPUIPlugin
2025-07-31 15:05:57,940 [INFO] PluginManager:220 - loadIPPluginJar : add dfsdm
2025-07-31 15:05:57,943 [INFO] IPUIPlugin:80 - create IPUIPlugin
2025-07-31 15:05:57,943 [INFO] PluginManager:220 - loadIPPluginJar : add cryp
2025-07-31 15:05:57,950 [INFO] IPUIPlugin:80 - create IPUIPlugin
2025-07-31 15:05:57,950 [INFO] PluginManager:220 - loadIPPluginJar : add linkedlist
2025-07-31 15:05:57,951 [INFO] IPUIPlugin:80 - create IPUIPlugin
2025-07-31 15:05:57,951 [INFO] PluginManager:220 - loadIPPluginJar : add ltdc
2025-07-31 15:05:57,953 [INFO] IPUIPlugin:80 - create IPUIPlugin
2025-07-31 15:05:57,953 [INFO] PluginManager:220 - loadIPPluginJar : add tim
2025-07-31 15:05:57,957 [INFO] IPUIPlugin:80 - create IPUIPlugin
2025-07-31 15:05:57,957 [INFO] PluginManager:220 - loadIPPluginJar : add gpio
2025-07-31 15:05:57,963 [INFO] IPUIPlugin:80 - create IPUIPlugin
2025-07-31 15:05:57,963 [INFO] PluginManager:220 - loadIPPluginJar : add freertos
2025-07-31 15:05:57,969 [INFO] IPUIPlugin:80 - create IPUIPlugin
2025-07-31 15:05:57,969 [INFO] PluginManager:220 - loadIPPluginJar : add stm32_wpan
2025-07-31 15:05:58,083 [FATAL] Updater:351 - Updater called before beeing initialized
2025-07-31 15:05:58,117 [INFO] RulesReader:64 - Compatibility file has been processed (302 Rules)
2025-07-31 15:05:58,166 [INFO] RulesReader:64 - Compatibility file has been processed (302 Rules)
2025-07-31 15:05:58,179 [INFO] CADModel:165 - CPN selected for project level
2025-07-31 15:05:58,179 [INFO] CADModel:114 - Register for checkConnection events
2025-07-31 15:05:58,179 [FATAL] Updater:351 - Updater called before beeing initialized
2025-07-31 15:05:58,180 [ERROR] CADModel:125 - Updater not yet initialized, retry later 
2025-07-31 15:05:58,341 [FATAL] Updater:351 - Updater called before beeing initialized
2025-07-31 15:05:58,343 [INFO] CADModel:165 - CPN selected for project level
2025-07-31 15:05:58,343 [INFO] CADModel:114 - Register for checkConnection events
2025-07-31 15:05:58,343 [FATAL] Updater:351 - Updater called before beeing initialized
2025-07-31 15:05:58,343 [ERROR] CADModel:125 - Updater not yet initialized, retry later 
2025-07-31 15:05:58,347 [FATAL] Updater:351 - Updater called before beeing initialized
2025-07-31 15:05:58,467 [FATAL] Updater:351 - Updater called before beeing initialized
2025-07-31 15:05:58,472 [INFO] DbMcusAds:53 - JSON generation date=Tue Jul 08 13:44:23 IST 2025 (1751962463562)
2025-07-31 15:05:58,472 [FATAL] Updater:351 - Updater called before beeing initialized
2025-07-31 15:05:58,520 [WARN] DetailPanel:346 - Failed to get advertising image, set to default
2025-07-31 15:05:58,957 [FATAL] Updater:351 - Updater called before beeing initialized
2025-07-31 15:05:58,960 [FATAL] Updater:351 - Updater called before beeing initialized
2025-07-31 15:05:58,960 [FATAL] Updater:351 - Updater called before beeing initialized
2025-07-31 15:05:58,960 [WARN] DetailPanel:346 - Failed to get advertising image, set to default
2025-07-31 15:05:58,963 [FATAL] Updater:351 - Updater called before beeing initialized
2025-07-31 15:05:59,076 [ERROR] Updater:1198 - MainUpdater not yet initialized. External WinMGr cannot be set.
2025-07-31 15:05:59,079 [INFO] Updater:1134 - Updater Version found : 6.14.1
2025-07-31 15:05:59,107 [INFO] ApplicationProperties:184 - Using Application install path: /opt/st/stm32cubeide_1.18.1/plugins/com.st.stm32cube.common.mx_6.14.1.202504091515
2025-07-31 15:05:59,508 [INFO] MainUpdater:2872 - connection check result : 10
2025-07-31 15:05:59,508 [INFO] MainUpdater:3566 - Updater definition file requires update
2025-07-31 15:05:59,510 [INFO] MainUpdater:289 - Updater Check For Update Now.
2025-07-31 15:05:59,510 [INFO] MicroXplorer:498 - Change Database Version : DB.6.0.141
2025-07-31 15:05:59,517 [INFO] McuFinderGlobals:63 - Set McuFinder mode to 2 (CubeIDE integrated)
2025-07-31 15:05:59,518 [INFO] UserAuth:171 - activating auth plugin
2025-07-31 15:05:59,521 [INFO] UserAuth:484 - Internet connection configuration mode: 1
2025-07-31 15:05:59,537 [INFO] JxBrowserEngine:152 - Initiate JxBrowser Engine with user profile folder
2025-07-31 15:05:59,541 [INFO] ServerAccessManage:473 - Download File updaters.zip
2025-07-31 15:06:00,021 [INFO] FileExtend:242 - Unzip File : updaters.zip
2025-07-31 15:06:00,021 [INFO] FileExtend:257 - Standard Zip Deflate
2025-07-31 15:06:00,254 [WARN] MainUpdater:1193 - Updater busy. Cannot search thirdparties
2025-07-31 15:06:00,258 [INFO] ThirdPartyUpdaterWithRetryManager:96 - Updater plugin is busy. [1/15]
2025-07-31 15:06:00,784 [INFO] ServerAccessManage:473 - Download File PacksControlFlags.xml
2025-07-31 15:06:01,161 [INFO] ServerAccessManage:473 - Download File cubemx.pidx
2025-07-31 15:06:01,472 [INFO] WebApp:169 - Instantiating new browser for Auth
2025-07-31 15:06:03,271 [WARN] MainUpdater:1193 - Updater busy. Cannot search thirdparties
2025-07-31 15:06:03,271 [INFO] ThirdPartyUpdaterWithRetryManager:96 - Updater plugin is busy. [2/15]
2025-07-31 15:06:03,423 [INFO] LoadServerUpdatesThread:375 - End of LoadServerUpdate Thread
2025-07-31 15:06:03,630 [INFO] CheckServerUpdateThread:120 - End of CheckServer Thread
2025-07-31 15:06:04,032 [INFO] WebApp:463 - Apply proxy settings
2025-07-31 15:06:04,033 [INFO] WebApp:548 - Chromium requires no authentication
2025-07-31 15:06:04,053 [INFO] WebApp:491 - Direct internet connection detected
2025-07-31 15:06:04,082 [INFO] WebApp:894 - Register for checkConnection events
2025-07-31 15:06:04,082 [INFO] WebApp:463 - Apply proxy settings
2025-07-31 15:06:04,082 [INFO] WebApp:548 - Chromium requires no authentication
2025-07-31 15:06:04,083 [INFO] WebApp:491 - Direct internet connection detected
2025-07-31 15:06:04,274 [INFO] WebApp:225 - Starting web application
2025-07-31 15:06:04,275 [INFO] WebApp:593 - Web application path used /opt/st/stm32cubeide_1.18.1/plugins/com.st.stm32cube.common.mx_6.14.1.202504091515/db/plugins/mcufinder/reactClient1/index.html
2025-07-31 15:06:06,501 [WARN] PackLoader:240 - Cannot read IP mode file for STMicroelectronics.FP-SNS-MOTENVWB1.1.4.0
2025-07-31 15:06:06,535 [WARN] PackLoader:240 - Cannot read IP mode file for STMicroelectronics.X-CUBE-DISPLAY.3.0.0
2025-07-31 15:06:06,558 [WARN] PackLoader:240 - Cannot read IP mode file for STMicroelectronics.FP-SNS-SMARTAG2.1.2.0
2025-07-31 15:06:06,569 [WARN] PackLoader:240 - Cannot read IP mode file for STMicroelectronics.FP-SNS-MOTENV1.5.0.0
2025-07-31 15:06:06,586 [WARN] PackLoader:240 - Cannot read IP mode file for STMicroelectronics.X-CUBE-BLE2.3.3.0
2025-07-31 15:06:06,595 [WARN] PackLoader:240 - Cannot read IP mode file for STMicroelectronics.FP-ATR-SIGFOX1.3.2.0
2025-07-31 15:06:06,611 [WARN] PackLoader:240 - Cannot read IP mode file for STMicroelectronics.FP-SNS-STBOX1.2.0.0
2025-07-31 15:06:06,628 [WARN] PackLoader:240 - Cannot read IP mode file for STMicroelectronics.X-CUBE-ALS.1.0.2
2025-07-31 15:06:06,631 [INFO] ThirdParty:978 - Integrity check success = true
2025-07-31 15:06:06,632 [INFO] IntegrityCheckThread:100 - exiting critical section [integrity check]
2025-07-31 15:06:06,632 [INFO] IntegrityCheckThread:103 - End integrity checks thread
2025-07-31 15:06:08,082 [INFO] WebApp:191 - Connection restablished
2025-07-31 15:06:55,883 [INFO] McuFinderGlobals:63 - Set McuFinder mode to 2 (CubeIDE integrated)
2025-07-31 15:06:55,886 [INFO] MainUpdater:2872 - connection check result : 10
2025-07-31 15:06:56,486 [INFO] ApiDb:581 - Connected to CubeFinder SQLite database (/home/nova/.stmcufinder/plugins/mcufinder/mcu/cube-finder-db.db)
2025-07-31 15:06:56,637 [INFO] ApiDb:668 - CubeFinder database Data Model version=2.1
2025-07-31 15:06:56,637 [INFO] ApiDb:669 - CubeFinder database Configuration version=3.0.39
2025-07-31 15:06:56,637 [INFO] ApiDb:670 - CubeFinder database generation date=2025-07-21 (1753107327)
2025-07-31 15:06:56,638 [INFO] ApiDb:671 - CubeFinder database FW Pack versions=[FP-ATR-ASTRA1_V2.0.0, FP-SNS-FLIGHT1_V5.1.0, FP-SNS-MOTENV1_V5.0.0, FP-SNS-MOTENVWB1_V1.4.0, FP-SNS-SMARTAG2_V1.2.0, FP-SNS-STBOX1_V2.0.0, STM32Cube_FW_C0_V1.4.0, STM32Cube_FW_F4_V1.28.2, STM32Cube_FW_F7_V1.17.3, STM32Cube_FW_G0_V1.6.2, STM32Cube_FW_G4_V1.6.1, STM32Cube_FW_H5_V1.5.0, STM32Cube_FW_H7RS_V1.2.0, STM32Cube_FW_H7_V1.12.1, STM32Cube_FW_L0_V1.12.2, STM32Cube_FW_L4_V1.18.1, STM32Cube_FW_L5_V1.5.1, STM32Cube_FW_N6_V1.2.0, STM32Cube_FW_U0_V1.3.0, STM32Cube_FW_U3_V1.2.0, STM32Cube_FW_U5_V1.8.0, STM32Cube_FW_WB0_V1.3.0, STM32Cube_FW_WBA_V1.7.0, STM32Cube_FW_WB_V1.23.0, STM32Cube_FW_WL3_V1.2.0, STM32Cube_FW_WL_V1.3.1, X-CUBE-ALGOBUILD_V1.4.0, X-CUBE-ALS_V1.0.2, X-CUBE-AZRTOS-F4_V1.1.0, X-CUBE-AZRTOS-F7_V1.1.0, X-CUBE-AZRTOS-G0_V1.1.0, X-CUBE-AZRTOS-G4_V2.0.0, X-CUBE-AZRTOS-H7RS_V1.1.0, X-CUBE-AZRTOS-H7_V3.3.0, X-CUBE-AZRTOS-L4_V2.0.0, X-CUBE-AZRTOS-L5_V2.0.0, X-CUBE-AZRTOS-WB_V2.0.0, X-CUBE-AZRTOS-WL_V2.0.0, X-CUBE-BLE1_V7.1.0, X-CUBE-BLE2_V3.3.0, X-CUBE-BLEMGR_V4.0.0, X-CUBE-EEPRMA1_V5.1.0, X-CUBE-FREERTOS_V1.3.1, X-CUBE-GNSS1_V6.0.0, X-CUBE-MEMS1_V11.3.0, X-CUBE-NFC4_V3.0.0, X-CUBE-NFC7_V2.0.0, X-CUBE-SFXS2LP1_V4.0.0, X-CUBE-SUBG2_V5.0.0, X-CUBE-TOF1_V3.4.3]
2025-07-31 15:06:56,764 [INFO] DbBoardsSqlite:226 - include board P-NUCLEO-WB55-NUCLEO as a kit item of type 'Nucleo-64'
2025-07-31 15:06:56,765 [INFO] DbBoardsSqlite:226 - include board P-NUCLEO-WB55-USBDONGLE as a kit item of type 'Nucleo USB Dongle'
2025-07-31 15:06:56,766 [INFO] DbBoardsSqlite:226 - include board STEVAL-IDP005V1 as a kit item of type 'Evaluation Board'
2025-07-31 15:06:56,767 [INFO] DbBoardsSqlite:226 - include board STEVAL-IDP005V2 as a kit item of type 'Evaluation Board'
2025-07-31 15:06:56,881 [INFO] ApiDb:240 - Found 895 in-development CPN: [B-G473E-ZEST1S, B-WB1M-WPAN1, B-WBA5M-WPAN, B-WL5M-SUBG1, NUCLEO-C031C6, NUCLEO-C051C8, NUCLEO-C071RB, NUCLEO-C092RC, NUCLEO-H503RB, NUCLEO-H533RE, NUCLEO-H563ZI, NUCLEO-H7S3L8, NUCLEO-N657X0-Q, NUCLEO-U031R8, NUCLEO-U083RC, NUCLEO-U385RG-Q, NUCLEO-U545RE-Q, NUCLEO-U5A5ZJ-Q, NUCLEO-WB05KZ, NUCLEO-WB07CC, NUCLEO-WB09KE, NUCLEO-WBA52CG, NUCLEO-WBA55CG, NUCLEO-WBA65RI, NUCLEO-WL33CC1, NUCLEO-WL33CC2, STEVAL-PROTEUS1, STEVAL-SMARTAG2, STEVAL-STWINBX1, STM320518-EVAL, STM32C0116-DK, STM32C011D6Y3TR, STM32C011D6Y6TR, STM32C011F4P3, STM32C011F4P6, STM32C011F4U3, STM32C011F4U6TR, STM32C011F6P3, STM32C011F6P6, STM32C011F6U3, STM32C011F6U6TR, STM32C011J4M3, STM32C011J4M6, STM32C011J6M3, STM32C011J6M6, STM32C0316-DK, STM32C031C4T3, STM32C031C4T6, STM32C031C4U3, STM32C031C4U6, STM32C031C6T3, STM32C031C6T6, STM32C031C6U3, STM32C031C6U6, STM32C031F4P3, STM32C031F4P6, STM32C031F6P3, STM32C031F6P6, STM32C031G4U3, STM32C031G4U6, STM32C031G6U3, STM32C031G6U6, STM32C031K4T3, STM32C031K4T6, STM32C031K4U3, STM32C031K4U6, STM32C031K6T3, STM32C031K6T6, STM32C031K6U3, STM32C031K6U6, STM32C051C6T6, STM32C051C6U6, STM32C051C8T6, STM32C051C8U6, STM32C051D8Y6TR, STM32C051F6P6, STM32C051F8P6, STM32C051G6U6, STM32C051G8U6, STM32C051K6T6, STM32C051K6U6, STM32C051K8T6, STM32C071C8T6, STM32C071C8T6N, STM32C071C8U6, STM32C071C8U6N, STM32C071CBT6, STM32C071CBT6N, STM32C071CBU6, STM32C071CBU6N, STM32C071F8P6, STM32C071F8P6N, STM32C071FBP6, STM32C071FBP6N, STM32C071FBY6TR, STM32C071G8U6, STM32C071G8U6N, STM32C071GBU6, STM32C071GBU6N, STM32C071K8T6, STM32C071K8T6N, STM32C071K8U6, STM32C071K8U6N, STM32C071KBT6, STM32C071KBT6N, STM32C071KBU6, STM32C071KBU6N, STM32C071R8T6, STM32C071R8T6N, STM32C071RBI6N, STM32C071RBT6, STM32C071RBT6N, STM32C091CBT6, STM32C091CBU6, STM32C091CCT6, STM32C091CCU6, STM32C091ECY6TR, STM32C091FBP6, STM32C091FCP6, STM32C091GBU6, STM32C091GCU6, STM32C091KBT6, STM32C091KBU6, STM32C091KCT6, STM32C091KCU6, STM32C091RBT6, STM32C091RCI6, STM32C091RCT6, STM32C092CBT6, STM32C092CBU6, STM32C092CCT6, STM32C092CCU6, STM32C092ECY6TR, STM32C092FBP6, STM32C092FCP6, STM32C092GBU6, STM32C092GCU6, STM32C092KBT6, STM32C092KBU6, STM32C092KCT6, STM32C092KCU6, STM32C092RBT6, STM32C092RCI6, STM32C092RCT6, STM32G071K8TXN, STM32G071K8UXN, STM32G081GBU6N, STM32G081KBT6N, STM32G081KBUXN, STM32G0B1CCT6N, STM32G0B1KCT6, STM32G0B1NEY6TR, STM32G0B1RCT6N, STM32G0C1CCT6, STM32G0C1CCT6N, STM32G0C1CCU6N, STM32G0C1CET6N, STM32G0C1CEU6N, STM32G0C1KCT6, STM32G0C1NEY6TR, STM32G0C1RCI6N, STM32G0C1RCT6N, STM32G0C1REI6N, STM32G0C1RET6N, STM32G0C1VCI6, STM32G0C1VEI6, STM32G411C6T3, STM32G411C6T6, STM32G411C6U3, STM32G411C6U6, STM32G411C8T3, STM32G411C8T6, STM32G411C8U3, STM32G411C8U6, STM32G411CBT3, STM32G411CBT6, STM32G411CBU3, STM32G411CBU6, STM32G411CCT3, STM32G411CCT6, STM32G411CCU3, STM32G411CCU6, STM32G411K6T3, STM32G411K6T6, STM32G411K6U3, STM32G411K6U6, STM32G411K8T3, STM32G411K8T6, STM32G411K8U3, STM32G411K8U6, STM32G411KBT3, STM32G411KBT6, STM32G411KBU3, STM32G411KBU6, STM32G411M6T3, STM32G411M6T6, STM32G411M8T3, STM32G411M8T6, STM32G411MBT3, STM32G411MBT6, STM32G411MCT3, STM32G411MCT6, STM32G411R6T3, STM32G411R6T6, STM32G411R8T3, STM32G411R8T6, STM32G411RBT3, STM32G411RBT6, STM32G411RCT3, STM32G411RCT6, STM32G414CBT3, STM32G414CBT6, STM32G414CBU3, STM32G414CBU6, STM32G414CCT3, STM32G414CCT6, STM32G414CCU3, STM32G414CCU6, STM32G414MBT3, STM32G414MBT6, STM32G414MCT3, STM32G414MCT6, STM32G414RBT3, STM32G414RBT6, STM32G414RCT3, STM32G414RCT6, STM32G414VBT3, STM32G414VBT6, STM32G414VCT3, STM32G414VCT6, STM32G431CBT3Z, STM32G431RBT3Z, STM32G471CCT6, STM32G471CCU6, STM32G471CET3, STM32G471CET6, STM32G471CEU3, STM32G471CEU6, STM32G471MCT6, STM32G471MET3, STM32G471MET6, STM32G471MEY6TR, STM32G471QCT6, STM32G471QET3, STM32G471RCT6, STM32G471RET3, STM32G471RET6, STM32G471VCH6, STM32G471VCI6, STM32G471VCT6, STM32G471VEH3, STM32G471VEH6, STM32G471VEI3, STM32G471VEI6, STM32G471VET3, STM32G471VET6, STM32G473QET3Z, STM32G473RET3Z, STM32G474CCT6, STM32G491RET3Z, STM32H503CBT6, STM32H503CBU6, STM32H503EBY6TR, STM32H503KBU6, STM32H503RBT6, STM32H523CCT6, STM32H523CCU6, STM32H523CET6, STM32H523CEU6, STM32H523HEY6TR, STM32H523RCT6, STM32H523RET6, STM32H523VCI6, STM32H523VCT6, STM32H523VEI6, STM32H523VET6, STM32H523ZCJ6, STM32H523ZCT6, STM32H523ZEJ6, STM32H523ZET6, STM32H533CET6, STM32H533CEU6, STM32H533HEY6TR, STM32H533RET6, STM32H533VEI6, STM32H533VET6, STM32H533ZEJ6, STM32H533ZET6, STM32H562AGI6, STM32H562AII6, STM32H562IGK6, STM32H562IGT6, STM32H562IIK6, STM32H562IIT6, STM32H562RGT6, STM32H562RGV6, STM32H562RIT6, STM32H562RIV6, STM32H562VGT6, STM32H562VIT6, STM32H562ZGT6, STM32H562ZIT6, STM32H563AGI6, STM32H563AII3Q, STM32H563AII6, STM32H563IGK6, STM32H563IGT6, STM32H563IIK3Q, STM32H563IIK6, STM32H563IIT3Q, STM32H563IIT6, STM32H563MIY3QTR, STM32H563RGT6, STM32H563RGV6, STM32H563RIT6, STM32H563RIV6, STM32H563VGT6, STM32H563VIT3Q, STM32H563VIT6, STM32H563ZGT6, STM32H563ZIT3Q, STM32H563ZIT6, STM32H573AII3Q, STM32H573AII6, STM32H573I-DK, STM32H573IIK3Q, STM32H573IIK6, STM32H573IIT3Q, STM32H573IIT6, STM32H573MIY3QTR, STM32H573RIT6, STM32H573RIV6, STM32H573VIT3Q, STM32H573VIT6, STM32H573ZIT3Q, STM32H573ZIT6, STM32H7R3A8I6, STM32H7R3I8K6, STM32H7R3I8T6, STM32H7R3L8H6, STM32H7R3L8H6H, STM32H7R3R8V6, STM32H7R3V8H6, STM32H7R3V8T6, STM32H7R3V8Y6TR, STM32H7R3Z8J6, STM32H7R3Z8T6, STM32H7R7A8I6, STM32H7R7I8K6, STM32H7R7I8T6, STM32H7R7L8H6, STM32H7R7L8H6H, STM32H7R7Z8J6, STM32H7S3A8I6, STM32H7S3I8K6, STM32H7S3I8T6, STM32H7S3L8H6, STM32H7S3L8H6H, STM32H7S3R8V6, STM32H7S3V8H6, STM32H7S3V8T6, STM32H7S3V8Y6TR, STM32H7S3Z8J6, STM32H7S3Z8T6, STM32H7S78-DK, STM32H7S7A8I6, STM32H7S7I8K6, STM32H7S7I8T6, STM32H7S7L8H6, STM32H7S7L8H6H, STM32H7S7Z8J6, STM32L4R5QGI6STR, STM32MP131AAE3, STM32MP131AAF3, STM32MP131AAG3, STM32MP131CAE3, STM32MP131CAF3, STM32MP131CAG3, STM32MP131DAE7, STM32MP131DAF7, STM32MP131DAG7, STM32MP131FAE7, STM32MP131FAF7, STM32MP131FAG7, STM32MP133AAE3, STM32MP133AAF3, STM32MP133AAG3, STM32MP133CAE3, STM32MP133CAF3, STM32MP133CAG3, STM32MP133DAE7, STM32MP133DAF7, STM32MP133DAG7, STM32MP133FAE7, STM32MP133FAF7, STM32MP133FAG7, STM32MP135AAE3, STM32MP135AAF3, STM32MP135AAG3, STM32MP135CAE3, STM32MP135CAF3, STM32MP135CAG3, STM32MP135DAE7, STM32MP135DAF7, STM32MP135DAG7, STM32MP135F-DK, STM32MP135FAE7, STM32MP135FAF7, STM32MP135FAF7T, STM32MP135FAF7U, STM32MP135FAG7, STM32MP231AAJ3, STM32MP231AAK3, STM32MP231AAL3, STM32MP231CAJ3, STM32MP231CAK3, STM32MP231CAL3, STM32MP231DAJ3, STM32MP231DAK3, STM32MP231DAL3, STM32MP231FAJ3, STM32MP231FAK3, STM32MP231FAL3, STM32MP233AAJ3, STM32MP233AAK3, STM32MP233AAL3, STM32MP233CAJ3, STM32MP233CAK3, STM32MP233CAL3, STM32MP233DAJ3, STM32MP233DAK3, STM32MP233DAL3, STM32MP233FAJ3, STM32MP233FAK3, STM32MP233FAL3, STM32MP235AAJ3, STM32MP235AAK3, STM32MP235AAL3, STM32MP235CAJ3, STM32MP235CAK3, STM32MP235CAL3, STM32MP235DAJ3, STM32MP235DAK3, STM32MP235DAL3, STM32MP235FAJ3, STM32MP235FAK3, STM32MP235FAL3, STM32MP251AAI3, STM32MP251AAJ3, STM32MP251AAK3, STM32MP251AAL3, STM32MP251CAI3, STM32MP251CAJ3, STM32MP251CAK3, STM32MP251CAL3, STM32MP251DAI3, STM32MP251DAJ3, STM32MP251DAK3, STM32MP251DAL3, STM32MP251FAI3, STM32MP251FAJ3, STM32MP251FAK3, STM32MP251FAL3, STM32MP253AAI3, STM32MP253AAJ3, STM32MP253AAK3, STM32MP253AAL3, STM32MP253CAI3, STM32MP253CAJ3, STM32MP253CAK3, STM32MP253CAL3, STM32MP253DAI3, STM32MP253DAJ3, STM32MP253DAK3, STM32MP253DAL3, STM32MP253FAI3, STM32MP253FAJ3, STM32MP253FAK3, STM32MP253FAL3, STM32MP255AAI3, STM32MP255AAJ3, STM32MP255AAK3, STM32MP255AAL3, STM32MP255CAI3, STM32MP255CAJ3, STM32MP255CAK3, STM32MP255CAL3, STM32MP255DAI3, STM32MP255DAJ3, STM32MP255DAK3, STM32MP255DAL3, STM32MP255FAI3, STM32MP255FAJ3, STM32MP255FAK3, STM32MP255FAL3, STM32MP257AAI3, STM32MP257AAJ3, STM32MP257AAK3, STM32MP257AAL3, STM32MP257CAI3, STM32MP257CAJ3, STM32MP257CAK3, STM32MP257CAL3, STM32MP257DAI3, STM32MP257DAJ3, STM32MP257DAK3, STM32MP257DAL3, STM32MP257F-DK, STM32MP257F-EV1, STM32MP257FAI3, STM32MP257FAJ3, STM32MP257FAK3, STM32MP257FAL3, STM32N645A0H3Q, STM32N645B0H3Q, STM32N645I0H3Q, STM32N645L0H3Q, STM32N645X0H3Q, STM32N645Z0H3Q, STM32N647A0H3Q, STM32N647B0H3Q, STM32N647I0H3Q, STM32N647L0H3Q, STM32N647X0H3Q, STM32N647Z0H3Q, STM32N655A0H3Q, STM32N655B0H3Q, STM32N655I0H3Q, STM32N655L0H3Q, STM32N655X0H3Q, STM32N655Z0H3Q, STM32N6570-DK, STM32N657A0H3Q, STM32N657B0H3Q, STM32N657I0H3Q, STM32N657L0H3Q, STM32N657X0H3Q, STM32N657Z0H3Q, STM32U031C6T6, STM32U031C6U6, STM32U031C8T6, STM32U031C8U6, STM32U031F4P6, STM32U031F6P6, STM32U031F8P6, STM32U031G6Y6TR, STM32U031G8Y6TR, STM32U031K4U6, STM32U031K6U6, STM32U031K8U6, STM32U031R6I6, STM32U031R6T6, STM32U031R8I6, STM32U031R8T6, STM32U073C8T6, STM32U073C8U6, STM32U073CBT6, STM32U073CBU6, STM32U073CCT6, STM32U073CCU6, STM32U073H8Y6TR, STM32U073HBY6TR, STM32U073HCY6TR, STM32U073K8U6, STM32U073KBU6, STM32U073KCU6, STM32U073M8I6, STM32U073M8T6, STM32U073MBI6, STM32U073MBT6, STM32U073MCI6, STM32U073MCT6, STM32U073R8I6, STM32U073R8T6, STM32U073RBI6, STM32U073RBT6, STM32U073RCI6, STM32U073RCT6, STM32U083C-DK, STM32U083CCT6, STM32U083CCU6, STM32U083HCY6TR, STM32U083KCU6, STM32U083MCI6, STM32U083MCT6, STM32U083RCI6, STM32U083RCT6, STM32U375CET6, STM32U375CET6Q, STM32U375CEU6, STM32U375CEU6Q, STM32U375CEY6QTR, STM32U375CGT6, STM32U375CGT6Q, STM32U375CGU6, STM32U375CGU6Q, STM32U375CGY6QTR, STM32U375KEU6, STM32U375KGU6, STM32U375REI6, STM32U375REI6Q, STM32U375RET6, STM32U375RET6Q, STM32U375REY6GTR, STM32U375REY6QTR, STM32U375RGI6, STM32U375RGI6Q, STM32U375RGT6, STM32U375RGT6Q, STM32U375RGY6GTR, STM32U375RGY6QTR, STM32U375VEI6, STM32U375VEI6Q, STM32U375VET6, STM32U375VET6Q, STM32U375VGI6, STM32U375VGI6Q, STM32U375VGT6, STM32U375VGT6Q, STM32U385CGT6, STM32U385CGT6Q, STM32U385CGU6, STM32U385CGU6Q, STM32U385CGY6QTR, STM32U385KGU6, STM32U385RGI6, STM32U385RGI6Q, STM32U385RGT6, STM32U385RGT6Q, STM32U385RGY6GTR, STM32U385RGY6QTR, STM32U385VGI6, STM32U385VGI6Q, STM32U385VGT6, STM32U385VGT6Q, STM32U535CBT6, STM32U535CBT6Q, STM32U535CBU6, STM32U535CBU6Q, STM32U535CCT6, STM32U535CCT6Q, STM32U535CCU6, STM32U535CCU6Q, STM32U535CET6, STM32U535CET6Q, STM32U535CEU6, STM32U535CEU6Q, STM32U535JEY6QTR, STM32U535NCY6QTR, STM32U535NEY6QTR, STM32U535RBI6, STM32U535RBI6Q, STM32U535RBT6, STM32U535RBT6Q, STM32U535RCI6, STM32U535RCI6Q, STM32U535RCT6, STM32U535RCT6Q, STM32U535REI6, STM32U535REI6Q, STM32U535RET6, STM32U535RET6Q, STM32U535VCI6, STM32U535VCI6Q, STM32U535VCT6, STM32U535VCT6Q, STM32U535VEI6, STM32U535VEI6Q, STM32U535VET6, STM32U535VET6Q, STM32U545CET6, STM32U545CET6Q, STM32U545CEU6, STM32U545CEU6Q, STM32U545JEY6QTR, STM32U545NEY6QTR, STM32U545REI6, STM32U545REI6Q, STM32U545RET6, STM32U545RET6Q, STM32U545VEI6, STM32U545VEI6Q, STM32U545VET6, STM32U545VET6Q, STM32U595AIH6, STM32U595AIH6Q, STM32U595AJH6, STM32U595AJH6Q, STM32U595QII6, STM32U595QII6Q, STM32U595QJI6, STM32U595QJI6Q, STM32U595RIT6, STM32U595RIT6Q, STM32U595RJT6, STM32U595RJT6Q, STM32U595VIT6, STM32U595VIT6Q, STM32U595VJT6, STM32U595VJT6Q, STM32U595ZIT6, STM32U595ZIT6Q, STM32U595ZIY6QTR, STM32U595ZJT6, STM32U595ZJT6Q, STM32U595ZJY6QTR, STM32U599BJY6QTR, STM32U599NIH6Q, STM32U599NJH6Q, STM32U599VIT6Q, STM32U599VJT6, STM32U599VJT6Q, STM32U599ZIT6Q, STM32U599ZIY6QTR, STM32U599ZJT6Q, STM32U599ZJY6QTR, STM32U5A5AJH6, STM32U5A5AJH6Q, STM32U5A5QII3Q , STM32U5A5QJI6, STM32U5A5QJI6Q, STM32U5A5RJT6, STM32U5A5RJT6Q, STM32U5A5VJT6, STM32U5A5VJT6Q, STM32U5A5ZJT6, STM32U5A5ZJT6Q, STM32U5A5ZJY6QTR, STM32U5A9BJY6QTR, STM32U5A9J-DK, STM32U5A9NJH6Q, STM32U5A9VJT6Q, STM32U5A9ZJT6Q, STM32U5A9ZJY6QTR, STM32U5F7VIT6, STM32U5F7VIT6Q, STM32U5F7VJT6, STM32U5F7VJT6Q, STM32U5F9BJY6QTR, STM32U5F9NJH6Q, STM32U5F9VIT6Q, STM32U5F9VJT6Q, STM32U5F9ZIJ6QTR, STM32U5F9ZIT6Q, STM32U5F9ZJJ6QTR, STM32U5F9ZJT6Q, STM32U5G7VJT6, STM32U5G7VJT6Q, STM32U5G9BJY6QTR, STM32U5G9J-DK1, STM32U5G9J-DK2, STM32U5G9NJH6Q, STM32U5G9VJT6Q, STM32U5G9ZJJ6QTR, STM32U5G9ZJT6Q, STM32WB05KZV6TR, STM32WB05KZV7TR, STM32WB05TZF6TR, STM32WB05TZF7TR, STM32WB06CCF6TR, STM32WB06CCF7TR, STM32WB06CCV6TR, STM32WB06CCV7TR, STM32WB06KCV6TR, STM32WB06KCV7TR, STM32WB07CCF6TR, STM32WB07CCF7TR, STM32WB07CCV6TR, STM32WB07CCV7TR, STM32WB07KCV6TR, STM32WB07KCV7TR, STM32WB09KEV6TR, STM32WB09KEV7TR, STM32WB09TEF6TR, STM32WB09TEF7TR, STM32WB1MMCH6, STM32WBA50KGU6, STM32WBA50KGU6TR, STM32WBA52CEU6, STM32WBA52CEU6TR, STM32WBA52CEU7, STM32WBA52CEU7TR, STM32WBA52CGU6, STM32WBA52CGU6TR, STM32WBA52CGU6U, STM32WBA52CGU7, STM32WBA52CGU7TR, STM32WBA52KEU6, STM32WBA52KEU6TR, STM32WBA52KGU6, STM32WBA52KGU6TR, STM32WBA54CEU6, STM32WBA54CEU6TR, STM32WBA54CEU7, STM32WBA54CEU7TR, STM32WBA54CGU6, STM32WBA54CGU6TR, STM32WBA54CGU7, STM32WBA54CGU7TR, STM32WBA54KEU6, STM32WBA54KEU6TR, STM32WBA54KEU7, STM32WBA54KEU7TR, STM32WBA54KGU6, STM32WBA54KGU6TR, STM32WBA54KGU7, STM32WBA54KGU7TR, STM32WBA55CEU6, STM32WBA55CEU6TR, STM32WBA55CEU7, STM32WBA55CEU7TR, STM32WBA55CGU6, STM32WBA55CGU6TR, STM32WBA55CGU6U, STM32WBA55CGU7, STM32WBA55CGU7TR, STM32WBA55G-DK1, STM32WBA55HEF6, STM32WBA55HEF7, STM32WBA55HGF6, STM32WBA55HGF7, STM32WBA55UEI6, STM32WBA55UEI6TR, STM32WBA55UEI7, STM32WBA55UEI7TR, STM32WBA55UGI6, STM32WBA55UGI6TR, STM32WBA55UGI7, STM32WBA55UGI7TR, STM32WBA5MJGH6TR, STM32WBA62CGU6, STM32WBA62CIU6, STM32WBA62MGF6, STM32WBA62MIF6, STM32WBA62PGI6, STM32WBA62PII6, STM32WBA63CGU6, STM32WBA63CGU7, STM32WBA63CIU6, STM32WBA63CIU7, STM32WBA64CGU6, STM32WBA64CGU7, STM32WBA64CIU6, STM32WBA64CIU7, STM32WBA65CGU6, STM32WBA65CGU7, STM32WBA65CIU6, STM32WBA65CIU7, STM32WBA65I-DK1, STM32WBA65MGF6, STM32WBA65MGF7, STM32WBA65MIF6, STM32WBA65MIF7, STM32WBA65PGI6, STM32WBA65PGI7, STM32WBA65PII6, STM32WBA65PII7, STM32WBA65RGV6, STM32WBA65RGV7, STM32WBA65RIV6, STM32WBA65RIV7, STM32WL30K8V6, STM32WL30KBV6, STM32WL31C8V6, STM32WL31CBV6, STM32WL31K8V6, STM32WL31KBV6, STM32WL33C8V6, STM32WL33C8V6TR, STM32WL33C8V7, STM32WL33C8V7TR, STM32WL33CBV6, STM32WL33CBV6TR, STM32WL33CBV7, STM32WL33CBV7TR, STM32WL33CCV6, STM32WL33CCV6TR, STM32WL33CCV7, STM32WL33CCV7A, STM32WL33CCV7ATR, STM32WL33CCV7TR, STM32WL33K8V6, STM32WL33K8V6TR, STM32WL33K8V7, STM32WL33K8V7TR, STM32WL33KBV6, STM32WL33KBV6TR, STM32WL33KBV7, STM32WL33KBV7TR, STM32WL33KCV6, STM32WL33KCV6TR, STM32WL33KCV7, STM32WL33KCV7TR, STM32WL5MOCH6, STM32WL5MOCH6TR]
2025-07-31 15:06:56,889 [INFO] ApiDb:668 - CubeFinder database Data Model version=2.1
2025-07-31 15:06:56,890 [INFO] ApiDb:669 - CubeFinder database Configuration version=3.0.39
2025-07-31 15:06:56,890 [INFO] ApiDb:670 - CubeFinder database generation date=2025-07-21 (1753107327)
2025-07-31 15:06:56,890 [INFO] ApiDb:671 - CubeFinder database FW Pack versions=[FP-ATR-ASTRA1_V2.0.0, FP-SNS-FLIGHT1_V5.1.0, FP-SNS-MOTENV1_V5.0.0, FP-SNS-MOTENVWB1_V1.4.0, FP-SNS-SMARTAG2_V1.2.0, FP-SNS-STBOX1_V2.0.0, STM32Cube_FW_C0_V1.4.0, STM32Cube_FW_F4_V1.28.2, STM32Cube_FW_F7_V1.17.3, STM32Cube_FW_G0_V1.6.2, STM32Cube_FW_G4_V1.6.1, STM32Cube_FW_H5_V1.5.0, STM32Cube_FW_H7RS_V1.2.0, STM32Cube_FW_H7_V1.12.1, STM32Cube_FW_L0_V1.12.2, STM32Cube_FW_L4_V1.18.1, STM32Cube_FW_L5_V1.5.1, STM32Cube_FW_N6_V1.2.0, STM32Cube_FW_U0_V1.3.0, STM32Cube_FW_U3_V1.2.0, STM32Cube_FW_U5_V1.8.0, STM32Cube_FW_WB0_V1.3.0, STM32Cube_FW_WBA_V1.7.0, STM32Cube_FW_WB_V1.23.0, STM32Cube_FW_WL3_V1.2.0, STM32Cube_FW_WL_V1.3.1, X-CUBE-ALGOBUILD_V1.4.0, X-CUBE-ALS_V1.0.2, X-CUBE-AZRTOS-F4_V1.1.0, X-CUBE-AZRTOS-F7_V1.1.0, X-CUBE-AZRTOS-G0_V1.1.0, X-CUBE-AZRTOS-G4_V2.0.0, X-CUBE-AZRTOS-H7RS_V1.1.0, X-CUBE-AZRTOS-H7_V3.3.0, X-CUBE-AZRTOS-L4_V2.0.0, X-CUBE-AZRTOS-L5_V2.0.0, X-CUBE-AZRTOS-WB_V2.0.0, X-CUBE-AZRTOS-WL_V2.0.0, X-CUBE-BLE1_V7.1.0, X-CUBE-BLE2_V3.3.0, X-CUBE-BLEMGR_V4.0.0, X-CUBE-EEPRMA1_V5.1.0, X-CUBE-FREERTOS_V1.3.1, X-CUBE-GNSS1_V6.0.0, X-CUBE-MEMS1_V11.3.0, X-CUBE-NFC4_V3.0.0, X-CUBE-NFC7_V2.0.0, X-CUBE-SFXS2LP1_V4.0.0, X-CUBE-SUBG2_V5.0.0, X-CUBE-TOF1_V3.4.3]
2025-07-31 15:07:01,887 [INFO] ApiDb:240 - Found 895 in-development CPN: [B-G473E-ZEST1S, B-WB1M-WPAN1, B-WBA5M-WPAN, B-WL5M-SUBG1, NUCLEO-C031C6, NUCLEO-C051C8, NUCLEO-C071RB, NUCLEO-C092RC, NUCLEO-H503RB, NUCLEO-H533RE, NUCLEO-H563ZI, NUCLEO-H7S3L8, NUCLEO-N657X0-Q, NUCLEO-U031R8, NUCLEO-U083RC, NUCLEO-U385RG-Q, NUCLEO-U545RE-Q, NUCLEO-U5A5ZJ-Q, NUCLEO-WB05KZ, NUCLEO-WB07CC, NUCLEO-WB09KE, NUCLEO-WBA52CG, NUCLEO-WBA55CG, NUCLEO-WBA65RI, NUCLEO-WL33CC1, NUCLEO-WL33CC2, STEVAL-PROTEUS1, STEVAL-SMARTAG2, STEVAL-STWINBX1, STM320518-EVAL, STM32C0116-DK, STM32C011D6Y3TR, STM32C011D6Y6TR, STM32C011F4P3, STM32C011F4P6, STM32C011F4U3, STM32C011F4U6TR, STM32C011F6P3, STM32C011F6P6, STM32C011F6U3, STM32C011F6U6TR, STM32C011J4M3, STM32C011J4M6, STM32C011J6M3, STM32C011J6M6, STM32C0316-DK, STM32C031C4T3, STM32C031C4T6, STM32C031C4U3, STM32C031C4U6, STM32C031C6T3, STM32C031C6T6, STM32C031C6U3, STM32C031C6U6, STM32C031F4P3, STM32C031F4P6, STM32C031F6P3, STM32C031F6P6, STM32C031G4U3, STM32C031G4U6, STM32C031G6U3, STM32C031G6U6, STM32C031K4T3, STM32C031K4T6, STM32C031K4U3, STM32C031K4U6, STM32C031K6T3, STM32C031K6T6, STM32C031K6U3, STM32C031K6U6, STM32C051C6T6, STM32C051C6U6, STM32C051C8T6, STM32C051C8U6, STM32C051D8Y6TR, STM32C051F6P6, STM32C051F8P6, STM32C051G6U6, STM32C051G8U6, STM32C051K6T6, STM32C051K6U6, STM32C051K8T6, STM32C071C8T6, STM32C071C8T6N, STM32C071C8U6, STM32C071C8U6N, STM32C071CBT6, STM32C071CBT6N, STM32C071CBU6, STM32C071CBU6N, STM32C071F8P6, STM32C071F8P6N, STM32C071FBP6, STM32C071FBP6N, STM32C071FBY6TR, STM32C071G8U6, STM32C071G8U6N, STM32C071GBU6, STM32C071GBU6N, STM32C071K8T6, STM32C071K8T6N, STM32C071K8U6, STM32C071K8U6N, STM32C071KBT6, STM32C071KBT6N, STM32C071KBU6, STM32C071KBU6N, STM32C071R8T6, STM32C071R8T6N, STM32C071RBI6N, STM32C071RBT6, STM32C071RBT6N, STM32C091CBT6, STM32C091CBU6, STM32C091CCT6, STM32C091CCU6, STM32C091ECY6TR, STM32C091FBP6, STM32C091FCP6, STM32C091GBU6, STM32C091GCU6, STM32C091KBT6, STM32C091KBU6, STM32C091KCT6, STM32C091KCU6, STM32C091RBT6, STM32C091RCI6, STM32C091RCT6, STM32C092CBT6, STM32C092CBU6, STM32C092CCT6, STM32C092CCU6, STM32C092ECY6TR, STM32C092FBP6, STM32C092FCP6, STM32C092GBU6, STM32C092GCU6, STM32C092KBT6, STM32C092KBU6, STM32C092KCT6, STM32C092KCU6, STM32C092RBT6, STM32C092RCI6, STM32C092RCT6, STM32G071K8TXN, STM32G071K8UXN, STM32G081GBU6N, STM32G081KBT6N, STM32G081KBUXN, STM32G0B1CCT6N, STM32G0B1KCT6, STM32G0B1NEY6TR, STM32G0B1RCT6N, STM32G0C1CCT6, STM32G0C1CCT6N, STM32G0C1CCU6N, STM32G0C1CET6N, STM32G0C1CEU6N, STM32G0C1KCT6, STM32G0C1NEY6TR, STM32G0C1RCI6N, STM32G0C1RCT6N, STM32G0C1REI6N, STM32G0C1RET6N, STM32G0C1VCI6, STM32G0C1VEI6, STM32G411C6T3, STM32G411C6T6, STM32G411C6U3, STM32G411C6U6, STM32G411C8T3, STM32G411C8T6, STM32G411C8U3, STM32G411C8U6, STM32G411CBT3, STM32G411CBT6, STM32G411CBU3, STM32G411CBU6, STM32G411CCT3, STM32G411CCT6, STM32G411CCU3, STM32G411CCU6, STM32G411K6T3, STM32G411K6T6, STM32G411K6U3, STM32G411K6U6, STM32G411K8T3, STM32G411K8T6, STM32G411K8U3, STM32G411K8U6, STM32G411KBT3, STM32G411KBT6, STM32G411KBU3, STM32G411KBU6, STM32G411M6T3, STM32G411M6T6, STM32G411M8T3, STM32G411M8T6, STM32G411MBT3, STM32G411MBT6, STM32G411MCT3, STM32G411MCT6, STM32G411R6T3, STM32G411R6T6, STM32G411R8T3, STM32G411R8T6, STM32G411RBT3, STM32G411RBT6, STM32G411RCT3, STM32G411RCT6, STM32G414CBT3, STM32G414CBT6, STM32G414CBU3, STM32G414CBU6, STM32G414CCT3, STM32G414CCT6, STM32G414CCU3, STM32G414CCU6, STM32G414MBT3, STM32G414MBT6, STM32G414MCT3, STM32G414MCT6, STM32G414RBT3, STM32G414RBT6, STM32G414RCT3, STM32G414RCT6, STM32G414VBT3, STM32G414VBT6, STM32G414VCT3, STM32G414VCT6, STM32G431CBT3Z, STM32G431RBT3Z, STM32G471CCT6, STM32G471CCU6, STM32G471CET3, STM32G471CET6, STM32G471CEU3, STM32G471CEU6, STM32G471MCT6, STM32G471MET3, STM32G471MET6, STM32G471MEY6TR, STM32G471QCT6, STM32G471QET3, STM32G471RCT6, STM32G471RET3, STM32G471RET6, STM32G471VCH6, STM32G471VCI6, STM32G471VCT6, STM32G471VEH3, STM32G471VEH6, STM32G471VEI3, STM32G471VEI6, STM32G471VET3, STM32G471VET6, STM32G473QET3Z, STM32G473RET3Z, STM32G474CCT6, STM32G491RET3Z, STM32H503CBT6, STM32H503CBU6, STM32H503EBY6TR, STM32H503KBU6, STM32H503RBT6, STM32H523CCT6, STM32H523CCU6, STM32H523CET6, STM32H523CEU6, STM32H523HEY6TR, STM32H523RCT6, STM32H523RET6, STM32H523VCI6, STM32H523VCT6, STM32H523VEI6, STM32H523VET6, STM32H523ZCJ6, STM32H523ZCT6, STM32H523ZEJ6, STM32H523ZET6, STM32H533CET6, STM32H533CEU6, STM32H533HEY6TR, STM32H533RET6, STM32H533VEI6, STM32H533VET6, STM32H533ZEJ6, STM32H533ZET6, STM32H562AGI6, STM32H562AII6, STM32H562IGK6, STM32H562IGT6, STM32H562IIK6, STM32H562IIT6, STM32H562RGT6, STM32H562RGV6, STM32H562RIT6, STM32H562RIV6, STM32H562VGT6, STM32H562VIT6, STM32H562ZGT6, STM32H562ZIT6, STM32H563AGI6, STM32H563AII3Q, STM32H563AII6, STM32H563IGK6, STM32H563IGT6, STM32H563IIK3Q, STM32H563IIK6, STM32H563IIT3Q, STM32H563IIT6, STM32H563MIY3QTR, STM32H563RGT6, STM32H563RGV6, STM32H563RIT6, STM32H563RIV6, STM32H563VGT6, STM32H563VIT3Q, STM32H563VIT6, STM32H563ZGT6, STM32H563ZIT3Q, STM32H563ZIT6, STM32H573AII3Q, STM32H573AII6, STM32H573I-DK, STM32H573IIK3Q, STM32H573IIK6, STM32H573IIT3Q, STM32H573IIT6, STM32H573MIY3QTR, STM32H573RIT6, STM32H573RIV6, STM32H573VIT3Q, STM32H573VIT6, STM32H573ZIT3Q, STM32H573ZIT6, STM32H7R3A8I6, STM32H7R3I8K6, STM32H7R3I8T6, STM32H7R3L8H6, STM32H7R3L8H6H, STM32H7R3R8V6, STM32H7R3V8H6, STM32H7R3V8T6, STM32H7R3V8Y6TR, STM32H7R3Z8J6, STM32H7R3Z8T6, STM32H7R7A8I6, STM32H7R7I8K6, STM32H7R7I8T6, STM32H7R7L8H6, STM32H7R7L8H6H, STM32H7R7Z8J6, STM32H7S3A8I6, STM32H7S3I8K6, STM32H7S3I8T6, STM32H7S3L8H6, STM32H7S3L8H6H, STM32H7S3R8V6, STM32H7S3V8H6, STM32H7S3V8T6, STM32H7S3V8Y6TR, STM32H7S3Z8J6, STM32H7S3Z8T6, STM32H7S78-DK, STM32H7S7A8I6, STM32H7S7I8K6, STM32H7S7I8T6, STM32H7S7L8H6, STM32H7S7L8H6H, STM32H7S7Z8J6, STM32L4R5QGI6STR, STM32MP131AAE3, STM32MP131AAF3, STM32MP131AAG3, STM32MP131CAE3, STM32MP131CAF3, STM32MP131CAG3, STM32MP131DAE7, STM32MP131DAF7, STM32MP131DAG7, STM32MP131FAE7, STM32MP131FAF7, STM32MP131FAG7, STM32MP133AAE3, STM32MP133AAF3, STM32MP133AAG3, STM32MP133CAE3, STM32MP133CAF3, STM32MP133CAG3, STM32MP133DAE7, STM32MP133DAF7, STM32MP133DAG7, STM32MP133FAE7, STM32MP133FAF7, STM32MP133FAG7, STM32MP135AAE3, STM32MP135AAF3, STM32MP135AAG3, STM32MP135CAE3, STM32MP135CAF3, STM32MP135CAG3, STM32MP135DAE7, STM32MP135DAF7, STM32MP135DAG7, STM32MP135F-DK, STM32MP135FAE7, STM32MP135FAF7, STM32MP135FAF7T, STM32MP135FAF7U, STM32MP135FAG7, STM32MP231AAJ3, STM32MP231AAK3, STM32MP231AAL3, STM32MP231CAJ3, STM32MP231CAK3, STM32MP231CAL3, STM32MP231DAJ3, STM32MP231DAK3, STM32MP231DAL3, STM32MP231FAJ3, STM32MP231FAK3, STM32MP231FAL3, STM32MP233AAJ3, STM32MP233AAK3, STM32MP233AAL3, STM32MP233CAJ3, STM32MP233CAK3, STM32MP233CAL3, STM32MP233DAJ3, STM32MP233DAK3, STM32MP233DAL3, STM32MP233FAJ3, STM32MP233FAK3, STM32MP233FAL3, STM32MP235AAJ3, STM32MP235AAK3, STM32MP235AAL3, STM32MP235CAJ3, STM32MP235CAK3, STM32MP235CAL3, STM32MP235DAJ3, STM32MP235DAK3, STM32MP235DAL3, STM32MP235FAJ3, STM32MP235FAK3, STM32MP235FAL3, STM32MP251AAI3, STM32MP251AAJ3, STM32MP251AAK3, STM32MP251AAL3, STM32MP251CAI3, STM32MP251CAJ3, STM32MP251CAK3, STM32MP251CAL3, STM32MP251DAI3, STM32MP251DAJ3, STM32MP251DAK3, STM32MP251DAL3, STM32MP251FAI3, STM32MP251FAJ3, STM32MP251FAK3, STM32MP251FAL3, STM32MP253AAI3, STM32MP253AAJ3, STM32MP253AAK3, STM32MP253AAL3, STM32MP253CAI3, STM32MP253CAJ3, STM32MP253CAK3, STM32MP253CAL3, STM32MP253DAI3, STM32MP253DAJ3, STM32MP253DAK3, STM32MP253DAL3, STM32MP253FAI3, STM32MP253FAJ3, STM32MP253FAK3, STM32MP253FAL3, STM32MP255AAI3, STM32MP255AAJ3, STM32MP255AAK3, STM32MP255AAL3, STM32MP255CAI3, STM32MP255CAJ3, STM32MP255CAK3, STM32MP255CAL3, STM32MP255DAI3, STM32MP255DAJ3, STM32MP255DAK3, STM32MP255DAL3, STM32MP255FAI3, STM32MP255FAJ3, STM32MP255FAK3, STM32MP255FAL3, STM32MP257AAI3, STM32MP257AAJ3, STM32MP257AAK3, STM32MP257AAL3, STM32MP257CAI3, STM32MP257CAJ3, STM32MP257CAK3, STM32MP257CAL3, STM32MP257DAI3, STM32MP257DAJ3, STM32MP257DAK3, STM32MP257DAL3, STM32MP257F-DK, STM32MP257F-EV1, STM32MP257FAI3, STM32MP257FAJ3, STM32MP257FAK3, STM32MP257FAL3, STM32N645A0H3Q, STM32N645B0H3Q, STM32N645I0H3Q, STM32N645L0H3Q, STM32N645X0H3Q, STM32N645Z0H3Q, STM32N647A0H3Q, STM32N647B0H3Q, STM32N647I0H3Q, STM32N647L0H3Q, STM32N647X0H3Q, STM32N647Z0H3Q, STM32N655A0H3Q, STM32N655B0H3Q, STM32N655I0H3Q, STM32N655L0H3Q, STM32N655X0H3Q, STM32N655Z0H3Q, STM32N6570-DK, STM32N657A0H3Q, STM32N657B0H3Q, STM32N657I0H3Q, STM32N657L0H3Q, STM32N657X0H3Q, STM32N657Z0H3Q, STM32U031C6T6, STM32U031C6U6, STM32U031C8T6, STM32U031C8U6, STM32U031F4P6, STM32U031F6P6, STM32U031F8P6, STM32U031G6Y6TR, STM32U031G8Y6TR, STM32U031K4U6, STM32U031K6U6, STM32U031K8U6, STM32U031R6I6, STM32U031R6T6, STM32U031R8I6, STM32U031R8T6, STM32U073C8T6, STM32U073C8U6, STM32U073CBT6, STM32U073CBU6, STM32U073CCT6, STM32U073CCU6, STM32U073H8Y6TR, STM32U073HBY6TR, STM32U073HCY6TR, STM32U073K8U6, STM32U073KBU6, STM32U073KCU6, STM32U073M8I6, STM32U073M8T6, STM32U073MBI6, STM32U073MBT6, STM32U073MCI6, STM32U073MCT6, STM32U073R8I6, STM32U073R8T6, STM32U073RBI6, STM32U073RBT6, STM32U073RCI6, STM32U073RCT6, STM32U083C-DK, STM32U083CCT6, STM32U083CCU6, STM32U083HCY6TR, STM32U083KCU6, STM32U083MCI6, STM32U083MCT6, STM32U083RCI6, STM32U083RCT6, STM32U375CET6, STM32U375CET6Q, STM32U375CEU6, STM32U375CEU6Q, STM32U375CEY6QTR, STM32U375CGT6, STM32U375CGT6Q, STM32U375CGU6, STM32U375CGU6Q, STM32U375CGY6QTR, STM32U375KEU6, STM32U375KGU6, STM32U375REI6, STM32U375REI6Q, STM32U375RET6, STM32U375RET6Q, STM32U375REY6GTR, STM32U375REY6QTR, STM32U375RGI6, STM32U375RGI6Q, STM32U375RGT6, STM32U375RGT6Q, STM32U375RGY6GTR, STM32U375RGY6QTR, STM32U375VEI6, STM32U375VEI6Q, STM32U375VET6, STM32U375VET6Q, STM32U375VGI6, STM32U375VGI6Q, STM32U375VGT6, STM32U375VGT6Q, STM32U385CGT6, STM32U385CGT6Q, STM32U385CGU6, STM32U385CGU6Q, STM32U385CGY6QTR, STM32U385KGU6, STM32U385RGI6, STM32U385RGI6Q, STM32U385RGT6, STM32U385RGT6Q, STM32U385RGY6GTR, STM32U385RGY6QTR, STM32U385VGI6, STM32U385VGI6Q, STM32U385VGT6, STM32U385VGT6Q, STM32U535CBT6, STM32U535CBT6Q, STM32U535CBU6, STM32U535CBU6Q, STM32U535CCT6, STM32U535CCT6Q, STM32U535CCU6, STM32U535CCU6Q, STM32U535CET6, STM32U535CET6Q, STM32U535CEU6, STM32U535CEU6Q, STM32U535JEY6QTR, STM32U535NCY6QTR, STM32U535NEY6QTR, STM32U535RBI6, STM32U535RBI6Q, STM32U535RBT6, STM32U535RBT6Q, STM32U535RCI6, STM32U535RCI6Q, STM32U535RCT6, STM32U535RCT6Q, STM32U535REI6, STM32U535REI6Q, STM32U535RET6, STM32U535RET6Q, STM32U535VCI6, STM32U535VCI6Q, STM32U535VCT6, STM32U535VCT6Q, STM32U535VEI6, STM32U535VEI6Q, STM32U535VET6, STM32U535VET6Q, STM32U545CET6, STM32U545CET6Q, STM32U545CEU6, STM32U545CEU6Q, STM32U545JEY6QTR, STM32U545NEY6QTR, STM32U545REI6, STM32U545REI6Q, STM32U545RET6, STM32U545RET6Q, STM32U545VEI6, STM32U545VEI6Q, STM32U545VET6, STM32U545VET6Q, STM32U595AIH6, STM32U595AIH6Q, STM32U595AJH6, STM32U595AJH6Q, STM32U595QII6, STM32U595QII6Q, STM32U595QJI6, STM32U595QJI6Q, STM32U595RIT6, STM32U595RIT6Q, STM32U595RJT6, STM32U595RJT6Q, STM32U595VIT6, STM32U595VIT6Q, STM32U595VJT6, STM32U595VJT6Q, STM32U595ZIT6, STM32U595ZIT6Q, STM32U595ZIY6QTR, STM32U595ZJT6, STM32U595ZJT6Q, STM32U595ZJY6QTR, STM32U599BJY6QTR, STM32U599NIH6Q, STM32U599NJH6Q, STM32U599VIT6Q, STM32U599VJT6, STM32U599VJT6Q, STM32U599ZIT6Q, STM32U599ZIY6QTR, STM32U599ZJT6Q, STM32U599ZJY6QTR, STM32U5A5AJH6, STM32U5A5AJH6Q, STM32U5A5QII3Q , STM32U5A5QJI6, STM32U5A5QJI6Q, STM32U5A5RJT6, STM32U5A5RJT6Q, STM32U5A5VJT6, STM32U5A5VJT6Q, STM32U5A5ZJT6, STM32U5A5ZJT6Q, STM32U5A5ZJY6QTR, STM32U5A9BJY6QTR, STM32U5A9J-DK, STM32U5A9NJH6Q, STM32U5A9VJT6Q, STM32U5A9ZJT6Q, STM32U5A9ZJY6QTR, STM32U5F7VIT6, STM32U5F7VIT6Q, STM32U5F7VJT6, STM32U5F7VJT6Q, STM32U5F9BJY6QTR, STM32U5F9NJH6Q, STM32U5F9VIT6Q, STM32U5F9VJT6Q, STM32U5F9ZIJ6QTR, STM32U5F9ZIT6Q, STM32U5F9ZJJ6QTR, STM32U5F9ZJT6Q, STM32U5G7VJT6, STM32U5G7VJT6Q, STM32U5G9BJY6QTR, STM32U5G9J-DK1, STM32U5G9J-DK2, STM32U5G9NJH6Q, STM32U5G9VJT6Q, STM32U5G9ZJJ6QTR, STM32U5G9ZJT6Q, STM32WB05KZV6TR, STM32WB05KZV7TR, STM32WB05TZF6TR, STM32WB05TZF7TR, STM32WB06CCF6TR, STM32WB06CCF7TR, STM32WB06CCV6TR, STM32WB06CCV7TR, STM32WB06KCV6TR, STM32WB06KCV7TR, STM32WB07CCF6TR, STM32WB07CCF7TR, STM32WB07CCV6TR, STM32WB07CCV7TR, STM32WB07KCV6TR, STM32WB07KCV7TR, STM32WB09KEV6TR, STM32WB09KEV7TR, STM32WB09TEF6TR, STM32WB09TEF7TR, STM32WB1MMCH6, STM32WBA50KGU6, STM32WBA50KGU6TR, STM32WBA52CEU6, STM32WBA52CEU6TR, STM32WBA52CEU7, STM32WBA52CEU7TR, STM32WBA52CGU6, STM32WBA52CGU6TR, STM32WBA52CGU6U, STM32WBA52CGU7, STM32WBA52CGU7TR, STM32WBA52KEU6, STM32WBA52KEU6TR, STM32WBA52KGU6, STM32WBA52KGU6TR, STM32WBA54CEU6, STM32WBA54CEU6TR, STM32WBA54CEU7, STM32WBA54CEU7TR, STM32WBA54CGU6, STM32WBA54CGU6TR, STM32WBA54CGU7, STM32WBA54CGU7TR, STM32WBA54KEU6, STM32WBA54KEU6TR, STM32WBA54KEU7, STM32WBA54KEU7TR, STM32WBA54KGU6, STM32WBA54KGU6TR, STM32WBA54KGU7, STM32WBA54KGU7TR, STM32WBA55CEU6, STM32WBA55CEU6TR, STM32WBA55CEU7, STM32WBA55CEU7TR, STM32WBA55CGU6, STM32WBA55CGU6TR, STM32WBA55CGU6U, STM32WBA55CGU7, STM32WBA55CGU7TR, STM32WBA55G-DK1, STM32WBA55HEF6, STM32WBA55HEF7, STM32WBA55HGF6, STM32WBA55HGF7, STM32WBA55UEI6, STM32WBA55UEI6TR, STM32WBA55UEI7, STM32WBA55UEI7TR, STM32WBA55UGI6, STM32WBA55UGI6TR, STM32WBA55UGI7, STM32WBA55UGI7TR, STM32WBA5MJGH6TR, STM32WBA62CGU6, STM32WBA62CIU6, STM32WBA62MGF6, STM32WBA62MIF6, STM32WBA62PGI6, STM32WBA62PII6, STM32WBA63CGU6, STM32WBA63CGU7, STM32WBA63CIU6, STM32WBA63CIU7, STM32WBA64CGU6, STM32WBA64CGU7, STM32WBA64CIU6, STM32WBA64CIU7, STM32WBA65CGU6, STM32WBA65CGU7, STM32WBA65CIU6, STM32WBA65CIU7, STM32WBA65I-DK1, STM32WBA65MGF6, STM32WBA65MGF7, STM32WBA65MIF6, STM32WBA65MIF7, STM32WBA65PGI6, STM32WBA65PGI7, STM32WBA65PII6, STM32WBA65PII7, STM32WBA65RGV6, STM32WBA65RGV7, STM32WBA65RIV6, STM32WBA65RIV7, STM32WL30K8V6, STM32WL30KBV6, STM32WL31C8V6, STM32WL31CBV6, STM32WL31K8V6, STM32WL31KBV6, STM32WL33C8V6, STM32WL33C8V6TR, STM32WL33C8V7, STM32WL33C8V7TR, STM32WL33CBV6, STM32WL33CBV6TR, STM32WL33CBV7, STM32WL33CBV7TR, STM32WL33CCV6, STM32WL33CCV6TR, STM32WL33CCV7, STM32WL33CCV7A, STM32WL33CCV7ATR, STM32WL33CCV7TR, STM32WL33K8V6, STM32WL33K8V6TR, STM32WL33K8V7, STM32WL33K8V7TR, STM32WL33KBV6, STM32WL33KBV6TR, STM32WL33KBV7, STM32WL33KBV7TR, STM32WL33KCV6, STM32WL33KCV6TR, STM32WL33KCV7, STM32WL33KCV7TR, STM32WL5MOCH6, STM32WL5MOCH6TR]
2025-07-31 15:07:01,898 [INFO] DbMcus:218 - Found 4747 MCUs, 4747 are supported
2025-07-31 15:07:01,899 [INFO] ApiDb:423 - Load user favorites file /home/nova/.stm32cubeide/favorites.mcus.txt: 1 item(s)
2025-07-31 15:07:01,900 [INFO] ApiDb:427 - User favorites MCUs=[STM32F446RET6]
2025-07-31 15:07:01,900 [INFO] DbMcus:224 - Set 1 / 1 favorites MCUs
2025-07-31 15:07:03,978 [INFO] BoardInfo:889 - No configuration file found for board P-NUCLEO-WB55
2025-07-31 15:07:04,000 [INFO] DbBoards:161 - Kit is not supported: P-NUCLEO-WB55
2025-07-31 15:07:04,024 [INFO] BoardInfo:889 - No configuration file found for board STEVAL-BFA001V1B
2025-07-31 15:07:04,025 [INFO] DbBoards:161 - Kit is not supported: STEVAL-BFA001V1B
2025-07-31 15:07:04,032 [INFO] BoardInfo:889 - No configuration file found for board STEVAL-BFA001V2B
2025-07-31 15:07:04,033 [INFO] DbBoards:161 - Kit is not supported: STEVAL-BFA001V2B
2025-07-31 15:07:04,288 [INFO] DbBoards:168 - Found 211 boards, 208 are supported
2025-07-31 15:07:04,289 [INFO] DbBoards:169 - Found 211 boards, 43 of them is supported for  Bsp
2025-07-31 15:07:04,292 [INFO] ApiDb:423 - Load user favorites file /home/nova/.stm32cubeide/favorites.boards.txt: 0 item(s)
2025-07-31 15:07:04,293 [INFO] ApiDb:427 - User favorites Boards=[]
2025-07-31 15:07:04,293 [INFO] DbBoards:198 - Set 0 / 0 favorites Boards
2025-07-31 15:07:04,293 [INFO] McuFinderGlobals:76 - Set McuFinderConnectedMode to true
2025-07-31 15:07:04,303 [INFO] MultiScanPanel:200 - Auto-refresh data requested => check proxy status ongoing
2025-07-31 15:07:04,307 [INFO] FinderPluginLoader:95 - Searching for filters in installed packs
2025-07-31 15:07:08,049 [INFO] LoadUrlFilesThread:185 - End of LoadServerUrlFiles without Thread
2025-07-31 15:07:08,208 [INFO] DetailPanel:341 - Set advertising image to /home/nova/STM32Cube/Repository//en.2400x1350px.jpeg
2025-07-31 15:07:21,792 [INFO] MultiScanPanel:200 - Auto-refresh data requested => check proxy status ongoing
2025-07-31 15:07:21,984 [INFO] LoadUrlFilesThread:185 - End of LoadServerUrlFiles without Thread
2025-07-31 15:07:21,985 [INFO] DetailPanel:341 - Set advertising image to /home/nova/STM32Cube/Repository//en.2400x1350px.jpeg
2025-07-31 15:07:22,001 [INFO] DbBoards:642 - Loading board mini-images...
2025-07-31 15:07:27,302 [INFO] DbBoards:665 - Loaded 211 board mini-images
2025-07-31 15:07:44,503 [INFO] MainUpdater:2872 - connection check result : 10
2025-07-31 15:07:44,504 [INFO] MainUpdater:2872 - connection check result : 10
2025-07-31 15:07:44,514 [INFO] MicroXplorer:468 - Change Database Path : 
2025-07-31 15:07:44,514 [INFO] MicroXplorer:498 - Change Database Version : DB.6.0.141
2025-07-31 15:07:44,521 [WARN] ThirdParty:871 - waiting for thirdparty lock release [close project]
2025-07-31 15:07:44,521 [INFO] ThirdParty:873 - entering critical section [close project]
2025-07-31 15:07:44,522 [INFO] ThirdParty:883 - exiting critical section [close project]
2025-07-31 15:07:44,525 [INFO] PinOutPanel:1589 - setPackage(No Configuration,No Configuration)
2025-07-31 15:07:44,535 [INFO] UtilMem:75 - Begin LoadConfig() Used Memory: 1014427552 Bytes (1073741824)
2025-07-31 15:07:44,540 [INFO] OpenFileManager:354 - Change cursor
2025-07-31 15:07:44,574 [INFO] ProjectFactory:442 - No CPN specified for board NUCLEO-F446RE => set CPN to STM32F446RET6
2025-07-31 15:07:44,576 [INFO] Mcu:2011 - Initializing MCU STM32F446R(C-E)Tx STM32F446RETx STM32F446RET6
2025-07-31 15:07:48,146 [INFO] Context:756 - Trying to add GPIOservice into a context  which must be forbidden
2025-07-31 15:07:49,039 [INFO] Rule:225 - rule 117617 - U5Cobra4M][GTZC] default value MPCBB3 and MPCBB5 - Not Secured memory - MPCBB1 is applicable
2025-07-31 15:07:49,040 [INFO] Rule:225 - rule 117617 - U5Cobra4M][GTZC] default value MPCBB3 and MPCBB5 - Not Secured memory - MPCBB1 is applicable
2025-07-31 15:07:49,040 [INFO] Rule:225 - rule 117617 - U5Cobra4M][GTZC] default value MPCBB3 and MPCBB5 - Not Secured memory - MPCBB2 is applicable
2025-07-31 15:07:49,040 [INFO] Rule:225 - rule 117617 - U5Cobra4M][GTZC] default value MPCBB3 and MPCBB5 - Not Secured memory - MPCBB2 is applicable
2025-07-31 15:07:49,040 [INFO] Rule:225 - rule 117617 - U5Cobra4M][GTZC] default value MPCBB3 and MPCBB5 - Not Secured memory - MPCBB3 is applicable
2025-07-31 15:07:49,040 [INFO] Rule:225 - rule 117617 - U5Cobra4M][GTZC] default value MPCBB3 and MPCBB5 - Not Secured memory - MPCBB3 is applicable
2025-07-31 15:07:49,040 [INFO] Rule:225 - rule 117617 - U5Cobra4M][GTZC] default value MPCBB3 and MPCBB5 - Not Secured memory - MPCBB4 is applicable
2025-07-31 15:07:49,040 [INFO] Rule:225 - rule 117617 - U5Cobra4M][GTZC] default value MPCBB3 and MPCBB5 - Not Secured memory - MPCBB4 is applicable
2025-07-31 15:07:49,041 [INFO] Rule:225 - rule 117617 - U5Cobra4M][GTZC] default value MPCBB3 and MPCBB5 - Secured memory - MPCBB1 is applicable
2025-07-31 15:07:49,041 [INFO] Rule:225 - rule 117617 - U5Cobra4M][GTZC] default value MPCBB3 and MPCBB5 - Secured memory - MPCBB2 is applicable
2025-07-31 15:07:49,041 [INFO] Rule:225 - rule 117617 - U5Cobra4M][GTZC] default value MPCBB3 and MPCBB5 - Secured memory - MPCBB3 is applicable
2025-07-31 15:07:49,041 [INFO] Rule:225 - rule 117617 - U5Cobra4M][GTZC] default value MPCBB3 and MPCBB5 - Secured memory - MPCBB4 is applicable
2025-07-31 15:07:49,041 [INFO] Rule:225 - rule 117617 - U5Cobra4M][GTZC] default value MPCBB3 and MPCBB5 - Privileged memory - MPCBB1 is applicable
2025-07-31 15:07:49,041 [INFO] Rule:225 - rule 117617 - U5Cobra4M][GTZC] default value MPCBB3 and MPCBB5 - Privileged memory - MPCBB2 is applicable
2025-07-31 15:07:49,041 [INFO] Rule:225 - rule 117617 - U5Cobra4M][GTZC] default value MPCBB3 and MPCBB5 - Privileged memory - MPCBB3 is applicable
2025-07-31 15:07:49,041 [INFO] Rule:225 - rule 117617 - U5Cobra4M][GTZC] default value MPCBB3 and MPCBB5 - Privileged memory - MPCBB4 is applicable
2025-07-31 15:07:49,041 [INFO] Rule:225 - rule 117617 - U5Cobra4M][GTZC] default value MPCBB3 and MPCBB5 - Not Privileged memory - MPCBB1 is applicable
2025-07-31 15:07:49,041 [INFO] Rule:225 - rule 117617 - U5Cobra4M][GTZC] default value MPCBB3 and MPCBB5 - Not Privileged memory - MPCBB2 is applicable
2025-07-31 15:07:49,042 [INFO] Rule:225 - rule 117617 - U5Cobra4M][GTZC] default value MPCBB3 and MPCBB5 - Not Privileged memory - MPCBB3 is applicable
2025-07-31 15:07:49,042 [INFO] Rule:225 - rule 117617 - U5Cobra4M][GTZC] default value MPCBB3 and MPCBB5 - Not Privileged memory - MPCBB4 is applicable
2025-07-31 15:07:49,042 [INFO] Rule:225 - rule 117617 - U5Cobra4M][GTZC] default value MPCBB3 and MPCBB5 - Privileged memory - MPCBB1 is applicable
2025-07-31 15:07:49,042 [INFO] Rule:225 - rule 117617 - U5Cobra4M][GTZC] default value MPCBB3 and MPCBB5 - Privileged memory - MPCBB2 is applicable
2025-07-31 15:07:49,042 [INFO] Rule:225 - rule 117617 - U5Cobra4M][GTZC] default value MPCBB3 and MPCBB5 - Privileged memory - MPCBB3 is applicable
2025-07-31 15:07:49,042 [INFO] Rule:225 - rule 117617 - U5Cobra4M][GTZC] default value MPCBB3 and MPCBB5 - Privileged memory - MPCBB4 is applicable
2025-07-31 15:07:49,042 [INFO] Rule:225 - rule 117617 - U5Cobra4M][GTZC] default value MPCBB3 and MPCBB5 - Privileged memory - MPCBB1 is applicable
2025-07-31 15:07:49,042 [INFO] Rule:225 - rule 117617 - U5Cobra4M][GTZC] default value MPCBB3 and MPCBB5 - Privileged memory - MPCBB2 is applicable
2025-07-31 15:07:49,042 [INFO] Rule:225 - rule 117617 - U5Cobra4M][GTZC] default value MPCBB3 and MPCBB5 - Privileged memory - MPCBB3 is applicable
2025-07-31 15:07:49,042 [INFO] Rule:225 - rule 117617 - U5Cobra4M][GTZC] default value MPCBB3 and MPCBB5 - Privileged memory - MPCBB4 is applicable
2025-07-31 15:07:49,043 [INFO] Rule:225 - rule 117617 - U5Cobra4M][GTZC] default value MPCBB3 and MPCBB5 - Not Privileged memory - MPCBB1 is applicable
2025-07-31 15:07:49,043 [INFO] Rule:225 - rule 117617 - U5Cobra4M][GTZC] default value MPCBB3 and MPCBB5 - Not Privileged memory - MPCBB2 is applicable
2025-07-31 15:07:49,043 [INFO] Rule:225 - rule 117617 - U5Cobra4M][GTZC] default value MPCBB3 and MPCBB5 - Not Privileged memory - MPCBB3 is applicable
2025-07-31 15:07:49,043 [INFO] Rule:225 - rule 117617 - U5Cobra4M][GTZC] default value MPCBB3 and MPCBB5 - Not Privileged memory - MPCBB4 is applicable
2025-07-31 15:07:49,043 [INFO] Rule:225 - rule 117617 - U5Cobra4M][GTZC] default value MPCBB3 and MPCBB5 - Privileged memory - MPCBB1 is applicable
2025-07-31 15:07:49,043 [INFO] Rule:225 - rule 117617 - U5Cobra4M][GTZC] default value MPCBB3 and MPCBB5 - Privileged memory - MPCBB2 is applicable
2025-07-31 15:07:49,043 [INFO] Rule:225 - rule 117617 - U5Cobra4M][GTZC] default value MPCBB3 and MPCBB5 - Privileged memory - MPCBB3 is applicable
2025-07-31 15:07:49,043 [INFO] Rule:225 - rule 117617 - U5Cobra4M][GTZC] default value MPCBB3 and MPCBB5 - Privileged memory - MPCBB4 is applicable
2025-07-31 15:07:49,043 [INFO] Rule:225 - rule Rename SubGHz_Phy SUBGHZ_APPLICATION SUBGHZ_PINGPONG to SUBGHZ_ADV_APPLICATION is applicable
2025-07-31 15:07:49,043 [INFO] Rule:225 - rule Rename Enabled to IBEACON is applicable
2025-07-31 15:07:49,043 [INFO] Rule:225 - rule GTZC_S instance for project manager is applicable
2025-07-31 15:07:49,044 [INFO] Rule:225 - rule GTZC_S instance for context M33S is applicable
2025-07-31 15:07:49,044 [INFO] Rule:225 - rule GTZC_S instance value for IP GTZC is applicable
2025-07-31 15:07:49,044 [INFO] Rule:225 - rule GTZC_S instance for mcu.IP is applicable
2025-07-31 15:07:49,044 [INFO] Rule:225 - rule GTZC_S instance for VP is applicable
2025-07-31 15:07:49,044 [INFO] Rule:225 - rule GTZC_S instance for signal is applicable
2025-07-31 15:07:49,044 [INFO] Rule:225 - rule GTZC_S instance for mcu.Pin is applicable
2025-07-31 15:07:49,044 [INFO] Rule:225 - rule GTZC_S instance for VP is applicable
2025-07-31 15:07:49,044 [INFO] Rule:225 - rule GTZC_S instance for signal is applicable
2025-07-31 15:07:49,044 [INFO] Rule:225 - rule GTZC_S instance for mcu is applicable
2025-07-31 15:07:49,044 [INFO] Rule:225 - rule GTZC_S instance for mcu.Pin is applicable
2025-07-31 15:07:49,045 [INFO] Rule:225 - rule GTZC_S instance value for IP GTZC is applicable
2025-07-31 15:07:49,045 [INFO] Rule:225 - rule GTZC_S instance for project manager is applicable
2025-07-31 15:07:49,045 [INFO] Rule:225 - rule GTZC_S instance for context M33S is applicable
2025-07-31 15:07:49,045 [INFO] Rule:225 - rule GTZC_S instance for VP is applicable
2025-07-31 15:07:49,045 [INFO] Rule:225 - rule GTZC_S instance for signal is applicable
2025-07-31 15:07:49,045 [INFO] Rule:225 - rule SPDIFRX instance for mcu is applicable
2025-07-31 15:07:49,045 [INFO] Rule:225 - rule Rename Tracer Mode is applicable
2025-07-31 15:07:49,045 [INFO] Rule:225 - rule SPDIFRX instance value for IP SPDIFRX is applicable
2025-07-31 15:07:49,045 [INFO] Rule:225 - rule SPDIFRX instance for signal is applicable
2025-07-31 15:07:49,045 [INFO] Rule:225 - rule SPDIFRX instance for project manager is applicable
2025-07-31 15:07:49,046 [INFO] Rule:225 - rule SPDIFRX instance for project manager is applicable
2025-07-31 15:07:49,046 [INFO] Rule:225 - rule ADC Scan  fix with FW F7 is applicable
2025-07-31 15:07:49,046 [INFO] Rule:225 - rule ADC Scan  fix with FW F7 is applicable
2025-07-31 15:07:49,046 [INFO] Rule:225 - rule WakeUp0 Mode is applicable
2025-07-31 15:07:49,046 [INFO] Rule:225 - rule WakeUp0 SIGNAL is applicable
2025-07-31 15:07:49,046 [INFO] Rule:225 - rule WakeUp1 Mode is applicable
2025-07-31 15:07:49,046 [INFO] Rule:225 - rule WakeUp1 SIGNAL is applicable
2025-07-31 15:07:49,046 [INFO] Rule:225 - rule WakeUp2 Mode is applicable
2025-07-31 15:07:49,047 [INFO] Rule:225 - rule WakeUp2 SIGNAL is applicable
2025-07-31 15:07:49,047 [INFO] Rule:225 - rule WakeUp4 Mode is applicable
2025-07-31 15:07:49,047 [INFO] Rule:225 - rule WakeUp4 SIGNAL is applicable
2025-07-31 15:07:49,047 [INFO] Rule:225 - rule WakeUp5 Mode is applicable
2025-07-31 15:07:49,047 [INFO] Rule:225 - rule WakeUp5 SIGNAL is applicable
2025-07-31 15:07:49,047 [INFO] Rule:225 - rule Add RTC Activate Clock Source is applicable
2025-07-31 15:07:49,047 [INFO] Rule:225 - rule Add RTC Activate Calendar 1 is applicable
2025-07-31 15:07:49,047 [INFO] Rule:225 - rule Add RTC Activate Calendar 2 is applicable
2025-07-31 15:07:49,047 [INFO] Rule:225 - rule Add RTC Activate Calendar 3 is applicable
2025-07-31 15:07:49,048 [INFO] Rule:225 - rule UART/USART TX Mode is applicable
2025-07-31 15:07:49,048 [INFO] Rule:225 - rule UART/USART RX Mode is applicable
2025-07-31 15:07:49,048 [INFO] Rule:225 - rule UART/USART RX TX Mode is applicable
2025-07-31 15:07:49,048 [INFO] Rule:225 - rule UART/USART PARITY NONE is applicable
2025-07-31 15:07:49,048 [INFO] Rule:225 - rule UART/USART PARITY EVEN is applicable
2025-07-31 15:07:49,048 [INFO] Rule:225 - rule UART/USART PARITY ODD is applicable
2025-07-31 15:07:49,048 [INFO] Rule:225 - rule USART StopBits 1 is applicable
2025-07-31 15:07:49,048 [INFO] Rule:225 - rule USART StopBits 2 is applicable
2025-07-31 15:07:49,048 [INFO] Rule:225 - rule USART StopBits 1.5 is applicable
2025-07-31 15:07:49,048 [INFO] Rule:225 - rule USART StopBits 0.5 is applicable
2025-07-31 15:07:49,049 [INFO] Rule:225 - rule UART/USART WORD LENGTH 7 is applicable
2025-07-31 15:07:49,049 [INFO] Rule:225 - rule UART/USART WORD LENGTH 8 is applicable
2025-07-31 15:07:49,049 [INFO] Rule:225 - rule UART/USART WORD LENGTH 9 is applicable
2025-07-31 15:07:49,049 [INFO] Rule:225 - rule Rename FMC NAND NCE signal is applicable
2025-07-31 15:07:49,049 [INFO] Rule:225 - rule Rename FMC NAND INT signal is applicable
2025-07-31 15:07:49,049 [INFO] Rule:225 - rule Change Default Value for LSE Drive Capability for WB family is applicable
2025-07-31 15:07:49,049 [INFO] Rule:225 - rule Change Default Value for ADC Clock Prescaler G0 family is applicable
2025-07-31 15:07:49,050 [INFO] Rule:225 - rule Change Default Value for ADC ExternalTrigConv L4 family is applicable
2025-07-31 15:07:49,050 [INFO] Rule:225 - rule Change Default Value for ADC ExternalTrigInjecConv L4 family is applicable
2025-07-31 15:07:49,050 [INFO] Rule:225 - rule Change Default Value for ADC ExternalTrigConv F3 family is applicable
2025-07-31 15:07:49,050 [INFO] Rule:225 - rule Change Default Value for ADC ExternalTrigInjecConv F3 family is applicable
2025-07-31 15:07:49,050 [INFO] Rule:225 - rule Change Default Value for ADC ExternalTrigConv Goldfish serie is applicable
2025-07-31 15:07:49,050 [INFO] Rule:225 - rule Change Default Value for ADC ExternalTrigInjecConv Goldfish serie is applicable
2025-07-31 15:07:49,050 [INFO] Rule:225 - rule Change Default Value for ADC ExternalTrigConv L0 family is applicable
2025-07-31 15:07:49,050 [INFO] Rule:225 - rule Change Default Value for ADC ExternalTrigConv F0 family is applicable
2025-07-31 15:07:49,050 [INFO] Rule:225 - rule Change Default Value for ADC ExternalTrigConvn L1 family is applicable
2025-07-31 15:07:49,050 [INFO] Rule:225 - rule Change Default Value for ADC ExternalTrigInjecConv L1 family is applicable
2025-07-31 15:07:49,051 [INFO] Rule:225 - rule Change Default Value for ADC ExternalTrigConv F1 family is applicable
2025-07-31 15:07:49,051 [INFO] Rule:225 - rule Change Default Value for ADC ExternalTrigInjecConv F1 family is applicable
2025-07-31 15:07:49,051 [INFO] Rule:225 - rule Change Default Value for ADC ExternalTrigConv F7 family is applicable
2025-07-31 15:07:49,051 [INFO] Rule:225 - rule Change Default Value for ADC ExternalTrigInjecConv F7 family is applicable
2025-07-31 15:07:49,051 [INFO] Rule:225 - rule Change Default Value for ADC ExternalTrigConv F4 and F2 family is applicable
2025-07-31 15:07:49,051 [INFO] Rule:225 - rule Change Default Value for ADC ExternalTrigInjecConv F4 and F2 family is applicable
2025-07-31 15:07:49,051 [INFO] Rule:225 - rule ADC SamplingTime fix with FW L0  is applicable
2025-07-31 15:07:49,051 [INFO] Rule:225 - rule ADC SamplingTime fix with FW L0  is applicable
2025-07-31 15:07:49,051 [INFO] Rule:225 - rule ADC SamplingTime fix with FW L0 is applicable
2025-07-31 15:07:49,052 [INFO] Rule:225 - rule ADC SamplingTime fix with FW L0 is applicable
2025-07-31 15:07:49,052 [INFO] Rule:225 - rule ADC SamplingTime fix with FW L0  is applicable
2025-07-31 15:07:49,052 [INFO] Rule:225 - rule ADC SamplingTime fix with FW L0 is applicable
2025-07-31 15:07:49,052 [INFO] Rule:225 - rule Rename USB_OE Signal is applicable
2025-07-31 15:07:49,052 [INFO] Rule:225 - rule Rename Activate_OE Mode is applicable
2025-07-31 15:07:49,052 [INFO] Rule:225 - rule Rename DIE462/DIE415 pin PC14/OSC32_IN -> PC14-OSC32_IN (PC14) is applicable
2025-07-31 15:07:49,052 [INFO] Rule:225 - rule Rename DIE462/DIE415 pin PC15/OSC32_OUT -> PC15-OSC32_OUT (PC15) is applicable
2025-07-31 15:07:49,052 [INFO] Rule:225 - rule Rename DIE462/DIE415 pin PH0/OSC_IN -> PH0-OSC_IN (PH0) is applicable
2025-07-31 15:07:49,052 [INFO] Rule:225 - rule Rename DIE462/DIE415 pin PH1/OSC_OUT -> PH1-OSC_OUT (PH1) is applicable
2025-07-31 15:07:49,052 [INFO] Rule:225 - rule Rename DIE462 pin PA13 -> PA13 (JTMS/SWDIO) is applicable
2025-07-31 15:07:49,053 [INFO] Rule:225 - rule Rename DIE415 pin PA13 -> PA13 (JTMS/SWDIO) is applicable
2025-07-31 15:07:49,053 [INFO] Rule:225 - rule Rename DIE462 pin PA14 -> PA14 (JTCK/SWCLK) is applicable
2025-07-31 15:07:49,053 [INFO] Rule:225 - rule Rename DIE415 pin PA14 -> PA14 (JTCK/SWCLK) is applicable
2025-07-31 15:07:49,053 [INFO] Rule:225 - rule Rename DIE462/DIE415 pin PA15 -> PA15 (JTDI) is applicable
2025-07-31 15:07:49,053 [INFO] Rule:225 - rule Rename DIE462 pin PB3 -> PB3 (JTD0/TRACESWO) is applicable
2025-07-31 15:07:49,053 [INFO] Rule:225 - rule Rename DIE415 pin PB3 -> PB3 (JTD0-TRACESWO) is applicable
2025-07-31 15:07:49,053 [INFO] Rule:225 - rule Rename DIE462/DIE415 pin PB4 -> PB4 (NJTRST) is applicable
2025-07-31 15:07:49,053 [INFO] Rule:225 - rule Rename DIE462 pin PH3/BOOT0 -> PH3-BOOT0 (BOOT0) is applicable
2025-07-31 15:07:49,053 [INFO] Rule:225 - rule Rename CRYP DataEncryptionTypesList to Algorithm is applicable
2025-07-31 15:07:49,053 [INFO] Rule:225 - rule Rename AES DataEncryptionTypesList to Algorithm is applicable
2025-07-31 15:07:49,053 [INFO] Rule:225 - rule Rename TDESECB to CRYP_TDES_ECB is applicable
2025-07-31 15:07:49,054 [INFO] Rule:225 - rule Rename TDESCBC to CRYP_TDES_CBC is applicable
2025-07-31 15:07:49,054 [INFO] Rule:225 - rule Rename DESECB to CRYP_DES_ECB is applicable
2025-07-31 15:07:49,054 [INFO] Rule:225 - rule Rename DESCBC to CRYP_DES_CBC is applicable
2025-07-31 15:07:49,054 [INFO] Rule:225 - rule Rename AESECB to CRYP_AES_ECB is applicable
2025-07-31 15:07:49,054 [INFO] Rule:225 - rule Rename AESCBC to CRYP_AES_CBC is applicable
2025-07-31 15:07:49,054 [INFO] Rule:225 - rule Rename AESCTR to CRYP_AES_CTR is applicable
2025-07-31 15:07:49,054 [INFO] Rule:225 - rule Rename AESGCM to CRYP_AES_GCM is applicable
2025-07-31 15:07:49,054 [INFO] Rule:225 - rule Rename AESCCM to CRYP_AES_CCM is applicable
2025-07-31 15:07:49,054 [INFO] Rule:225 - rule Rename CAN TimeSeg1 to BS1 is applicable
2025-07-31 15:07:49,054 [INFO] Rule:225 - rule Rename CAN TimeSeg2 to BS2 is applicable
2025-07-31 15:07:49,054 [INFO] Rule:225 - rule Rename CAN SyncJumpWidth to SJW is applicable
2025-07-31 15:07:49,055 [INFO] Rule:225 - rule TimeTriggeredMode to TTCM is applicable
2025-07-31 15:07:49,055 [INFO] Rule:225 - rule Rename CAN AutoBusOff to ABOM is applicable
2025-07-31 15:07:49,055 [INFO] Rule:225 - rule Rename CAN AutoWakeUp to AWUM is applicable
2025-07-31 15:07:49,055 [INFO] Rule:225 - rule Rename CAN AutoRetransmission to NART is applicable
2025-07-31 15:07:49,055 [INFO] Rule:225 - rule Rename CAN ReceiveFifoLocked to RFLM is applicable
2025-07-31 15:07:49,055 [INFO] Rule:225 - rule Rename CAN TransmitFifoPriority to TXFP is applicable
2025-07-31 15:07:49,055 [INFO] Rule:225 - rule Rename HRTIMER HRTIM_OUTPUTFAULTLEVEL_HIGH in HRTIMER HRTIM_OUTPUTFAULTLEVEL_HIGHZ is applicable
2025-07-31 15:07:49,055 [INFO] Rule:225 - rule Rename TIMER TIM_CLEARINPUTSOURCE_OCREFCLR in  TIMER TIM_CLEARINPUTSOURCE_NONE for F7 family is applicable
2025-07-31 15:07:49,055 [INFO] Rule:225 - rule FDCAN_R1 - Rename FDCAN mode Master into Classic is applicable
2025-07-31 15:07:49,055 [INFO] Rule:225 - rule FDCAN_R2 - Rename FDCAN mode Slave into Classic is applicable
2025-07-31 15:07:49,055 [INFO] Rule:225 - rule FDCAN1_R3 - if PA10.Mode=FullDuplex, add Pin PA12 is applicable
2025-07-31 15:07:49,056 [INFO] Rule:225 - rule FDCAN1_R3 - if PA9.Mode=FullDuplex, add Pin PA11 is applicable
2025-07-31 15:07:49,056 [INFO] Rule:225 - rule FDCAN1_R3 - Alternatepin_1 - if PE1.Mode=FullDuplex, add Pin PB9 is applicable
2025-07-31 15:07:49,056 [INFO] Rule:225 - rule FDCAN1_R3 - Alternatepin_1 - if PE0.Mode=FullDuplex, add Pin PB8 is applicable
2025-07-31 15:07:49,056 [INFO] Rule:225 - rule FDCAN1_R3 - Alternatepin_2 - if PD5.Mode=FullDuplex, add Pin PD1 is applicable
2025-07-31 15:07:49,056 [INFO] Rule:225 - rule FDCAN1_R3 - Alternatepin_2 - if PD4.Mode=FullDuplex, add Pin PD0 is applicable
2025-07-31 15:07:49,056 [INFO] Rule:225 - rule FDCAN1_R4 - Rename Mode FullDuplex into Enable FDCAN_TXFD for pin PA10 is applicable
2025-07-31 15:07:49,056 [INFO] Rule:225 - rule FDCAN1_R4 - Rename Mode FullDuplex into Enable FDCAN_TXFD for pin PA9 is applicable
2025-07-31 15:07:49,056 [INFO] Rule:225 - rule FDCAN1_R4 - Alternatepin_1 - Rename Mode FullDuplex into Enable FDCAN_TXFD for pin PE1 is applicable
2025-07-31 15:07:49,056 [INFO] Rule:225 - rule FDCAN1_R4 - Alternatepin_1 - Rename Mode FullDuplex into Enable FDCAN_TXFD for pin PE0 is applicable
2025-07-31 15:07:49,056 [INFO] Rule:225 - rule FDCAN1_R4 - Alternatepin_2 - Rename Mode FullDuplex into Enable FDCAN_TXFD for pin PD5 is applicable
2025-07-31 15:07:49,056 [INFO] Rule:225 - rule FDCAN1_R4 - Alternatepin_2 - Rename Mode FullDuplex into Enable FDCAN_TXFD for pin PD4 is applicable
2025-07-31 15:07:49,057 [INFO] Rule:225 - rule FDCAN2_R3 - if PD10.Mode=FullDuplex, add Pin PB13 is applicable
2025-07-31 15:07:49,057 [INFO] Rule:225 - rule FDCAN2_R3 - if PD9.Mode=FullDuplex, add Pin PB12 is applicable
2025-07-31 15:07:49,057 [INFO] Rule:225 - rule FDCAN2_R3 - Alternatepin_1 - if PB7.Mode=FullDuplex, add Pin PB6 is applicable
2025-07-31 15:07:49,057 [INFO] Rule:225 - rule FDCAN2_R3 - Alternatepin_1 - if PD9.Mode=FullDuplex, add Pin PB12 is applicable
2025-07-31 15:07:49,057 [INFO] Rule:225 - rule FDCAN2_R4 - Rename Mode FullDuplex into Enable FDCAN_TXFD for pin PD10 is applicable
2025-07-31 15:07:49,057 [INFO] Rule:225 - rule FDCAN2_R4 - Rename Mode FullDuplex into Enable FDCAN_TXFD for pin PD9 is applicable
2025-07-31 15:07:49,057 [INFO] Rule:225 - rule FDCAN2_R4 - Alternatepin_1 - Rename Mode FullDuplex into Enable FDCAN_TXFD for pin PB7 is applicable
2025-07-31 15:07:49,057 [INFO] Rule:225 - rule FDCAN2_R4 - Alternatepin_1 - Rename Mode FullDuplex into Enable FDCAN_TXFD for pin PD6 is applicable
2025-07-31 15:07:49,057 [INFO] Rule:225 - rule USART TxPinLevelInvertParam Mode is applicable
2025-07-31 15:07:49,057 [INFO] Rule:225 - rule USART RxPinLevelInvertParam Mode is applicable
2025-07-31 15:07:49,057 [INFO] Rule:225 - rule USART DataInvertParam Mode is applicable
2025-07-31 15:07:49,057 [INFO] Rule:225 - rule USART SwapParam Mode is applicable
2025-07-31 15:07:49,058 [INFO] Rule:225 - rule USART OverrunDisableParam Mode is applicable
2025-07-31 15:07:49,058 [INFO] Rule:225 - rule USART DMADisableonRxErrorParam Mode is applicable
2025-07-31 15:07:49,058 [INFO] Rule:225 - rule USART MSBFirstParam Mode is applicable
2025-07-31 15:07:49,058 [INFO] Rule:225 - rule Update MwName for USB_DEVICE is applicable
2025-07-31 15:07:49,058 [INFO] Rule:225 - rule Change PWR_Regulator_Voltage_Scale Default Value for RCC  H7 family is applicable
2025-07-31 15:07:49,058 [INFO] Rule:225 - rule UART/USART IPParameter rename Prescaler parameter to ClockPrescaler is applicable
2025-07-31 15:07:49,058 [INFO] Rule:225 - rule UART/USART Prescaler rename Prescaler parameter to ClockPrescaler is applicable
2025-07-31 15:07:49,058 [INFO] Rule:225 - rule TIM1CLockSelection is applicable
2025-07-31 15:07:49,058 [INFO] Rule:225 - rule TIM15CLockSelection is applicable
2025-07-31 15:07:49,058 [INFO] Rule:225 - rule align RCC SDMMC3CLockSelection default value on MP1 is applicable
2025-07-31 15:07:49,058 [INFO] Rule:225 - rule align RCC SDMMC12CLockSelection default value on MP1 is applicable
2025-07-31 15:07:49,058 [INFO] Rule:225 - rule align RCC QSPICLockSelection default value on MP1 is applicable
2025-07-31 15:07:49,059 [INFO] Rule:225 - rule align RCC QSPICLockSelection default value on MP1 is applicable
2025-07-31 15:07:49,059 [INFO] Rule:225 - rule align RCC SPI6CLockSelection default value on MP1 is applicable
2025-07-31 15:07:49,059 [INFO] Rule:225 - rule align RCC LPTIM23CLockSelection default value on MP1 is applicable
2025-07-31 15:07:49,059 [INFO] Rule:225 - rule align RCC LPTIM1CLockSelection default value on MP1 is applicable
2025-07-31 15:07:49,059 [INFO] Rule:225 - rule align RCC USART1CLockSelection default value on MP1 is applicable
2025-07-31 15:07:49,059 [INFO] Rule:225 - rule align RCC USART24CLockSelection default value on MP1 is applicable
2025-07-31 15:07:49,059 [INFO] Rule:225 - rule align RCC USART6CLockSelection default value on MP1 is applicable
2025-07-31 15:07:49,059 [INFO] Rule:225 - rule align RCC UART78CLockSelection default value on MP1 is applicable
2025-07-31 15:07:49,059 [INFO] Rule:225 - rule align RCC USART35CLockSelection default value on MP1 is applicable
2025-07-31 15:07:49,059 [INFO] Rule:225 - rule align RCC SPI45CLockSelection default value on MP1 is applicable
2025-07-31 15:07:49,059 [INFO] Rule:225 - rule align RCC I2C46CLockSelection BCLK value on MP1 is applicable
2025-07-31 15:07:49,059 [INFO] Rule:225 - rule align RCC SPI45CLockSelection default value on MP1 is applicable
2025-07-31 15:07:49,060 [INFO] Rule:225 - rule align RCC I2C12CLockSelection default value on MP1 is applicable
2025-07-31 15:07:49,060 [INFO] Rule:225 - rule align RCC I2C35CLockSelection default value on MP1 is applicable
2025-07-31 15:07:49,060 [INFO] Rule:225 - rule align RCC LPTIM45CLockSelection default value on MP1 is applicable
2025-07-31 15:07:49,060 [INFO] Rule:225 - rule Rename DCMI PIXCK signal is applicable
2025-07-31 15:07:49,060 [INFO] Rule:225 - rule Change Default Value for I2C46CLockSelection MP1 family is applicable
2025-07-31 15:07:49,060 [INFO] Rule:225 - rule Change Default Value for UART for G4, G0 and WB families is applicable
2025-07-31 15:07:49,060 [INFO] Rule:225 - rule Change Default Value for USART for G4, G0 and WB families is applicable
2025-07-31 15:07:49,060 [INFO] Rule:225 - rule Change Default Value for USART for G4 family is applicable
2025-07-31 15:07:49,060 [INFO] Rule:225 - rule Change USART1CLockSelection refparam name for MP1 is applicable
2025-07-31 15:07:49,060 [INFO] Rule:225 - rule Change USART2CLockSelection refparam name for MP1 is applicable
2025-07-31 15:07:49,060 [INFO] Rule:225 - rule Change USART3CLockSelection refparam name for MP1 is applicable
2025-07-31 15:07:49,060 [INFO] Rule:225 - rule Change UART4CLockSelection refparam name for MP1 is applicable
2025-07-31 15:07:49,061 [INFO] Rule:225 - rule Change UART5CLockSelection refparam name for MP1 is applicable
2025-07-31 15:07:49,061 [INFO] Rule:225 - rule Change LPUART1CLockSelection refparam name for MP1 is applicable
2025-07-31 15:07:49,061 [INFO] Rule:225 - rule Change LPTIM1CLockSelection refparam name for MP1 is applicable
2025-07-31 15:07:49,061 [INFO] Rule:225 - rule Change LPTIM2CLockSelection refparam name for MP1 is applicable
2025-07-31 15:07:49,061 [INFO] Rule:225 - rule Change RCC_MCO1Source refparam name for MP1 is applicable
2025-07-31 15:07:49,061 [INFO] Rule:225 - rule Change LSCOSource1 refparam name for MP1 is applicable
2025-07-31 15:07:49,062 [INFO] Rule:225 - rule Change SMPSCLockSelection refparam name for MP1 is applicable
2025-07-31 15:07:49,062 [INFO] Rule:225 - rule Change LPTIM3CLockSelection refparam name for MP1 is applicable
2025-07-31 15:07:49,062 [INFO] Rule:225 - rule Change MPCBB* Default Template Mode to Parameters is applicable
2025-07-31 15:07:49,062 [INFO] Rule:225 - rule Change MPCWM* or MPCBB* Secure Mode to Parameters is applicable
2025-07-31 15:07:49,062 [INFO] Rule:225 - rule Change MPCWM* or MPCBB* No Secure Mode to Parameters is applicable
2025-07-31 15:07:49,062 [INFO] Rule:225 - rule Change TZSC IP Secure Mode to Parameters is applicable
2025-07-31 15:07:49,062 [INFO] Rule:225 - rule Change TZSC IP No Secure Mode to Parameters is applicable
2025-07-31 15:07:49,062 [INFO] Rule:225 - rule Change TZSC IP Privilege Mode to Parameters is applicable
2025-07-31 15:07:49,063 [INFO] Rule:225 - rule Change TZSC IP No Privilege Mode to Parameters is applicable
2025-07-31 15:07:49,063 [INFO] Rule:225 - rule Change TZIC IT Secure Mode to Parameters is applicable
2025-07-31 15:07:49,063 [INFO] Rule:225 - rule Change TZIC IT No Secure Mode to Parameters is applicable
2025-07-31 15:07:49,063 [INFO] Rule:225 - rule Add MPCBB1_NonSecureArea_Start_Address value with referenced to MPCBB1_NonSecureArea_Start value is applicable
2025-07-31 15:07:49,063 [INFO] Rule:225 - rule Add MPCBB2_NonSecureArea_Start_Address value with referenced to MPCBB2_NonSecureArea_Start value is applicable
2025-07-31 15:07:49,063 [INFO] Rule:225 - rule Add MPCWM1_NonSecureArea*_Start_Address value with referenced to MPCWM1_NonSecureArea*_Start value is applicable
2025-07-31 15:07:49,063 [INFO] Rule:225 - rule Add MPCWM2_NonSecureArea*_Start_Address value with referenced to MPCWM2_NonSecureArea*_Start value is applicable
2025-07-31 15:07:49,063 [INFO] Rule:225 - rule Add MPCWM3_NonSecureArea_Start_Address value with referenced to MPCWM3_NonSecureArea_Start value is applicable
2025-07-31 15:07:49,063 [INFO] Rule:225 - rule Change Default Value for PLL1UserDefinedConfig is applicable
2025-07-31 15:07:49,063 [INFO] Rule:225 - rule Change GPIO_PuPd Default Value for USART in async mode is applicable
2025-07-31 15:07:49,064 [INFO] Rule:225 - rule Change SMPSDivider Default Value is applicable
2025-07-31 15:07:49,064 [INFO] Rule:225 - rule OPAMP is applicable
2025-07-31 15:07:49,064 [INFO] Rule:225 - rule LPUART IPParameter rename Prescaler parameter to ClockPrescaler for STM32H7 is applicable
2025-07-31 15:07:49,064 [INFO] Rule:225 - rule LPUART IPParameter rename Prescaler parameter to ClockPrescaler for STM32H7 is applicable
2025-07-31 15:07:49,064 [INFO] Rule:225 - rule LPUART IPParameter rename Prescaler parameter to ClockPrescaler for STM32WB is applicable
2025-07-31 15:07:49,064 [INFO] Rule:225 - rule LPUART IPParameter rename Prescaler parameter to ClockPrescaler for STM32WB is applicable
2025-07-31 15:07:49,064 [INFO] Rule:225 - rule LPUART IPParameter rename Prescaler parameter to ClockPrescaler for STM32G4 is applicable
2025-07-31 15:07:49,064 [INFO] Rule:225 - rule LPUART IPParameter rename Prescaler parameter to ClockPrescaler for STM32G4 is applicable
2025-07-31 15:07:49,064 [INFO] Rule:225 - rule LPUART IPParameter rename Prescaler parameter to ClockPrescaler for STM32L5 is applicable
2025-07-31 15:07:49,064 [INFO] Rule:225 - rule LPUART IPParameter rename Prescaler parameter to ClockPrescaler for STM32L5 is applicable
2025-07-31 15:07:49,064 [INFO] Rule:225 - rule LPUART IPParameter rename Prescaler parameter to ClockPrescaler for STM32G4 is applicable
2025-07-31 15:07:49,065 [INFO] Rule:225 - rule LPUART IPParameter rename Prescaler parameter to ClockPrescaler for STM32G4 is applicable
2025-07-31 15:07:49,065 [INFO] Rule:225 - rule USB device lib V2.5.3 for L0 rename USBD_SUPPORT_USER_STRING parameter to USBD_SUPPORT_USER_STRING_DESC4 is applicable
2025-07-31 15:07:49,065 [INFO] Rule:225 - rule I2SCLockSelection clock entry align is applicable
2025-07-31 15:07:49,065 [INFO] Rule:225 - rule Assign TIMx context if used as SYS timebase is applicable
2025-07-31 15:07:49,065 [INFO] Rule:225 - rule Change GPIO_Pu Default Value for I2C is applicable
2025-07-31 15:07:49,065 [INFO] Rule:225 - rule Change GPIO_Pu Default Value for SMBus is applicable
2025-07-31 15:07:49,065 [INFO] Rule:225 - rule change FDCAN default value is applicable
2025-07-31 15:07:49,065 [INFO] Rule:225 - rule Change mode sai is applicable
2025-07-31 15:07:49,065 [INFO] Rule:225 - rule **Change sai mode is applicable
2025-07-31 15:07:49,066 [INFO] Rule:225 - rule Rename STM32WPAN CFG_BLE_IRK to CFG_BLE_IR is applicable
2025-07-31 15:07:49,066 [INFO] Rule:225 - rule Rename STM32WPAN CFG_BLE_ERK to CFG_BLE_ER is applicable
2025-07-31 15:07:49,066 [INFO] Rule:225 - rule Rename STM32WPAN CFG_BLE_IRK_HEX to CFG_BLE_IR_HEX is applicable
2025-07-31 15:07:49,066 [INFO] Rule:225 - rule Rename STM32WPAN CFG_BLE_ERK_HEX to CFG_BLE_ER_HEX is applicable
2025-07-31 15:07:49,066 [INFO] Rule:225 - rule Adapt Old IOC before rework replace old CORTEX_M33/CORTEX_M55 attributes by the new one. is applicable
2025-07-31 15:07:49,066 [INFO] Rule:225 - rule Rename parametre of RCC RCC_APBDBG_DIV2 to RCC_TIMPRES_DIV2 is applicable
2025-07-31 15:07:49,066 [INFO] Rule:225 - rule Rename DIE493 pin PA10 [PA12] -> PA10 is applicable
2025-07-31 15:07:49,066 [INFO] Rule:225 - rule Rename DIE493 pin PA9 [PA11] -> PA9 is applicable
2025-07-31 15:07:49,066 [INFO] Rule:225 - rule Adapt Old IOC CSI. is applicable
2025-07-31 15:07:49,102 [INFO] DbConfProperties:307 - Apply Compatibility (49/267 Rules)
2025-07-31 15:07:49,138 [INFO] ImportTextPane:218 - (OptionalMessage_ERROR) Unable to find key (Mcu.ThirdPartyNb) in loaded IOC file
2025-07-31 15:07:49,144 [INFO] ImportTextPane:218 - (OptionalMessage_ERROR) Pin12 (VP_RIF_VS_RIF1) cannot be retrieved for this MCU
2025-07-31 15:07:49,271 [WARN] ModelIntegratedComponent:63 - No mode defined for component null
2025-07-31 15:07:49,271 [WARN] ModelIntegratedComponent:63 - No mode defined for component null
2025-07-31 15:07:49,271 [WARN] ModelIntegratedComponent:63 - No mode defined for component null
2025-07-31 15:07:49,271 [WARN] ModelIntegratedComponent:63 - No mode defined for component null
2025-07-31 15:07:49,272 [WARN] ModelIntegratedComponent:63 - No mode defined for component null
2025-07-31 15:07:49,272 [WARN] ModelIntegratedComponent:63 - No mode defined for component null
2025-07-31 15:07:49,272 [WARN] ModelIntegratedComponent:63 - No mode defined for component null
2025-07-31 15:07:49,272 [WARN] ModelIntegratedComponent:63 - No mode defined for component null
2025-07-31 15:07:49,272 [WARN] ModelIntegratedComponent:63 - No mode defined for component null
2025-07-31 15:07:49,272 [WARN] ModelIntegratedComponent:63 - No mode defined for component null
2025-07-31 15:07:49,272 [WARN] ModelIntegratedComponent:63 - No mode defined for component null
2025-07-31 15:07:49,272 [WARN] ModelIntegratedComponent:63 - No mode defined for component null
2025-07-31 15:07:49,272 [WARN] ModelIntegratedComponent:63 - No mode defined for component null
2025-07-31 15:07:49,272 [WARN] ModelIntegratedComponent:63 - No mode defined for component null
2025-07-31 15:07:49,273 [WARN] ModelIntegratedComponent:63 - No mode defined for component null
2025-07-31 15:07:49,273 [WARN] ModelIntegratedComponent:63 - No mode defined for component null
2025-07-31 15:07:49,273 [WARN] ModelIntegratedComponent:63 - No mode defined for component null
2025-07-31 15:07:49,273 [WARN] ModelIntegratedComponent:63 - No mode defined for component null
2025-07-31 15:07:49,273 [WARN] ModelIntegratedComponent:63 - No mode defined for component null
2025-07-31 15:07:49,273 [WARN] ModelIntegratedComponent:63 - No mode defined for component null
2025-07-31 15:07:49,273 [WARN] ModelIntegratedComponent:63 - No mode defined for component null
2025-07-31 15:07:49,273 [WARN] ModelIntegratedComponent:63 - No mode defined for component null
2025-07-31 15:07:49,273 [WARN] ModelIntegratedComponent:63 - No mode defined for component null
2025-07-31 15:07:49,273 [WARN] ModelIntegratedComponent:63 - No mode defined for component null
2025-07-31 15:07:49,274 [WARN] ModelIntegratedComponent:63 - No mode defined for component null
2025-07-31 15:07:49,274 [WARN] ModelIntegratedComponent:63 - No mode defined for component null
2025-07-31 15:07:49,274 [WARN] ModelIntegratedComponent:63 - No mode defined for component null
2025-07-31 15:07:49,274 [WARN] ModelIntegratedComponent:63 - No mode defined for component null
2025-07-31 15:07:49,274 [WARN] ModelIntegratedComponent:63 - No mode defined for component null
2025-07-31 15:07:49,274 [WARN] ModelIntegratedComponent:63 - No mode defined for component null
2025-07-31 15:07:49,274 [WARN] ModelIntegratedComponent:63 - No mode defined for component null
2025-07-31 15:07:49,274 [WARN] ModelIntegratedComponent:63 - No mode defined for component null
2025-07-31 15:07:49,274 [WARN] ModelIntegratedComponent:63 - No mode defined for component null
2025-07-31 15:07:49,274 [WARN] ModelIntegratedComponent:63 - No mode defined for component null
2025-07-31 15:07:49,274 [WARN] ModelIntegratedComponent:63 - No mode defined for component null
2025-07-31 15:07:49,275 [WARN] ModelPack:524 - Component already loaded: STMicroelectronics:HAL Drivers:0.0.0:STMicroelectronics:Device:STMicro_Driver:XSPI:HAL::0.0.1:HAL_XSPI
2025-07-31 15:07:49,287 [INFO] RtosManager:558 - Registered RTOS mode: class=CMSIS, group=RTOS, mode=CMSIS_V1, owner=FREERTOS
2025-07-31 15:07:49,289 [INFO] RtosManager:558 - Registered RTOS mode: class=CMSIS, group=RTOS2, mode=CMSIS_V2, owner=FREERTOS
2025-07-31 15:07:49,290 [INFO] RtosManager:558 - Registered RTOS mode: class=RTOS, group=Core, mode=CMSIS_V1, owner=FREERTOS
2025-07-31 15:07:49,290 [INFO] RtosManager:558 - Registered RTOS mode: class=RTOS, group=Core, mode=CMSIS_V2, owner=FREERTOS
2025-07-31 15:07:49,290 [WARN] ModelIntegratedComponent:184 - Missing modes for component STMicroelectronics:FreeRTOS:0.0.1:STMicroelectronics:RTOS:FreeRTOS:Core:::10.2.0:
2025-07-31 15:07:49,304 [INFO] ThirdPartyModel:298 - Start build external matchings
2025-07-31 15:07:49,342 [INFO] ThirdPartyModel:316 - End build external matchings
2025-07-31 15:07:49,348 [INFO] ImportTextPane:218 - (OptionalMessage_ERROR) IP (RCC) : Invalid parameter (48MHZClocksFreq_Value)
2025-07-31 15:07:49,349 [INFO] ImportTextPane:218 - (OptionalMessage_ERROR) IP (RCC) : Invalid parameter (EthernetFreq_Value)
2025-07-31 15:07:49,354 [INFO] ImportTextPane:218 - (OptionalMessage_ERROR) IP (RCC) : Parameter (FLatency) has Id (AdvancedSettings) currently not set
2025-07-31 15:07:49,354 [INFO] ImportTextPane:218 - (OptionalMessage_ERROR) IP (RCC) : Invalid parameter (FamilyName)
2025-07-31 15:07:49,354 [INFO] ImportTextPane:218 - (OptionalMessage_ERROR) IP (RCC) : Invalid parameter (I2SClocksFreq_Value)
2025-07-31 15:07:49,357 [INFO] ImportTextPane:218 - (OptionalMessage_ERROR) IP (RCC) : Parameter (SDIOFreq_Value) has invalid value (168000000)
2025-07-31 15:07:49,357 [INFO] ImportTextPane:218 - (OptionalMessage_ERROR) IP (RCC) : Parameter (USBFreq_Value) has invalid value (168000000)
2025-07-31 15:07:49,358 [INFO] ImportTextPane:218 - (OptionalMessage_ERROR) IP (RCC) : Invalid parameter (VCOInputMFreq_Value)
2025-07-31 15:07:49,358 [INFO] ImportTextPane:218 - (OptionalMessage_ERROR) IP (RCC) : Invalid parameter (VcooutputI2S)
2025-07-31 15:07:50,007 [INFO] UtilMem:75 - End LoadConfig() Used Memory: 377528712 Bytes (471859200)
2025-07-31 15:07:50,089 [WARN] ThirdParty:833 - waiting for thirdparty lock release [change project]
2025-07-31 15:07:50,090 [INFO] ThirdParty:835 - entering critical section [change project]
2025-07-31 15:07:50,090 [INFO] ThirdParty:1030 - CMSIS Pack Vendor :STMicroelectronics USBPD 4.1
2025-07-31 15:07:50,090 [INFO] ThirdParty:1030 - CMSIS Pack Vendor :STMicroelectronics X-CUBE-DISPLAY 3.0.0
2025-07-31 15:07:50,090 [INFO] ThirdParty:1030 - CMSIS Pack Vendor :STMicroelectronics USB_HOST 2.0.0
2025-07-31 15:07:50,090 [INFO] ThirdParty:1030 - CMSIS Pack Vendor :STMicroelectronics FP-SNS-MOTENVWB1 1.4.0
2025-07-31 15:07:50,090 [INFO] ThirdParty:1030 - CMSIS Pack Vendor :STMicroelectronics LIBJPEG 8.0.0
2025-07-31 15:07:50,091 [INFO] ThirdParty:1030 - CMSIS Pack Vendor :STMicroelectronics FP-ATR-SIGFOX1 3.2.0
2025-07-31 15:07:50,091 [INFO] ThirdParty:1030 - CMSIS Pack Vendor :STMicroelectronics USB_DEVICE 3.0.0
2025-07-31 15:07:50,091 [INFO] ThirdParty:1030 - CMSIS Pack Vendor :STMicroelectronics HAL Drivers 0.0.0
2025-07-31 15:07:50,091 [INFO] ThirdParty:1030 - CMSIS Pack Vendor :STMicroelectronics MBEDTLS 2.16.2
2025-07-31 15:07:50,091 [INFO] ThirdParty:1030 - CMSIS Pack Vendor :STMicroelectronics X-CUBE-ALS 1.0.2
2025-07-31 15:07:50,091 [INFO] ThirdParty:1030 - CMSIS Pack Vendor :STMicroelectronics MBEDTLS 2.14.1
2025-07-31 15:07:50,093 [INFO] ThirdParty:1030 - CMSIS Pack Vendor :STMicroelectronics USB_DEVICE 2.0.0
2025-07-31 15:07:50,093 [INFO] ThirdParty:1030 - CMSIS Pack Vendor :STMicroelectronics FP-SNS-STBOX1 2.0.0
2025-07-31 15:07:50,093 [INFO] ThirdParty:1030 - CMSIS Pack Vendor :STMicroelectronics ThreadX 1.0.0
2025-07-31 15:07:50,093 [INFO] ThirdParty:1030 - CMSIS Pack Vendor :STMicroelectronics FP-SNS-SMARTAG2 1.2.0
2025-07-31 15:07:50,093 [INFO] ThirdParty:1030 - CMSIS Pack Vendor :STMicroelectronics FreeRTOS 0.0.1
2025-07-31 15:07:50,093 [INFO] ThirdParty:1030 - CMSIS Pack Vendor :STMicroelectronics FP-SNS-MOTENV1 5.0.0
2025-07-31 15:07:50,093 [INFO] ThirdParty:1030 - CMSIS Pack Vendor :STMicroelectronics USB_DEVICE 1.0.0
2025-07-31 15:07:50,094 [INFO] ThirdParty:1030 - CMSIS Pack Vendor :STMicroelectronics STM32_WPAN 1.0.0
2025-07-31 15:07:50,094 [INFO] ThirdParty:1030 - CMSIS Pack Vendor :STMicroelectronics ThreadX 0.0.2
2025-07-31 15:07:50,094 [INFO] ThirdParty:1030 - CMSIS Pack Vendor :STMicroelectronics lwIP 2.1.2
2025-07-31 15:07:50,094 [INFO] ThirdParty:1030 - CMSIS Pack Vendor :STMicroelectronics lwIP 2.0.3
2025-07-31 15:07:50,094 [INFO] ThirdParty:1030 - CMSIS Pack Vendor :STMicroelectronics X-CUBE-BLE2 3.3.0
2025-07-31 15:07:50,095 [INFO] ThirdParty:1030 - CMSIS Pack Vendor :STMicroelectronics USB_HOST 1.0.0
2025-07-31 15:07:50,095 [INFO] ThirdParty:1030 - CMSIS Pack Vendor :STMicroelectronics PDM2PCM 3.1.0
2025-07-31 15:07:50,095 [INFO] ThirdParty:1030 - CMSIS Pack Vendor :STMicroelectronics PDM2PCM 3.2.0
2025-07-31 15:07:50,095 [INFO] ThirdParty:1030 - CMSIS Pack Vendor :STMicroelectronics PDM2PCM 3.3.0
2025-07-31 15:07:50,096 [INFO] ThirdParty:841 - exiting critical section [change project]
2025-07-31 15:07:50,969 [INFO] PinOutPanel:1589 - setPackage(No Configuration,No Configuration)
2025-07-31 15:07:50,971 [INFO] PinOutPanel:1589 - setPackage(STM32F446RETx,LQFP64)
2025-07-31 15:07:52,016 [INFO] UtilMem:75 - Before build in PCC Used Memory: 368290928 Bytes (471859200)
2025-07-31 15:07:53,319 [INFO] UtilMem:75 - After build in PCC Used Memory: 227524648 Bytes (471859200)
2025-07-31 15:07:53,408 [INFO] IPUIPlugin:80 - create IPUIPlugin
2025-07-31 15:07:53,409 [INFO] IPUIPlugin:80 - create IPUIPlugin
2025-07-31 15:07:53,409 [INFO] IPUIPlugin:80 - create IPUIPlugin
2025-07-31 15:07:53,409 [INFO] IPUIPlugin:80 - create IPUIPlugin
2025-07-31 15:07:53,409 [INFO] IPUIPlugin:80 - create IPUIPlugin
2025-07-31 15:07:53,410 [INFO] IPUIPlugin:80 - create IPUIPlugin
2025-07-31 15:07:53,410 [INFO] IPUIPlugin:80 - create IPUIPlugin
2025-07-31 15:07:53,411 [INFO] IPUIPlugin:80 - create IPUIPlugin
2025-07-31 15:07:53,411 [INFO] IPUIPlugin:80 - create IPUIPlugin
2025-07-31 15:07:53,411 [INFO] IPUIPlugin:80 - create IPUIPlugin
2025-07-31 15:07:53,413 [INFO] IPUIPlugin:80 - create IPUIPlugin
2025-07-31 15:07:53,414 [INFO] IPUIPlugin:80 - create IPUIPlugin
2025-07-31 15:07:53,414 [INFO] IPUIPlugin:80 - create IPUIPlugin
2025-07-31 15:07:53,415 [INFO] IPUIPlugin:80 - create IPUIPlugin
2025-07-31 15:07:53,415 [INFO] IPUIPlugin:80 - create IPUIPlugin
2025-07-31 15:07:53,415 [INFO] IPUIPlugin:80 - create IPUIPlugin
2025-07-31 15:07:53,415 [INFO] IPUIPlugin:80 - create IPUIPlugin
2025-07-31 15:07:53,416 [INFO] IPUIPlugin:80 - create IPUIPlugin
2025-07-31 15:07:53,416 [INFO] IPUIPlugin:80 - create IPUIPlugin
2025-07-31 15:07:53,416 [INFO] IPUIPlugin:80 - create IPUIPlugin
2025-07-31 15:07:53,417 [INFO] IPUIPlugin:80 - create IPUIPlugin
2025-07-31 15:07:53,417 [INFO] IPUIPlugin:80 - create IPUIPlugin
2025-07-31 15:07:53,418 [INFO] IPUIPlugin:80 - create IPUIPlugin
2025-07-31 15:07:53,418 [INFO] IPUIPlugin:80 - create IPUIPlugin
2025-07-31 15:07:53,419 [INFO] IPUIPlugin:80 - create IPUIPlugin
2025-07-31 15:07:53,419 [INFO] IPUIPlugin:80 - create IPUIPlugin
2025-07-31 15:07:53,419 [INFO] IPUIPlugin:80 - create IPUIPlugin
2025-07-31 15:07:53,420 [INFO] IPUIPlugin:80 - create IPUIPlugin
2025-07-31 15:07:53,420 [INFO] IPUIPlugin:80 - create IPUIPlugin
2025-07-31 15:07:53,421 [INFO] IPUIPlugin:80 - create IPUIPlugin
2025-07-31 15:07:53,421 [INFO] IPUIPlugin:80 - create IPUIPlugin
2025-07-31 15:07:53,422 [INFO] IPUIPlugin:80 - create IPUIPlugin
2025-07-31 15:07:53,422 [INFO] IPUIPlugin:80 - create IPUIPlugin
2025-07-31 15:07:53,423 [INFO] IPUIPlugin:80 - create IPUIPlugin
2025-07-31 15:07:53,423 [INFO] IPUIPlugin:80 - create IPUIPlugin
2025-07-31 15:07:53,424 [INFO] IPUIPlugin:80 - create IPUIPlugin
2025-07-31 15:07:53,431 [INFO] IPUIPlugin:80 - create IPUIPlugin
2025-07-31 15:07:53,431 [INFO] IPUIPlugin:80 - create IPUIPlugin
2025-07-31 15:07:53,432 [INFO] IPUIPlugin:80 - create IPUIPlugin
2025-07-31 15:07:53,432 [INFO] IPUIPlugin:80 - create IPUIPlugin
2025-07-31 15:07:53,433 [INFO] IPUIPlugin:80 - create IPUIPlugin
2025-07-31 15:07:53,436 [INFO] IPUIPlugin:80 - create IPUIPlugin
2025-07-31 15:07:53,437 [INFO] IPUIPlugin:80 - create IPUIPlugin
2025-07-31 15:07:53,437 [INFO] IPUIPlugin:80 - create IPUIPlugin
2025-07-31 15:07:53,438 [INFO] IPUIPlugin:80 - create IPUIPlugin
2025-07-31 15:07:53,441 [INFO] IPUIPlugin:80 - create IPUIPlugin
2025-07-31 15:07:53,442 [INFO] IPUIPlugin:80 - create IPUIPlugin
2025-07-31 15:07:53,442 [INFO] IPUIPlugin:80 - create IPUIPlugin
2025-07-31 15:07:53,443 [INFO] IPUIPlugin:80 - create IPUIPlugin
2025-07-31 15:07:53,444 [INFO] IPUIPlugin:80 - create IPUIPlugin
2025-07-31 15:07:53,445 [INFO] IPUIPlugin:80 - create IPUIPlugin
2025-07-31 15:07:53,445 [INFO] IPUIPlugin:80 - create IPUIPlugin
2025-07-31 15:07:53,446 [INFO] IPUIPlugin:80 - create IPUIPlugin
2025-07-31 15:07:53,448 [INFO] IPUIPlugin:80 - create IPUIPlugin
2025-07-31 15:07:53,448 [INFO] IPUIPlugin:80 - create IPUIPlugin
2025-07-31 15:07:53,449 [INFO] IPUIPlugin:80 - create IPUIPlugin
2025-07-31 15:07:53,450 [INFO] IPUIPlugin:80 - create IPUIPlugin
2025-07-31 15:07:53,451 [INFO] IPUIPlugin:80 - create IPUIPlugin
2025-07-31 15:07:53,452 [INFO] IPUIPlugin:80 - create IPUIPlugin
2025-07-31 15:07:53,453 [INFO] IPUIPlugin:80 - create IPUIPlugin
2025-07-31 15:07:53,558 [INFO] ApiDbMcu:508 - Load IP Config File for PDM2PCM
2025-07-31 15:07:53,890 [INFO] CADModel:165 - CPN selected for project levelSTM32F446RET6
2025-07-31 15:07:53,890 [INFO] CADModel:114 - Register for checkConnection events
2025-07-31 15:07:53,936 [INFO] OpenFileManager:385 - Restore cursor
2025-07-31 15:07:55,107 [INFO] UtilMem:75 - End SaveConfig() Used Memory: 167162696 Bytes (471859200)
2025-07-31 15:07:55,218 [INFO] UtilMem:75 - End SaveConfig() Used Memory: 188160592 Bytes (471859200)
2025-07-31 15:07:56,323 [INFO] BlockDiagram:2775 - set Specific Code input for plugin: SYS
2025-07-31 15:07:56,323 [INFO] BlockDiagram:2775 - set Specific Code input for plugin: RCC
2025-07-31 15:07:56,323 [INFO] BlockDiagram:2775 - set Specific Code input for plugin: NVIC
2025-07-31 15:07:56,323 [INFO] BlockDiagram:2775 - set Specific Code input for plugin: USART
2025-07-31 15:07:56,324 [INFO] BlockDiagram:2775 - set Specific Code input for plugin: GPIO
2025-07-31 15:07:56,325 [INFO] CodeGenerator:882 - code generatio: config db path: /opt/st/stm32cubeide_1.18.1/plugins/com.st.stm32cube.common.mx_6.14.1.202504091515//db/
2025-07-31 15:07:56,796 [INFO] CodeEngine:263 - oldGeneratedFile, /home/nova/STM32CubeIDE/workspace_1.18.1/UDP_FILE_TRANSFER/MXTmpFiles/license.tmp_save
2025-07-31 15:07:57,663 [INFO] CodeEngine:287 - Generated code: /home/nova/STM32CubeIDE/workspace_1.18.1/UDP_FILE_TRANSFER/MXTmpFiles/license.tmp
2025-07-31 15:07:57,920 [INFO] CodeEngine:263 - oldGeneratedFile, /home/nova/STM32CubeIDE/workspace_1.18.1/UDP_FILE_TRANSFER/MXTmpFiles/gpio.tmp_save
2025-07-31 15:07:58,215 [INFO] CodeEngine:287 - Generated code: /home/nova/STM32CubeIDE/workspace_1.18.1/UDP_FILE_TRANSFER/MXTmpFiles/gpio.tmp
2025-07-31 15:07:58,500 [INFO] CodeEngine:263 - oldGeneratedFile, /home/nova/STM32CubeIDE/workspace_1.18.1/UDP_FILE_TRANSFER/Core/Src/stm32f4xx_it.c_save
2025-07-31 15:07:58,710 [INFO] CodeEngine:287 - Generated code: /home/nova/STM32CubeIDE/workspace_1.18.1/UDP_FILE_TRANSFER/Core/Src/stm32f4xx_it.c
2025-07-31 15:07:58,713 [INFO] CodeEngine:263 - oldGeneratedFile, /home/nova/STM32CubeIDE/workspace_1.18.1/UDP_FILE_TRANSFER/Core/Inc/stm32f4xx_it.h_save
2025-07-31 15:07:58,819 [INFO] CodeEngine:287 - Generated code: /home/nova/STM32CubeIDE/workspace_1.18.1/UDP_FILE_TRANSFER/Core/Inc/stm32f4xx_it.h
2025-07-31 15:07:58,831 [INFO] CodeEngine:263 - oldGeneratedFile, /home/nova/STM32CubeIDE/workspace_1.18.1/UDP_FILE_TRANSFER/Core/Src/stm32f4xx_hal_msp.c_save
2025-07-31 15:07:59,098 [INFO] CodeEngine:287 - Generated code: /home/nova/STM32CubeIDE/workspace_1.18.1/UDP_FILE_TRANSFER/Core/Src/stm32f4xx_hal_msp.c
2025-07-31 15:07:59,101 [INFO] CodeEngine:263 - oldGeneratedFile, /home/nova/STM32CubeIDE/workspace_1.18.1/UDP_FILE_TRANSFER/MXTmpFiles/system.tmp_save
2025-07-31 15:07:59,222 [INFO] CodeEngine:287 - Generated code: /home/nova/STM32CubeIDE/workspace_1.18.1/UDP_FILE_TRANSFER/MXTmpFiles/system.tmp
2025-07-31 15:07:59,231 [INFO] CodeEngine:319 - oldGeneratedFile, /home/nova/STM32CubeIDE/workspace_1.18.1/UDP_FILE_TRANSFER/Core/Inc/stm32f4xx_hal_conf.h_save
2025-07-31 15:07:59,531 [INFO] CodeEngine:343 - Generated code: /home/nova/STM32CubeIDE/workspace_1.18.1/UDP_FILE_TRANSFER/Core/Inc/stm32f4xx_hal_conf.h
2025-07-31 15:07:59,671 [WARN] IPConfigManager:3217 - Warning: the RefConfig PLL2P_FOR_MCO is not available in your config.xml file
2025-07-31 15:07:59,693 [INFO] ApiDbMcu:508 - Load IP Config File for USART2
2025-07-31 15:07:59,713 [INFO] ApiDbMcu:508 - Load IP Config File for RCC
2025-07-31 15:07:59,725 [INFO] CodeEngine:263 - oldGeneratedFile, /home/nova/STM32CubeIDE/workspace_1.18.1/UDP_FILE_TRANSFER/Core/Inc/main.h_save
2025-07-31 15:07:59,904 [INFO] CodeEngine:287 - Generated code: /home/nova/STM32CubeIDE/workspace_1.18.1/UDP_FILE_TRANSFER/Core/Inc/main.h
2025-07-31 15:07:59,907 [INFO] CodeEngine:263 - oldGeneratedFile, /home/nova/STM32CubeIDE/workspace_1.18.1/UDP_FILE_TRANSFER/Core/Src/main.c_save
2025-07-31 15:08:00,182 [INFO] CodeEngine:287 - Generated code: /home/nova/STM32CubeIDE/workspace_1.18.1/UDP_FILE_TRANSFER/Core/Src/main.c
2025-07-31 15:08:01,612 [INFO] ProjectBuilder:3324 - Time for Copy HAL[1] : 800mS.
2025-07-31 15:08:01,624 [INFO] ProjectBuilder:4912 - Project Generator version: 4.6.0.1-B1
2025-07-31 15:08:01,820 [INFO] ConfigFileManager:1590 - The Die is : DIE421
2025-07-31 15:08:01,858 [INFO] ApiDbMcu:508 - Load IP Config File for FATFS
2025-07-31 15:08:01,941 [INFO] ApiDbMcu:508 - Load IP Config File for FREERTOS
2025-07-31 15:08:01,963 [INFO] ApiDbMcu:508 - Load IP Config File for LIBJPEG
2025-07-31 15:08:02,055 [INFO] ApiDbMcu:508 - Load IP Config File for MBEDTLS
2025-07-31 15:08:02,154 [INFO] ApiDbMcu:508 - Load IP Config File for USB_DEVICE
2025-07-31 15:08:02,186 [INFO] ApiDbMcu:508 - Load IP Config File for USB_HOST
2025-07-31 15:08:03,021 [INFO] LogOutputStream:77 - [STDOUT_REDIRECT] 
2025-07-31 15:08:09,839 [INFO] ProjectBuilder:5191 - Time for Generating toolchain IDE Files: 8215mS.
2025-07-31 15:08:09,840 [INFO] ProjectBuilder:3181 - Time for Copy CMSIS : 0mS.
2025-07-31 15:08:09,842 [INFO] ProjectBuilder:3181 - Time for Copy CMSIS : 0mS.
2025-07-31 15:08:11,585 [INFO] McuFinderGlobals:76 - Set McuFinderConnectedMode to true
2025-07-31 15:08:11,592 [INFO] ApiDb:448 - Save user favorites file /home/nova/.stm32cubeide/favorites.mcus.txt: 1 item(s)
2025-07-31 15:08:11,595 [INFO] ApiDb:452 - User favorites MCUs=[STM32F446RET6]
2025-07-31 15:08:11,609 [INFO] ApiDb:448 - Save user favorites file /home/nova/.stm32cubeide/favorites.boards.txt: 0 item(s)
2025-07-31 15:08:11,610 [INFO] ApiDb:452 - User favorites Boards=[]
2025-07-31 15:19:34,569 [ERROR] LogOutputStream:75 - [STDERR_REDIRECT] SWT SessionManagerDBus: Failed to RegisterClient: GDBus.Error:org.freedesktop.DBus.Error.NoReply: Message recipient disconnected from message bus without replying
2025-07-31 15:35:31,796 [INFO] Activator:176 - 


2025-07-31 15:35:31,823 [INFO] Activator:177 - !SESSION log4j initialized
2025-07-31 15:35:40,346 [INFO] LogOutputStream:77 - [STDOUT_REDIRECT] 
2025-07-31 15:35:44,569 [INFO] ApplicationProperties:184 - Using Application install path: /opt/st/stm32cubeide_1.18.1/plugins/com.st.stm32cube.common.mx_6.14.1.202504091515
2025-07-31 15:35:44,696 [INFO] DbMcusXml:78 - Set database path to: /opt/st/stm32cubeide_1.18.1/plugins/com.st.stm32cube.common.mx_6.14.1.202504091515//db//mcu/
2025-07-31 15:35:44,696 [INFO] ApiDb:274 - Set plugin database path to: /opt/st/stm32cubeide_1.18.1/plugins/com.st.stm32cube.common.mx_6.14.1.202504091515//db//plugins/boardmanager/
2025-07-31 15:35:44,697 [WARN] ApiDb:259 - Overriding images path with different value:  => /opt/st/stm32cubeide_1.18.1/plugins/com.st.stm32cube.common.mx_6.14.1.202504091515//db//plugins/mcufinder/images/
2025-07-31 15:35:44,810 [INFO] ApiDb:250 - Set database path to: /home/nova/.stmcufinder/plugins/mcufinder//mcu/
2025-07-31 15:35:44,816 [INFO] DbMcusAds:125 - Set database path to: /home/nova/.stmcufinder/plugins/mcufinder//mcu/
2025-07-31 15:35:44,827 [INFO] CrossReferenceDbSqlite:203 - Set database path to: /home/nova/.stmcufinder/plugins/mcufinder//mcu/cs/
2025-07-31 15:35:45,180 [INFO] RulesReader:64 - Compatibility file has been processed (302 Rules)
2025-07-31 15:35:45,573 [INFO] DbMcusXml:78 - Set database path to: /opt/st/stm32cubeide_1.18.1/plugins/com.st.stm32cube.common.mx_6.14.1.202504091515//db//mcu/
2025-07-31 15:35:45,574 [INFO] ApiDb:274 - Set plugin database path to: /opt/st/stm32cubeide_1.18.1/plugins/com.st.stm32cube.common.mx_6.14.1.202504091515//db//plugins/boardmanager/
2025-07-31 15:35:45,574 [INFO] ApiDb:261 - Set plugin images path to: /opt/st/stm32cubeide_1.18.1/plugins/com.st.stm32cube.common.mx_6.14.1.202504091515//db//plugins/mcufinder/images/
2025-07-31 15:35:45,575 [WARN] DbFile:41 - Overriding database path with different value: /home/nova/.stmcufinder/plugins/mcufinder/ => /home/nova/.stmcufinder/plugins/mcufinder
2025-07-31 15:35:45,575 [INFO] ApiDb:250 - Set database path to: /home/nova/.stmcufinder/plugins/mcufinder//mcu/
2025-07-31 15:35:45,575 [WARN] DbFile:41 - Overriding database path with different value: /home/nova/.stmcufinder/plugins/mcufinder/ => /home/nova/.stmcufinder/plugins/mcufinder
2025-07-31 15:35:45,576 [INFO] DbMcusAds:125 - Set database path to: /home/nova/.stmcufinder/plugins/mcufinder//mcu/
2025-07-31 15:35:45,576 [WARN] DbFile:41 - Overriding database path with different value: /home/nova/.stmcufinder/plugins/mcufinder/ => /home/nova/.stmcufinder/plugins/mcufinder
2025-07-31 15:35:45,576 [WARN] DbFile:41 - Overriding database path with different value: /home/nova/.stmcufinder/plugins/mcufinder/ => /home/nova/.stmcufinder/plugins/mcufinder
2025-07-31 15:35:45,576 [INFO] CrossReferenceDbSqlite:203 - Set database path to: /home/nova/.stmcufinder/plugins/mcufinder//mcu/cs/
2025-07-31 15:35:45,936 [INFO] MainPanel:272 - HeapMemory: 268435456
2025-07-31 15:35:46,651 [INFO] DbMcusXml:78 - Set database path to: /opt/st/stm32cubeide_1.18.1/plugins/com.st.stm32cube.common.mx_6.14.1.202504091515//db//mcu/
2025-07-31 15:35:46,651 [INFO] ApiDb:274 - Set plugin database path to: /opt/st/stm32cubeide_1.18.1/plugins/com.st.stm32cube.common.mx_6.14.1.202504091515//db//plugins/boardmanager/
2025-07-31 15:35:46,652 [INFO] ApiDb:261 - Set plugin images path to: /opt/st/stm32cubeide_1.18.1/plugins/com.st.stm32cube.common.mx_6.14.1.202504091515//db//plugins/mcufinder/images/
2025-07-31 15:35:46,652 [WARN] DbFile:41 - Overriding database path with different value: /home/nova/.stmcufinder/plugins/mcufinder/ => /home/nova/.stmcufinder/plugins/mcufinder
2025-07-31 15:35:46,652 [INFO] ApiDb:250 - Set database path to: /home/nova/.stmcufinder/plugins/mcufinder//mcu/
2025-07-31 15:35:46,653 [WARN] DbFile:41 - Overriding database path with different value: /home/nova/.stmcufinder/plugins/mcufinder/ => /home/nova/.stmcufinder/plugins/mcufinder
2025-07-31 15:35:46,653 [INFO] DbMcusAds:125 - Set database path to: /home/nova/.stmcufinder/plugins/mcufinder//mcu/
2025-07-31 15:35:46,653 [WARN] DbFile:41 - Overriding database path with different value: /home/nova/.stmcufinder/plugins/mcufinder/ => /home/nova/.stmcufinder/plugins/mcufinder
2025-07-31 15:35:46,653 [WARN] DbFile:41 - Overriding database path with different value: /home/nova/.stmcufinder/plugins/mcufinder/ => /home/nova/.stmcufinder/plugins/mcufinder
2025-07-31 15:35:46,653 [INFO] CrossReferenceDbSqlite:203 - Set database path to: /home/nova/.stmcufinder/plugins/mcufinder//mcu/cs/
2025-07-31 15:35:46,678 [INFO] ApplicationProperties:184 - Using Application install path: /opt/st/stm32cubeide_1.18.1/plugins/com.st.stm32cube.common.mx_6.14.1.202504091515
2025-07-31 15:35:46,680 [INFO] PluginManage:196 - Search for loadable plugins [exclusion list=, ]
2025-07-31 15:35:46,682 [INFO] PluginManage:310 - Check plugin analytics
2025-07-31 15:35:47,020 [INFO] AnalyticsPlugin:253 - Accepted Software Licenses: 
2025-07-31 15:35:47,021 [INFO] AnalyticsPlugin:255 - Accepted CMSIS Pack Licenses: 
2025-07-31 15:35:47,021 [INFO] AnalyticsPlugin:257 - Accepted Firmware Licenses: 
2025-07-31 15:35:47,025 [INFO] PluginManage:359 - Loaded plugin analytics (category:tool,tabindex:-1)
2025-07-31 15:35:47,025 [INFO] PluginManage:310 - Check plugin cadmodel
2025-07-31 15:35:47,085 [INFO] CADModel:105 - Init CAD model plugin
2025-07-31 15:35:47,086 [INFO] PluginManage:359 - Loaded plugin cadmodel (category:power,tabindex:5)
2025-07-31 15:35:47,086 [INFO] PluginManage:310 - Check plugin clock
2025-07-31 15:35:47,151 [INFO] PluginManage:359 - Loaded plugin clock (category:base,tabindex:2)
2025-07-31 15:35:47,151 [INFO] PluginManage:310 - Check plugin ddr
2025-07-31 15:35:47,171 [INFO] PluginManage:359 - Loaded plugin ddr (category:tool,tabindex:6)
2025-07-31 15:35:47,172 [INFO] PluginManage:310 - Check plugin filemanager
2025-07-31 15:35:47,892 [INFO] PluginManage:359 - Loaded plugin filemanager (category:base,tabindex:10)
2025-07-31 15:35:47,892 [INFO] PluginManage:310 - Check plugin ipmanager
2025-07-31 15:35:47,920 [INFO] PluginManage:359 - Loaded plugin ipmanager (category:base,tabindex:5)
2025-07-31 15:35:47,921 [INFO] PluginManage:310 - Check plugin lpbam
2025-07-31 15:35:47,953 [INFO] PluginManage:359 - Loaded plugin lpbam (category:base,tabindex:0)
2025-07-31 15:35:47,953 [INFO] PluginManage:310 - Check plugin memorymap
2025-07-31 15:35:48,032 [INFO] PluginManage:359 - Loaded plugin memorymap (category:base,tabindex:4)
2025-07-31 15:35:48,032 [INFO] PluginManage:310 - Check plugin pinoutandconfiguration
2025-07-31 15:35:48,115 [INFO] PluginManage:359 - Loaded plugin pinoutandconfiguration (category:base,tabindex:1)
2025-07-31 15:35:48,116 [INFO] PluginManage:310 - Check plugin pinoutconfig
2025-07-31 15:35:48,357 [WARN] SupportedApi:132 - Cannot load RTOS API schema: s4s-elt-must-match.1: The content of 'definitions' must match (annotation?, (simpleType | complexType)?, (unique | key | keyref)*)). A problem was found starting at: attribute.
2025-07-31 15:35:48,681 [INFO] PluginManage:359 - Loaded plugin pinoutconfig (category:base,tabindex:0)
2025-07-31 15:35:48,681 [INFO] PluginManage:310 - Check plugin power
2025-07-31 15:35:48,727 [INFO] PluginManage:359 - Loaded plugin power (category:power,tabindex:4)
2025-07-31 15:35:48,727 [INFO] PluginManage:310 - Check plugin projectmanager
2025-07-31 15:35:48,821 [INFO] PluginManage:359 - Loaded plugin projectmanager (category:projectmanager,tabindex:4)
2025-07-31 15:35:48,822 [INFO] PluginManage:310 - Check plugin rif
2025-07-31 15:35:48,884 [INFO] PluginManage:359 - Loaded plugin rif (category:base,tabindex:3)
2025-07-31 15:35:48,884 [INFO] PluginManage:310 - Check plugin thirdparty
2025-07-31 15:35:49,368 [INFO] PluginManage:359 - Loaded plugin thirdparty (category:base,tabindex:-1)
2025-07-31 15:35:49,368 [WARN] IntegrityCheckThread:84 - waiting for thirdparty lock release [integrity check]
2025-07-31 15:35:49,368 [INFO] PluginManage:310 - Check plugin tools
2025-07-31 15:35:49,369 [INFO] IntegrityCheckThread:86 - entering critical section [integrity check]
2025-07-31 15:35:49,369 [INFO] ThirdPartyUpdaterWithRetryManager:70 - Updater plugin not ready yet. [1/15]
2025-07-31 15:35:49,388 [INFO] PluginManage:359 - Loaded plugin tools (category:base,tabindex:7)
2025-07-31 15:35:49,388 [INFO] PluginManage:310 - Check plugin tutovideos
2025-07-31 15:35:49,888 [INFO] PluginManage:359 - Loaded plugin tutovideos (category:base,tabindex:-1)
2025-07-31 15:35:49,889 [INFO] PluginManage:310 - Check plugin updater
2025-07-31 15:35:50,075 [INFO] PluginManage:359 - Loaded plugin updater (category:base,tabindex:12)
2025-07-31 15:35:50,075 [INFO] PluginManage:310 - Check plugin userauth
2025-07-31 15:35:50,127 [INFO] UserAuth:118 - Init User Auth plugin
2025-07-31 15:35:50,129 [INFO] PluginManage:359 - Loaded plugin userauth (category:base,tabindex:14)
2025-07-31 15:35:50,130 [INFO] PluginManage:283 - PluginManage : Loaded plugins [18]
2025-07-31 15:35:50,379 [INFO] McuFinderGlobals:63 - Set McuFinder mode to 2 (CubeIDE integrated)
2025-07-31 15:35:50,816 [INFO] PinOutPanel:1589 - setPackage(No Configuration,No Configuration)
2025-07-31 15:35:51,206 [INFO] CADModel:165 - CPN selected for project level
2025-07-31 15:35:51,207 [INFO] CADModel:114 - Register for checkConnection events
2025-07-31 15:35:51,281 [INFO] IPUIPlugin:80 - create IPUIPlugin
2025-07-31 15:35:51,281 [INFO] PluginManager:220 - loadIPPluginJar : add hash
2025-07-31 15:35:51,286 [INFO] IPUIPlugin:80 - create IPUIPlugin
2025-07-31 15:35:51,286 [INFO] PluginManager:220 - loadIPPluginJar : add tracer_emb
2025-07-31 15:35:51,294 [INFO] IPUIPlugin:80 - create IPUIPlugin
2025-07-31 15:35:51,295 [INFO] PluginManager:220 - loadIPPluginJar : add gic
2025-07-31 15:35:51,344 [INFO] IPUIPlugin:80 - create IPUIPlugin
2025-07-31 15:35:51,344 [INFO] PluginManager:220 - loadIPPluginJar : add mdma
2025-07-31 15:35:51,349 [INFO] IPUIPlugin:80 - create IPUIPlugin
2025-07-31 15:35:51,350 [INFO] PluginManager:220 - loadIPPluginJar : add touchsensing
2025-07-31 15:35:51,354 [INFO] IPUIPlugin:80 - create IPUIPlugin
2025-07-31 15:35:51,354 [INFO] PluginManager:220 - loadIPPluginJar : add lorawan
2025-07-31 15:35:51,392 [INFO] IPUIPlugin:80 - create IPUIPlugin
2025-07-31 15:35:51,392 [INFO] PluginManager:220 - loadIPPluginJar : add dma
2025-07-31 15:35:51,395 [INFO] IPUIPlugin:80 - create IPUIPlugin
2025-07-31 15:35:51,396 [INFO] PluginManager:220 - loadIPPluginJar : add radio
2025-07-31 15:35:51,400 [INFO] IPUIPlugin:80 - create IPUIPlugin
2025-07-31 15:35:51,400 [INFO] PluginManager:220 - loadIPPluginJar : add i2c
2025-07-31 15:35:51,414 [INFO] IPUIPlugin:80 - create IPUIPlugin
2025-07-31 15:35:51,414 [INFO] PluginManager:220 - loadIPPluginJar : add fatfs
2025-07-31 15:35:51,421 [INFO] IPUIPlugin:80 - create IPUIPlugin
2025-07-31 15:35:51,422 [INFO] PluginManager:220 - loadIPPluginJar : add openamp
2025-07-31 15:35:51,444 [INFO] IPUIPlugin:80 - create IPUIPlugin
2025-07-31 15:35:51,445 [INFO] PluginManager:220 - loadIPPluginJar : add nvic
2025-07-31 15:35:51,447 [INFO] IPUIPlugin:80 - create IPUIPlugin
2025-07-31 15:35:51,447 [INFO] PluginManager:220 - loadIPPluginJar : add quadspi
2025-07-31 15:35:51,452 [INFO] IPUIPlugin:80 - create IPUIPlugin
2025-07-31 15:35:51,452 [INFO] PluginManager:220 - loadIPPluginJar : add extmemmanager
2025-07-31 15:35:51,457 [INFO] IPUIPlugin:80 - create IPUIPlugin
2025-07-31 15:35:51,458 [INFO] PluginManager:220 - loadIPPluginJar : add sai
2025-07-31 15:35:51,467 [INFO] IPUIPlugin:80 - create IPUIPlugin
2025-07-31 15:35:51,467 [INFO] PluginManager:220 - loadIPPluginJar : add fmc
2025-07-31 15:35:51,471 [INFO] IPUIPlugin:80 - create IPUIPlugin
2025-07-31 15:35:51,472 [INFO] PluginManager:220 - loadIPPluginJar : add can
2025-07-31 15:35:51,525 [INFO] IPUIPlugin:80 - create IPUIPlugin
2025-07-31 15:35:51,526 [INFO] PluginManager:220 - loadIPPluginJar : add ddr_ctrl_phy
2025-07-31 15:35:51,530 [INFO] IPUIPlugin:80 - create IPUIPlugin
2025-07-31 15:35:51,531 [INFO] PluginManager:220 - loadIPPluginJar : add opamp
2025-07-31 15:35:51,538 [INFO] IPUIPlugin:80 - create IPUIPlugin
2025-07-31 15:35:51,538 [INFO] PluginManager:220 - loadIPPluginJar : add ipddr
2025-07-31 15:35:51,542 [INFO] IPUIPlugin:80 - create IPUIPlugin
2025-07-31 15:35:51,543 [INFO] PluginManager:220 - loadIPPluginJar : add i3c
2025-07-31 15:35:51,553 [INFO] IPUIPlugin:80 - create IPUIPlugin
2025-07-31 15:35:51,553 [INFO] PluginManager:220 - loadIPPluginJar : add adc
2025-07-31 15:35:51,558 [INFO] IPUIPlugin:80 - create IPUIPlugin
2025-07-31 15:35:51,558 [INFO] PluginManager:220 - loadIPPluginJar : add gtzc
2025-07-31 15:35:51,562 [INFO] IPUIPlugin:80 - create IPUIPlugin
2025-07-31 15:35:51,562 [INFO] PluginManager:220 - loadIPPluginJar : add gfxmmu
2025-07-31 15:35:51,565 [INFO] IPUIPlugin:80 - create IPUIPlugin
2025-07-31 15:35:51,566 [INFO] PluginManager:220 - loadIPPluginJar : add spi
2025-07-31 15:35:51,598 [INFO] IPUIPlugin:80 - create IPUIPlugin
2025-07-31 15:35:51,601 [INFO] PluginManager:220 - loadIPPluginJar : add plateformsettings
2025-07-31 15:35:51,605 [INFO] IPUIPlugin:80 - create IPUIPlugin
2025-07-31 15:35:51,605 [INFO] PluginManager:220 - loadIPPluginJar : add pdm2pcm
2025-07-31 15:35:51,608 [INFO] IPUIPlugin:80 - create IPUIPlugin
2025-07-31 15:35:51,608 [INFO] PluginManager:220 - loadIPPluginJar : add genericplugin
2025-07-31 15:35:51,612 [INFO] IPUIPlugin:80 - create IPUIPlugin
2025-07-31 15:35:51,612 [INFO] PluginManager:220 - loadIPPluginJar : add i2s
2025-07-31 15:35:51,614 [INFO] IPUIPlugin:80 - create IPUIPlugin
2025-07-31 15:35:51,615 [INFO] PluginManager:220 - loadIPPluginJar : add tsc
2025-07-31 15:35:51,619 [INFO] IPUIPlugin:80 - create IPUIPlugin
2025-07-31 15:35:51,619 [INFO] PluginManager:220 - loadIPPluginJar : add dma3
2025-07-31 15:35:51,623 [INFO] IPUIPlugin:80 - create IPUIPlugin
2025-07-31 15:35:51,623 [INFO] PluginManager:220 - loadIPPluginJar : add aes
2025-07-31 15:35:51,626 [INFO] IPUIPlugin:80 - create IPUIPlugin
2025-07-31 15:35:51,626 [INFO] PluginManager:220 - loadIPPluginJar : add ts
2025-07-31 15:35:51,629 [INFO] IPUIPlugin:80 - create IPUIPlugin
2025-07-31 15:35:51,629 [INFO] PluginManager:220 - loadIPPluginJar : add ucpd
2025-07-31 15:35:51,631 [INFO] IPUIPlugin:80 - create IPUIPlugin
2025-07-31 15:35:51,631 [INFO] PluginManager:220 - loadIPPluginJar : add comp
2025-07-31 15:35:51,635 [INFO] IPUIPlugin:80 - create IPUIPlugin
2025-07-31 15:35:51,635 [INFO] PluginManager:220 - loadIPPluginJar : add usart
2025-07-31 15:35:51,656 [INFO] IPUIPlugin:80 - create IPUIPlugin
2025-07-31 15:35:51,656 [INFO] PluginManager:220 - loadIPPluginJar : add resmgrutility
2025-07-31 15:35:51,661 [INFO] IPUIPlugin:80 - create IPUIPlugin
2025-07-31 15:35:51,661 [INFO] PluginManager:220 - loadIPPluginJar : add usbx
2025-07-31 15:35:51,665 [INFO] IPUIPlugin:80 - create IPUIPlugin
2025-07-31 15:35:51,665 [INFO] PluginManager:220 - loadIPPluginJar : add dfsdm
2025-07-31 15:35:51,668 [INFO] IPUIPlugin:80 - create IPUIPlugin
2025-07-31 15:35:51,669 [INFO] PluginManager:220 - loadIPPluginJar : add cryp
2025-07-31 15:35:51,679 [INFO] IPUIPlugin:80 - create IPUIPlugin
2025-07-31 15:35:51,679 [INFO] PluginManager:220 - loadIPPluginJar : add linkedlist
2025-07-31 15:35:51,682 [INFO] IPUIPlugin:80 - create IPUIPlugin
2025-07-31 15:35:51,682 [INFO] PluginManager:220 - loadIPPluginJar : add ltdc
2025-07-31 15:35:51,684 [INFO] IPUIPlugin:80 - create IPUIPlugin
2025-07-31 15:35:51,685 [INFO] PluginManager:220 - loadIPPluginJar : add tim
2025-07-31 15:35:51,698 [INFO] IPUIPlugin:80 - create IPUIPlugin
2025-07-31 15:35:51,698 [INFO] PluginManager:220 - loadIPPluginJar : add gpio
2025-07-31 15:35:51,708 [INFO] IPUIPlugin:80 - create IPUIPlugin
2025-07-31 15:35:51,709 [INFO] PluginManager:220 - loadIPPluginJar : add freertos
2025-07-31 15:35:51,718 [INFO] IPUIPlugin:80 - create IPUIPlugin
2025-07-31 15:35:51,718 [INFO] PluginManager:220 - loadIPPluginJar : add stm32_wpan
2025-07-31 15:35:51,871 [FATAL] Updater:351 - Updater called before beeing initialized
2025-07-31 15:35:51,963 [INFO] RulesReader:64 - Compatibility file has been processed (302 Rules)
2025-07-31 15:35:51,987 [INFO] RulesReader:64 - Compatibility file has been processed (302 Rules)
2025-07-31 15:35:52,032 [INFO] CADModel:165 - CPN selected for project level
2025-07-31 15:35:52,032 [INFO] CADModel:114 - Register for checkConnection events
2025-07-31 15:35:52,034 [FATAL] Updater:351 - Updater called before beeing initialized
2025-07-31 15:35:52,035 [ERROR] CADModel:125 - Updater not yet initialized, retry later 
2025-07-31 15:35:52,370 [INFO] ThirdPartyUpdaterWithRetryManager:70 - Updater plugin not ready yet. [2/15]
2025-07-31 15:35:52,404 [FATAL] Updater:351 - Updater called before beeing initialized
2025-07-31 15:35:52,407 [INFO] CADModel:165 - CPN selected for project level
2025-07-31 15:35:52,407 [INFO] CADModel:114 - Register for checkConnection events
2025-07-31 15:35:52,407 [FATAL] Updater:351 - Updater called before beeing initialized
2025-07-31 15:35:52,407 [ERROR] CADModel:125 - Updater not yet initialized, retry later 
2025-07-31 15:35:52,418 [FATAL] Updater:351 - Updater called before beeing initialized
2025-07-31 15:35:52,585 [FATAL] Updater:351 - Updater called before beeing initialized
2025-07-31 15:35:52,601 [INFO] DbMcusAds:53 - JSON generation date=Tue Jul 08 13:44:23 IST 2025 (1751962463562)
2025-07-31 15:35:52,602 [FATAL] Updater:351 - Updater called before beeing initialized
2025-07-31 15:35:52,813 [WARN] DetailPanel:346 - Failed to get advertising image, set to default
2025-07-31 15:35:53,231 [FATAL] Updater:351 - Updater called before beeing initialized
2025-07-31 15:35:53,235 [FATAL] Updater:351 - Updater called before beeing initialized
2025-07-31 15:35:53,236 [FATAL] Updater:351 - Updater called before beeing initialized
2025-07-31 15:35:53,236 [WARN] DetailPanel:346 - Failed to get advertising image, set to default
2025-07-31 15:35:53,239 [FATAL] Updater:351 - Updater called before beeing initialized
2025-07-31 15:35:53,293 [ERROR] Updater:1198 - MainUpdater not yet initialized. External WinMGr cannot be set.
2025-07-31 15:35:53,311 [INFO] Updater:1134 - Updater Version found : 6.14.1
2025-07-31 15:35:53,336 [INFO] ApplicationProperties:184 - Using Application install path: /opt/st/stm32cubeide_1.18.1/plugins/com.st.stm32cube.common.mx_6.14.1.202504091515
2025-07-31 15:35:53,995 [INFO] MainUpdater:2872 - connection check result : 10
2025-07-31 15:35:53,997 [INFO] MainUpdater:289 - Updater Check For Update Now.
2025-07-31 15:35:53,997 [INFO] MicroXplorer:498 - Change Database Version : DB.6.0.141
2025-07-31 15:35:54,007 [INFO] McuFinderGlobals:63 - Set McuFinder mode to 2 (CubeIDE integrated)
2025-07-31 15:35:54,007 [INFO] UserAuth:171 - activating auth plugin
2025-07-31 15:35:54,012 [INFO] UserAuth:484 - Internet connection configuration mode: 1
2025-07-31 15:35:54,270 [INFO] JxBrowserEngine:152 - Initiate JxBrowser Engine with user profile folder
2025-07-31 15:35:54,429 [INFO] CheckServerUpdateThread:120 - End of CheckServer Thread
2025-07-31 15:35:54,457 [INFO] MainUpdater:2872 - connection check result : 10
2025-07-31 15:35:54,459 [INFO] MainUpdater:2872 - connection check result : 10
2025-07-31 15:35:54,621 [INFO] MicroXplorer:468 - Change Database Path : 
2025-07-31 15:35:54,623 [INFO] MicroXplorer:498 - Change Database Version : DB.6.0.141
2025-07-31 15:35:54,721 [WARN] ThirdParty:871 - waiting for thirdparty lock release [close project]
2025-07-31 15:35:55,706 [WARN] PackLoader:240 - Cannot read IP mode file for STMicroelectronics.FP-SNS-MOTENVWB1.1.4.0
2025-07-31 15:35:55,791 [WARN] PackLoader:240 - Cannot read IP mode file for STMicroelectronics.X-CUBE-DISPLAY.3.0.0
2025-07-31 15:35:55,817 [WARN] PackLoader:240 - Cannot read IP mode file for STMicroelectronics.FP-SNS-SMARTAG2.1.2.0
2025-07-31 15:35:55,827 [WARN] PackLoader:240 - Cannot read IP mode file for STMicroelectronics.FP-SNS-MOTENV1.5.0.0
2025-07-31 15:35:55,899 [WARN] PackLoader:240 - Cannot read IP mode file for STMicroelectronics.X-CUBE-BLE2.3.3.0
2025-07-31 15:35:55,931 [WARN] PackLoader:240 - Cannot read IP mode file for STMicroelectronics.FP-ATR-SIGFOX1.3.2.0
2025-07-31 15:35:55,959 [WARN] PackLoader:240 - Cannot read IP mode file for STMicroelectronics.FP-SNS-STBOX1.2.0.0
2025-07-31 15:35:55,976 [WARN] PackLoader:240 - Cannot read IP mode file for STMicroelectronics.X-CUBE-ALS.1.0.2
2025-07-31 15:35:55,979 [INFO] ThirdParty:978 - Integrity check success = true
2025-07-31 15:35:55,980 [INFO] IntegrityCheckThread:100 - exiting critical section [integrity check]
2025-07-31 15:35:55,980 [INFO] IntegrityCheckThread:103 - End integrity checks thread
2025-07-31 15:35:55,980 [INFO] ThirdParty:873 - entering critical section [close project]
2025-07-31 15:35:55,982 [INFO] ThirdParty:883 - exiting critical section [close project]
2025-07-31 15:35:55,984 [INFO] PinOutPanel:1589 - setPackage(No Configuration,No Configuration)
2025-07-31 15:35:55,990 [INFO] UtilMem:75 - Begin LoadConfig() Used Memory: 122433904 Bytes (268435456)
2025-07-31 15:35:55,992 [INFO] MicroXplorer:468 - Change Database Path : 
2025-07-31 15:35:55,992 [INFO] MicroXplorer:498 - Change Database Version : DB.6.0.141
2025-07-31 15:35:55,992 [INFO] OpenFileManager:354 - Change cursor
2025-07-31 15:35:56,554 [INFO] Mcu:2011 - Initializing MCU STM32F446R(C-E)Tx STM32F446RETx STM32F446RET6
2025-07-31 15:36:00,731 [INFO] Context:756 - Trying to add GPIOservice into a context  which must be forbidden
2025-07-31 15:36:02,036 [INFO] ImportTextPane:218 - (OptionalMessage_ERROR) Pin12 (VP_RIF_VS_RIF1) cannot be retrieved for this MCU
2025-07-31 15:36:02,296 [WARN] ModelIntegratedComponent:63 - No mode defined for component null
2025-07-31 15:36:02,296 [WARN] ModelIntegratedComponent:63 - No mode defined for component null
2025-07-31 15:36:02,296 [WARN] ModelIntegratedComponent:63 - No mode defined for component null
2025-07-31 15:36:02,296 [WARN] ModelIntegratedComponent:63 - No mode defined for component null
2025-07-31 15:36:02,296 [WARN] ModelIntegratedComponent:63 - No mode defined for component null
2025-07-31 15:36:02,296 [WARN] ModelIntegratedComponent:63 - No mode defined for component null
2025-07-31 15:36:02,297 [WARN] ModelIntegratedComponent:63 - No mode defined for component null
2025-07-31 15:36:02,297 [WARN] ModelIntegratedComponent:63 - No mode defined for component null
2025-07-31 15:36:02,297 [WARN] ModelIntegratedComponent:63 - No mode defined for component null
2025-07-31 15:36:02,297 [WARN] ModelIntegratedComponent:63 - No mode defined for component null
2025-07-31 15:36:02,297 [WARN] ModelIntegratedComponent:63 - No mode defined for component null
2025-07-31 15:36:02,297 [WARN] ModelIntegratedComponent:63 - No mode defined for component null
2025-07-31 15:36:02,297 [WARN] ModelIntegratedComponent:63 - No mode defined for component null
2025-07-31 15:36:02,297 [WARN] ModelIntegratedComponent:63 - No mode defined for component null
2025-07-31 15:36:02,297 [WARN] ModelIntegratedComponent:63 - No mode defined for component null
2025-07-31 15:36:02,297 [WARN] ModelIntegratedComponent:63 - No mode defined for component null
2025-07-31 15:36:02,298 [WARN] ModelIntegratedComponent:63 - No mode defined for component null
2025-07-31 15:36:02,298 [WARN] ModelIntegratedComponent:63 - No mode defined for component null
2025-07-31 15:36:02,298 [WARN] ModelIntegratedComponent:63 - No mode defined for component null
2025-07-31 15:36:02,298 [WARN] ModelIntegratedComponent:63 - No mode defined for component null
2025-07-31 15:36:02,298 [WARN] ModelIntegratedComponent:63 - No mode defined for component null
2025-07-31 15:36:02,298 [WARN] ModelIntegratedComponent:63 - No mode defined for component null
2025-07-31 15:36:02,298 [WARN] ModelIntegratedComponent:63 - No mode defined for component null
2025-07-31 15:36:02,298 [WARN] ModelIntegratedComponent:63 - No mode defined for component null
2025-07-31 15:36:02,298 [WARN] ModelIntegratedComponent:63 - No mode defined for component null
2025-07-31 15:36:02,298 [WARN] ModelIntegratedComponent:63 - No mode defined for component null
2025-07-31 15:36:02,299 [WARN] ModelIntegratedComponent:63 - No mode defined for component null
2025-07-31 15:36:02,299 [WARN] ModelIntegratedComponent:63 - No mode defined for component null
2025-07-31 15:36:02,299 [WARN] ModelIntegratedComponent:63 - No mode defined for component null
2025-07-31 15:36:02,299 [WARN] ModelIntegratedComponent:63 - No mode defined for component null
2025-07-31 15:36:02,299 [WARN] ModelIntegratedComponent:63 - No mode defined for component null
2025-07-31 15:36:02,299 [WARN] ModelIntegratedComponent:63 - No mode defined for component null
2025-07-31 15:36:02,300 [WARN] ModelIntegratedComponent:63 - No mode defined for component null
2025-07-31 15:36:02,300 [WARN] ModelIntegratedComponent:63 - No mode defined for component null
2025-07-31 15:36:02,300 [WARN] ModelIntegratedComponent:63 - No mode defined for component null
2025-07-31 15:36:02,300 [WARN] ModelPack:524 - Component already loaded: STMicroelectronics:HAL Drivers:0.0.0:STMicroelectronics:Device:STMicro_Driver:XSPI:HAL::0.0.1:HAL_XSPI
2025-07-31 15:36:02,310 [INFO] RtosManager:558 - Registered RTOS mode: class=CMSIS, group=RTOS, mode=CMSIS_V1, owner=FREERTOS
2025-07-31 15:36:02,311 [INFO] RtosManager:558 - Registered RTOS mode: class=CMSIS, group=RTOS2, mode=CMSIS_V2, owner=FREERTOS
2025-07-31 15:36:02,311 [INFO] RtosManager:558 - Registered RTOS mode: class=RTOS, group=Core, mode=CMSIS_V1, owner=FREERTOS
2025-07-31 15:36:02,311 [INFO] RtosManager:558 - Registered RTOS mode: class=RTOS, group=Core, mode=CMSIS_V2, owner=FREERTOS
2025-07-31 15:36:02,311 [WARN] ModelIntegratedComponent:184 - Missing modes for component STMicroelectronics:FreeRTOS:0.0.1:STMicroelectronics:RTOS:FreeRTOS:Core:::10.2.0:
2025-07-31 15:36:02,324 [INFO] ThirdPartyModel:298 - Start build external matchings
2025-07-31 15:36:02,353 [INFO] ThirdPartyModel:316 - End build external matchings
2025-07-31 15:36:02,359 [INFO] ImportTextPane:218 - (OptionalMessage_ERROR) IP (RCC) : Invalid parameter (48MHZClocksFreq_Value)
2025-07-31 15:36:02,360 [INFO] ImportTextPane:218 - (OptionalMessage_ERROR) IP (RCC) : Invalid parameter (EthernetFreq_Value)
2025-07-31 15:36:02,362 [INFO] ImportTextPane:218 - (OptionalMessage_ERROR) IP (RCC) : Parameter (FLatency) has Id (AdvancedSettings) currently not set
2025-07-31 15:36:02,363 [INFO] ImportTextPane:218 - (OptionalMessage_ERROR) IP (RCC) : Invalid parameter (FamilyName)
2025-07-31 15:36:02,363 [INFO] ImportTextPane:218 - (OptionalMessage_ERROR) IP (RCC) : Invalid parameter (I2SClocksFreq_Value)
2025-07-31 15:36:02,364 [INFO] ImportTextPane:218 - (OptionalMessage_ERROR) IP (RCC) : Parameter (SDIOFreq_Value) has invalid value (168000000)
2025-07-31 15:36:02,364 [INFO] ImportTextPane:218 - (OptionalMessage_ERROR) IP (RCC) : Parameter (USBFreq_Value) has invalid value (168000000)
2025-07-31 15:36:02,365 [INFO] ImportTextPane:218 - (OptionalMessage_ERROR) IP (RCC) : Invalid parameter (VCOInputMFreq_Value)
2025-07-31 15:36:02,366 [INFO] ImportTextPane:218 - (OptionalMessage_ERROR) IP (RCC) : Invalid parameter (VcooutputI2S)
2025-07-31 15:36:03,949 [INFO] ApiDb:581 - Connected to CubeFinder SQLite database (/home/nova/.stmcufinder/plugins/mcufinder/mcu/cube-finder-db.db)
2025-07-31 15:36:11,742 [INFO] ApiDb:668 - CubeFinder database Data Model version=2.1
2025-07-31 15:36:11,742 [INFO] ApiDb:669 - CubeFinder database Configuration version=3.0.39
2025-07-31 15:36:11,744 [INFO] ApiDb:670 - CubeFinder database generation date=2025-07-21 (1753107327)
2025-07-31 15:36:11,744 [INFO] ApiDb:671 - CubeFinder database FW Pack versions=[FP-ATR-ASTRA1_V2.0.0, FP-SNS-FLIGHT1_V5.1.0, FP-SNS-MOTENV1_V5.0.0, FP-SNS-MOTENVWB1_V1.4.0, FP-SNS-SMARTAG2_V1.2.0, FP-SNS-STBOX1_V2.0.0, STM32Cube_FW_C0_V1.4.0, STM32Cube_FW_F4_V1.28.2, STM32Cube_FW_F7_V1.17.3, STM32Cube_FW_G0_V1.6.2, STM32Cube_FW_G4_V1.6.1, STM32Cube_FW_H5_V1.5.0, STM32Cube_FW_H7RS_V1.2.0, STM32Cube_FW_H7_V1.12.1, STM32Cube_FW_L0_V1.12.2, STM32Cube_FW_L4_V1.18.1, STM32Cube_FW_L5_V1.5.1, STM32Cube_FW_N6_V1.2.0, STM32Cube_FW_U0_V1.3.0, STM32Cube_FW_U3_V1.2.0, STM32Cube_FW_U5_V1.8.0, STM32Cube_FW_WB0_V1.3.0, STM32Cube_FW_WBA_V1.7.0, STM32Cube_FW_WB_V1.23.0, STM32Cube_FW_WL3_V1.2.0, STM32Cube_FW_WL_V1.3.1, X-CUBE-ALGOBUILD_V1.4.0, X-CUBE-ALS_V1.0.2, X-CUBE-AZRTOS-F4_V1.1.0, X-CUBE-AZRTOS-F7_V1.1.0, X-CUBE-AZRTOS-G0_V1.1.0, X-CUBE-AZRTOS-G4_V2.0.0, X-CUBE-AZRTOS-H7RS_V1.1.0, X-CUBE-AZRTOS-H7_V3.3.0, X-CUBE-AZRTOS-L4_V2.0.0, X-CUBE-AZRTOS-L5_V2.0.0, X-CUBE-AZRTOS-WB_V2.0.0, X-CUBE-AZRTOS-WL_V2.0.0, X-CUBE-BLE1_V7.1.0, X-CUBE-BLE2_V3.3.0, X-CUBE-BLEMGR_V4.0.0, X-CUBE-EEPRMA1_V5.1.0, X-CUBE-FREERTOS_V1.3.1, X-CUBE-GNSS1_V6.0.0, X-CUBE-MEMS1_V11.3.0, X-CUBE-NFC4_V3.0.0, X-CUBE-NFC7_V2.0.0, X-CUBE-SFXS2LP1_V4.0.0, X-CUBE-SUBG2_V5.0.0, X-CUBE-TOF1_V3.4.3]
2025-07-31 15:36:21,924 [INFO] WebApp:169 - Instantiating new browser for Auth
2025-07-31 15:36:27,500 [INFO] DbBoardsSqlite:226 - include board P-NUCLEO-WB55-NUCLEO as a kit item of type 'Nucleo-64'
2025-07-31 15:36:27,502 [INFO] DbBoardsSqlite:226 - include board P-NUCLEO-WB55-USBDONGLE as a kit item of type 'Nucleo USB Dongle'
2025-07-31 15:36:27,822 [INFO] DbBoardsSqlite:226 - include board STEVAL-IDP005V1 as a kit item of type 'Evaluation Board'
2025-07-31 15:36:27,852 [INFO] DbBoardsSqlite:226 - include board STEVAL-IDP005V2 as a kit item of type 'Evaluation Board'
2025-07-31 15:36:37,956 [INFO] ApiDb:240 - Found 895 in-development CPN: [B-G473E-ZEST1S, B-WB1M-WPAN1, B-WBA5M-WPAN, B-WL5M-SUBG1, NUCLEO-C031C6, NUCLEO-C051C8, NUCLEO-C071RB, NUCLEO-C092RC, NUCLEO-H503RB, NUCLEO-H533RE, NUCLEO-H563ZI, NUCLEO-H7S3L8, NUCLEO-N657X0-Q, NUCLEO-U031R8, NUCLEO-U083RC, NUCLEO-U385RG-Q, NUCLEO-U545RE-Q, NUCLEO-U5A5ZJ-Q, NUCLEO-WB05KZ, NUCLEO-WB07CC, NUCLEO-WB09KE, NUCLEO-WBA52CG, NUCLEO-WBA55CG, NUCLEO-WBA65RI, NUCLEO-WL33CC1, NUCLEO-WL33CC2, STEVAL-PROTEUS1, STEVAL-SMARTAG2, STEVAL-STWINBX1, STM320518-EVAL, STM32C0116-DK, STM32C011D6Y3TR, STM32C011D6Y6TR, STM32C011F4P3, STM32C011F4P6, STM32C011F4U3, STM32C011F4U6TR, STM32C011F6P3, STM32C011F6P6, STM32C011F6U3, STM32C011F6U6TR, STM32C011J4M3, STM32C011J4M6, STM32C011J6M3, STM32C011J6M6, STM32C0316-DK, STM32C031C4T3, STM32C031C4T6, STM32C031C4U3, STM32C031C4U6, STM32C031C6T3, STM32C031C6T6, STM32C031C6U3, STM32C031C6U6, STM32C031F4P3, STM32C031F4P6, STM32C031F6P3, STM32C031F6P6, STM32C031G4U3, STM32C031G4U6, STM32C031G6U3, STM32C031G6U6, STM32C031K4T3, STM32C031K4T6, STM32C031K4U3, STM32C031K4U6, STM32C031K6T3, STM32C031K6T6, STM32C031K6U3, STM32C031K6U6, STM32C051C6T6, STM32C051C6U6, STM32C051C8T6, STM32C051C8U6, STM32C051D8Y6TR, STM32C051F6P6, STM32C051F8P6, STM32C051G6U6, STM32C051G8U6, STM32C051K6T6, STM32C051K6U6, STM32C051K8T6, STM32C071C8T6, STM32C071C8T6N, STM32C071C8U6, STM32C071C8U6N, STM32C071CBT6, STM32C071CBT6N, STM32C071CBU6, STM32C071CBU6N, STM32C071F8P6, STM32C071F8P6N, STM32C071FBP6, STM32C071FBP6N, STM32C071FBY6TR, STM32C071G8U6, STM32C071G8U6N, STM32C071GBU6, STM32C071GBU6N, STM32C071K8T6, STM32C071K8T6N, STM32C071K8U6, STM32C071K8U6N, STM32C071KBT6, STM32C071KBT6N, STM32C071KBU6, STM32C071KBU6N, STM32C071R8T6, STM32C071R8T6N, STM32C071RBI6N, STM32C071RBT6, STM32C071RBT6N, STM32C091CBT6, STM32C091CBU6, STM32C091CCT6, STM32C091CCU6, STM32C091ECY6TR, STM32C091FBP6, STM32C091FCP6, STM32C091GBU6, STM32C091GCU6, STM32C091KBT6, STM32C091KBU6, STM32C091KCT6, STM32C091KCU6, STM32C091RBT6, STM32C091RCI6, STM32C091RCT6, STM32C092CBT6, STM32C092CBU6, STM32C092CCT6, STM32C092CCU6, STM32C092ECY6TR, STM32C092FBP6, STM32C092FCP6, STM32C092GBU6, STM32C092GCU6, STM32C092KBT6, STM32C092KBU6, STM32C092KCT6, STM32C092KCU6, STM32C092RBT6, STM32C092RCI6, STM32C092RCT6, STM32G071K8TXN, STM32G071K8UXN, STM32G081GBU6N, STM32G081KBT6N, STM32G081KBUXN, STM32G0B1CCT6N, STM32G0B1KCT6, STM32G0B1NEY6TR, STM32G0B1RCT6N, STM32G0C1CCT6, STM32G0C1CCT6N, STM32G0C1CCU6N, STM32G0C1CET6N, STM32G0C1CEU6N, STM32G0C1KCT6, STM32G0C1NEY6TR, STM32G0C1RCI6N, STM32G0C1RCT6N, STM32G0C1REI6N, STM32G0C1RET6N, STM32G0C1VCI6, STM32G0C1VEI6, STM32G411C6T3, STM32G411C6T6, STM32G411C6U3, STM32G411C6U6, STM32G411C8T3, STM32G411C8T6, STM32G411C8U3, STM32G411C8U6, STM32G411CBT3, STM32G411CBT6, STM32G411CBU3, STM32G411CBU6, STM32G411CCT3, STM32G411CCT6, STM32G411CCU3, STM32G411CCU6, STM32G411K6T3, STM32G411K6T6, STM32G411K6U3, STM32G411K6U6, STM32G411K8T3, STM32G411K8T6, STM32G411K8U3, STM32G411K8U6, STM32G411KBT3, STM32G411KBT6, STM32G411KBU3, STM32G411KBU6, STM32G411M6T3, STM32G411M6T6, STM32G411M8T3, STM32G411M8T6, STM32G411MBT3, STM32G411MBT6, STM32G411MCT3, STM32G411MCT6, STM32G411R6T3, STM32G411R6T6, STM32G411R8T3, STM32G411R8T6, STM32G411RBT3, STM32G411RBT6, STM32G411RCT3, STM32G411RCT6, STM32G414CBT3, STM32G414CBT6, STM32G414CBU3, STM32G414CBU6, STM32G414CCT3, STM32G414CCT6, STM32G414CCU3, STM32G414CCU6, STM32G414MBT3, STM32G414MBT6, STM32G414MCT3, STM32G414MCT6, STM32G414RBT3, STM32G414RBT6, STM32G414RCT3, STM32G414RCT6, STM32G414VBT3, STM32G414VBT6, STM32G414VCT3, STM32G414VCT6, STM32G431CBT3Z, STM32G431RBT3Z, STM32G471CCT6, STM32G471CCU6, STM32G471CET3, STM32G471CET6, STM32G471CEU3, STM32G471CEU6, STM32G471MCT6, STM32G471MET3, STM32G471MET6, STM32G471MEY6TR, STM32G471QCT6, STM32G471QET3, STM32G471RCT6, STM32G471RET3, STM32G471RET6, STM32G471VCH6, STM32G471VCI6, STM32G471VCT6, STM32G471VEH3, STM32G471VEH6, STM32G471VEI3, STM32G471VEI6, STM32G471VET3, STM32G471VET6, STM32G473QET3Z, STM32G473RET3Z, STM32G474CCT6, STM32G491RET3Z, STM32H503CBT6, STM32H503CBU6, STM32H503EBY6TR, STM32H503KBU6, STM32H503RBT6, STM32H523CCT6, STM32H523CCU6, STM32H523CET6, STM32H523CEU6, STM32H523HEY6TR, STM32H523RCT6, STM32H523RET6, STM32H523VCI6, STM32H523VCT6, STM32H523VEI6, STM32H523VET6, STM32H523ZCJ6, STM32H523ZCT6, STM32H523ZEJ6, STM32H523ZET6, STM32H533CET6, STM32H533CEU6, STM32H533HEY6TR, STM32H533RET6, STM32H533VEI6, STM32H533VET6, STM32H533ZEJ6, STM32H533ZET6, STM32H562AGI6, STM32H562AII6, STM32H562IGK6, STM32H562IGT6, STM32H562IIK6, STM32H562IIT6, STM32H562RGT6, STM32H562RGV6, STM32H562RIT6, STM32H562RIV6, STM32H562VGT6, STM32H562VIT6, STM32H562ZGT6, STM32H562ZIT6, STM32H563AGI6, STM32H563AII3Q, STM32H563AII6, STM32H563IGK6, STM32H563IGT6, STM32H563IIK3Q, STM32H563IIK6, STM32H563IIT3Q, STM32H563IIT6, STM32H563MIY3QTR, STM32H563RGT6, STM32H563RGV6, STM32H563RIT6, STM32H563RIV6, STM32H563VGT6, STM32H563VIT3Q, STM32H563VIT6, STM32H563ZGT6, STM32H563ZIT3Q, STM32H563ZIT6, STM32H573AII3Q, STM32H573AII6, STM32H573I-DK, STM32H573IIK3Q, STM32H573IIK6, STM32H573IIT3Q, STM32H573IIT6, STM32H573MIY3QTR, STM32H573RIT6, STM32H573RIV6, STM32H573VIT3Q, STM32H573VIT6, STM32H573ZIT3Q, STM32H573ZIT6, STM32H7R3A8I6, STM32H7R3I8K6, STM32H7R3I8T6, STM32H7R3L8H6, STM32H7R3L8H6H, STM32H7R3R8V6, STM32H7R3V8H6, STM32H7R3V8T6, STM32H7R3V8Y6TR, STM32H7R3Z8J6, STM32H7R3Z8T6, STM32H7R7A8I6, STM32H7R7I8K6, STM32H7R7I8T6, STM32H7R7L8H6, STM32H7R7L8H6H, STM32H7R7Z8J6, STM32H7S3A8I6, STM32H7S3I8K6, STM32H7S3I8T6, STM32H7S3L8H6, STM32H7S3L8H6H, STM32H7S3R8V6, STM32H7S3V8H6, STM32H7S3V8T6, STM32H7S3V8Y6TR, STM32H7S3Z8J6, STM32H7S3Z8T6, STM32H7S78-DK, STM32H7S7A8I6, STM32H7S7I8K6, STM32H7S7I8T6, STM32H7S7L8H6, STM32H7S7L8H6H, STM32H7S7Z8J6, STM32L4R5QGI6STR, STM32MP131AAE3, STM32MP131AAF3, STM32MP131AAG3, STM32MP131CAE3, STM32MP131CAF3, STM32MP131CAG3, STM32MP131DAE7, STM32MP131DAF7, STM32MP131DAG7, STM32MP131FAE7, STM32MP131FAF7, STM32MP131FAG7, STM32MP133AAE3, STM32MP133AAF3, STM32MP133AAG3, STM32MP133CAE3, STM32MP133CAF3, STM32MP133CAG3, STM32MP133DAE7, STM32MP133DAF7, STM32MP133DAG7, STM32MP133FAE7, STM32MP133FAF7, STM32MP133FAG7, STM32MP135AAE3, STM32MP135AAF3, STM32MP135AAG3, STM32MP135CAE3, STM32MP135CAF3, STM32MP135CAG3, STM32MP135DAE7, STM32MP135DAF7, STM32MP135DAG7, STM32MP135F-DK, STM32MP135FAE7, STM32MP135FAF7, STM32MP135FAF7T, STM32MP135FAF7U, STM32MP135FAG7, STM32MP231AAJ3, STM32MP231AAK3, STM32MP231AAL3, STM32MP231CAJ3, STM32MP231CAK3, STM32MP231CAL3, STM32MP231DAJ3, STM32MP231DAK3, STM32MP231DAL3, STM32MP231FAJ3, STM32MP231FAK3, STM32MP231FAL3, STM32MP233AAJ3, STM32MP233AAK3, STM32MP233AAL3, STM32MP233CAJ3, STM32MP233CAK3, STM32MP233CAL3, STM32MP233DAJ3, STM32MP233DAK3, STM32MP233DAL3, STM32MP233FAJ3, STM32MP233FAK3, STM32MP233FAL3, STM32MP235AAJ3, STM32MP235AAK3, STM32MP235AAL3, STM32MP235CAJ3, STM32MP235CAK3, STM32MP235CAL3, STM32MP235DAJ3, STM32MP235DAK3, STM32MP235DAL3, STM32MP235FAJ3, STM32MP235FAK3, STM32MP235FAL3, STM32MP251AAI3, STM32MP251AAJ3, STM32MP251AAK3, STM32MP251AAL3, STM32MP251CAI3, STM32MP251CAJ3, STM32MP251CAK3, STM32MP251CAL3, STM32MP251DAI3, STM32MP251DAJ3, STM32MP251DAK3, STM32MP251DAL3, STM32MP251FAI3, STM32MP251FAJ3, STM32MP251FAK3, STM32MP251FAL3, STM32MP253AAI3, STM32MP253AAJ3, STM32MP253AAK3, STM32MP253AAL3, STM32MP253CAI3, STM32MP253CAJ3, STM32MP253CAK3, STM32MP253CAL3, STM32MP253DAI3, STM32MP253DAJ3, STM32MP253DAK3, STM32MP253DAL3, STM32MP253FAI3, STM32MP253FAJ3, STM32MP253FAK3, STM32MP253FAL3, STM32MP255AAI3, STM32MP255AAJ3, STM32MP255AAK3, STM32MP255AAL3, STM32MP255CAI3, STM32MP255CAJ3, STM32MP255CAK3, STM32MP255CAL3, STM32MP255DAI3, STM32MP255DAJ3, STM32MP255DAK3, STM32MP255DAL3, STM32MP255FAI3, STM32MP255FAJ3, STM32MP255FAK3, STM32MP255FAL3, STM32MP257AAI3, STM32MP257AAJ3, STM32MP257AAK3, STM32MP257AAL3, STM32MP257CAI3, STM32MP257CAJ3, STM32MP257CAK3, STM32MP257CAL3, STM32MP257DAI3, STM32MP257DAJ3, STM32MP257DAK3, STM32MP257DAL3, STM32MP257F-DK, STM32MP257F-EV1, STM32MP257FAI3, STM32MP257FAJ3, STM32MP257FAK3, STM32MP257FAL3, STM32N645A0H3Q, STM32N645B0H3Q, STM32N645I0H3Q, STM32N645L0H3Q, STM32N645X0H3Q, STM32N645Z0H3Q, STM32N647A0H3Q, STM32N647B0H3Q, STM32N647I0H3Q, STM32N647L0H3Q, STM32N647X0H3Q, STM32N647Z0H3Q, STM32N655A0H3Q, STM32N655B0H3Q, STM32N655I0H3Q, STM32N655L0H3Q, STM32N655X0H3Q, STM32N655Z0H3Q, STM32N6570-DK, STM32N657A0H3Q, STM32N657B0H3Q, STM32N657I0H3Q, STM32N657L0H3Q, STM32N657X0H3Q, STM32N657Z0H3Q, STM32U031C6T6, STM32U031C6U6, STM32U031C8T6, STM32U031C8U6, STM32U031F4P6, STM32U031F6P6, STM32U031F8P6, STM32U031G6Y6TR, STM32U031G8Y6TR, STM32U031K4U6, STM32U031K6U6, STM32U031K8U6, STM32U031R6I6, STM32U031R6T6, STM32U031R8I6, STM32U031R8T6, STM32U073C8T6, STM32U073C8U6, STM32U073CBT6, STM32U073CBU6, STM32U073CCT6, STM32U073CCU6, STM32U073H8Y6TR, STM32U073HBY6TR, STM32U073HCY6TR, STM32U073K8U6, STM32U073KBU6, STM32U073KCU6, STM32U073M8I6, STM32U073M8T6, STM32U073MBI6, STM32U073MBT6, STM32U073MCI6, STM32U073MCT6, STM32U073R8I6, STM32U073R8T6, STM32U073RBI6, STM32U073RBT6, STM32U073RCI6, STM32U073RCT6, STM32U083C-DK, STM32U083CCT6, STM32U083CCU6, STM32U083HCY6TR, STM32U083KCU6, STM32U083MCI6, STM32U083MCT6, STM32U083RCI6, STM32U083RCT6, STM32U375CET6, STM32U375CET6Q, STM32U375CEU6, STM32U375CEU6Q, STM32U375CEY6QTR, STM32U375CGT6, STM32U375CGT6Q, STM32U375CGU6, STM32U375CGU6Q, STM32U375CGY6QTR, STM32U375KEU6, STM32U375KGU6, STM32U375REI6, STM32U375REI6Q, STM32U375RET6, STM32U375RET6Q, STM32U375REY6GTR, STM32U375REY6QTR, STM32U375RGI6, STM32U375RGI6Q, STM32U375RGT6, STM32U375RGT6Q, STM32U375RGY6GTR, STM32U375RGY6QTR, STM32U375VEI6, STM32U375VEI6Q, STM32U375VET6, STM32U375VET6Q, STM32U375VGI6, STM32U375VGI6Q, STM32U375VGT6, STM32U375VGT6Q, STM32U385CGT6, STM32U385CGT6Q, STM32U385CGU6, STM32U385CGU6Q, STM32U385CGY6QTR, STM32U385KGU6, STM32U385RGI6, STM32U385RGI6Q, STM32U385RGT6, STM32U385RGT6Q, STM32U385RGY6GTR, STM32U385RGY6QTR, STM32U385VGI6, STM32U385VGI6Q, STM32U385VGT6, STM32U385VGT6Q, STM32U535CBT6, STM32U535CBT6Q, STM32U535CBU6, STM32U535CBU6Q, STM32U535CCT6, STM32U535CCT6Q, STM32U535CCU6, STM32U535CCU6Q, STM32U535CET6, STM32U535CET6Q, STM32U535CEU6, STM32U535CEU6Q, STM32U535JEY6QTR, STM32U535NCY6QTR, STM32U535NEY6QTR, STM32U535RBI6, STM32U535RBI6Q, STM32U535RBT6, STM32U535RBT6Q, STM32U535RCI6, STM32U535RCI6Q, STM32U535RCT6, STM32U535RCT6Q, STM32U535REI6, STM32U535REI6Q, STM32U535RET6, STM32U535RET6Q, STM32U535VCI6, STM32U535VCI6Q, STM32U535VCT6, STM32U535VCT6Q, STM32U535VEI6, STM32U535VEI6Q, STM32U535VET6, STM32U535VET6Q, STM32U545CET6, STM32U545CET6Q, STM32U545CEU6, STM32U545CEU6Q, STM32U545JEY6QTR, STM32U545NEY6QTR, STM32U545REI6, STM32U545REI6Q, STM32U545RET6, STM32U545RET6Q, STM32U545VEI6, STM32U545VEI6Q, STM32U545VET6, STM32U545VET6Q, STM32U595AIH6, STM32U595AIH6Q, STM32U595AJH6, STM32U595AJH6Q, STM32U595QII6, STM32U595QII6Q, STM32U595QJI6, STM32U595QJI6Q, STM32U595RIT6, STM32U595RIT6Q, STM32U595RJT6, STM32U595RJT6Q, STM32U595VIT6, STM32U595VIT6Q, STM32U595VJT6, STM32U595VJT6Q, STM32U595ZIT6, STM32U595ZIT6Q, STM32U595ZIY6QTR, STM32U595ZJT6, STM32U595ZJT6Q, STM32U595ZJY6QTR, STM32U599BJY6QTR, STM32U599NIH6Q, STM32U599NJH6Q, STM32U599VIT6Q, STM32U599VJT6, STM32U599VJT6Q, STM32U599ZIT6Q, STM32U599ZIY6QTR, STM32U599ZJT6Q, STM32U599ZJY6QTR, STM32U5A5AJH6, STM32U5A5AJH6Q, STM32U5A5QII3Q , STM32U5A5QJI6, STM32U5A5QJI6Q, STM32U5A5RJT6, STM32U5A5RJT6Q, STM32U5A5VJT6, STM32U5A5VJT6Q, STM32U5A5ZJT6, STM32U5A5ZJT6Q, STM32U5A5ZJY6QTR, STM32U5A9BJY6QTR, STM32U5A9J-DK, STM32U5A9NJH6Q, STM32U5A9VJT6Q, STM32U5A9ZJT6Q, STM32U5A9ZJY6QTR, STM32U5F7VIT6, STM32U5F7VIT6Q, STM32U5F7VJT6, STM32U5F7VJT6Q, STM32U5F9BJY6QTR, STM32U5F9NJH6Q, STM32U5F9VIT6Q, STM32U5F9VJT6Q, STM32U5F9ZIJ6QTR, STM32U5F9ZIT6Q, STM32U5F9ZJJ6QTR, STM32U5F9ZJT6Q, STM32U5G7VJT6, STM32U5G7VJT6Q, STM32U5G9BJY6QTR, STM32U5G9J-DK1, STM32U5G9J-DK2, STM32U5G9NJH6Q, STM32U5G9VJT6Q, STM32U5G9ZJJ6QTR, STM32U5G9ZJT6Q, STM32WB05KZV6TR, STM32WB05KZV7TR, STM32WB05TZF6TR, STM32WB05TZF7TR, STM32WB06CCF6TR, STM32WB06CCF7TR, STM32WB06CCV6TR, STM32WB06CCV7TR, STM32WB06KCV6TR, STM32WB06KCV7TR, STM32WB07CCF6TR, STM32WB07CCF7TR, STM32WB07CCV6TR, STM32WB07CCV7TR, STM32WB07KCV6TR, STM32WB07KCV7TR, STM32WB09KEV6TR, STM32WB09KEV7TR, STM32WB09TEF6TR, STM32WB09TEF7TR, STM32WB1MMCH6, STM32WBA50KGU6, STM32WBA50KGU6TR, STM32WBA52CEU6, STM32WBA52CEU6TR, STM32WBA52CEU7, STM32WBA52CEU7TR, STM32WBA52CGU6, STM32WBA52CGU6TR, STM32WBA52CGU6U, STM32WBA52CGU7, STM32WBA52CGU7TR, STM32WBA52KEU6, STM32WBA52KEU6TR, STM32WBA52KGU6, STM32WBA52KGU6TR, STM32WBA54CEU6, STM32WBA54CEU6TR, STM32WBA54CEU7, STM32WBA54CEU7TR, STM32WBA54CGU6, STM32WBA54CGU6TR, STM32WBA54CGU7, STM32WBA54CGU7TR, STM32WBA54KEU6, STM32WBA54KEU6TR, STM32WBA54KEU7, STM32WBA54KEU7TR, STM32WBA54KGU6, STM32WBA54KGU6TR, STM32WBA54KGU7, STM32WBA54KGU7TR, STM32WBA55CEU6, STM32WBA55CEU6TR, STM32WBA55CEU7, STM32WBA55CEU7TR, STM32WBA55CGU6, STM32WBA55CGU6TR, STM32WBA55CGU6U, STM32WBA55CGU7, STM32WBA55CGU7TR, STM32WBA55G-DK1, STM32WBA55HEF6, STM32WBA55HEF7, STM32WBA55HGF6, STM32WBA55HGF7, STM32WBA55UEI6, STM32WBA55UEI6TR, STM32WBA55UEI7, STM32WBA55UEI7TR, STM32WBA55UGI6, STM32WBA55UGI6TR, STM32WBA55UGI7, STM32WBA55UGI7TR, STM32WBA5MJGH6TR, STM32WBA62CGU6, STM32WBA62CIU6, STM32WBA62MGF6, STM32WBA62MIF6, STM32WBA62PGI6, STM32WBA62PII6, STM32WBA63CGU6, STM32WBA63CGU7, STM32WBA63CIU6, STM32WBA63CIU7, STM32WBA64CGU6, STM32WBA64CGU7, STM32WBA64CIU6, STM32WBA64CIU7, STM32WBA65CGU6, STM32WBA65CGU7, STM32WBA65CIU6, STM32WBA65CIU7, STM32WBA65I-DK1, STM32WBA65MGF6, STM32WBA65MGF7, STM32WBA65MIF6, STM32WBA65MIF7, STM32WBA65PGI6, STM32WBA65PGI7, STM32WBA65PII6, STM32WBA65PII7, STM32WBA65RGV6, STM32WBA65RGV7, STM32WBA65RIV6, STM32WBA65RIV7, STM32WL30K8V6, STM32WL30KBV6, STM32WL31C8V6, STM32WL31CBV6, STM32WL31K8V6, STM32WL31KBV6, STM32WL33C8V6, STM32WL33C8V6TR, STM32WL33C8V7, STM32WL33C8V7TR, STM32WL33CBV6, STM32WL33CBV6TR, STM32WL33CBV7, STM32WL33CBV7TR, STM32WL33CCV6, STM32WL33CCV6TR, STM32WL33CCV7, STM32WL33CCV7A, STM32WL33CCV7ATR, STM32WL33CCV7TR, STM32WL33K8V6, STM32WL33K8V6TR, STM32WL33K8V7, STM32WL33K8V7TR, STM32WL33KBV6, STM32WL33KBV6TR, STM32WL33KBV7, STM32WL33KBV7TR, STM32WL33KCV6, STM32WL33KCV6TR, STM32WL33KCV7, STM32WL33KCV7TR, STM32WL5MOCH6, STM32WL5MOCH6TR]
2025-07-31 15:36:37,979 [INFO] ApiDb:668 - CubeFinder database Data Model version=2.1
2025-07-31 15:36:37,980 [INFO] ApiDb:669 - CubeFinder database Configuration version=3.0.39
2025-07-31 15:36:37,980 [INFO] ApiDb:670 - CubeFinder database generation date=2025-07-21 (1753107327)
2025-07-31 15:36:37,980 [INFO] ApiDb:671 - CubeFinder database FW Pack versions=[FP-ATR-ASTRA1_V2.0.0, FP-SNS-FLIGHT1_V5.1.0, FP-SNS-MOTENV1_V5.0.0, FP-SNS-MOTENVWB1_V1.4.0, FP-SNS-SMARTAG2_V1.2.0, FP-SNS-STBOX1_V2.0.0, STM32Cube_FW_C0_V1.4.0, STM32Cube_FW_F4_V1.28.2, STM32Cube_FW_F7_V1.17.3, STM32Cube_FW_G0_V1.6.2, STM32Cube_FW_G4_V1.6.1, STM32Cube_FW_H5_V1.5.0, STM32Cube_FW_H7RS_V1.2.0, STM32Cube_FW_H7_V1.12.1, STM32Cube_FW_L0_V1.12.2, STM32Cube_FW_L4_V1.18.1, STM32Cube_FW_L5_V1.5.1, STM32Cube_FW_N6_V1.2.0, STM32Cube_FW_U0_V1.3.0, STM32Cube_FW_U3_V1.2.0, STM32Cube_FW_U5_V1.8.0, STM32Cube_FW_WB0_V1.3.0, STM32Cube_FW_WBA_V1.7.0, STM32Cube_FW_WB_V1.23.0, STM32Cube_FW_WL3_V1.2.0, STM32Cube_FW_WL_V1.3.1, X-CUBE-ALGOBUILD_V1.4.0, X-CUBE-ALS_V1.0.2, X-CUBE-AZRTOS-F4_V1.1.0, X-CUBE-AZRTOS-F7_V1.1.0, X-CUBE-AZRTOS-G0_V1.1.0, X-CUBE-AZRTOS-G4_V2.0.0, X-CUBE-AZRTOS-H7RS_V1.1.0, X-CUBE-AZRTOS-H7_V3.3.0, X-CUBE-AZRTOS-L4_V2.0.0, X-CUBE-AZRTOS-L5_V2.0.0, X-CUBE-AZRTOS-WB_V2.0.0, X-CUBE-AZRTOS-WL_V2.0.0, X-CUBE-BLE1_V7.1.0, X-CUBE-BLE2_V3.3.0, X-CUBE-BLEMGR_V4.0.0, X-CUBE-EEPRMA1_V5.1.0, X-CUBE-FREERTOS_V1.3.1, X-CUBE-GNSS1_V6.0.0, X-CUBE-MEMS1_V11.3.0, X-CUBE-NFC4_V3.0.0, X-CUBE-NFC7_V2.0.0, X-CUBE-SFXS2LP1_V4.0.0, X-CUBE-SUBG2_V5.0.0, X-CUBE-TOF1_V3.4.3]
2025-07-31 15:36:38,418 [INFO] WebApp:463 - Apply proxy settings
2025-07-31 15:36:38,418 [INFO] WebApp:548 - Chromium requires no authentication
2025-07-31 15:36:38,464 [INFO] WebApp:491 - Direct internet connection detected
2025-07-31 15:36:38,835 [INFO] WebApp:894 - Register for checkConnection events
2025-07-31 15:36:38,836 [INFO] WebApp:463 - Apply proxy settings
2025-07-31 15:36:38,836 [INFO] WebApp:548 - Chromium requires no authentication
2025-07-31 15:36:38,914 [INFO] WebApp:491 - Direct internet connection detected
2025-07-31 15:36:40,611 [INFO] WebApp:225 - Starting web application
2025-07-31 15:36:40,611 [INFO] WebApp:593 - Web application path used /opt/st/stm32cubeide_1.18.1/plugins/com.st.stm32cube.common.mx_6.14.1.202504091515/db/plugins/mcufinder/reactClient1/index.html
2025-07-31 15:36:42,938 [INFO] WebApp:191 - Connection restablished
2025-07-31 15:36:47,533 [INFO] ApiDb:240 - Found 895 in-development CPN: [B-G473E-ZEST1S, B-WB1M-WPAN1, B-WBA5M-WPAN, B-WL5M-SUBG1, NUCLEO-C031C6, NUCLEO-C051C8, NUCLEO-C071RB, NUCLEO-C092RC, NUCLEO-H503RB, NUCLEO-H533RE, NUCLEO-H563ZI, NUCLEO-H7S3L8, NUCLEO-N657X0-Q, NUCLEO-U031R8, NUCLEO-U083RC, NUCLEO-U385RG-Q, NUCLEO-U545RE-Q, NUCLEO-U5A5ZJ-Q, NUCLEO-WB05KZ, NUCLEO-WB07CC, NUCLEO-WB09KE, NUCLEO-WBA52CG, NUCLEO-WBA55CG, NUCLEO-WBA65RI, NUCLEO-WL33CC1, NUCLEO-WL33CC2, STEVAL-PROTEUS1, STEVAL-SMARTAG2, STEVAL-STWINBX1, STM320518-EVAL, STM32C0116-DK, STM32C011D6Y3TR, STM32C011D6Y6TR, STM32C011F4P3, STM32C011F4P6, STM32C011F4U3, STM32C011F4U6TR, STM32C011F6P3, STM32C011F6P6, STM32C011F6U3, STM32C011F6U6TR, STM32C011J4M3, STM32C011J4M6, STM32C011J6M3, STM32C011J6M6, STM32C0316-DK, STM32C031C4T3, STM32C031C4T6, STM32C031C4U3, STM32C031C4U6, STM32C031C6T3, STM32C031C6T6, STM32C031C6U3, STM32C031C6U6, STM32C031F4P3, STM32C031F4P6, STM32C031F6P3, STM32C031F6P6, STM32C031G4U3, STM32C031G4U6, STM32C031G6U3, STM32C031G6U6, STM32C031K4T3, STM32C031K4T6, STM32C031K4U3, STM32C031K4U6, STM32C031K6T3, STM32C031K6T6, STM32C031K6U3, STM32C031K6U6, STM32C051C6T6, STM32C051C6U6, STM32C051C8T6, STM32C051C8U6, STM32C051D8Y6TR, STM32C051F6P6, STM32C051F8P6, STM32C051G6U6, STM32C051G8U6, STM32C051K6T6, STM32C051K6U6, STM32C051K8T6, STM32C071C8T6, STM32C071C8T6N, STM32C071C8U6, STM32C071C8U6N, STM32C071CBT6, STM32C071CBT6N, STM32C071CBU6, STM32C071CBU6N, STM32C071F8P6, STM32C071F8P6N, STM32C071FBP6, STM32C071FBP6N, STM32C071FBY6TR, STM32C071G8U6, STM32C071G8U6N, STM32C071GBU6, STM32C071GBU6N, STM32C071K8T6, STM32C071K8T6N, STM32C071K8U6, STM32C071K8U6N, STM32C071KBT6, STM32C071KBT6N, STM32C071KBU6, STM32C071KBU6N, STM32C071R8T6, STM32C071R8T6N, STM32C071RBI6N, STM32C071RBT6, STM32C071RBT6N, STM32C091CBT6, STM32C091CBU6, STM32C091CCT6, STM32C091CCU6, STM32C091ECY6TR, STM32C091FBP6, STM32C091FCP6, STM32C091GBU6, STM32C091GCU6, STM32C091KBT6, STM32C091KBU6, STM32C091KCT6, STM32C091KCU6, STM32C091RBT6, STM32C091RCI6, STM32C091RCT6, STM32C092CBT6, STM32C092CBU6, STM32C092CCT6, STM32C092CCU6, STM32C092ECY6TR, STM32C092FBP6, STM32C092FCP6, STM32C092GBU6, STM32C092GCU6, STM32C092KBT6, STM32C092KBU6, STM32C092KCT6, STM32C092KCU6, STM32C092RBT6, STM32C092RCI6, STM32C092RCT6, STM32G071K8TXN, STM32G071K8UXN, STM32G081GBU6N, STM32G081KBT6N, STM32G081KBUXN, STM32G0B1CCT6N, STM32G0B1KCT6, STM32G0B1NEY6TR, STM32G0B1RCT6N, STM32G0C1CCT6, STM32G0C1CCT6N, STM32G0C1CCU6N, STM32G0C1CET6N, STM32G0C1CEU6N, STM32G0C1KCT6, STM32G0C1NEY6TR, STM32G0C1RCI6N, STM32G0C1RCT6N, STM32G0C1REI6N, STM32G0C1RET6N, STM32G0C1VCI6, STM32G0C1VEI6, STM32G411C6T3, STM32G411C6T6, STM32G411C6U3, STM32G411C6U6, STM32G411C8T3, STM32G411C8T6, STM32G411C8U3, STM32G411C8U6, STM32G411CBT3, STM32G411CBT6, STM32G411CBU3, STM32G411CBU6, STM32G411CCT3, STM32G411CCT6, STM32G411CCU3, STM32G411CCU6, STM32G411K6T3, STM32G411K6T6, STM32G411K6U3, STM32G411K6U6, STM32G411K8T3, STM32G411K8T6, STM32G411K8U3, STM32G411K8U6, STM32G411KBT3, STM32G411KBT6, STM32G411KBU3, STM32G411KBU6, STM32G411M6T3, STM32G411M6T6, STM32G411M8T3, STM32G411M8T6, STM32G411MBT3, STM32G411MBT6, STM32G411MCT3, STM32G411MCT6, STM32G411R6T3, STM32G411R6T6, STM32G411R8T3, STM32G411R8T6, STM32G411RBT3, STM32G411RBT6, STM32G411RCT3, STM32G411RCT6, STM32G414CBT3, STM32G414CBT6, STM32G414CBU3, STM32G414CBU6, STM32G414CCT3, STM32G414CCT6, STM32G414CCU3, STM32G414CCU6, STM32G414MBT3, STM32G414MBT6, STM32G414MCT3, STM32G414MCT6, STM32G414RBT3, STM32G414RBT6, STM32G414RCT3, STM32G414RCT6, STM32G414VBT3, STM32G414VBT6, STM32G414VCT3, STM32G414VCT6, STM32G431CBT3Z, STM32G431RBT3Z, STM32G471CCT6, STM32G471CCU6, STM32G471CET3, STM32G471CET6, STM32G471CEU3, STM32G471CEU6, STM32G471MCT6, STM32G471MET3, STM32G471MET6, STM32G471MEY6TR, STM32G471QCT6, STM32G471QET3, STM32G471RCT6, STM32G471RET3, STM32G471RET6, STM32G471VCH6, STM32G471VCI6, STM32G471VCT6, STM32G471VEH3, STM32G471VEH6, STM32G471VEI3, STM32G471VEI6, STM32G471VET3, STM32G471VET6, STM32G473QET3Z, STM32G473RET3Z, STM32G474CCT6, STM32G491RET3Z, STM32H503CBT6, STM32H503CBU6, STM32H503EBY6TR, STM32H503KBU6, STM32H503RBT6, STM32H523CCT6, STM32H523CCU6, STM32H523CET6, STM32H523CEU6, STM32H523HEY6TR, STM32H523RCT6, STM32H523RET6, STM32H523VCI6, STM32H523VCT6, STM32H523VEI6, STM32H523VET6, STM32H523ZCJ6, STM32H523ZCT6, STM32H523ZEJ6, STM32H523ZET6, STM32H533CET6, STM32H533CEU6, STM32H533HEY6TR, STM32H533RET6, STM32H533VEI6, STM32H533VET6, STM32H533ZEJ6, STM32H533ZET6, STM32H562AGI6, STM32H562AII6, STM32H562IGK6, STM32H562IGT6, STM32H562IIK6, STM32H562IIT6, STM32H562RGT6, STM32H562RGV6, STM32H562RIT6, STM32H562RIV6, STM32H562VGT6, STM32H562VIT6, STM32H562ZGT6, STM32H562ZIT6, STM32H563AGI6, STM32H563AII3Q, STM32H563AII6, STM32H563IGK6, STM32H563IGT6, STM32H563IIK3Q, STM32H563IIK6, STM32H563IIT3Q, STM32H563IIT6, STM32H563MIY3QTR, STM32H563RGT6, STM32H563RGV6, STM32H563RIT6, STM32H563RIV6, STM32H563VGT6, STM32H563VIT3Q, STM32H563VIT6, STM32H563ZGT6, STM32H563ZIT3Q, STM32H563ZIT6, STM32H573AII3Q, STM32H573AII6, STM32H573I-DK, STM32H573IIK3Q, STM32H573IIK6, STM32H573IIT3Q, STM32H573IIT6, STM32H573MIY3QTR, STM32H573RIT6, STM32H573RIV6, STM32H573VIT3Q, STM32H573VIT6, STM32H573ZIT3Q, STM32H573ZIT6, STM32H7R3A8I6, STM32H7R3I8K6, STM32H7R3I8T6, STM32H7R3L8H6, STM32H7R3L8H6H, STM32H7R3R8V6, STM32H7R3V8H6, STM32H7R3V8T6, STM32H7R3V8Y6TR, STM32H7R3Z8J6, STM32H7R3Z8T6, STM32H7R7A8I6, STM32H7R7I8K6, STM32H7R7I8T6, STM32H7R7L8H6, STM32H7R7L8H6H, STM32H7R7Z8J6, STM32H7S3A8I6, STM32H7S3I8K6, STM32H7S3I8T6, STM32H7S3L8H6, STM32H7S3L8H6H, STM32H7S3R8V6, STM32H7S3V8H6, STM32H7S3V8T6, STM32H7S3V8Y6TR, STM32H7S3Z8J6, STM32H7S3Z8T6, STM32H7S78-DK, STM32H7S7A8I6, STM32H7S7I8K6, STM32H7S7I8T6, STM32H7S7L8H6, STM32H7S7L8H6H, STM32H7S7Z8J6, STM32L4R5QGI6STR, STM32MP131AAE3, STM32MP131AAF3, STM32MP131AAG3, STM32MP131CAE3, STM32MP131CAF3, STM32MP131CAG3, STM32MP131DAE7, STM32MP131DAF7, STM32MP131DAG7, STM32MP131FAE7, STM32MP131FAF7, STM32MP131FAG7, STM32MP133AAE3, STM32MP133AAF3, STM32MP133AAG3, STM32MP133CAE3, STM32MP133CAF3, STM32MP133CAG3, STM32MP133DAE7, STM32MP133DAF7, STM32MP133DAG7, STM32MP133FAE7, STM32MP133FAF7, STM32MP133FAG7, STM32MP135AAE3, STM32MP135AAF3, STM32MP135AAG3, STM32MP135CAE3, STM32MP135CAF3, STM32MP135CAG3, STM32MP135DAE7, STM32MP135DAF7, STM32MP135DAG7, STM32MP135F-DK, STM32MP135FAE7, STM32MP135FAF7, STM32MP135FAF7T, STM32MP135FAF7U, STM32MP135FAG7, STM32MP231AAJ3, STM32MP231AAK3, STM32MP231AAL3, STM32MP231CAJ3, STM32MP231CAK3, STM32MP231CAL3, STM32MP231DAJ3, STM32MP231DAK3, STM32MP231DAL3, STM32MP231FAJ3, STM32MP231FAK3, STM32MP231FAL3, STM32MP233AAJ3, STM32MP233AAK3, STM32MP233AAL3, STM32MP233CAJ3, STM32MP233CAK3, STM32MP233CAL3, STM32MP233DAJ3, STM32MP233DAK3, STM32MP233DAL3, STM32MP233FAJ3, STM32MP233FAK3, STM32MP233FAL3, STM32MP235AAJ3, STM32MP235AAK3, STM32MP235AAL3, STM32MP235CAJ3, STM32MP235CAK3, STM32MP235CAL3, STM32MP235DAJ3, STM32MP235DAK3, STM32MP235DAL3, STM32MP235FAJ3, STM32MP235FAK3, STM32MP235FAL3, STM32MP251AAI3, STM32MP251AAJ3, STM32MP251AAK3, STM32MP251AAL3, STM32MP251CAI3, STM32MP251CAJ3, STM32MP251CAK3, STM32MP251CAL3, STM32MP251DAI3, STM32MP251DAJ3, STM32MP251DAK3, STM32MP251DAL3, STM32MP251FAI3, STM32MP251FAJ3, STM32MP251FAK3, STM32MP251FAL3, STM32MP253AAI3, STM32MP253AAJ3, STM32MP253AAK3, STM32MP253AAL3, STM32MP253CAI3, STM32MP253CAJ3, STM32MP253CAK3, STM32MP253CAL3, STM32MP253DAI3, STM32MP253DAJ3, STM32MP253DAK3, STM32MP253DAL3, STM32MP253FAI3, STM32MP253FAJ3, STM32MP253FAK3, STM32MP253FAL3, STM32MP255AAI3, STM32MP255AAJ3, STM32MP255AAK3, STM32MP255AAL3, STM32MP255CAI3, STM32MP255CAJ3, STM32MP255CAK3, STM32MP255CAL3, STM32MP255DAI3, STM32MP255DAJ3, STM32MP255DAK3, STM32MP255DAL3, STM32MP255FAI3, STM32MP255FAJ3, STM32MP255FAK3, STM32MP255FAL3, STM32MP257AAI3, STM32MP257AAJ3, STM32MP257AAK3, STM32MP257AAL3, STM32MP257CAI3, STM32MP257CAJ3, STM32MP257CAK3, STM32MP257CAL3, STM32MP257DAI3, STM32MP257DAJ3, STM32MP257DAK3, STM32MP257DAL3, STM32MP257F-DK, STM32MP257F-EV1, STM32MP257FAI3, STM32MP257FAJ3, STM32MP257FAK3, STM32MP257FAL3, STM32N645A0H3Q, STM32N645B0H3Q, STM32N645I0H3Q, STM32N645L0H3Q, STM32N645X0H3Q, STM32N645Z0H3Q, STM32N647A0H3Q, STM32N647B0H3Q, STM32N647I0H3Q, STM32N647L0H3Q, STM32N647X0H3Q, STM32N647Z0H3Q, STM32N655A0H3Q, STM32N655B0H3Q, STM32N655I0H3Q, STM32N655L0H3Q, STM32N655X0H3Q, STM32N655Z0H3Q, STM32N6570-DK, STM32N657A0H3Q, STM32N657B0H3Q, STM32N657I0H3Q, STM32N657L0H3Q, STM32N657X0H3Q, STM32N657Z0H3Q, STM32U031C6T6, STM32U031C6U6, STM32U031C8T6, STM32U031C8U6, STM32U031F4P6, STM32U031F6P6, STM32U031F8P6, STM32U031G6Y6TR, STM32U031G8Y6TR, STM32U031K4U6, STM32U031K6U6, STM32U031K8U6, STM32U031R6I6, STM32U031R6T6, STM32U031R8I6, STM32U031R8T6, STM32U073C8T6, STM32U073C8U6, STM32U073CBT6, STM32U073CBU6, STM32U073CCT6, STM32U073CCU6, STM32U073H8Y6TR, STM32U073HBY6TR, STM32U073HCY6TR, STM32U073K8U6, STM32U073KBU6, STM32U073KCU6, STM32U073M8I6, STM32U073M8T6, STM32U073MBI6, STM32U073MBT6, STM32U073MCI6, STM32U073MCT6, STM32U073R8I6, STM32U073R8T6, STM32U073RBI6, STM32U073RBT6, STM32U073RCI6, STM32U073RCT6, STM32U083C-DK, STM32U083CCT6, STM32U083CCU6, STM32U083HCY6TR, STM32U083KCU6, STM32U083MCI6, STM32U083MCT6, STM32U083RCI6, STM32U083RCT6, STM32U375CET6, STM32U375CET6Q, STM32U375CEU6, STM32U375CEU6Q, STM32U375CEY6QTR, STM32U375CGT6, STM32U375CGT6Q, STM32U375CGU6, STM32U375CGU6Q, STM32U375CGY6QTR, STM32U375KEU6, STM32U375KGU6, STM32U375REI6, STM32U375REI6Q, STM32U375RET6, STM32U375RET6Q, STM32U375REY6GTR, STM32U375REY6QTR, STM32U375RGI6, STM32U375RGI6Q, STM32U375RGT6, STM32U375RGT6Q, STM32U375RGY6GTR, STM32U375RGY6QTR, STM32U375VEI6, STM32U375VEI6Q, STM32U375VET6, STM32U375VET6Q, STM32U375VGI6, STM32U375VGI6Q, STM32U375VGT6, STM32U375VGT6Q, STM32U385CGT6, STM32U385CGT6Q, STM32U385CGU6, STM32U385CGU6Q, STM32U385CGY6QTR, STM32U385KGU6, STM32U385RGI6, STM32U385RGI6Q, STM32U385RGT6, STM32U385RGT6Q, STM32U385RGY6GTR, STM32U385RGY6QTR, STM32U385VGI6, STM32U385VGI6Q, STM32U385VGT6, STM32U385VGT6Q, STM32U535CBT6, STM32U535CBT6Q, STM32U535CBU6, STM32U535CBU6Q, STM32U535CCT6, STM32U535CCT6Q, STM32U535CCU6, STM32U535CCU6Q, STM32U535CET6, STM32U535CET6Q, STM32U535CEU6, STM32U535CEU6Q, STM32U535JEY6QTR, STM32U535NCY6QTR, STM32U535NEY6QTR, STM32U535RBI6, STM32U535RBI6Q, STM32U535RBT6, STM32U535RBT6Q, STM32U535RCI6, STM32U535RCI6Q, STM32U535RCT6, STM32U535RCT6Q, STM32U535REI6, STM32U535REI6Q, STM32U535RET6, STM32U535RET6Q, STM32U535VCI6, STM32U535VCI6Q, STM32U535VCT6, STM32U535VCT6Q, STM32U535VEI6, STM32U535VEI6Q, STM32U535VET6, STM32U535VET6Q, STM32U545CET6, STM32U545CET6Q, STM32U545CEU6, STM32U545CEU6Q, STM32U545JEY6QTR, STM32U545NEY6QTR, STM32U545REI6, STM32U545REI6Q, STM32U545RET6, STM32U545RET6Q, STM32U545VEI6, STM32U545VEI6Q, STM32U545VET6, STM32U545VET6Q, STM32U595AIH6, STM32U595AIH6Q, STM32U595AJH6, STM32U595AJH6Q, STM32U595QII6, STM32U595QII6Q, STM32U595QJI6, STM32U595QJI6Q, STM32U595RIT6, STM32U595RIT6Q, STM32U595RJT6, STM32U595RJT6Q, STM32U595VIT6, STM32U595VIT6Q, STM32U595VJT6, STM32U595VJT6Q, STM32U595ZIT6, STM32U595ZIT6Q, STM32U595ZIY6QTR, STM32U595ZJT6, STM32U595ZJT6Q, STM32U595ZJY6QTR, STM32U599BJY6QTR, STM32U599NIH6Q, STM32U599NJH6Q, STM32U599VIT6Q, STM32U599VJT6, STM32U599VJT6Q, STM32U599ZIT6Q, STM32U599ZIY6QTR, STM32U599ZJT6Q, STM32U599ZJY6QTR, STM32U5A5AJH6, STM32U5A5AJH6Q, STM32U5A5QII3Q , STM32U5A5QJI6, STM32U5A5QJI6Q, STM32U5A5RJT6, STM32U5A5RJT6Q, STM32U5A5VJT6, STM32U5A5VJT6Q, STM32U5A5ZJT6, STM32U5A5ZJT6Q, STM32U5A5ZJY6QTR, STM32U5A9BJY6QTR, STM32U5A9J-DK, STM32U5A9NJH6Q, STM32U5A9VJT6Q, STM32U5A9ZJT6Q, STM32U5A9ZJY6QTR, STM32U5F7VIT6, STM32U5F7VIT6Q, STM32U5F7VJT6, STM32U5F7VJT6Q, STM32U5F9BJY6QTR, STM32U5F9NJH6Q, STM32U5F9VIT6Q, STM32U5F9VJT6Q, STM32U5F9ZIJ6QTR, STM32U5F9ZIT6Q, STM32U5F9ZJJ6QTR, STM32U5F9ZJT6Q, STM32U5G7VJT6, STM32U5G7VJT6Q, STM32U5G9BJY6QTR, STM32U5G9J-DK1, STM32U5G9J-DK2, STM32U5G9NJH6Q, STM32U5G9VJT6Q, STM32U5G9ZJJ6QTR, STM32U5G9ZJT6Q, STM32WB05KZV6TR, STM32WB05KZV7TR, STM32WB05TZF6TR, STM32WB05TZF7TR, STM32WB06CCF6TR, STM32WB06CCF7TR, STM32WB06CCV6TR, STM32WB06CCV7TR, STM32WB06KCV6TR, STM32WB06KCV7TR, STM32WB07CCF6TR, STM32WB07CCF7TR, STM32WB07CCV6TR, STM32WB07CCV7TR, STM32WB07KCV6TR, STM32WB07KCV7TR, STM32WB09KEV6TR, STM32WB09KEV7TR, STM32WB09TEF6TR, STM32WB09TEF7TR, STM32WB1MMCH6, STM32WBA50KGU6, STM32WBA50KGU6TR, STM32WBA52CEU6, STM32WBA52CEU6TR, STM32WBA52CEU7, STM32WBA52CEU7TR, STM32WBA52CGU6, STM32WBA52CGU6TR, STM32WBA52CGU6U, STM32WBA52CGU7, STM32WBA52CGU7TR, STM32WBA52KEU6, STM32WBA52KEU6TR, STM32WBA52KGU6, STM32WBA52KGU6TR, STM32WBA54CEU6, STM32WBA54CEU6TR, STM32WBA54CEU7, STM32WBA54CEU7TR, STM32WBA54CGU6, STM32WBA54CGU6TR, STM32WBA54CGU7, STM32WBA54CGU7TR, STM32WBA54KEU6, STM32WBA54KEU6TR, STM32WBA54KEU7, STM32WBA54KEU7TR, STM32WBA54KGU6, STM32WBA54KGU6TR, STM32WBA54KGU7, STM32WBA54KGU7TR, STM32WBA55CEU6, STM32WBA55CEU6TR, STM32WBA55CEU7, STM32WBA55CEU7TR, STM32WBA55CGU6, STM32WBA55CGU6TR, STM32WBA55CGU6U, STM32WBA55CGU7, STM32WBA55CGU7TR, STM32WBA55G-DK1, STM32WBA55HEF6, STM32WBA55HEF7, STM32WBA55HGF6, STM32WBA55HGF7, STM32WBA55UEI6, STM32WBA55UEI6TR, STM32WBA55UEI7, STM32WBA55UEI7TR, STM32WBA55UGI6, STM32WBA55UGI6TR, STM32WBA55UGI7, STM32WBA55UGI7TR, STM32WBA5MJGH6TR, STM32WBA62CGU6, STM32WBA62CIU6, STM32WBA62MGF6, STM32WBA62MIF6, STM32WBA62PGI6, STM32WBA62PII6, STM32WBA63CGU6, STM32WBA63CGU7, STM32WBA63CIU6, STM32WBA63CIU7, STM32WBA64CGU6, STM32WBA64CGU7, STM32WBA64CIU6, STM32WBA64CIU7, STM32WBA65CGU6, STM32WBA65CGU7, STM32WBA65CIU6, STM32WBA65CIU7, STM32WBA65I-DK1, STM32WBA65MGF6, STM32WBA65MGF7, STM32WBA65MIF6, STM32WBA65MIF7, STM32WBA65PGI6, STM32WBA65PGI7, STM32WBA65PII6, STM32WBA65PII7, STM32WBA65RGV6, STM32WBA65RGV7, STM32WBA65RIV6, STM32WBA65RIV7, STM32WL30K8V6, STM32WL30KBV6, STM32WL31C8V6, STM32WL31CBV6, STM32WL31K8V6, STM32WL31KBV6, STM32WL33C8V6, STM32WL33C8V6TR, STM32WL33C8V7, STM32WL33C8V7TR, STM32WL33CBV6, STM32WL33CBV6TR, STM32WL33CBV7, STM32WL33CBV7TR, STM32WL33CCV6, STM32WL33CCV6TR, STM32WL33CCV7, STM32WL33CCV7A, STM32WL33CCV7ATR, STM32WL33CCV7TR, STM32WL33K8V6, STM32WL33K8V6TR, STM32WL33K8V7, STM32WL33K8V7TR, STM32WL33KBV6, STM32WL33KBV6TR, STM32WL33KBV7, STM32WL33KBV7TR, STM32WL33KCV6, STM32WL33KCV6TR, STM32WL33KCV7, STM32WL33KCV7TR, STM32WL5MOCH6, STM32WL5MOCH6TR]
2025-07-31 15:36:47,545 [INFO] DbMcus:218 - Found 4747 MCUs, 4747 are supported
2025-07-31 15:36:48,006 [INFO] ApiDb:423 - Load user favorites file /home/nova/.stm32cubeide/favorites.mcus.txt: 1 item(s)
2025-07-31 15:36:48,007 [INFO] ApiDb:427 - User favorites MCUs=[STM32F446RET6]
2025-07-31 15:36:48,008 [INFO] DbMcus:224 - Set 1 / 1 favorites MCUs
2025-07-31 15:36:50,017 [INFO] BoardInfo:889 - No configuration file found for board P-NUCLEO-WB55
2025-07-31 15:36:50,017 [INFO] DbBoards:161 - Kit is not supported: P-NUCLEO-WB55
2025-07-31 15:36:50,024 [INFO] BoardInfo:889 - No configuration file found for board STEVAL-BFA001V1B
2025-07-31 15:36:50,057 [INFO] DbBoards:161 - Kit is not supported: STEVAL-BFA001V1B
2025-07-31 15:36:50,059 [INFO] BoardInfo:889 - No configuration file found for board STEVAL-BFA001V2B
2025-07-31 15:36:50,060 [INFO] DbBoards:161 - Kit is not supported: STEVAL-BFA001V2B
2025-07-31 15:36:50,216 [INFO] DbBoards:168 - Found 211 boards, 208 are supported
2025-07-31 15:36:50,216 [INFO] DbBoards:169 - Found 211 boards, 43 of them is supported for  Bsp
2025-07-31 15:36:50,219 [INFO] ApiDb:423 - Load user favorites file /home/nova/.stm32cubeide/favorites.boards.txt: 0 item(s)
2025-07-31 15:36:50,220 [INFO] ApiDb:427 - User favorites Boards=[]
2025-07-31 15:36:50,220 [INFO] DbBoards:198 - Set 0 / 0 favorites Boards
2025-07-31 15:36:50,507 [INFO] UtilMem:75 - End LoadConfig() Used Memory: 251799088 Bytes (489684992)
2025-07-31 15:36:53,945 [WARN] ThirdParty:833 - waiting for thirdparty lock release [change project]
2025-07-31 15:36:53,946 [INFO] ThirdParty:835 - entering critical section [change project]
2025-07-31 15:36:53,947 [INFO] ThirdParty:1030 - CMSIS Pack Vendor :STMicroelectronics USBPD 4.1
2025-07-31 15:36:53,947 [INFO] ThirdParty:1030 - CMSIS Pack Vendor :STMicroelectronics X-CUBE-DISPLAY 3.0.0
2025-07-31 15:36:53,947 [INFO] ThirdParty:1030 - CMSIS Pack Vendor :STMicroelectronics USB_HOST 2.0.0
2025-07-31 15:36:53,948 [INFO] ThirdParty:1030 - CMSIS Pack Vendor :STMicroelectronics FP-SNS-MOTENVWB1 1.4.0
2025-07-31 15:36:53,948 [INFO] ThirdParty:1030 - CMSIS Pack Vendor :STMicroelectronics LIBJPEG 8.0.0
2025-07-31 15:36:53,948 [INFO] ThirdParty:1030 - CMSIS Pack Vendor :STMicroelectronics FP-ATR-SIGFOX1 3.2.0
2025-07-31 15:36:53,949 [INFO] ThirdParty:1030 - CMSIS Pack Vendor :STMicroelectronics USB_DEVICE 3.0.0
2025-07-31 15:36:53,949 [INFO] ThirdParty:1030 - CMSIS Pack Vendor :STMicroelectronics HAL Drivers 0.0.0
2025-07-31 15:36:53,949 [INFO] ThirdParty:1030 - CMSIS Pack Vendor :STMicroelectronics MBEDTLS 2.16.2
2025-07-31 15:36:53,950 [INFO] ThirdParty:1030 - CMSIS Pack Vendor :STMicroelectronics X-CUBE-ALS 1.0.2
2025-07-31 15:36:53,950 [INFO] ThirdParty:1030 - CMSIS Pack Vendor :STMicroelectronics MBEDTLS 2.14.1
2025-07-31 15:36:53,950 [INFO] ThirdParty:1030 - CMSIS Pack Vendor :STMicroelectronics USB_DEVICE 2.0.0
2025-07-31 15:36:53,950 [INFO] ThirdParty:1030 - CMSIS Pack Vendor :STMicroelectronics FP-SNS-STBOX1 2.0.0
2025-07-31 15:36:53,951 [INFO] ThirdParty:1030 - CMSIS Pack Vendor :STMicroelectronics ThreadX 1.0.0
2025-07-31 15:36:53,951 [INFO] ThirdParty:1030 - CMSIS Pack Vendor :STMicroelectronics FP-SNS-SMARTAG2 1.2.0
2025-07-31 15:36:53,951 [INFO] ThirdParty:1030 - CMSIS Pack Vendor :STMicroelectronics FreeRTOS 0.0.1
2025-07-31 15:36:53,951 [INFO] ThirdParty:1030 - CMSIS Pack Vendor :STMicroelectronics FP-SNS-MOTENV1 5.0.0
2025-07-31 15:36:53,952 [INFO] ThirdParty:1030 - CMSIS Pack Vendor :STMicroelectronics USB_DEVICE 1.0.0
2025-07-31 15:36:53,952 [INFO] ThirdParty:1030 - CMSIS Pack Vendor :STMicroelectronics STM32_WPAN 1.0.0
2025-07-31 15:36:53,952 [INFO] ThirdParty:1030 - CMSIS Pack Vendor :STMicroelectronics ThreadX 0.0.2
2025-07-31 15:36:53,953 [INFO] ThirdParty:1030 - CMSIS Pack Vendor :STMicroelectronics lwIP 2.1.2
2025-07-31 15:36:53,953 [INFO] ThirdParty:1030 - CMSIS Pack Vendor :STMicroelectronics lwIP 2.0.3
2025-07-31 15:36:53,953 [INFO] ThirdParty:1030 - CMSIS Pack Vendor :STMicroelectronics X-CUBE-BLE2 3.3.0
2025-07-31 15:36:53,953 [INFO] ThirdParty:1030 - CMSIS Pack Vendor :STMicroelectronics USB_HOST 1.0.0
2025-07-31 15:36:53,954 [INFO] ThirdParty:1030 - CMSIS Pack Vendor :STMicroelectronics PDM2PCM 3.1.0
2025-07-31 15:36:53,954 [INFO] ThirdParty:1030 - CMSIS Pack Vendor :STMicroelectronics PDM2PCM 3.2.0
2025-07-31 15:36:53,954 [INFO] ThirdParty:1030 - CMSIS Pack Vendor :STMicroelectronics PDM2PCM 3.3.0
2025-07-31 15:36:53,955 [INFO] ThirdParty:841 - exiting critical section [change project]
2025-07-31 15:36:55,015 [INFO] PinOutPanel:1589 - setPackage(No Configuration,No Configuration)
2025-07-31 15:36:55,061 [INFO] PinOutPanel:1589 - setPackage(STM32F446RETx,LQFP64)
2025-07-31 15:36:57,507 [INFO] UtilMem:75 - Before build in PCC Used Memory: 378537984 Bytes (489684992)
2025-07-31 15:37:04,201 [INFO] UtilMem:75 - After build in PCC Used Memory: 178569240 Bytes (489684992)
2025-07-31 15:37:04,310 [INFO] IPUIPlugin:80 - create IPUIPlugin
2025-07-31 15:37:04,310 [INFO] IPUIPlugin:80 - create IPUIPlugin
2025-07-31 15:37:04,310 [INFO] IPUIPlugin:80 - create IPUIPlugin
2025-07-31 15:37:04,311 [INFO] IPUIPlugin:80 - create IPUIPlugin
2025-07-31 15:37:04,311 [INFO] IPUIPlugin:80 - create IPUIPlugin
2025-07-31 15:37:04,311 [INFO] IPUIPlugin:80 - create IPUIPlugin
2025-07-31 15:37:04,312 [INFO] IPUIPlugin:80 - create IPUIPlugin
2025-07-31 15:37:04,312 [INFO] IPUIPlugin:80 - create IPUIPlugin
2025-07-31 15:37:04,312 [INFO] IPUIPlugin:80 - create IPUIPlugin
2025-07-31 15:37:04,312 [INFO] IPUIPlugin:80 - create IPUIPlugin
2025-07-31 15:37:04,313 [INFO] IPUIPlugin:80 - create IPUIPlugin
2025-07-31 15:37:04,313 [INFO] IPUIPlugin:80 - create IPUIPlugin
2025-07-31 15:37:04,313 [INFO] IPUIPlugin:80 - create IPUIPlugin
2025-07-31 15:37:04,317 [INFO] IPUIPlugin:80 - create IPUIPlugin
2025-07-31 15:37:04,317 [INFO] IPUIPlugin:80 - create IPUIPlugin
2025-07-31 15:37:04,317 [INFO] IPUIPlugin:80 - create IPUIPlugin
2025-07-31 15:37:04,318 [INFO] IPUIPlugin:80 - create IPUIPlugin
2025-07-31 15:37:04,318 [INFO] IPUIPlugin:80 - create IPUIPlugin
2025-07-31 15:37:04,318 [INFO] IPUIPlugin:80 - create IPUIPlugin
2025-07-31 15:37:04,319 [INFO] IPUIPlugin:80 - create IPUIPlugin
2025-07-31 15:37:04,319 [INFO] IPUIPlugin:80 - create IPUIPlugin
2025-07-31 15:37:04,323 [INFO] IPUIPlugin:80 - create IPUIPlugin
2025-07-31 15:37:04,324 [INFO] IPUIPlugin:80 - create IPUIPlugin
2025-07-31 15:37:04,324 [INFO] IPUIPlugin:80 - create IPUIPlugin
2025-07-31 15:37:04,325 [INFO] IPUIPlugin:80 - create IPUIPlugin
2025-07-31 15:37:04,325 [INFO] IPUIPlugin:80 - create IPUIPlugin
2025-07-31 15:37:04,325 [INFO] IPUIPlugin:80 - create IPUIPlugin
2025-07-31 15:37:04,329 [INFO] IPUIPlugin:80 - create IPUIPlugin
2025-07-31 15:37:04,329 [INFO] IPUIPlugin:80 - create IPUIPlugin
2025-07-31 15:37:04,330 [INFO] IPUIPlugin:80 - create IPUIPlugin
2025-07-31 15:37:04,331 [INFO] IPUIPlugin:80 - create IPUIPlugin
2025-07-31 15:37:04,331 [INFO] IPUIPlugin:80 - create IPUIPlugin
2025-07-31 15:37:04,332 [INFO] IPUIPlugin:80 - create IPUIPlugin
2025-07-31 15:37:04,332 [INFO] IPUIPlugin:80 - create IPUIPlugin
2025-07-31 15:37:04,334 [INFO] IPUIPlugin:80 - create IPUIPlugin
2025-07-31 15:37:04,335 [INFO] IPUIPlugin:80 - create IPUIPlugin
2025-07-31 15:37:04,335 [INFO] IPUIPlugin:80 - create IPUIPlugin
2025-07-31 15:37:04,336 [INFO] IPUIPlugin:80 - create IPUIPlugin
2025-07-31 15:37:04,337 [INFO] IPUIPlugin:80 - create IPUIPlugin
2025-07-31 15:37:04,337 [INFO] IPUIPlugin:80 - create IPUIPlugin
2025-07-31 15:37:04,338 [INFO] IPUIPlugin:80 - create IPUIPlugin
2025-07-31 15:37:04,339 [INFO] IPUIPlugin:80 - create IPUIPlugin
2025-07-31 15:37:04,339 [INFO] IPUIPlugin:80 - create IPUIPlugin
2025-07-31 15:37:04,340 [INFO] IPUIPlugin:80 - create IPUIPlugin
2025-07-31 15:37:04,341 [INFO] IPUIPlugin:80 - create IPUIPlugin
2025-07-31 15:37:04,341 [INFO] IPUIPlugin:80 - create IPUIPlugin
2025-07-31 15:37:04,342 [INFO] IPUIPlugin:80 - create IPUIPlugin
2025-07-31 15:37:04,343 [INFO] IPUIPlugin:80 - create IPUIPlugin
2025-07-31 15:37:04,344 [INFO] IPUIPlugin:80 - create IPUIPlugin
2025-07-31 15:37:04,347 [INFO] IPUIPlugin:80 - create IPUIPlugin
2025-07-31 15:37:04,348 [INFO] IPUIPlugin:80 - create IPUIPlugin
2025-07-31 15:37:04,348 [INFO] IPUIPlugin:80 - create IPUIPlugin
2025-07-31 15:37:04,349 [INFO] IPUIPlugin:80 - create IPUIPlugin
2025-07-31 15:37:04,350 [INFO] IPUIPlugin:80 - create IPUIPlugin
2025-07-31 15:37:04,350 [INFO] IPUIPlugin:80 - create IPUIPlugin
2025-07-31 15:37:04,351 [INFO] IPUIPlugin:80 - create IPUIPlugin
2025-07-31 15:37:04,352 [INFO] IPUIPlugin:80 - create IPUIPlugin
2025-07-31 15:37:04,353 [INFO] IPUIPlugin:80 - create IPUIPlugin
2025-07-31 15:37:04,354 [INFO] IPUIPlugin:80 - create IPUIPlugin
2025-07-31 15:37:04,355 [INFO] IPUIPlugin:80 - create IPUIPlugin
2025-07-31 15:37:04,927 [INFO] ApiDbMcu:508 - Load IP Config File for PDM2PCM
2025-07-31 15:37:06,060 [INFO] CADModel:165 - CPN selected for project levelSTM32F446RET6
2025-07-31 15:37:06,060 [INFO] CADModel:114 - Register for checkConnection events
2025-07-31 15:37:06,107 [INFO] OpenFileManager:385 - Restore cursor
2025-07-31 15:40:16,278 [INFO] CheckServerUpdateThread:120 - End of CheckServer Thread
2025-07-31 15:41:56,532 [INFO] NvicIntPanel:101 - NVIC parent = com.st.microxplorer.plugins.ip.nvic.MultiNvicIntPanel[,0,0,0x0,invalid,layout=javax.swing.BoxLayout,alignmentX=0.0,alignmentY=0.0,border=,flags=9,maximumSize=,minimumSize=,preferredSize=]
2025-07-31 15:47:30,905 [INFO] CADModel:198 - CPN selected (Project mode): STM32F446RET6
2025-07-31 15:47:30,907 [INFO] CADModel:200 - Internet connection configuration mode: 1
2025-07-31 15:47:30,908 [INFO] CADModel:203 - rpn retrievedSTM32F446RE
2025-07-31 15:47:31,263 [INFO] WebAppUi:325 - Instantiating new browser for Project
2025-07-31 15:47:31,534 [INFO] WebAppUi:1224 - Register for checkConnection events
2025-07-31 15:47:31,534 [INFO] WebAppUi:1259 - Apply proxy settings
2025-07-31 15:47:31,535 [INFO] WebAppUi:1297 - Chromium requires no authentication
2025-07-31 15:47:31,536 [INFO] WebAppUi:1283 - Direct internet connection detected
2025-07-31 15:47:31,543 [INFO] WebAppUi:1155 - Web application path used /opt/st/stm32cubeide_1.18.1/plugins/com.st.stm32cube.common.mx_6.14.1.202504091515/db/plugins/mcufinder/reactClient/index.html
2025-07-31 15:47:31,882 [INFO] WebAppUi:927 - Path where api_config.json is located /home/nova/.stmcufinder/plugins/mcufinder//mcu/api_config.json
2025-07-31 15:47:31,883 [INFO] WebAppUi:928 - Setting api config in window object
2025-07-31 15:47:31,970 [WARN] WebAppUi:965 - Cannot access cad_preferences.json
2025-07-31 15:47:31,971 [WARN] WebAppUi:968 - Fallback to default consent
2025-07-31 15:47:31,971 [INFO] WebAppUi:936 - Path where cad_preferences.json is located /home/nova/.stm32cubeide/
2025-07-31 15:47:31,971 [INFO] WebAppUi:937 - Setting consent info in window object
2025-07-31 15:47:34,251 [INFO] WebAppUi:832 - Allow Downloads
2025-07-31 15:47:34,252 [INFO] WebAppUi:325 - Instantiating new browser for Finder
2025-07-31 15:47:34,550 [INFO] WebAppUi:1224 - Register for checkConnection events
2025-07-31 15:47:34,550 [INFO] WebAppUi:1259 - Apply proxy settings
2025-07-31 15:47:34,550 [INFO] WebAppUi:1297 - Chromium requires no authentication
2025-07-31 15:47:34,552 [INFO] WebAppUi:1283 - Direct internet connection detected
2025-07-31 15:47:34,563 [INFO] WebAppUi:1155 - Web application path used /opt/st/stm32cubeide_1.18.1/plugins/com.st.stm32cube.common.mx_6.14.1.202504091515/db/plugins/mcufinder/reactClient/index.html
2025-07-31 15:47:34,792 [INFO] WebAppUi:927 - Path where api_config.json is located /home/nova/.stmcufinder/plugins/mcufinder//mcu/api_config.json
2025-07-31 15:47:34,792 [INFO] WebAppUi:928 - Setting api config in window object
2025-07-31 15:47:34,833 [INFO] WebAppUi:936 - Path where cad_preferences.json is located /home/nova/.stm32cubeide/
2025-07-31 15:47:34,834 [INFO] WebAppUi:937 - Setting consent info in window object
2025-07-31 15:47:35,491 [INFO] WebAppUi:1089 - Web application message: [UlApiManager component] Connected to Ultra Librarian SSO
2025-07-31 15:47:35,491 [INFO] WebAppUi:1089 - Web application message: [UlApiManager component] Connected to Ultra Librarian API
2025-07-31 15:47:37,481 [INFO] WebAppUi:832 - Allow Downloads
2025-07-31 15:47:37,483 [INFO] WebAppUi:653 - RPN selected STM32F446RE
2025-07-31 15:47:37,483 [INFO] WebAppUi:654 - RefName selected STM32F446RETx
2025-07-31 15:47:37,485 [INFO] WebAppUi:655 - CPN selected STM32F446RET6
2025-07-31 15:47:37,508 [INFO] WebAppUi:818 - Which Bigleton in use 2 and which CPN is about STM32F446RET6
2025-07-31 15:47:37,541 [INFO] WebAppUi:692 - Have injected Javascript into web application
2025-07-31 15:47:37,541 [INFO] WebAppUiContainer:153 - Web application run mode: Project CPN: STM32F446RET6
2025-07-31 15:47:38,327 [INFO] WebAppUi:1089 - Web application message: [UlApiManager component] Connected to Ultra Librarian SSO
2025-07-31 15:47:38,327 [INFO] WebAppUi:1089 - Web application message: [UlApiManager component] Connected to Ultra Librarian API
2025-07-31 15:47:43,691 [INFO] WebAppUi:927 - Path where api_config.json is located /home/nova/.stmcufinder/plugins/mcufinder//mcu/api_config.json
2025-07-31 15:47:43,692 [INFO] WebAppUi:928 - Setting api config in window object
2025-07-31 15:47:43,739 [INFO] WebAppUi:936 - Path where cad_preferences.json is located /home/nova/.stm32cubeide/
2025-07-31 15:47:43,739 [INFO] WebAppUi:937 - Setting consent info in window object
2025-07-31 15:47:43,985 [INFO] WebAppUi:294 - Path where cad_preferences.json is located /home/nova/.stm32cubeide/
2025-07-31 15:47:43,986 [INFO] WebAppUi:295 - Updating consent from JSON file
2025-07-31 15:47:43,997 [INFO] WebAppUi:294 - Path where cad_preferences.json is located /home/nova/.stm32cubeide/
2025-07-31 15:47:44,000 [INFO] WebAppUi:295 - Updating consent from JSON file
2025-07-31 15:47:44,009 [INFO] WebAppUi:294 - Path where cad_preferences.json is located /home/nova/.stm32cubeide/
2025-07-31 15:47:44,009 [INFO] WebAppUi:295 - Updating consent from JSON file
2025-07-31 15:47:58,809 [INFO] WebAppUi:1089 - Web application message: THREE.WebGLRenderer 101
2025-07-31 15:48:10,228 [INFO] WebAppUi:294 - Path where cad_preferences.json is located /home/nova/.stm32cubeide/
2025-07-31 15:48:10,229 [INFO] WebAppUi:295 - Updating consent from JSON file
2025-07-31 15:48:10,258 [INFO] WebAppUi:294 - Path where cad_preferences.json is located /home/nova/.stm32cubeide/
2025-07-31 15:48:10,259 [INFO] WebAppUi:295 - Updating consent from JSON file
2025-07-31 15:48:15,350 [INFO] CADModel:198 - CPN selected (Project mode): STM32F446RET6
2025-07-31 15:48:15,351 [INFO] CADModel:200 - Internet connection configuration mode: 1
2025-07-31 15:48:15,352 [INFO] CADModel:203 - rpn retrievedSTM32F446RE
2025-07-31 15:48:15,352 [INFO] WebAppUi:653 - RPN selected STM32F446RE
2025-07-31 15:48:15,353 [INFO] WebAppUi:654 - RefName selected STM32F446RETx
2025-07-31 15:48:15,354 [INFO] WebAppUi:655 - CPN selected STM32F446RET6
2025-07-31 15:48:15,362 [INFO] WebAppUi:818 - Which Bigleton in use 2 and which CPN is about STM32F446RET6
2025-07-31 15:48:15,385 [INFO] WebAppUi:692 - Have injected Javascript into web application
2025-07-31 15:48:15,385 [INFO] WebAppUiContainer:153 - Web application run mode: Project CPN: STM32F446RET6
2025-07-31 15:56:02,939 [INFO] NvicIntPanel:101 - NVIC parent = com.st.microxplorer.plugins.ip.nvic.MultiNvicIntPanel[,0,0,450x122,layout=javax.swing.BoxLayout,alignmentX=0.0,alignmentY=0.0,border=,flags=9,maximumSize=,minimumSize=,preferredSize=]
2025-07-31 15:56:04,447 [INFO] NvicIntPanel:101 - NVIC parent = com.st.microxplorer.plugins.ip.nvic.MultiNvicIntPanel[,0,0,0x0,invalid,layout=javax.swing.BoxLayout,alignmentX=0.0,alignmentY=0.0,border=,flags=9,maximumSize=,minimumSize=,preferredSize=]
2025-07-31 15:56:07,465 [INFO] UtilMem:75 - End SaveConfig() Used Memory: 419432448 Bytes (922746880)
2025-07-31 15:56:08,807 [INFO] UtilMem:75 - End SaveConfig() Used Memory: 443549696 Bytes (922746880)
2025-07-31 15:56:15,660 [INFO] UtilMem:75 - End SaveConfig() Used Memory: 552004840 Bytes (922746880)
2025-07-31 15:56:16,665 [INFO] BlockDiagram:2775 - set Specific Code input for plugin: SYS
2025-07-31 15:56:16,665 [INFO] BlockDiagram:2775 - set Specific Code input for plugin: RCC
2025-07-31 15:56:16,665 [INFO] BlockDiagram:2775 - set Specific Code input for plugin: NVIC
2025-07-31 15:56:16,665 [INFO] BlockDiagram:2775 - set Specific Code input for plugin: USART
2025-07-31 15:56:16,666 [INFO] BlockDiagram:2775 - set Specific Code input for plugin: GPIO
2025-07-31 15:56:16,667 [INFO] CodeGenerator:882 - code generatio: config db path: /opt/st/stm32cubeide_1.18.1/plugins/com.st.stm32cube.common.mx_6.14.1.202504091515//db/
2025-07-31 15:56:18,437 [INFO] CodeEngine:263 - oldGeneratedFile, /home/nova/STM32CubeIDE/workspace_1.18.1/UDP_FILE_TRANSFER/MXTmpFiles/license.tmp_save
2025-07-31 15:56:19,206 [INFO] CodeEngine:287 - Generated code: /home/nova/STM32CubeIDE/workspace_1.18.1/UDP_FILE_TRANSFER/MXTmpFiles/license.tmp
2025-07-31 15:56:20,605 [INFO] CodeEngine:263 - oldGeneratedFile, /home/nova/STM32CubeIDE/workspace_1.18.1/UDP_FILE_TRANSFER/MXTmpFiles/gpio.tmp_save
2025-07-31 15:56:20,926 [INFO] CodeEngine:287 - Generated code: /home/nova/STM32CubeIDE/workspace_1.18.1/UDP_FILE_TRANSFER/MXTmpFiles/gpio.tmp
2025-07-31 15:56:21,450 [INFO] CodeEngine:263 - oldGeneratedFile, /home/nova/STM32CubeIDE/workspace_1.18.1/UDP_FILE_TRANSFER/Core/Src/stm32f4xx_it.c_save
2025-07-31 15:56:21,897 [INFO] CodeEngine:287 - Generated code: /home/nova/STM32CubeIDE/workspace_1.18.1/UDP_FILE_TRANSFER/Core/Src/stm32f4xx_it.c
2025-07-31 15:56:21,901 [INFO] CodeEngine:263 - oldGeneratedFile, /home/nova/STM32CubeIDE/workspace_1.18.1/UDP_FILE_TRANSFER/Core/Inc/stm32f4xx_it.h_save
2025-07-31 15:56:22,054 [INFO] CodeEngine:287 - Generated code: /home/nova/STM32CubeIDE/workspace_1.18.1/UDP_FILE_TRANSFER/Core/Inc/stm32f4xx_it.h
2025-07-31 15:56:22,090 [INFO] CodeEngine:263 - oldGeneratedFile, /home/nova/STM32CubeIDE/workspace_1.18.1/UDP_FILE_TRANSFER/Core/Src/stm32f4xx_hal_msp.c_save
2025-07-31 15:56:22,385 [INFO] CodeEngine:287 - Generated code: /home/nova/STM32CubeIDE/workspace_1.18.1/UDP_FILE_TRANSFER/Core/Src/stm32f4xx_hal_msp.c
2025-07-31 15:56:22,387 [INFO] CodeEngine:263 - oldGeneratedFile, /home/nova/STM32CubeIDE/workspace_1.18.1/UDP_FILE_TRANSFER/MXTmpFiles/system.tmp_save
2025-07-31 15:56:22,544 [INFO] CodeEngine:287 - Generated code: /home/nova/STM32CubeIDE/workspace_1.18.1/UDP_FILE_TRANSFER/MXTmpFiles/system.tmp
2025-07-31 15:56:22,561 [INFO] CodeEngine:319 - oldGeneratedFile, /home/nova/STM32CubeIDE/workspace_1.18.1/UDP_FILE_TRANSFER/Core/Inc/stm32f4xx_hal_conf.h_save
2025-07-31 15:56:22,745 [INFO] CodeEngine:343 - Generated code: /home/nova/STM32CubeIDE/workspace_1.18.1/UDP_FILE_TRANSFER/Core/Inc/stm32f4xx_hal_conf.h
2025-07-31 15:56:22,807 [WARN] IPConfigManager:3217 - Warning: the RefConfig PLL2P_FOR_MCO is not available in your config.xml file
2025-07-31 15:56:22,823 [INFO] ApiDbMcu:508 - Load IP Config File for USART2
2025-07-31 15:56:22,831 [INFO] ApiDbMcu:508 - Load IP Config File for RCC
2025-07-31 15:56:22,839 [INFO] CodeEngine:263 - oldGeneratedFile, /home/nova/STM32CubeIDE/workspace_1.18.1/UDP_FILE_TRANSFER/Core/Inc/main.h_save
2025-07-31 15:56:23,022 [INFO] CodeEngine:287 - Generated code: /home/nova/STM32CubeIDE/workspace_1.18.1/UDP_FILE_TRANSFER/Core/Inc/main.h
2025-07-31 15:56:23,025 [INFO] CodeEngine:263 - oldGeneratedFile, /home/nova/STM32CubeIDE/workspace_1.18.1/UDP_FILE_TRANSFER/Core/Src/main.c_save
2025-07-31 15:56:23,289 [INFO] CodeEngine:287 - Generated code: /home/nova/STM32CubeIDE/workspace_1.18.1/UDP_FILE_TRANSFER/Core/Src/main.c
2025-07-31 15:56:24,851 [INFO] ProjectBuilder:3324 - Time for Copy HAL[1] : 681mS.
2025-07-31 15:56:24,870 [INFO] ProjectBuilder:4912 - Project Generator version: 4.6.0.1-B1
2025-07-31 15:56:25,121 [INFO] ConfigFileManager:1590 - The Die is : DIE421
2025-07-31 15:56:25,170 [INFO] ApiDbMcu:508 - Load IP Config File for FATFS
2025-07-31 15:56:25,188 [INFO] ApiDbMcu:508 - Load IP Config File for FREERTOS
2025-07-31 15:56:25,205 [INFO] ApiDbMcu:508 - Load IP Config File for LIBJPEG
2025-07-31 15:56:25,235 [INFO] ApiDbMcu:508 - Load IP Config File for MBEDTLS
2025-07-31 15:56:25,277 [INFO] ApiDbMcu:508 - Load IP Config File for USB_DEVICE
2025-07-31 15:56:25,297 [INFO] ApiDbMcu:508 - Load IP Config File for USB_HOST
2025-07-31 15:56:26,787 [INFO] LogOutputStream:77 - [STDOUT_REDIRECT] 
2025-07-31 15:56:29,222 [INFO] ProjectBuilder:5191 - Time for Generating toolchain IDE Files: 4351mS.
2025-07-31 15:56:29,222 [INFO] ProjectBuilder:3181 - Time for Copy CMSIS : 0mS.
2025-07-31 15:56:29,227 [INFO] ProjectBuilder:3181 - Time for Copy CMSIS : 0mS.
2025-07-31 16:54:25,336 [INFO] NvicIntPanel:101 - NVIC parent = com.st.microxplorer.plugins.ip.nvic.MultiNvicIntPanel[,0,0,0x0,invalid,layout=javax.swing.BoxLayout,alignmentX=0.0,alignmentY=0.0,border=,flags=9,maximumSize=,minimumSize=,preferredSize=]
2025-07-31 16:54:28,856 [INFO] NvicIntPanel:101 - NVIC parent = com.st.microxplorer.plugins.ip.nvic.MultiNvicIntPanel[,0,0,0x0,invalid,layout=javax.swing.BoxLayout,alignmentX=0.0,alignmentY=0.0,border=,flags=9,maximumSize=,minimumSize=,preferredSize=]
2025-07-31 16:54:29,873 [INFO] NvicIntPanel:101 - NVIC parent = com.st.microxplorer.plugins.ip.nvic.MultiNvicIntPanel[,0,0,0x0,invalid,layout=javax.swing.BoxLayout,alignmentX=0.0,alignmentY=0.0,border=,flags=9,maximumSize=,minimumSize=,preferredSize=]
2025-07-31 16:54:32,397 [INFO] UtilMem:75 - End SaveConfig() Used Memory: 741152976 Bytes (912261120)
2025-07-31 16:54:35,032 [INFO] UtilMem:75 - End SaveConfig() Used Memory: 768418440 Bytes (912261120)
2025-07-31 16:54:39,089 [INFO] UtilMem:75 - End SaveConfig() Used Memory: 283032496 Bytes (912261120)
2025-07-31 16:54:39,421 [INFO] BlockDiagram:2775 - set Specific Code input for plugin: SYS
2025-07-31 16:54:39,421 [INFO] BlockDiagram:2775 - set Specific Code input for plugin: RCC
2025-07-31 16:54:39,422 [INFO] BlockDiagram:2775 - set Specific Code input for plugin: NVIC
2025-07-31 16:54:39,422 [INFO] BlockDiagram:2775 - set Specific Code input for plugin: USART
2025-07-31 16:54:39,422 [INFO] BlockDiagram:2775 - set Specific Code input for plugin: GPIO
2025-07-31 16:54:39,423 [INFO] CodeGenerator:882 - code generatio: config db path: /opt/st/stm32cubeide_1.18.1/plugins/com.st.stm32cube.common.mx_6.14.1.202504091515//db/
2025-07-31 16:54:39,803 [INFO] CodeEngine:263 - oldGeneratedFile, /home/nova/STM32CubeIDE/workspace_1.18.1/UDP_FILE_TRANSFER/MXTmpFiles/license.tmp_save
2025-07-31 16:54:40,190 [INFO] CodeEngine:287 - Generated code: /home/nova/STM32CubeIDE/workspace_1.18.1/UDP_FILE_TRANSFER/MXTmpFiles/license.tmp
2025-07-31 16:54:40,234 [INFO] CodeEngine:263 - oldGeneratedFile, /home/nova/STM32CubeIDE/workspace_1.18.1/UDP_FILE_TRANSFER/MXTmpFiles/gpio.tmp_save
2025-07-31 16:54:40,426 [INFO] CodeEngine:287 - Generated code: /home/nova/STM32CubeIDE/workspace_1.18.1/UDP_FILE_TRANSFER/MXTmpFiles/gpio.tmp
2025-07-31 16:54:40,517 [INFO] CodeEngine:263 - oldGeneratedFile, /home/nova/STM32CubeIDE/workspace_1.18.1/UDP_FILE_TRANSFER/Core/Src/stm32f4xx_it.c_save
2025-07-31 16:54:40,705 [INFO] CodeEngine:287 - Generated code: /home/nova/STM32CubeIDE/workspace_1.18.1/UDP_FILE_TRANSFER/Core/Src/stm32f4xx_it.c
2025-07-31 16:54:40,710 [INFO] CodeEngine:263 - oldGeneratedFile, /home/nova/STM32CubeIDE/workspace_1.18.1/UDP_FILE_TRANSFER/Core/Inc/stm32f4xx_it.h_save
2025-07-31 16:54:40,865 [INFO] CodeEngine:287 - Generated code: /home/nova/STM32CubeIDE/workspace_1.18.1/UDP_FILE_TRANSFER/Core/Inc/stm32f4xx_it.h
2025-07-31 16:54:40,873 [INFO] CodeEngine:263 - oldGeneratedFile, /home/nova/STM32CubeIDE/workspace_1.18.1/UDP_FILE_TRANSFER/Core/Src/stm32f4xx_hal_msp.c_save
2025-07-31 16:54:41,072 [INFO] CodeEngine:287 - Generated code: /home/nova/STM32CubeIDE/workspace_1.18.1/UDP_FILE_TRANSFER/Core/Src/stm32f4xx_hal_msp.c
2025-07-31 16:54:41,074 [INFO] CodeEngine:263 - oldGeneratedFile, /home/nova/STM32CubeIDE/workspace_1.18.1/UDP_FILE_TRANSFER/MXTmpFiles/system.tmp_save
2025-07-31 16:54:41,218 [INFO] CodeEngine:287 - Generated code: /home/nova/STM32CubeIDE/workspace_1.18.1/UDP_FILE_TRANSFER/MXTmpFiles/system.tmp
2025-07-31 16:54:41,225 [INFO] CodeEngine:319 - oldGeneratedFile, /home/nova/STM32CubeIDE/workspace_1.18.1/UDP_FILE_TRANSFER/Core/Inc/stm32f4xx_hal_conf.h_save
2025-07-31 16:54:41,904 [INFO] CodeEngine:343 - Generated code: /home/nova/STM32CubeIDE/workspace_1.18.1/UDP_FILE_TRANSFER/Core/Inc/stm32f4xx_hal_conf.h
2025-07-31 16:54:42,007 [WARN] IPConfigManager:3217 - Warning: the RefConfig PLL2P_FOR_MCO is not available in your config.xml file
2025-07-31 16:54:42,020 [INFO] CodeEngine:263 - oldGeneratedFile, /home/nova/STM32CubeIDE/workspace_1.18.1/UDP_FILE_TRANSFER/Core/Inc/main.h_save
2025-07-31 16:54:42,173 [INFO] CodeEngine:287 - Generated code: /home/nova/STM32CubeIDE/workspace_1.18.1/UDP_FILE_TRANSFER/Core/Inc/main.h
2025-07-31 16:54:42,177 [INFO] CodeEngine:263 - oldGeneratedFile, /home/nova/STM32CubeIDE/workspace_1.18.1/UDP_FILE_TRANSFER/Core/Src/main.c_save
2025-07-31 16:54:42,470 [INFO] CodeEngine:287 - Generated code: /home/nova/STM32CubeIDE/workspace_1.18.1/UDP_FILE_TRANSFER/Core/Src/main.c
2025-07-31 16:54:42,984 [INFO] ProjectBuilder:3324 - Time for Copy HAL[1] : 42mS.
2025-07-31 16:54:42,987 [INFO] ProjectBuilder:4912 - Project Generator version: 4.6.0.1-B1
2025-07-31 16:54:43,153 [INFO] ConfigFileManager:1590 - The Die is : DIE421
2025-07-31 16:54:45,136 [INFO] ProjectBuilder:5191 - Time for Generating toolchain IDE Files: 2149mS.
2025-07-31 16:54:45,137 [INFO] ProjectBuilder:3181 - Time for Copy CMSIS : 0mS.
2025-07-31 16:54:45,139 [INFO] ProjectBuilder:3181 - Time for Copy CMSIS : 1mS.
2025-07-31 17:04:18,556 [INFO] NvicIntPanel:101 - NVIC parent = com.st.microxplorer.plugins.ip.nvic.MultiNvicIntPanel[,0,0,0x0,invalid,layout=javax.swing.BoxLayout,alignmentX=0.0,alignmentY=0.0,border=,flags=9,maximumSize=,minimumSize=,preferredSize=]
2025-07-31 17:05:43,544 [INFO] UtilMem:75 - End SaveConfig() Used Memory: 268757040 Bytes (912261120)
2025-07-31 17:05:46,289 [INFO] UtilMem:75 - End SaveConfig() Used Memory: 293922864 Bytes (912261120)
2025-07-31 17:05:48,412 [INFO] UtilMem:75 - End SaveConfig() Used Memory: 334295088 Bytes (912261120)
2025-07-31 17:05:48,714 [INFO] BlockDiagram:2775 - set Specific Code input for plugin: SYS
2025-07-31 17:05:48,714 [INFO] BlockDiagram:2775 - set Specific Code input for plugin: RCC
2025-07-31 17:05:48,714 [INFO] BlockDiagram:2775 - set Specific Code input for plugin: NVIC
2025-07-31 17:05:48,715 [INFO] BlockDiagram:2775 - set Specific Code input for plugin: USART
2025-07-31 17:05:48,715 [INFO] BlockDiagram:2775 - set Specific Code input for plugin: GPIO
2025-07-31 17:05:48,716 [INFO] CodeGenerator:882 - code generatio: config db path: /opt/st/stm32cubeide_1.18.1/plugins/com.st.stm32cube.common.mx_6.14.1.202504091515//db/
2025-07-31 17:05:49,038 [INFO] CodeEngine:263 - oldGeneratedFile, /home/nova/STM32CubeIDE/workspace_1.18.1/UDP_FILE_TRANSFER/MXTmpFiles/license.tmp_save
2025-07-31 17:05:49,233 [INFO] CodeEngine:287 - Generated code: /home/nova/STM32CubeIDE/workspace_1.18.1/UDP_FILE_TRANSFER/MXTmpFiles/license.tmp
2025-07-31 17:05:49,349 [INFO] CodeEngine:263 - oldGeneratedFile, /home/nova/STM32CubeIDE/workspace_1.18.1/UDP_FILE_TRANSFER/MXTmpFiles/gpio.tmp_save
2025-07-31 17:05:49,572 [INFO] CodeEngine:287 - Generated code: /home/nova/STM32CubeIDE/workspace_1.18.1/UDP_FILE_TRANSFER/MXTmpFiles/gpio.tmp
2025-07-31 17:05:49,692 [INFO] CodeEngine:263 - oldGeneratedFile, /home/nova/STM32CubeIDE/workspace_1.18.1/UDP_FILE_TRANSFER/Core/Src/stm32f4xx_it.c_save
2025-07-31 17:05:50,125 [INFO] CodeEngine:287 - Generated code: /home/nova/STM32CubeIDE/workspace_1.18.1/UDP_FILE_TRANSFER/Core/Src/stm32f4xx_it.c
2025-07-31 17:05:50,127 [INFO] CodeEngine:263 - oldGeneratedFile, /home/nova/STM32CubeIDE/workspace_1.18.1/UDP_FILE_TRANSFER/Core/Inc/stm32f4xx_it.h_save
2025-07-31 17:05:50,257 [INFO] CodeEngine:287 - Generated code: /home/nova/STM32CubeIDE/workspace_1.18.1/UDP_FILE_TRANSFER/Core/Inc/stm32f4xx_it.h
2025-07-31 17:05:50,269 [INFO] CodeEngine:263 - oldGeneratedFile, /home/nova/STM32CubeIDE/workspace_1.18.1/UDP_FILE_TRANSFER/Core/Src/stm32f4xx_hal_msp.c_save
2025-07-31 17:05:50,488 [INFO] CodeEngine:287 - Generated code: /home/nova/STM32CubeIDE/workspace_1.18.1/UDP_FILE_TRANSFER/Core/Src/stm32f4xx_hal_msp.c
2025-07-31 17:05:50,491 [INFO] CodeEngine:263 - oldGeneratedFile, /home/nova/STM32CubeIDE/workspace_1.18.1/UDP_FILE_TRANSFER/MXTmpFiles/system.tmp_save
2025-07-31 17:05:50,609 [INFO] CodeEngine:287 - Generated code: /home/nova/STM32CubeIDE/workspace_1.18.1/UDP_FILE_TRANSFER/MXTmpFiles/system.tmp
2025-07-31 17:05:50,614 [INFO] CodeEngine:319 - oldGeneratedFile, /home/nova/STM32CubeIDE/workspace_1.18.1/UDP_FILE_TRANSFER/Core/Inc/stm32f4xx_hal_conf.h_save
2025-07-31 17:05:50,743 [INFO] CodeEngine:343 - Generated code: /home/nova/STM32CubeIDE/workspace_1.18.1/UDP_FILE_TRANSFER/Core/Inc/stm32f4xx_hal_conf.h
2025-07-31 17:05:50,769 [WARN] IPConfigManager:3217 - Warning: the RefConfig PLL2P_FOR_MCO is not available in your config.xml file
2025-07-31 17:05:50,782 [INFO] CodeEngine:263 - oldGeneratedFile, /home/nova/STM32CubeIDE/workspace_1.18.1/UDP_FILE_TRANSFER/Core/Inc/main.h_save
2025-07-31 17:05:50,955 [INFO] CodeEngine:287 - Generated code: /home/nova/STM32CubeIDE/workspace_1.18.1/UDP_FILE_TRANSFER/Core/Inc/main.h
2025-07-31 17:05:50,957 [INFO] CodeEngine:263 - oldGeneratedFile, /home/nova/STM32CubeIDE/workspace_1.18.1/UDP_FILE_TRANSFER/Core/Src/main.c_save
2025-07-31 17:05:51,157 [INFO] CodeEngine:287 - Generated code: /home/nova/STM32CubeIDE/workspace_1.18.1/UDP_FILE_TRANSFER/Core/Src/main.c
2025-07-31 17:05:51,514 [INFO] ProjectBuilder:3324 - Time for Copy HAL[1] : 35mS.
2025-07-31 17:05:51,515 [INFO] ProjectBuilder:4912 - Project Generator version: 4.6.0.1-B1
2025-07-31 17:05:51,646 [INFO] ConfigFileManager:1590 - The Die is : DIE421
2025-07-31 17:05:53,973 [INFO] ProjectBuilder:5191 - Time for Generating toolchain IDE Files: 2458mS.
2025-07-31 17:05:53,974 [INFO] ProjectBuilder:3181 - Time for Copy CMSIS : 0mS.
2025-07-31 17:05:53,975 [INFO] ProjectBuilder:3181 - Time for Copy CMSIS : 0mS.
2025-07-31 17:21:54,918 [INFO] WebApp:194 - Connection lost
2025-07-31 17:38:12,469 [INFO] WebAppUi:1089 - Web application message: Reloading CAD
2025-07-31 17:38:14,377 [INFO] WebApp:191 - Connection restablished
2025-07-31 17:38:15,998 [INFO] WebApp:194 - Connection lost
2025-07-31 17:38:16,632 [INFO] WebApp:191 - Connection restablished
2025-07-31 18:27:48,248 [INFO] WebAppUi:294 - Path where cad_preferences.json is located /home/nova/.stm32cubeide/
2025-07-31 18:27:48,248 [INFO] WebAppUi:295 - Updating consent from JSON file
