2025-07-29 10:17:48,042 [INFO] Activator:176 - 


2025-07-29 10:17:48,049 [INFO] Activator:177 - !SESSION log4j initialized
2025-07-29 10:18:15,941 [INFO] Activator:176 - 


2025-07-29 10:18:15,945 [INFO] Activator:177 - !SESSION log4j initialized
2025-07-29 10:19:01,679 [INFO] LogOutputStream:77 - [STDOUT_REDIRECT] 
2025-07-29 10:19:05,274 [INFO] ApplicationProperties:184 - Using Application install path: /opt/st/stm32cubeide_1.18.1/plugins/com.st.stm32cube.common.mx_6.14.1.202504091515
2025-07-29 10:19:05,380 [INFO] DbMcusXml:78 - Set database path to: /opt/st/stm32cubeide_1.18.1/plugins/com.st.stm32cube.common.mx_6.14.1.202504091515//db//mcu/
2025-07-29 10:19:05,381 [INFO] ApiDb:274 - Set plugin database path to: /opt/st/stm32cubeide_1.18.1/plugins/com.st.stm32cube.common.mx_6.14.1.202504091515//db//plugins/boardmanager/
2025-07-29 10:19:05,381 [WARN] ApiDb:259 - Overriding images path with different value:  => /opt/st/stm32cubeide_1.18.1/plugins/com.st.stm32cube.common.mx_6.14.1.202504091515//db//plugins/mcufinder/images/
2025-07-29 10:19:05,480 [INFO] ApiDb:250 - Set database path to: /home/nova/.stmcufinder/plugins/mcufinder//mcu/
2025-07-29 10:19:05,482 [INFO] DbMcusAds:125 - Set database path to: /home/nova/.stmcufinder/plugins/mcufinder//mcu/
2025-07-29 10:19:05,485 [INFO] CrossReferenceDbSqlite:203 - Set database path to: /home/nova/.stmcufinder/plugins/mcufinder//mcu/cs/
2025-07-29 10:19:06,303 [INFO] RulesReader:64 - Compatibility file has been processed (302 Rules)
2025-07-29 10:19:08,250 [INFO] DbMcusXml:78 - Set database path to: /opt/st/stm32cubeide_1.18.1/plugins/com.st.stm32cube.common.mx_6.14.1.202504091515//db//mcu/
2025-07-29 10:19:08,250 [INFO] ApiDb:274 - Set plugin database path to: /opt/st/stm32cubeide_1.18.1/plugins/com.st.stm32cube.common.mx_6.14.1.202504091515//db//plugins/boardmanager/
2025-07-29 10:19:08,251 [INFO] ApiDb:261 - Set plugin images path to: /opt/st/stm32cubeide_1.18.1/plugins/com.st.stm32cube.common.mx_6.14.1.202504091515//db//plugins/mcufinder/images/
2025-07-29 10:19:08,251 [WARN] DbFile:41 - Overriding database path with different value: /home/nova/.stmcufinder/plugins/mcufinder/ => /home/nova/.stmcufinder/plugins/mcufinder
2025-07-29 10:19:08,251 [INFO] ApiDb:250 - Set database path to: /home/nova/.stmcufinder/plugins/mcufinder//mcu/
2025-07-29 10:19:08,251 [WARN] DbFile:41 - Overriding database path with different value: /home/nova/.stmcufinder/plugins/mcufinder/ => /home/nova/.stmcufinder/plugins/mcufinder
2025-07-29 10:19:08,251 [INFO] DbMcusAds:125 - Set database path to: /home/nova/.stmcufinder/plugins/mcufinder//mcu/
2025-07-29 10:19:08,252 [WARN] DbFile:41 - Overriding database path with different value: /home/nova/.stmcufinder/plugins/mcufinder/ => /home/nova/.stmcufinder/plugins/mcufinder
2025-07-29 10:19:08,252 [WARN] DbFile:41 - Overriding database path with different value: /home/nova/.stmcufinder/plugins/mcufinder/ => /home/nova/.stmcufinder/plugins/mcufinder
2025-07-29 10:19:08,252 [INFO] CrossReferenceDbSqlite:203 - Set database path to: /home/nova/.stmcufinder/plugins/mcufinder//mcu/cs/
2025-07-29 10:19:10,188 [INFO] MainPanel:272 - HeapMemory: 268435456
2025-07-29 10:19:16,472 [INFO] DbMcusXml:78 - Set database path to: /opt/st/stm32cubeide_1.18.1/plugins/com.st.stm32cube.common.mx_6.14.1.202504091515//db//mcu/
2025-07-29 10:19:16,472 [INFO] ApiDb:274 - Set plugin database path to: /opt/st/stm32cubeide_1.18.1/plugins/com.st.stm32cube.common.mx_6.14.1.202504091515//db//plugins/boardmanager/
2025-07-29 10:19:16,472 [INFO] ApiDb:261 - Set plugin images path to: /opt/st/stm32cubeide_1.18.1/plugins/com.st.stm32cube.common.mx_6.14.1.202504091515//db//plugins/mcufinder/images/
2025-07-29 10:19:16,473 [WARN] DbFile:41 - Overriding database path with different value: /home/nova/.stmcufinder/plugins/mcufinder/ => /home/nova/.stmcufinder/plugins/mcufinder
2025-07-29 10:19:16,473 [INFO] ApiDb:250 - Set database path to: /home/nova/.stmcufinder/plugins/mcufinder//mcu/
2025-07-29 10:19:16,474 [WARN] DbFile:41 - Overriding database path with different value: /home/nova/.stmcufinder/plugins/mcufinder/ => /home/nova/.stmcufinder/plugins/mcufinder
2025-07-29 10:19:16,474 [INFO] DbMcusAds:125 - Set database path to: /home/nova/.stmcufinder/plugins/mcufinder//mcu/
2025-07-29 10:19:16,474 [WARN] DbFile:41 - Overriding database path with different value: /home/nova/.stmcufinder/plugins/mcufinder/ => /home/nova/.stmcufinder/plugins/mcufinder
2025-07-29 10:19:16,474 [WARN] DbFile:41 - Overriding database path with different value: /home/nova/.stmcufinder/plugins/mcufinder/ => /home/nova/.stmcufinder/plugins/mcufinder
2025-07-29 10:19:16,780 [INFO] CrossReferenceDbSqlite:203 - Set database path to: /home/nova/.stmcufinder/plugins/mcufinder//mcu/cs/
2025-07-29 10:19:16,848 [INFO] ApplicationProperties:184 - Using Application install path: /opt/st/stm32cubeide_1.18.1/plugins/com.st.stm32cube.common.mx_6.14.1.202504091515
2025-07-29 10:19:16,852 [INFO] PluginManage:196 - Search for loadable plugins [exclusion list=, ]
2025-07-29 10:19:16,854 [INFO] PluginManage:310 - Check plugin analytics
2025-07-29 10:19:19,182 [INFO] AnalyticsPlugin:253 - Accepted Software Licenses: 
2025-07-29 10:19:19,183 [INFO] AnalyticsPlugin:255 - Accepted CMSIS Pack Licenses: 
2025-07-29 10:19:19,183 [INFO] AnalyticsPlugin:257 - Accepted Firmware Licenses: 
2025-07-29 10:19:19,186 [INFO] PluginManage:359 - Loaded plugin analytics (category:tool,tabindex:-1)
2025-07-29 10:19:19,187 [INFO] PluginManage:310 - Check plugin cadmodel
2025-07-29 10:19:19,528 [INFO] CADModel:105 - Init CAD model plugin
2025-07-29 10:19:19,528 [INFO] PluginManage:359 - Loaded plugin cadmodel (category:power,tabindex:5)
2025-07-29 10:19:19,528 [INFO] PluginManage:310 - Check plugin clock
2025-07-29 10:19:20,192 [INFO] PluginManage:359 - Loaded plugin clock (category:base,tabindex:2)
2025-07-29 10:19:20,192 [INFO] PluginManage:310 - Check plugin ddr
2025-07-29 10:19:20,243 [INFO] PluginManage:359 - Loaded plugin ddr (category:tool,tabindex:6)
2025-07-29 10:19:20,243 [INFO] PluginManage:310 - Check plugin filemanager
2025-07-29 10:19:23,810 [INFO] PluginManage:359 - Loaded plugin filemanager (category:base,tabindex:10)
2025-07-29 10:19:23,811 [INFO] PluginManage:310 - Check plugin ipmanager
2025-07-29 10:19:24,130 [INFO] PluginManage:359 - Loaded plugin ipmanager (category:base,tabindex:5)
2025-07-29 10:19:24,130 [INFO] PluginManage:310 - Check plugin lpbam
2025-07-29 10:19:24,618 [INFO] PluginManage:359 - Loaded plugin lpbam (category:base,tabindex:0)
2025-07-29 10:19:24,618 [INFO] PluginManage:310 - Check plugin memorymap
2025-07-29 10:19:25,735 [INFO] PluginManage:359 - Loaded plugin memorymap (category:base,tabindex:4)
2025-07-29 10:19:25,736 [INFO] PluginManage:310 - Check plugin pinoutandconfiguration
2025-07-29 10:19:26,232 [INFO] PluginManage:359 - Loaded plugin pinoutandconfiguration (category:base,tabindex:1)
2025-07-29 10:19:26,233 [INFO] PluginManage:310 - Check plugin pinoutconfig
2025-07-29 10:19:29,738 [WARN] SupportedApi:132 - Cannot load RTOS API schema: s4s-elt-must-match.1: The content of 'definitions' must match (annotation?, (simpleType | complexType)?, (unique | key | keyref)*)). A problem was found starting at: attribute.
2025-07-29 10:19:34,600 [INFO] PluginManage:359 - Loaded plugin pinoutconfig (category:base,tabindex:0)
2025-07-29 10:19:34,600 [INFO] PluginManage:310 - Check plugin power
2025-07-29 10:19:34,962 [INFO] PluginManage:359 - Loaded plugin power (category:power,tabindex:4)
2025-07-29 10:19:34,963 [INFO] PluginManage:310 - Check plugin projectmanager
2025-07-29 10:19:35,127 [INFO] PluginManage:359 - Loaded plugin projectmanager (category:projectmanager,tabindex:4)
2025-07-29 10:19:35,127 [INFO] PluginManage:310 - Check plugin rif
2025-07-29 10:19:35,420 [INFO] PluginManage:359 - Loaded plugin rif (category:base,tabindex:3)
2025-07-29 10:19:35,421 [INFO] PluginManage:310 - Check plugin thirdparty
2025-07-29 10:19:36,904 [INFO] PluginManage:359 - Loaded plugin thirdparty (category:base,tabindex:-1)
2025-07-29 10:19:36,905 [INFO] PluginManage:310 - Check plugin tools
2025-07-29 10:19:36,905 [WARN] IntegrityCheckThread:84 - waiting for thirdparty lock release [integrity check]
2025-07-29 10:19:36,906 [INFO] IntegrityCheckThread:86 - entering critical section [integrity check]
2025-07-29 10:19:36,907 [INFO] ThirdPartyUpdaterWithRetryManager:70 - Updater plugin not ready yet. [1/15]
2025-07-29 10:19:36,941 [INFO] PluginManage:359 - Loaded plugin tools (category:base,tabindex:7)
2025-07-29 10:19:36,941 [INFO] PluginManage:310 - Check plugin tutovideos
2025-07-29 10:19:38,022 [INFO] PluginManage:359 - Loaded plugin tutovideos (category:base,tabindex:-1)
2025-07-29 10:19:38,023 [INFO] PluginManage:310 - Check plugin updater
2025-07-29 10:19:38,276 [INFO] PluginManage:359 - Loaded plugin updater (category:base,tabindex:12)
2025-07-29 10:19:38,277 [INFO] PluginManage:310 - Check plugin userauth
2025-07-29 10:19:38,353 [INFO] UserAuth:118 - Init User Auth plugin
2025-07-29 10:19:38,355 [INFO] PluginManage:359 - Loaded plugin userauth (category:base,tabindex:14)
2025-07-29 10:19:38,355 [INFO] PluginManage:283 - PluginManage : Loaded plugins [18]
2025-07-29 10:19:39,907 [INFO] ThirdPartyUpdaterWithRetryManager:70 - Updater plugin not ready yet. [2/15]
2025-07-29 10:19:40,501 [INFO] PinOutPanel:1589 - setPackage(No Configuration,No Configuration)
2025-07-29 10:19:41,720 [INFO] CADModel:165 - CPN selected for project level
2025-07-29 10:19:41,720 [INFO] CADModel:114 - Register for checkConnection events
2025-07-29 10:19:42,165 [INFO] IPUIPlugin:80 - create IPUIPlugin
2025-07-29 10:19:42,166 [INFO] PluginManager:220 - loadIPPluginJar : add hash
2025-07-29 10:19:42,177 [INFO] IPUIPlugin:80 - create IPUIPlugin
2025-07-29 10:19:42,178 [INFO] PluginManager:220 - loadIPPluginJar : add tracer_emb
2025-07-29 10:19:42,300 [INFO] IPUIPlugin:80 - create IPUIPlugin
2025-07-29 10:19:42,301 [INFO] PluginManager:220 - loadIPPluginJar : add gic
2025-07-29 10:19:42,502 [INFO] IPUIPlugin:80 - create IPUIPlugin
2025-07-29 10:19:42,502 [INFO] PluginManager:220 - loadIPPluginJar : add mdma
2025-07-29 10:19:42,597 [INFO] IPUIPlugin:80 - create IPUIPlugin
2025-07-29 10:19:42,598 [INFO] PluginManager:220 - loadIPPluginJar : add touchsensing
2025-07-29 10:19:42,625 [INFO] IPUIPlugin:80 - create IPUIPlugin
2025-07-29 10:19:42,625 [INFO] PluginManager:220 - loadIPPluginJar : add lorawan
2025-07-29 10:19:42,794 [INFO] IPUIPlugin:80 - create IPUIPlugin
2025-07-29 10:19:42,796 [INFO] PluginManager:220 - loadIPPluginJar : add dma
2025-07-29 10:19:42,803 [INFO] IPUIPlugin:80 - create IPUIPlugin
2025-07-29 10:19:42,804 [INFO] PluginManager:220 - loadIPPluginJar : add radio
2025-07-29 10:19:42,875 [INFO] IPUIPlugin:80 - create IPUIPlugin
2025-07-29 10:19:42,875 [INFO] PluginManager:220 - loadIPPluginJar : add i2c
2025-07-29 10:19:42,908 [INFO] ThirdPartyUpdaterWithRetryManager:70 - Updater plugin not ready yet. [3/15]
2025-07-29 10:19:42,930 [INFO] IPUIPlugin:80 - create IPUIPlugin
2025-07-29 10:19:42,930 [INFO] PluginManager:220 - loadIPPluginJar : add fatfs
2025-07-29 10:19:43,000 [INFO] IPUIPlugin:80 - create IPUIPlugin
2025-07-29 10:19:43,001 [INFO] PluginManager:220 - loadIPPluginJar : add openamp
2025-07-29 10:19:43,467 [INFO] IPUIPlugin:80 - create IPUIPlugin
2025-07-29 10:19:43,467 [INFO] PluginManager:220 - loadIPPluginJar : add nvic
2025-07-29 10:19:43,469 [INFO] IPUIPlugin:80 - create IPUIPlugin
2025-07-29 10:19:43,469 [INFO] PluginManager:220 - loadIPPluginJar : add quadspi
2025-07-29 10:19:43,474 [INFO] IPUIPlugin:80 - create IPUIPlugin
2025-07-29 10:19:43,474 [INFO] PluginManager:220 - loadIPPluginJar : add extmemmanager
2025-07-29 10:19:43,480 [INFO] IPUIPlugin:80 - create IPUIPlugin
2025-07-29 10:19:43,480 [INFO] PluginManager:220 - loadIPPluginJar : add sai
2025-07-29 10:19:43,542 [INFO] IPUIPlugin:80 - create IPUIPlugin
2025-07-29 10:19:43,542 [INFO] PluginManager:220 - loadIPPluginJar : add fmc
2025-07-29 10:19:43,585 [INFO] IPUIPlugin:80 - create IPUIPlugin
2025-07-29 10:19:43,586 [INFO] PluginManager:220 - loadIPPluginJar : add can
2025-07-29 10:19:43,892 [INFO] IPUIPlugin:80 - create IPUIPlugin
2025-07-29 10:19:43,892 [INFO] PluginManager:220 - loadIPPluginJar : add ddr_ctrl_phy
2025-07-29 10:19:43,953 [INFO] IPUIPlugin:80 - create IPUIPlugin
2025-07-29 10:19:43,954 [INFO] PluginManager:220 - loadIPPluginJar : add opamp
2025-07-29 10:19:44,124 [INFO] IPUIPlugin:80 - create IPUIPlugin
2025-07-29 10:19:44,125 [INFO] PluginManager:220 - loadIPPluginJar : add ipddr
2025-07-29 10:19:44,221 [INFO] IPUIPlugin:80 - create IPUIPlugin
2025-07-29 10:19:44,221 [INFO] PluginManager:220 - loadIPPluginJar : add i3c
2025-07-29 10:19:44,246 [INFO] IPUIPlugin:80 - create IPUIPlugin
2025-07-29 10:19:44,246 [INFO] PluginManager:220 - loadIPPluginJar : add adc
2025-07-29 10:19:44,249 [INFO] IPUIPlugin:80 - create IPUIPlugin
2025-07-29 10:19:44,250 [INFO] PluginManager:220 - loadIPPluginJar : add gtzc
2025-07-29 10:19:44,253 [INFO] IPUIPlugin:80 - create IPUIPlugin
2025-07-29 10:19:44,253 [INFO] PluginManager:220 - loadIPPluginJar : add gfxmmu
2025-07-29 10:19:44,257 [INFO] IPUIPlugin:80 - create IPUIPlugin
2025-07-29 10:19:44,258 [INFO] PluginManager:220 - loadIPPluginJar : add spi
2025-07-29 10:19:44,616 [INFO] IPUIPlugin:80 - create IPUIPlugin
2025-07-29 10:19:44,629 [INFO] PluginManager:220 - loadIPPluginJar : add plateformsettings
2025-07-29 10:19:44,787 [INFO] IPUIPlugin:80 - create IPUIPlugin
2025-07-29 10:19:44,787 [INFO] PluginManager:220 - loadIPPluginJar : add pdm2pcm
2025-07-29 10:19:44,789 [INFO] IPUIPlugin:80 - create IPUIPlugin
2025-07-29 10:19:44,789 [INFO] PluginManager:220 - loadIPPluginJar : add genericplugin
2025-07-29 10:19:44,797 [INFO] IPUIPlugin:80 - create IPUIPlugin
2025-07-29 10:19:44,797 [INFO] PluginManager:220 - loadIPPluginJar : add i2s
2025-07-29 10:19:44,800 [INFO] IPUIPlugin:80 - create IPUIPlugin
2025-07-29 10:19:44,800 [INFO] PluginManager:220 - loadIPPluginJar : add tsc
2025-07-29 10:19:44,804 [INFO] IPUIPlugin:80 - create IPUIPlugin
2025-07-29 10:19:44,804 [INFO] PluginManager:220 - loadIPPluginJar : add dma3
2025-07-29 10:19:44,808 [INFO] IPUIPlugin:80 - create IPUIPlugin
2025-07-29 10:19:44,808 [INFO] PluginManager:220 - loadIPPluginJar : add aes
2025-07-29 10:19:44,811 [INFO] IPUIPlugin:80 - create IPUIPlugin
2025-07-29 10:19:44,811 [INFO] PluginManager:220 - loadIPPluginJar : add ts
2025-07-29 10:19:44,814 [INFO] IPUIPlugin:80 - create IPUIPlugin
2025-07-29 10:19:44,814 [INFO] PluginManager:220 - loadIPPluginJar : add ucpd
2025-07-29 10:19:44,816 [INFO] IPUIPlugin:80 - create IPUIPlugin
2025-07-29 10:19:44,816 [INFO] PluginManager:220 - loadIPPluginJar : add comp
2025-07-29 10:19:44,820 [INFO] IPUIPlugin:80 - create IPUIPlugin
2025-07-29 10:19:44,820 [INFO] PluginManager:220 - loadIPPluginJar : add usart
2025-07-29 10:19:45,073 [INFO] IPUIPlugin:80 - create IPUIPlugin
2025-07-29 10:19:45,073 [INFO] PluginManager:220 - loadIPPluginJar : add resmgrutility
2025-07-29 10:19:45,134 [INFO] IPUIPlugin:80 - create IPUIPlugin
2025-07-29 10:19:45,135 [INFO] PluginManager:220 - loadIPPluginJar : add usbx
2025-07-29 10:19:45,162 [INFO] IPUIPlugin:80 - create IPUIPlugin
2025-07-29 10:19:45,163 [INFO] PluginManager:220 - loadIPPluginJar : add dfsdm
2025-07-29 10:19:45,219 [INFO] IPUIPlugin:80 - create IPUIPlugin
2025-07-29 10:19:45,220 [INFO] PluginManager:220 - loadIPPluginJar : add cryp
2025-07-29 10:19:45,297 [INFO] IPUIPlugin:80 - create IPUIPlugin
2025-07-29 10:19:45,297 [INFO] PluginManager:220 - loadIPPluginJar : add linkedlist
2025-07-29 10:19:45,328 [INFO] IPUIPlugin:80 - create IPUIPlugin
2025-07-29 10:19:45,328 [INFO] PluginManager:220 - loadIPPluginJar : add ltdc
2025-07-29 10:19:45,443 [INFO] IPUIPlugin:80 - create IPUIPlugin
2025-07-29 10:19:45,443 [INFO] PluginManager:220 - loadIPPluginJar : add tim
2025-07-29 10:19:45,508 [INFO] IPUIPlugin:80 - create IPUIPlugin
2025-07-29 10:19:45,509 [INFO] PluginManager:220 - loadIPPluginJar : add gpio
2025-07-29 10:19:45,529 [INFO] IPUIPlugin:80 - create IPUIPlugin
2025-07-29 10:19:45,530 [INFO] PluginManager:220 - loadIPPluginJar : add freertos
2025-07-29 10:19:45,607 [INFO] IPUIPlugin:80 - create IPUIPlugin
2025-07-29 10:19:45,607 [INFO] PluginManager:220 - loadIPPluginJar : add stm32_wpan
2025-07-29 10:19:45,836 [FATAL] Updater:351 - Updater called before beeing initialized
2025-07-29 10:19:45,908 [INFO] ThirdPartyUpdaterWithRetryManager:70 - Updater plugin not ready yet. [4/15]
2025-07-29 10:19:46,198 [INFO] RulesReader:64 - Compatibility file has been processed (302 Rules)
2025-07-29 10:19:46,220 [INFO] RulesReader:64 - Compatibility file has been processed (302 Rules)
2025-07-29 10:19:46,231 [INFO] CADModel:165 - CPN selected for project level
2025-07-29 10:19:46,231 [INFO] CADModel:114 - Register for checkConnection events
2025-07-29 10:19:46,232 [FATAL] Updater:351 - Updater called before beeing initialized
2025-07-29 10:19:46,232 [ERROR] CADModel:125 - Updater not yet initialized, retry later 
2025-07-29 10:19:48,909 [FATAL] Updater:351 - Updater called before beeing initialized
2025-07-29 10:19:48,912 [ERROR] IntegrityCheckThread:130 - Cannot retrieve database content from updater: error 21
2025-07-29 10:19:48,913 [INFO] ThirdParty:978 - Integrity check success = false
2025-07-29 10:19:48,914 [INFO] IntegrityCheckThread:100 - exiting critical section [integrity check]
2025-07-29 10:19:48,915 [INFO] IntegrityCheckThread:103 - End integrity checks thread
2025-07-29 10:19:49,505 [FATAL] Updater:351 - Updater called before beeing initialized
2025-07-29 10:19:49,507 [INFO] CADModel:165 - CPN selected for project level
2025-07-29 10:19:49,508 [INFO] CADModel:114 - Register for checkConnection events
2025-07-29 10:19:49,508 [FATAL] Updater:351 - Updater called before beeing initialized
2025-07-29 10:19:49,508 [ERROR] CADModel:125 - Updater not yet initialized, retry later 
2025-07-29 10:19:49,542 [FATAL] Updater:351 - Updater called before beeing initialized
2025-07-29 10:19:49,987 [FATAL] Updater:351 - Updater called before beeing initialized
2025-07-29 10:19:50,008 [INFO] DbMcusAds:53 - JSON generation date=Tue Jul 08 13:44:23 IST 2025 (1751962463562)
2025-07-29 10:19:50,009 [FATAL] Updater:351 - Updater called before beeing initialized
2025-07-29 10:19:50,285 [WARN] DetailPanel:346 - Failed to get advertising image, set to default
2025-07-29 10:19:50,934 [FATAL] Updater:351 - Updater called before beeing initialized
2025-07-29 10:19:50,938 [FATAL] Updater:351 - Updater called before beeing initialized
2025-07-29 10:19:50,938 [FATAL] Updater:351 - Updater called before beeing initialized
2025-07-29 10:19:50,938 [WARN] DetailPanel:346 - Failed to get advertising image, set to default
2025-07-29 10:19:50,940 [FATAL] Updater:351 - Updater called before beeing initialized
2025-07-29 10:19:51,122 [ERROR] Updater:1198 - MainUpdater not yet initialized. External WinMGr cannot be set.
2025-07-29 10:19:51,130 [INFO] Updater:1134 - Updater Version found : 6.14.1
2025-07-29 10:19:51,551 [INFO] ApplicationProperties:184 - Using Application install path: /opt/st/stm32cubeide_1.18.1/plugins/com.st.stm32cube.common.mx_6.14.1.202504091515
2025-07-29 10:19:54,338 [INFO] MainUpdater:2872 - connection check result : 10
2025-07-29 10:19:54,339 [INFO] MainUpdater:289 - Updater Check For Update Now.
2025-07-29 10:19:54,339 [INFO] MicroXplorer:498 - Change Database Version : DB.6.0.141
2025-07-29 10:19:54,478 [INFO] McuFinderGlobals:63 - Set McuFinder mode to 2 (CubeIDE integrated)
2025-07-29 10:19:54,478 [INFO] UserAuth:171 - activating auth plugin
2025-07-29 10:19:54,483 [INFO] UserAuth:484 - Internet connection configuration mode: 1
2025-07-29 10:19:56,206 [INFO] CheckServerUpdateThread:120 - End of CheckServer Thread
2025-07-29 10:19:56,275 [INFO] JxBrowserEngine:152 - Initiate JxBrowser Engine with user profile folder
2025-07-29 10:20:51,054 [INFO] WebApp:169 - Instantiating new browser for Auth
2025-07-29 10:21:04,705 [INFO] WebApp:463 - Apply proxy settings
2025-07-29 10:21:04,706 [INFO] WebApp:548 - Chromium requires no authentication
2025-07-29 10:21:04,815 [INFO] WebApp:491 - Direct internet connection detected
2025-07-29 10:21:05,181 [INFO] WebApp:894 - Register for checkConnection events
2025-07-29 10:21:05,183 [INFO] WebApp:463 - Apply proxy settings
2025-07-29 10:21:05,184 [INFO] WebApp:548 - Chromium requires no authentication
2025-07-29 10:21:05,292 [INFO] WebApp:491 - Direct internet connection detected
2025-07-29 10:21:07,994 [INFO] WebApp:225 - Starting web application
2025-07-29 10:21:07,995 [INFO] WebApp:593 - Web application path used /opt/st/stm32cubeide_1.18.1/plugins/com.st.stm32cube.common.mx_6.14.1.202504091515/db/plugins/mcufinder/reactClient1/index.html
2025-07-29 10:21:09,804 [INFO] WebApp:191 - Connection restablished
2025-07-29 10:22:01,750 [INFO] McuFinderGlobals:63 - Set McuFinder mode to 2 (CubeIDE integrated)
2025-07-29 10:22:01,779 [INFO] MainUpdater:2872 - connection check result : 10
2025-07-29 10:22:01,781 [INFO] MainUpdater:2872 - connection check result : 10
2025-07-29 10:22:01,984 [INFO] MicroXplorer:468 - Change Database Path : 
2025-07-29 10:22:01,984 [INFO] MicroXplorer:498 - Change Database Version : DB.6.0.141
2025-07-29 10:22:02,017 [WARN] ThirdParty:871 - waiting for thirdparty lock release [close project]
2025-07-29 10:22:02,018 [INFO] ThirdParty:873 - entering critical section [close project]
2025-07-29 10:22:02,024 [INFO] ThirdParty:883 - exiting critical section [close project]
2025-07-29 10:22:02,032 [INFO] PinOutPanel:1589 - setPackage(No Configuration,No Configuration)
2025-07-29 10:22:02,055 [INFO] UtilMem:75 - Begin LoadConfig() Used Memory: 393793592 Bytes (489684992)
2025-07-29 10:22:02,061 [INFO] MicroXplorer:468 - Change Database Path : 
2025-07-29 10:22:02,061 [INFO] MicroXplorer:498 - Change Database Version : DB.6.0.141
2025-07-29 10:22:02,061 [INFO] OpenFileManager:354 - Change cursor
2025-07-29 10:22:02,128 [WARN] IntegrityCheckThread:84 - waiting for thirdparty lock release [integrity check]
2025-07-29 10:22:02,132 [INFO] IntegrityCheckThread:86 - entering critical section [integrity check]
2025-07-29 10:22:03,434 [WARN] PackLoader:240 - Cannot read IP mode file for STMicroelectronics.FP-SNS-MOTENVWB1.1.4.0
2025-07-29 10:22:03,564 [WARN] PackLoader:240 - Cannot read IP mode file for STMicroelectronics.X-CUBE-DISPLAY.3.0.0
2025-07-29 10:22:03,659 [WARN] PackLoader:240 - Cannot read IP mode file for STMicroelectronics.FP-SNS-SMARTAG2.1.2.0
2025-07-29 10:22:03,703 [WARN] PackLoader:240 - Cannot read IP mode file for STMicroelectronics.FP-SNS-MOTENV1.5.0.0
2025-07-29 10:22:03,742 [WARN] PackLoader:240 - Cannot read IP mode file for STMicroelectronics.X-CUBE-BLE2.3.3.0
2025-07-29 10:22:03,787 [WARN] PackLoader:240 - Cannot read IP mode file for STMicroelectronics.FP-ATR-SIGFOX1.3.2.0
2025-07-29 10:22:03,839 [WARN] PackLoader:240 - Cannot read IP mode file for STMicroelectronics.FP-SNS-STBOX1.2.0.0
2025-07-29 10:22:03,903 [WARN] PackLoader:240 - Cannot read IP mode file for STMicroelectronics.X-CUBE-ALS.1.0.2
2025-07-29 10:22:03,910 [INFO] ThirdParty:978 - Integrity check success = true
2025-07-29 10:22:03,910 [INFO] IntegrityCheckThread:100 - exiting critical section [integrity check]
2025-07-29 10:22:03,911 [INFO] IntegrityCheckThread:103 - End integrity checks thread
2025-07-29 10:22:04,183 [INFO] Mcu:2011 - Initializing MCU STM32F446R(C-E)Tx STM32F446RETx STM32F446RET6
2025-07-29 10:22:12,183 [INFO] Context:756 - Trying to add GPIOservice into a context  which must be forbidden
2025-07-29 10:22:13,855 [INFO] ImportTextPane:218 - (OptionalMessage_ERROR) Pin12 (VP_RIF_VS_RIF1) cannot be retrieved for this MCU
2025-07-29 10:22:14,211 [WARN] ModelIntegratedComponent:63 - No mode defined for component null
2025-07-29 10:22:14,211 [WARN] ModelIntegratedComponent:63 - No mode defined for component null
2025-07-29 10:22:14,211 [WARN] ModelIntegratedComponent:63 - No mode defined for component null
2025-07-29 10:22:14,212 [WARN] ModelIntegratedComponent:63 - No mode defined for component null
2025-07-29 10:22:14,212 [WARN] ModelIntegratedComponent:63 - No mode defined for component null
2025-07-29 10:22:14,212 [WARN] ModelIntegratedComponent:63 - No mode defined for component null
2025-07-29 10:22:14,212 [WARN] ModelIntegratedComponent:63 - No mode defined for component null
2025-07-29 10:22:14,216 [WARN] ModelIntegratedComponent:63 - No mode defined for component null
2025-07-29 10:22:14,216 [WARN] ModelIntegratedComponent:63 - No mode defined for component null
2025-07-29 10:22:14,216 [WARN] ModelIntegratedComponent:63 - No mode defined for component null
2025-07-29 10:22:14,216 [WARN] ModelIntegratedComponent:63 - No mode defined for component null
2025-07-29 10:22:14,217 [WARN] ModelIntegratedComponent:63 - No mode defined for component null
2025-07-29 10:22:14,217 [WARN] ModelIntegratedComponent:63 - No mode defined for component null
2025-07-29 10:22:14,217 [WARN] ModelIntegratedComponent:63 - No mode defined for component null
2025-07-29 10:22:14,217 [WARN] ModelIntegratedComponent:63 - No mode defined for component null
2025-07-29 10:22:14,217 [WARN] ModelIntegratedComponent:63 - No mode defined for component null
2025-07-29 10:22:14,217 [WARN] ModelIntegratedComponent:63 - No mode defined for component null
2025-07-29 10:22:14,218 [WARN] ModelIntegratedComponent:63 - No mode defined for component null
2025-07-29 10:22:14,218 [WARN] ModelIntegratedComponent:63 - No mode defined for component null
2025-07-29 10:22:14,218 [WARN] ModelIntegratedComponent:63 - No mode defined for component null
2025-07-29 10:22:14,218 [WARN] ModelIntegratedComponent:63 - No mode defined for component null
2025-07-29 10:22:14,218 [WARN] ModelIntegratedComponent:63 - No mode defined for component null
2025-07-29 10:22:14,218 [WARN] ModelIntegratedComponent:63 - No mode defined for component null
2025-07-29 10:22:14,218 [WARN] ModelIntegratedComponent:63 - No mode defined for component null
2025-07-29 10:22:14,222 [WARN] ModelIntegratedComponent:63 - No mode defined for component null
2025-07-29 10:22:14,222 [WARN] ModelIntegratedComponent:63 - No mode defined for component null
2025-07-29 10:22:14,222 [WARN] ModelIntegratedComponent:63 - No mode defined for component null
2025-07-29 10:22:14,222 [WARN] ModelIntegratedComponent:63 - No mode defined for component null
2025-07-29 10:22:14,223 [WARN] ModelIntegratedComponent:63 - No mode defined for component null
2025-07-29 10:22:14,223 [WARN] ModelIntegratedComponent:63 - No mode defined for component null
2025-07-29 10:22:14,223 [WARN] ModelIntegratedComponent:63 - No mode defined for component null
2025-07-29 10:22:14,223 [WARN] ModelIntegratedComponent:63 - No mode defined for component null
2025-07-29 10:22:14,223 [WARN] ModelIntegratedComponent:63 - No mode defined for component null
2025-07-29 10:22:14,223 [WARN] ModelIntegratedComponent:63 - No mode defined for component null
2025-07-29 10:22:14,223 [WARN] ModelIntegratedComponent:63 - No mode defined for component null
2025-07-29 10:22:14,224 [WARN] ModelPack:524 - Component already loaded: STMicroelectronics:HAL Drivers:0.0.0:STMicroelectronics:Device:STMicro_Driver:XSPI:HAL::0.0.1:HAL_XSPI
2025-07-29 10:22:14,247 [INFO] RtosManager:558 - Registered RTOS mode: class=CMSIS, group=RTOS, mode=CMSIS_V1, owner=FREERTOS
2025-07-29 10:22:14,247 [INFO] RtosManager:558 - Registered RTOS mode: class=CMSIS, group=RTOS2, mode=CMSIS_V2, owner=FREERTOS
2025-07-29 10:22:14,247 [INFO] RtosManager:558 - Registered RTOS mode: class=RTOS, group=Core, mode=CMSIS_V1, owner=FREERTOS
2025-07-29 10:22:14,248 [INFO] RtosManager:558 - Registered RTOS mode: class=RTOS, group=Core, mode=CMSIS_V2, owner=FREERTOS
2025-07-29 10:22:14,249 [WARN] ModelIntegratedComponent:184 - Missing modes for component STMicroelectronics:FreeRTOS:0.0.1:STMicroelectronics:RTOS:FreeRTOS:Core:::10.2.0:
2025-07-29 10:22:14,286 [INFO] ThirdPartyModel:298 - Start build external matchings
2025-07-29 10:22:14,346 [INFO] ThirdPartyModel:316 - End build external matchings
2025-07-29 10:22:14,362 [INFO] ImportTextPane:218 - (OptionalMessage_ERROR) IP (RCC) : Invalid parameter (48MHZClocksFreq_Value)
2025-07-29 10:22:14,362 [INFO] ImportTextPane:218 - (OptionalMessage_ERROR) IP (RCC) : Invalid parameter (EthernetFreq_Value)
2025-07-29 10:22:14,384 [INFO] ImportTextPane:218 - (OptionalMessage_ERROR) IP (RCC) : Parameter (FLatency) has Id (AdvancedSettings) currently not set
2025-07-29 10:22:14,384 [INFO] ImportTextPane:218 - (OptionalMessage_ERROR) IP (RCC) : Invalid parameter (FamilyName)
2025-07-29 10:22:14,384 [INFO] ImportTextPane:218 - (OptionalMessage_ERROR) IP (RCC) : Invalid parameter (I2SClocksFreq_Value)
2025-07-29 10:22:14,392 [INFO] ImportTextPane:218 - (OptionalMessage_ERROR) IP (RCC) : Parameter (SDIOFreq_Value) has invalid value (168000000)
2025-07-29 10:22:14,392 [INFO] ImportTextPane:218 - (OptionalMessage_ERROR) IP (RCC) : Parameter (USBFreq_Value) has invalid value (168000000)
2025-07-29 10:22:14,396 [INFO] ImportTextPane:218 - (OptionalMessage_ERROR) IP (RCC) : Invalid parameter (VCOInputMFreq_Value)
2025-07-29 10:22:14,400 [INFO] ImportTextPane:218 - (OptionalMessage_ERROR) IP (RCC) : Invalid parameter (VcooutputI2S)
2025-07-29 10:22:16,138 [INFO] ApiDb:581 - Connected to CubeFinder SQLite database (/home/nova/.stmcufinder/plugins/mcufinder/mcu/cube-finder-db.db)
2025-07-29 10:22:16,446 [INFO] ApiDb:668 - CubeFinder database Data Model version=2.1
2025-07-29 10:22:16,446 [INFO] ApiDb:669 - CubeFinder database Configuration version=3.0.39
2025-07-29 10:22:16,447 [INFO] ApiDb:670 - CubeFinder database generation date=2025-07-21 (1753107327)
2025-07-29 10:22:16,447 [INFO] ApiDb:671 - CubeFinder database FW Pack versions=[FP-ATR-ASTRA1_V2.0.0, FP-SNS-FLIGHT1_V5.1.0, FP-SNS-MOTENV1_V5.0.0, FP-SNS-MOTENVWB1_V1.4.0, FP-SNS-SMARTAG2_V1.2.0, FP-SNS-STBOX1_V2.0.0, STM32Cube_FW_C0_V1.4.0, STM32Cube_FW_F4_V1.28.2, STM32Cube_FW_F7_V1.17.3, STM32Cube_FW_G0_V1.6.2, STM32Cube_FW_G4_V1.6.1, STM32Cube_FW_H5_V1.5.0, STM32Cube_FW_H7RS_V1.2.0, STM32Cube_FW_H7_V1.12.1, STM32Cube_FW_L0_V1.12.2, STM32Cube_FW_L4_V1.18.1, STM32Cube_FW_L5_V1.5.1, STM32Cube_FW_N6_V1.2.0, STM32Cube_FW_U0_V1.3.0, STM32Cube_FW_U3_V1.2.0, STM32Cube_FW_U5_V1.8.0, STM32Cube_FW_WB0_V1.3.0, STM32Cube_FW_WBA_V1.7.0, STM32Cube_FW_WB_V1.23.0, STM32Cube_FW_WL3_V1.2.0, STM32Cube_FW_WL_V1.3.1, X-CUBE-ALGOBUILD_V1.4.0, X-CUBE-ALS_V1.0.2, X-CUBE-AZRTOS-F4_V1.1.0, X-CUBE-AZRTOS-F7_V1.1.0, X-CUBE-AZRTOS-G0_V1.1.0, X-CUBE-AZRTOS-G4_V2.0.0, X-CUBE-AZRTOS-H7RS_V1.1.0, X-CUBE-AZRTOS-H7_V3.3.0, X-CUBE-AZRTOS-L4_V2.0.0, X-CUBE-AZRTOS-L5_V2.0.0, X-CUBE-AZRTOS-WB_V2.0.0, X-CUBE-AZRTOS-WL_V2.0.0, X-CUBE-BLE1_V7.1.0, X-CUBE-BLE2_V3.3.0, X-CUBE-BLEMGR_V4.0.0, X-CUBE-EEPRMA1_V5.1.0, X-CUBE-FREERTOS_V1.3.1, X-CUBE-GNSS1_V6.0.0, X-CUBE-MEMS1_V11.3.0, X-CUBE-NFC4_V3.0.0, X-CUBE-NFC7_V2.0.0, X-CUBE-SFXS2LP1_V4.0.0, X-CUBE-SUBG2_V5.0.0, X-CUBE-TOF1_V3.4.3]
2025-07-29 10:22:17,413 [INFO] DbBoardsSqlite:226 - include board P-NUCLEO-WB55-NUCLEO as a kit item of type 'Nucleo-64'
2025-07-29 10:22:17,414 [INFO] DbBoardsSqlite:226 - include board P-NUCLEO-WB55-USBDONGLE as a kit item of type 'Nucleo USB Dongle'
2025-07-29 10:22:17,431 [INFO] DbBoardsSqlite:226 - include board STEVAL-IDP005V1 as a kit item of type 'Evaluation Board'
2025-07-29 10:22:17,433 [INFO] DbBoardsSqlite:226 - include board STEVAL-IDP005V2 as a kit item of type 'Evaluation Board'
2025-07-29 10:22:18,611 [INFO] ApiDb:240 - Found 895 in-development CPN: [B-G473E-ZEST1S, B-WB1M-WPAN1, B-WBA5M-WPAN, B-WL5M-SUBG1, NUCLEO-C031C6, NUCLEO-C051C8, NUCLEO-C071RB, NUCLEO-C092RC, NUCLEO-H503RB, NUCLEO-H533RE, NUCLEO-H563ZI, NUCLEO-H7S3L8, NUCLEO-N657X0-Q, NUCLEO-U031R8, NUCLEO-U083RC, NUCLEO-U385RG-Q, NUCLEO-U545RE-Q, NUCLEO-U5A5ZJ-Q, NUCLEO-WB05KZ, NUCLEO-WB07CC, NUCLEO-WB09KE, NUCLEO-WBA52CG, NUCLEO-WBA55CG, NUCLEO-WBA65RI, NUCLEO-WL33CC1, NUCLEO-WL33CC2, STEVAL-PROTEUS1, STEVAL-SMARTAG2, STEVAL-STWINBX1, STM320518-EVAL, STM32C0116-DK, STM32C011D6Y3TR, STM32C011D6Y6TR, STM32C011F4P3, STM32C011F4P6, STM32C011F4U3, STM32C011F4U6TR, STM32C011F6P3, STM32C011F6P6, STM32C011F6U3, STM32C011F6U6TR, STM32C011J4M3, STM32C011J4M6, STM32C011J6M3, STM32C011J6M6, STM32C0316-DK, STM32C031C4T3, STM32C031C4T6, STM32C031C4U3, STM32C031C4U6, STM32C031C6T3, STM32C031C6T6, STM32C031C6U3, STM32C031C6U6, STM32C031F4P3, STM32C031F4P6, STM32C031F6P3, STM32C031F6P6, STM32C031G4U3, STM32C031G4U6, STM32C031G6U3, STM32C031G6U6, STM32C031K4T3, STM32C031K4T6, STM32C031K4U3, STM32C031K4U6, STM32C031K6T3, STM32C031K6T6, STM32C031K6U3, STM32C031K6U6, STM32C051C6T6, STM32C051C6U6, STM32C051C8T6, STM32C051C8U6, STM32C051D8Y6TR, STM32C051F6P6, STM32C051F8P6, STM32C051G6U6, STM32C051G8U6, STM32C051K6T6, STM32C051K6U6, STM32C051K8T6, STM32C071C8T6, STM32C071C8T6N, STM32C071C8U6, STM32C071C8U6N, STM32C071CBT6, STM32C071CBT6N, STM32C071CBU6, STM32C071CBU6N, STM32C071F8P6, STM32C071F8P6N, STM32C071FBP6, STM32C071FBP6N, STM32C071FBY6TR, STM32C071G8U6, STM32C071G8U6N, STM32C071GBU6, STM32C071GBU6N, STM32C071K8T6, STM32C071K8T6N, STM32C071K8U6, STM32C071K8U6N, STM32C071KBT6, STM32C071KBT6N, STM32C071KBU6, STM32C071KBU6N, STM32C071R8T6, STM32C071R8T6N, STM32C071RBI6N, STM32C071RBT6, STM32C071RBT6N, STM32C091CBT6, STM32C091CBU6, STM32C091CCT6, STM32C091CCU6, STM32C091ECY6TR, STM32C091FBP6, STM32C091FCP6, STM32C091GBU6, STM32C091GCU6, STM32C091KBT6, STM32C091KBU6, STM32C091KCT6, STM32C091KCU6, STM32C091RBT6, STM32C091RCI6, STM32C091RCT6, STM32C092CBT6, STM32C092CBU6, STM32C092CCT6, STM32C092CCU6, STM32C092ECY6TR, STM32C092FBP6, STM32C092FCP6, STM32C092GBU6, STM32C092GCU6, STM32C092KBT6, STM32C092KBU6, STM32C092KCT6, STM32C092KCU6, STM32C092RBT6, STM32C092RCI6, STM32C092RCT6, STM32G071K8TXN, STM32G071K8UXN, STM32G081GBU6N, STM32G081KBT6N, STM32G081KBUXN, STM32G0B1CCT6N, STM32G0B1KCT6, STM32G0B1NEY6TR, STM32G0B1RCT6N, STM32G0C1CCT6, STM32G0C1CCT6N, STM32G0C1CCU6N, STM32G0C1CET6N, STM32G0C1CEU6N, STM32G0C1KCT6, STM32G0C1NEY6TR, STM32G0C1RCI6N, STM32G0C1RCT6N, STM32G0C1REI6N, STM32G0C1RET6N, STM32G0C1VCI6, STM32G0C1VEI6, STM32G411C6T3, STM32G411C6T6, STM32G411C6U3, STM32G411C6U6, STM32G411C8T3, STM32G411C8T6, STM32G411C8U3, STM32G411C8U6, STM32G411CBT3, STM32G411CBT6, STM32G411CBU3, STM32G411CBU6, STM32G411CCT3, STM32G411CCT6, STM32G411CCU3, STM32G411CCU6, STM32G411K6T3, STM32G411K6T6, STM32G411K6U3, STM32G411K6U6, STM32G411K8T3, STM32G411K8T6, STM32G411K8U3, STM32G411K8U6, STM32G411KBT3, STM32G411KBT6, STM32G411KBU3, STM32G411KBU6, STM32G411M6T3, STM32G411M6T6, STM32G411M8T3, STM32G411M8T6, STM32G411MBT3, STM32G411MBT6, STM32G411MCT3, STM32G411MCT6, STM32G411R6T3, STM32G411R6T6, STM32G411R8T3, STM32G411R8T6, STM32G411RBT3, STM32G411RBT6, STM32G411RCT3, STM32G411RCT6, STM32G414CBT3, STM32G414CBT6, STM32G414CBU3, STM32G414CBU6, STM32G414CCT3, STM32G414CCT6, STM32G414CCU3, STM32G414CCU6, STM32G414MBT3, STM32G414MBT6, STM32G414MCT3, STM32G414MCT6, STM32G414RBT3, STM32G414RBT6, STM32G414RCT3, STM32G414RCT6, STM32G414VBT3, STM32G414VBT6, STM32G414VCT3, STM32G414VCT6, STM32G431CBT3Z, STM32G431RBT3Z, STM32G471CCT6, STM32G471CCU6, STM32G471CET3, STM32G471CET6, STM32G471CEU3, STM32G471CEU6, STM32G471MCT6, STM32G471MET3, STM32G471MET6, STM32G471MEY6TR, STM32G471QCT6, STM32G471QET3, STM32G471RCT6, STM32G471RET3, STM32G471RET6, STM32G471VCH6, STM32G471VCI6, STM32G471VCT6, STM32G471VEH3, STM32G471VEH6, STM32G471VEI3, STM32G471VEI6, STM32G471VET3, STM32G471VET6, STM32G473QET3Z, STM32G473RET3Z, STM32G474CCT6, STM32G491RET3Z, STM32H503CBT6, STM32H503CBU6, STM32H503EBY6TR, STM32H503KBU6, STM32H503RBT6, STM32H523CCT6, STM32H523CCU6, STM32H523CET6, STM32H523CEU6, STM32H523HEY6TR, STM32H523RCT6, STM32H523RET6, STM32H523VCI6, STM32H523VCT6, STM32H523VEI6, STM32H523VET6, STM32H523ZCJ6, STM32H523ZCT6, STM32H523ZEJ6, STM32H523ZET6, STM32H533CET6, STM32H533CEU6, STM32H533HEY6TR, STM32H533RET6, STM32H533VEI6, STM32H533VET6, STM32H533ZEJ6, STM32H533ZET6, STM32H562AGI6, STM32H562AII6, STM32H562IGK6, STM32H562IGT6, STM32H562IIK6, STM32H562IIT6, STM32H562RGT6, STM32H562RGV6, STM32H562RIT6, STM32H562RIV6, STM32H562VGT6, STM32H562VIT6, STM32H562ZGT6, STM32H562ZIT6, STM32H563AGI6, STM32H563AII3Q, STM32H563AII6, STM32H563IGK6, STM32H563IGT6, STM32H563IIK3Q, STM32H563IIK6, STM32H563IIT3Q, STM32H563IIT6, STM32H563MIY3QTR, STM32H563RGT6, STM32H563RGV6, STM32H563RIT6, STM32H563RIV6, STM32H563VGT6, STM32H563VIT3Q, STM32H563VIT6, STM32H563ZGT6, STM32H563ZIT3Q, STM32H563ZIT6, STM32H573AII3Q, STM32H573AII6, STM32H573I-DK, STM32H573IIK3Q, STM32H573IIK6, STM32H573IIT3Q, STM32H573IIT6, STM32H573MIY3QTR, STM32H573RIT6, STM32H573RIV6, STM32H573VIT3Q, STM32H573VIT6, STM32H573ZIT3Q, STM32H573ZIT6, STM32H7R3A8I6, STM32H7R3I8K6, STM32H7R3I8T6, STM32H7R3L8H6, STM32H7R3L8H6H, STM32H7R3R8V6, STM32H7R3V8H6, STM32H7R3V8T6, STM32H7R3V8Y6TR, STM32H7R3Z8J6, STM32H7R3Z8T6, STM32H7R7A8I6, STM32H7R7I8K6, STM32H7R7I8T6, STM32H7R7L8H6, STM32H7R7L8H6H, STM32H7R7Z8J6, STM32H7S3A8I6, STM32H7S3I8K6, STM32H7S3I8T6, STM32H7S3L8H6, STM32H7S3L8H6H, STM32H7S3R8V6, STM32H7S3V8H6, STM32H7S3V8T6, STM32H7S3V8Y6TR, STM32H7S3Z8J6, STM32H7S3Z8T6, STM32H7S78-DK, STM32H7S7A8I6, STM32H7S7I8K6, STM32H7S7I8T6, STM32H7S7L8H6, STM32H7S7L8H6H, STM32H7S7Z8J6, STM32L4R5QGI6STR, STM32MP131AAE3, STM32MP131AAF3, STM32MP131AAG3, STM32MP131CAE3, STM32MP131CAF3, STM32MP131CAG3, STM32MP131DAE7, STM32MP131DAF7, STM32MP131DAG7, STM32MP131FAE7, STM32MP131FAF7, STM32MP131FAG7, STM32MP133AAE3, STM32MP133AAF3, STM32MP133AAG3, STM32MP133CAE3, STM32MP133CAF3, STM32MP133CAG3, STM32MP133DAE7, STM32MP133DAF7, STM32MP133DAG7, STM32MP133FAE7, STM32MP133FAF7, STM32MP133FAG7, STM32MP135AAE3, STM32MP135AAF3, STM32MP135AAG3, STM32MP135CAE3, STM32MP135CAF3, STM32MP135CAG3, STM32MP135DAE7, STM32MP135DAF7, STM32MP135DAG7, STM32MP135F-DK, STM32MP135FAE7, STM32MP135FAF7, STM32MP135FAF7T, STM32MP135FAF7U, STM32MP135FAG7, STM32MP231AAJ3, STM32MP231AAK3, STM32MP231AAL3, STM32MP231CAJ3, STM32MP231CAK3, STM32MP231CAL3, STM32MP231DAJ3, STM32MP231DAK3, STM32MP231DAL3, STM32MP231FAJ3, STM32MP231FAK3, STM32MP231FAL3, STM32MP233AAJ3, STM32MP233AAK3, STM32MP233AAL3, STM32MP233CAJ3, STM32MP233CAK3, STM32MP233CAL3, STM32MP233DAJ3, STM32MP233DAK3, STM32MP233DAL3, STM32MP233FAJ3, STM32MP233FAK3, STM32MP233FAL3, STM32MP235AAJ3, STM32MP235AAK3, STM32MP235AAL3, STM32MP235CAJ3, STM32MP235CAK3, STM32MP235CAL3, STM32MP235DAJ3, STM32MP235DAK3, STM32MP235DAL3, STM32MP235FAJ3, STM32MP235FAK3, STM32MP235FAL3, STM32MP251AAI3, STM32MP251AAJ3, STM32MP251AAK3, STM32MP251AAL3, STM32MP251CAI3, STM32MP251CAJ3, STM32MP251CAK3, STM32MP251CAL3, STM32MP251DAI3, STM32MP251DAJ3, STM32MP251DAK3, STM32MP251DAL3, STM32MP251FAI3, STM32MP251FAJ3, STM32MP251FAK3, STM32MP251FAL3, STM32MP253AAI3, STM32MP253AAJ3, STM32MP253AAK3, STM32MP253AAL3, STM32MP253CAI3, STM32MP253CAJ3, STM32MP253CAK3, STM32MP253CAL3, STM32MP253DAI3, STM32MP253DAJ3, STM32MP253DAK3, STM32MP253DAL3, STM32MP253FAI3, STM32MP253FAJ3, STM32MP253FAK3, STM32MP253FAL3, STM32MP255AAI3, STM32MP255AAJ3, STM32MP255AAK3, STM32MP255AAL3, STM32MP255CAI3, STM32MP255CAJ3, STM32MP255CAK3, STM32MP255CAL3, STM32MP255DAI3, STM32MP255DAJ3, STM32MP255DAK3, STM32MP255DAL3, STM32MP255FAI3, STM32MP255FAJ3, STM32MP255FAK3, STM32MP255FAL3, STM32MP257AAI3, STM32MP257AAJ3, STM32MP257AAK3, STM32MP257AAL3, STM32MP257CAI3, STM32MP257CAJ3, STM32MP257CAK3, STM32MP257CAL3, STM32MP257DAI3, STM32MP257DAJ3, STM32MP257DAK3, STM32MP257DAL3, STM32MP257F-DK, STM32MP257F-EV1, STM32MP257FAI3, STM32MP257FAJ3, STM32MP257FAK3, STM32MP257FAL3, STM32N645A0H3Q, STM32N645B0H3Q, STM32N645I0H3Q, STM32N645L0H3Q, STM32N645X0H3Q, STM32N645Z0H3Q, STM32N647A0H3Q, STM32N647B0H3Q, STM32N647I0H3Q, STM32N647L0H3Q, STM32N647X0H3Q, STM32N647Z0H3Q, STM32N655A0H3Q, STM32N655B0H3Q, STM32N655I0H3Q, STM32N655L0H3Q, STM32N655X0H3Q, STM32N655Z0H3Q, STM32N6570-DK, STM32N657A0H3Q, STM32N657B0H3Q, STM32N657I0H3Q, STM32N657L0H3Q, STM32N657X0H3Q, STM32N657Z0H3Q, STM32U031C6T6, STM32U031C6U6, STM32U031C8T6, STM32U031C8U6, STM32U031F4P6, STM32U031F6P6, STM32U031F8P6, STM32U031G6Y6TR, STM32U031G8Y6TR, STM32U031K4U6, STM32U031K6U6, STM32U031K8U6, STM32U031R6I6, STM32U031R6T6, STM32U031R8I6, STM32U031R8T6, STM32U073C8T6, STM32U073C8U6, STM32U073CBT6, STM32U073CBU6, STM32U073CCT6, STM32U073CCU6, STM32U073H8Y6TR, STM32U073HBY6TR, STM32U073HCY6TR, STM32U073K8U6, STM32U073KBU6, STM32U073KCU6, STM32U073M8I6, STM32U073M8T6, STM32U073MBI6, STM32U073MBT6, STM32U073MCI6, STM32U073MCT6, STM32U073R8I6, STM32U073R8T6, STM32U073RBI6, STM32U073RBT6, STM32U073RCI6, STM32U073RCT6, STM32U083C-DK, STM32U083CCT6, STM32U083CCU6, STM32U083HCY6TR, STM32U083KCU6, STM32U083MCI6, STM32U083MCT6, STM32U083RCI6, STM32U083RCT6, STM32U375CET6, STM32U375CET6Q, STM32U375CEU6, STM32U375CEU6Q, STM32U375CEY6QTR, STM32U375CGT6, STM32U375CGT6Q, STM32U375CGU6, STM32U375CGU6Q, STM32U375CGY6QTR, STM32U375KEU6, STM32U375KGU6, STM32U375REI6, STM32U375REI6Q, STM32U375RET6, STM32U375RET6Q, STM32U375REY6GTR, STM32U375REY6QTR, STM32U375RGI6, STM32U375RGI6Q, STM32U375RGT6, STM32U375RGT6Q, STM32U375RGY6GTR, STM32U375RGY6QTR, STM32U375VEI6, STM32U375VEI6Q, STM32U375VET6, STM32U375VET6Q, STM32U375VGI6, STM32U375VGI6Q, STM32U375VGT6, STM32U375VGT6Q, STM32U385CGT6, STM32U385CGT6Q, STM32U385CGU6, STM32U385CGU6Q, STM32U385CGY6QTR, STM32U385KGU6, STM32U385RGI6, STM32U385RGI6Q, STM32U385RGT6, STM32U385RGT6Q, STM32U385RGY6GTR, STM32U385RGY6QTR, STM32U385VGI6, STM32U385VGI6Q, STM32U385VGT6, STM32U385VGT6Q, STM32U535CBT6, STM32U535CBT6Q, STM32U535CBU6, STM32U535CBU6Q, STM32U535CCT6, STM32U535CCT6Q, STM32U535CCU6, STM32U535CCU6Q, STM32U535CET6, STM32U535CET6Q, STM32U535CEU6, STM32U535CEU6Q, STM32U535JEY6QTR, STM32U535NCY6QTR, STM32U535NEY6QTR, STM32U535RBI6, STM32U535RBI6Q, STM32U535RBT6, STM32U535RBT6Q, STM32U535RCI6, STM32U535RCI6Q, STM32U535RCT6, STM32U535RCT6Q, STM32U535REI6, STM32U535REI6Q, STM32U535RET6, STM32U535RET6Q, STM32U535VCI6, STM32U535VCI6Q, STM32U535VCT6, STM32U535VCT6Q, STM32U535VEI6, STM32U535VEI6Q, STM32U535VET6, STM32U535VET6Q, STM32U545CET6, STM32U545CET6Q, STM32U545CEU6, STM32U545CEU6Q, STM32U545JEY6QTR, STM32U545NEY6QTR, STM32U545REI6, STM32U545REI6Q, STM32U545RET6, STM32U545RET6Q, STM32U545VEI6, STM32U545VEI6Q, STM32U545VET6, STM32U545VET6Q, STM32U595AIH6, STM32U595AIH6Q, STM32U595AJH6, STM32U595AJH6Q, STM32U595QII6, STM32U595QII6Q, STM32U595QJI6, STM32U595QJI6Q, STM32U595RIT6, STM32U595RIT6Q, STM32U595RJT6, STM32U595RJT6Q, STM32U595VIT6, STM32U595VIT6Q, STM32U595VJT6, STM32U595VJT6Q, STM32U595ZIT6, STM32U595ZIT6Q, STM32U595ZIY6QTR, STM32U595ZJT6, STM32U595ZJT6Q, STM32U595ZJY6QTR, STM32U599BJY6QTR, STM32U599NIH6Q, STM32U599NJH6Q, STM32U599VIT6Q, STM32U599VJT6, STM32U599VJT6Q, STM32U599ZIT6Q, STM32U599ZIY6QTR, STM32U599ZJT6Q, STM32U599ZJY6QTR, STM32U5A5AJH6, STM32U5A5AJH6Q, STM32U5A5QII3Q , STM32U5A5QJI6, STM32U5A5QJI6Q, STM32U5A5RJT6, STM32U5A5RJT6Q, STM32U5A5VJT6, STM32U5A5VJT6Q, STM32U5A5ZJT6, STM32U5A5ZJT6Q, STM32U5A5ZJY6QTR, STM32U5A9BJY6QTR, STM32U5A9J-DK, STM32U5A9NJH6Q, STM32U5A9VJT6Q, STM32U5A9ZJT6Q, STM32U5A9ZJY6QTR, STM32U5F7VIT6, STM32U5F7VIT6Q, STM32U5F7VJT6, STM32U5F7VJT6Q, STM32U5F9BJY6QTR, STM32U5F9NJH6Q, STM32U5F9VIT6Q, STM32U5F9VJT6Q, STM32U5F9ZIJ6QTR, STM32U5F9ZIT6Q, STM32U5F9ZJJ6QTR, STM32U5F9ZJT6Q, STM32U5G7VJT6, STM32U5G7VJT6Q, STM32U5G9BJY6QTR, STM32U5G9J-DK1, STM32U5G9J-DK2, STM32U5G9NJH6Q, STM32U5G9VJT6Q, STM32U5G9ZJJ6QTR, STM32U5G9ZJT6Q, STM32WB05KZV6TR, STM32WB05KZV7TR, STM32WB05TZF6TR, STM32WB05TZF7TR, STM32WB06CCF6TR, STM32WB06CCF7TR, STM32WB06CCV6TR, STM32WB06CCV7TR, STM32WB06KCV6TR, STM32WB06KCV7TR, STM32WB07CCF6TR, STM32WB07CCF7TR, STM32WB07CCV6TR, STM32WB07CCV7TR, STM32WB07KCV6TR, STM32WB07KCV7TR, STM32WB09KEV6TR, STM32WB09KEV7TR, STM32WB09TEF6TR, STM32WB09TEF7TR, STM32WB1MMCH6, STM32WBA50KGU6, STM32WBA50KGU6TR, STM32WBA52CEU6, STM32WBA52CEU6TR, STM32WBA52CEU7, STM32WBA52CEU7TR, STM32WBA52CGU6, STM32WBA52CGU6TR, STM32WBA52CGU6U, STM32WBA52CGU7, STM32WBA52CGU7TR, STM32WBA52KEU6, STM32WBA52KEU6TR, STM32WBA52KGU6, STM32WBA52KGU6TR, STM32WBA54CEU6, STM32WBA54CEU6TR, STM32WBA54CEU7, STM32WBA54CEU7TR, STM32WBA54CGU6, STM32WBA54CGU6TR, STM32WBA54CGU7, STM32WBA54CGU7TR, STM32WBA54KEU6, STM32WBA54KEU6TR, STM32WBA54KEU7, STM32WBA54KEU7TR, STM32WBA54KGU6, STM32WBA54KGU6TR, STM32WBA54KGU7, STM32WBA54KGU7TR, STM32WBA55CEU6, STM32WBA55CEU6TR, STM32WBA55CEU7, STM32WBA55CEU7TR, STM32WBA55CGU6, STM32WBA55CGU6TR, STM32WBA55CGU6U, STM32WBA55CGU7, STM32WBA55CGU7TR, STM32WBA55G-DK1, STM32WBA55HEF6, STM32WBA55HEF7, STM32WBA55HGF6, STM32WBA55HGF7, STM32WBA55UEI6, STM32WBA55UEI6TR, STM32WBA55UEI7, STM32WBA55UEI7TR, STM32WBA55UGI6, STM32WBA55UGI6TR, STM32WBA55UGI7, STM32WBA55UGI7TR, STM32WBA5MJGH6TR, STM32WBA62CGU6, STM32WBA62CIU6, STM32WBA62MGF6, STM32WBA62MIF6, STM32WBA62PGI6, STM32WBA62PII6, STM32WBA63CGU6, STM32WBA63CGU7, STM32WBA63CIU6, STM32WBA63CIU7, STM32WBA64CGU6, STM32WBA64CGU7, STM32WBA64CIU6, STM32WBA64CIU7, STM32WBA65CGU6, STM32WBA65CGU7, STM32WBA65CIU6, STM32WBA65CIU7, STM32WBA65I-DK1, STM32WBA65MGF6, STM32WBA65MGF7, STM32WBA65MIF6, STM32WBA65MIF7, STM32WBA65PGI6, STM32WBA65PGI7, STM32WBA65PII6, STM32WBA65PII7, STM32WBA65RGV6, STM32WBA65RGV7, STM32WBA65RIV6, STM32WBA65RIV7, STM32WL30K8V6, STM32WL30KBV6, STM32WL31C8V6, STM32WL31CBV6, STM32WL31K8V6, STM32WL31KBV6, STM32WL33C8V6, STM32WL33C8V6TR, STM32WL33C8V7, STM32WL33C8V7TR, STM32WL33CBV6, STM32WL33CBV6TR, STM32WL33CBV7, STM32WL33CBV7TR, STM32WL33CCV6, STM32WL33CCV6TR, STM32WL33CCV7, STM32WL33CCV7A, STM32WL33CCV7ATR, STM32WL33CCV7TR, STM32WL33K8V6, STM32WL33K8V6TR, STM32WL33K8V7, STM32WL33K8V7TR, STM32WL33KBV6, STM32WL33KBV6TR, STM32WL33KBV7, STM32WL33KBV7TR, STM32WL33KCV6, STM32WL33KCV6TR, STM32WL33KCV7, STM32WL33KCV7TR, STM32WL5MOCH6, STM32WL5MOCH6TR]
2025-07-29 10:22:18,620 [INFO] ApiDb:668 - CubeFinder database Data Model version=2.1
2025-07-29 10:22:18,621 [INFO] ApiDb:669 - CubeFinder database Configuration version=3.0.39
2025-07-29 10:22:18,621 [INFO] ApiDb:670 - CubeFinder database generation date=2025-07-21 (1753107327)
2025-07-29 10:22:18,622 [INFO] ApiDb:671 - CubeFinder database FW Pack versions=[FP-ATR-ASTRA1_V2.0.0, FP-SNS-FLIGHT1_V5.1.0, FP-SNS-MOTENV1_V5.0.0, FP-SNS-MOTENVWB1_V1.4.0, FP-SNS-SMARTAG2_V1.2.0, FP-SNS-STBOX1_V2.0.0, STM32Cube_FW_C0_V1.4.0, STM32Cube_FW_F4_V1.28.2, STM32Cube_FW_F7_V1.17.3, STM32Cube_FW_G0_V1.6.2, STM32Cube_FW_G4_V1.6.1, STM32Cube_FW_H5_V1.5.0, STM32Cube_FW_H7RS_V1.2.0, STM32Cube_FW_H7_V1.12.1, STM32Cube_FW_L0_V1.12.2, STM32Cube_FW_L4_V1.18.1, STM32Cube_FW_L5_V1.5.1, STM32Cube_FW_N6_V1.2.0, STM32Cube_FW_U0_V1.3.0, STM32Cube_FW_U3_V1.2.0, STM32Cube_FW_U5_V1.8.0, STM32Cube_FW_WB0_V1.3.0, STM32Cube_FW_WBA_V1.7.0, STM32Cube_FW_WB_V1.23.0, STM32Cube_FW_WL3_V1.2.0, STM32Cube_FW_WL_V1.3.1, X-CUBE-ALGOBUILD_V1.4.0, X-CUBE-ALS_V1.0.2, X-CUBE-AZRTOS-F4_V1.1.0, X-CUBE-AZRTOS-F7_V1.1.0, X-CUBE-AZRTOS-G0_V1.1.0, X-CUBE-AZRTOS-G4_V2.0.0, X-CUBE-AZRTOS-H7RS_V1.1.0, X-CUBE-AZRTOS-H7_V3.3.0, X-CUBE-AZRTOS-L4_V2.0.0, X-CUBE-AZRTOS-L5_V2.0.0, X-CUBE-AZRTOS-WB_V2.0.0, X-CUBE-AZRTOS-WL_V2.0.0, X-CUBE-BLE1_V7.1.0, X-CUBE-BLE2_V3.3.0, X-CUBE-BLEMGR_V4.0.0, X-CUBE-EEPRMA1_V5.1.0, X-CUBE-FREERTOS_V1.3.1, X-CUBE-GNSS1_V6.0.0, X-CUBE-MEMS1_V11.3.0, X-CUBE-NFC4_V3.0.0, X-CUBE-NFC7_V2.0.0, X-CUBE-SFXS2LP1_V4.0.0, X-CUBE-SUBG2_V5.0.0, X-CUBE-TOF1_V3.4.3]
2025-07-29 10:22:24,144 [INFO] ApiDb:240 - Found 895 in-development CPN: [B-G473E-ZEST1S, B-WB1M-WPAN1, B-WBA5M-WPAN, B-WL5M-SUBG1, NUCLEO-C031C6, NUCLEO-C051C8, NUCLEO-C071RB, NUCLEO-C092RC, NUCLEO-H503RB, NUCLEO-H533RE, NUCLEO-H563ZI, NUCLEO-H7S3L8, NUCLEO-N657X0-Q, NUCLEO-U031R8, NUCLEO-U083RC, NUCLEO-U385RG-Q, NUCLEO-U545RE-Q, NUCLEO-U5A5ZJ-Q, NUCLEO-WB05KZ, NUCLEO-WB07CC, NUCLEO-WB09KE, NUCLEO-WBA52CG, NUCLEO-WBA55CG, NUCLEO-WBA65RI, NUCLEO-WL33CC1, NUCLEO-WL33CC2, STEVAL-PROTEUS1, STEVAL-SMARTAG2, STEVAL-STWINBX1, STM320518-EVAL, STM32C0116-DK, STM32C011D6Y3TR, STM32C011D6Y6TR, STM32C011F4P3, STM32C011F4P6, STM32C011F4U3, STM32C011F4U6TR, STM32C011F6P3, STM32C011F6P6, STM32C011F6U3, STM32C011F6U6TR, STM32C011J4M3, STM32C011J4M6, STM32C011J6M3, STM32C011J6M6, STM32C0316-DK, STM32C031C4T3, STM32C031C4T6, STM32C031C4U3, STM32C031C4U6, STM32C031C6T3, STM32C031C6T6, STM32C031C6U3, STM32C031C6U6, STM32C031F4P3, STM32C031F4P6, STM32C031F6P3, STM32C031F6P6, STM32C031G4U3, STM32C031G4U6, STM32C031G6U3, STM32C031G6U6, STM32C031K4T3, STM32C031K4T6, STM32C031K4U3, STM32C031K4U6, STM32C031K6T3, STM32C031K6T6, STM32C031K6U3, STM32C031K6U6, STM32C051C6T6, STM32C051C6U6, STM32C051C8T6, STM32C051C8U6, STM32C051D8Y6TR, STM32C051F6P6, STM32C051F8P6, STM32C051G6U6, STM32C051G8U6, STM32C051K6T6, STM32C051K6U6, STM32C051K8T6, STM32C071C8T6, STM32C071C8T6N, STM32C071C8U6, STM32C071C8U6N, STM32C071CBT6, STM32C071CBT6N, STM32C071CBU6, STM32C071CBU6N, STM32C071F8P6, STM32C071F8P6N, STM32C071FBP6, STM32C071FBP6N, STM32C071FBY6TR, STM32C071G8U6, STM32C071G8U6N, STM32C071GBU6, STM32C071GBU6N, STM32C071K8T6, STM32C071K8T6N, STM32C071K8U6, STM32C071K8U6N, STM32C071KBT6, STM32C071KBT6N, STM32C071KBU6, STM32C071KBU6N, STM32C071R8T6, STM32C071R8T6N, STM32C071RBI6N, STM32C071RBT6, STM32C071RBT6N, STM32C091CBT6, STM32C091CBU6, STM32C091CCT6, STM32C091CCU6, STM32C091ECY6TR, STM32C091FBP6, STM32C091FCP6, STM32C091GBU6, STM32C091GCU6, STM32C091KBT6, STM32C091KBU6, STM32C091KCT6, STM32C091KCU6, STM32C091RBT6, STM32C091RCI6, STM32C091RCT6, STM32C092CBT6, STM32C092CBU6, STM32C092CCT6, STM32C092CCU6, STM32C092ECY6TR, STM32C092FBP6, STM32C092FCP6, STM32C092GBU6, STM32C092GCU6, STM32C092KBT6, STM32C092KBU6, STM32C092KCT6, STM32C092KCU6, STM32C092RBT6, STM32C092RCI6, STM32C092RCT6, STM32G071K8TXN, STM32G071K8UXN, STM32G081GBU6N, STM32G081KBT6N, STM32G081KBUXN, STM32G0B1CCT6N, STM32G0B1KCT6, STM32G0B1NEY6TR, STM32G0B1RCT6N, STM32G0C1CCT6, STM32G0C1CCT6N, STM32G0C1CCU6N, STM32G0C1CET6N, STM32G0C1CEU6N, STM32G0C1KCT6, STM32G0C1NEY6TR, STM32G0C1RCI6N, STM32G0C1RCT6N, STM32G0C1REI6N, STM32G0C1RET6N, STM32G0C1VCI6, STM32G0C1VEI6, STM32G411C6T3, STM32G411C6T6, STM32G411C6U3, STM32G411C6U6, STM32G411C8T3, STM32G411C8T6, STM32G411C8U3, STM32G411C8U6, STM32G411CBT3, STM32G411CBT6, STM32G411CBU3, STM32G411CBU6, STM32G411CCT3, STM32G411CCT6, STM32G411CCU3, STM32G411CCU6, STM32G411K6T3, STM32G411K6T6, STM32G411K6U3, STM32G411K6U6, STM32G411K8T3, STM32G411K8T6, STM32G411K8U3, STM32G411K8U6, STM32G411KBT3, STM32G411KBT6, STM32G411KBU3, STM32G411KBU6, STM32G411M6T3, STM32G411M6T6, STM32G411M8T3, STM32G411M8T6, STM32G411MBT3, STM32G411MBT6, STM32G411MCT3, STM32G411MCT6, STM32G411R6T3, STM32G411R6T6, STM32G411R8T3, STM32G411R8T6, STM32G411RBT3, STM32G411RBT6, STM32G411RCT3, STM32G411RCT6, STM32G414CBT3, STM32G414CBT6, STM32G414CBU3, STM32G414CBU6, STM32G414CCT3, STM32G414CCT6, STM32G414CCU3, STM32G414CCU6, STM32G414MBT3, STM32G414MBT6, STM32G414MCT3, STM32G414MCT6, STM32G414RBT3, STM32G414RBT6, STM32G414RCT3, STM32G414RCT6, STM32G414VBT3, STM32G414VBT6, STM32G414VCT3, STM32G414VCT6, STM32G431CBT3Z, STM32G431RBT3Z, STM32G471CCT6, STM32G471CCU6, STM32G471CET3, STM32G471CET6, STM32G471CEU3, STM32G471CEU6, STM32G471MCT6, STM32G471MET3, STM32G471MET6, STM32G471MEY6TR, STM32G471QCT6, STM32G471QET3, STM32G471RCT6, STM32G471RET3, STM32G471RET6, STM32G471VCH6, STM32G471VCI6, STM32G471VCT6, STM32G471VEH3, STM32G471VEH6, STM32G471VEI3, STM32G471VEI6, STM32G471VET3, STM32G471VET6, STM32G473QET3Z, STM32G473RET3Z, STM32G474CCT6, STM32G491RET3Z, STM32H503CBT6, STM32H503CBU6, STM32H503EBY6TR, STM32H503KBU6, STM32H503RBT6, STM32H523CCT6, STM32H523CCU6, STM32H523CET6, STM32H523CEU6, STM32H523HEY6TR, STM32H523RCT6, STM32H523RET6, STM32H523VCI6, STM32H523VCT6, STM32H523VEI6, STM32H523VET6, STM32H523ZCJ6, STM32H523ZCT6, STM32H523ZEJ6, STM32H523ZET6, STM32H533CET6, STM32H533CEU6, STM32H533HEY6TR, STM32H533RET6, STM32H533VEI6, STM32H533VET6, STM32H533ZEJ6, STM32H533ZET6, STM32H562AGI6, STM32H562AII6, STM32H562IGK6, STM32H562IGT6, STM32H562IIK6, STM32H562IIT6, STM32H562RGT6, STM32H562RGV6, STM32H562RIT6, STM32H562RIV6, STM32H562VGT6, STM32H562VIT6, STM32H562ZGT6, STM32H562ZIT6, STM32H563AGI6, STM32H563AII3Q, STM32H563AII6, STM32H563IGK6, STM32H563IGT6, STM32H563IIK3Q, STM32H563IIK6, STM32H563IIT3Q, STM32H563IIT6, STM32H563MIY3QTR, STM32H563RGT6, STM32H563RGV6, STM32H563RIT6, STM32H563RIV6, STM32H563VGT6, STM32H563VIT3Q, STM32H563VIT6, STM32H563ZGT6, STM32H563ZIT3Q, STM32H563ZIT6, STM32H573AII3Q, STM32H573AII6, STM32H573I-DK, STM32H573IIK3Q, STM32H573IIK6, STM32H573IIT3Q, STM32H573IIT6, STM32H573MIY3QTR, STM32H573RIT6, STM32H573RIV6, STM32H573VIT3Q, STM32H573VIT6, STM32H573ZIT3Q, STM32H573ZIT6, STM32H7R3A8I6, STM32H7R3I8K6, STM32H7R3I8T6, STM32H7R3L8H6, STM32H7R3L8H6H, STM32H7R3R8V6, STM32H7R3V8H6, STM32H7R3V8T6, STM32H7R3V8Y6TR, STM32H7R3Z8J6, STM32H7R3Z8T6, STM32H7R7A8I6, STM32H7R7I8K6, STM32H7R7I8T6, STM32H7R7L8H6, STM32H7R7L8H6H, STM32H7R7Z8J6, STM32H7S3A8I6, STM32H7S3I8K6, STM32H7S3I8T6, STM32H7S3L8H6, STM32H7S3L8H6H, STM32H7S3R8V6, STM32H7S3V8H6, STM32H7S3V8T6, STM32H7S3V8Y6TR, STM32H7S3Z8J6, STM32H7S3Z8T6, STM32H7S78-DK, STM32H7S7A8I6, STM32H7S7I8K6, STM32H7S7I8T6, STM32H7S7L8H6, STM32H7S7L8H6H, STM32H7S7Z8J6, STM32L4R5QGI6STR, STM32MP131AAE3, STM32MP131AAF3, STM32MP131AAG3, STM32MP131CAE3, STM32MP131CAF3, STM32MP131CAG3, STM32MP131DAE7, STM32MP131DAF7, STM32MP131DAG7, STM32MP131FAE7, STM32MP131FAF7, STM32MP131FAG7, STM32MP133AAE3, STM32MP133AAF3, STM32MP133AAG3, STM32MP133CAE3, STM32MP133CAF3, STM32MP133CAG3, STM32MP133DAE7, STM32MP133DAF7, STM32MP133DAG7, STM32MP133FAE7, STM32MP133FAF7, STM32MP133FAG7, STM32MP135AAE3, STM32MP135AAF3, STM32MP135AAG3, STM32MP135CAE3, STM32MP135CAF3, STM32MP135CAG3, STM32MP135DAE7, STM32MP135DAF7, STM32MP135DAG7, STM32MP135F-DK, STM32MP135FAE7, STM32MP135FAF7, STM32MP135FAF7T, STM32MP135FAF7U, STM32MP135FAG7, STM32MP231AAJ3, STM32MP231AAK3, STM32MP231AAL3, STM32MP231CAJ3, STM32MP231CAK3, STM32MP231CAL3, STM32MP231DAJ3, STM32MP231DAK3, STM32MP231DAL3, STM32MP231FAJ3, STM32MP231FAK3, STM32MP231FAL3, STM32MP233AAJ3, STM32MP233AAK3, STM32MP233AAL3, STM32MP233CAJ3, STM32MP233CAK3, STM32MP233CAL3, STM32MP233DAJ3, STM32MP233DAK3, STM32MP233DAL3, STM32MP233FAJ3, STM32MP233FAK3, STM32MP233FAL3, STM32MP235AAJ3, STM32MP235AAK3, STM32MP235AAL3, STM32MP235CAJ3, STM32MP235CAK3, STM32MP235CAL3, STM32MP235DAJ3, STM32MP235DAK3, STM32MP235DAL3, STM32MP235FAJ3, STM32MP235FAK3, STM32MP235FAL3, STM32MP251AAI3, STM32MP251AAJ3, STM32MP251AAK3, STM32MP251AAL3, STM32MP251CAI3, STM32MP251CAJ3, STM32MP251CAK3, STM32MP251CAL3, STM32MP251DAI3, STM32MP251DAJ3, STM32MP251DAK3, STM32MP251DAL3, STM32MP251FAI3, STM32MP251FAJ3, STM32MP251FAK3, STM32MP251FAL3, STM32MP253AAI3, STM32MP253AAJ3, STM32MP253AAK3, STM32MP253AAL3, STM32MP253CAI3, STM32MP253CAJ3, STM32MP253CAK3, STM32MP253CAL3, STM32MP253DAI3, STM32MP253DAJ3, STM32MP253DAK3, STM32MP253DAL3, STM32MP253FAI3, STM32MP253FAJ3, STM32MP253FAK3, STM32MP253FAL3, STM32MP255AAI3, STM32MP255AAJ3, STM32MP255AAK3, STM32MP255AAL3, STM32MP255CAI3, STM32MP255CAJ3, STM32MP255CAK3, STM32MP255CAL3, STM32MP255DAI3, STM32MP255DAJ3, STM32MP255DAK3, STM32MP255DAL3, STM32MP255FAI3, STM32MP255FAJ3, STM32MP255FAK3, STM32MP255FAL3, STM32MP257AAI3, STM32MP257AAJ3, STM32MP257AAK3, STM32MP257AAL3, STM32MP257CAI3, STM32MP257CAJ3, STM32MP257CAK3, STM32MP257CAL3, STM32MP257DAI3, STM32MP257DAJ3, STM32MP257DAK3, STM32MP257DAL3, STM32MP257F-DK, STM32MP257F-EV1, STM32MP257FAI3, STM32MP257FAJ3, STM32MP257FAK3, STM32MP257FAL3, STM32N645A0H3Q, STM32N645B0H3Q, STM32N645I0H3Q, STM32N645L0H3Q, STM32N645X0H3Q, STM32N645Z0H3Q, STM32N647A0H3Q, STM32N647B0H3Q, STM32N647I0H3Q, STM32N647L0H3Q, STM32N647X0H3Q, STM32N647Z0H3Q, STM32N655A0H3Q, STM32N655B0H3Q, STM32N655I0H3Q, STM32N655L0H3Q, STM32N655X0H3Q, STM32N655Z0H3Q, STM32N6570-DK, STM32N657A0H3Q, STM32N657B0H3Q, STM32N657I0H3Q, STM32N657L0H3Q, STM32N657X0H3Q, STM32N657Z0H3Q, STM32U031C6T6, STM32U031C6U6, STM32U031C8T6, STM32U031C8U6, STM32U031F4P6, STM32U031F6P6, STM32U031F8P6, STM32U031G6Y6TR, STM32U031G8Y6TR, STM32U031K4U6, STM32U031K6U6, STM32U031K8U6, STM32U031R6I6, STM32U031R6T6, STM32U031R8I6, STM32U031R8T6, STM32U073C8T6, STM32U073C8U6, STM32U073CBT6, STM32U073CBU6, STM32U073CCT6, STM32U073CCU6, STM32U073H8Y6TR, STM32U073HBY6TR, STM32U073HCY6TR, STM32U073K8U6, STM32U073KBU6, STM32U073KCU6, STM32U073M8I6, STM32U073M8T6, STM32U073MBI6, STM32U073MBT6, STM32U073MCI6, STM32U073MCT6, STM32U073R8I6, STM32U073R8T6, STM32U073RBI6, STM32U073RBT6, STM32U073RCI6, STM32U073RCT6, STM32U083C-DK, STM32U083CCT6, STM32U083CCU6, STM32U083HCY6TR, STM32U083KCU6, STM32U083MCI6, STM32U083MCT6, STM32U083RCI6, STM32U083RCT6, STM32U375CET6, STM32U375CET6Q, STM32U375CEU6, STM32U375CEU6Q, STM32U375CEY6QTR, STM32U375CGT6, STM32U375CGT6Q, STM32U375CGU6, STM32U375CGU6Q, STM32U375CGY6QTR, STM32U375KEU6, STM32U375KGU6, STM32U375REI6, STM32U375REI6Q, STM32U375RET6, STM32U375RET6Q, STM32U375REY6GTR, STM32U375REY6QTR, STM32U375RGI6, STM32U375RGI6Q, STM32U375RGT6, STM32U375RGT6Q, STM32U375RGY6GTR, STM32U375RGY6QTR, STM32U375VEI6, STM32U375VEI6Q, STM32U375VET6, STM32U375VET6Q, STM32U375VGI6, STM32U375VGI6Q, STM32U375VGT6, STM32U375VGT6Q, STM32U385CGT6, STM32U385CGT6Q, STM32U385CGU6, STM32U385CGU6Q, STM32U385CGY6QTR, STM32U385KGU6, STM32U385RGI6, STM32U385RGI6Q, STM32U385RGT6, STM32U385RGT6Q, STM32U385RGY6GTR, STM32U385RGY6QTR, STM32U385VGI6, STM32U385VGI6Q, STM32U385VGT6, STM32U385VGT6Q, STM32U535CBT6, STM32U535CBT6Q, STM32U535CBU6, STM32U535CBU6Q, STM32U535CCT6, STM32U535CCT6Q, STM32U535CCU6, STM32U535CCU6Q, STM32U535CET6, STM32U535CET6Q, STM32U535CEU6, STM32U535CEU6Q, STM32U535JEY6QTR, STM32U535NCY6QTR, STM32U535NEY6QTR, STM32U535RBI6, STM32U535RBI6Q, STM32U535RBT6, STM32U535RBT6Q, STM32U535RCI6, STM32U535RCI6Q, STM32U535RCT6, STM32U535RCT6Q, STM32U535REI6, STM32U535REI6Q, STM32U535RET6, STM32U535RET6Q, STM32U535VCI6, STM32U535VCI6Q, STM32U535VCT6, STM32U535VCT6Q, STM32U535VEI6, STM32U535VEI6Q, STM32U535VET6, STM32U535VET6Q, STM32U545CET6, STM32U545CET6Q, STM32U545CEU6, STM32U545CEU6Q, STM32U545JEY6QTR, STM32U545NEY6QTR, STM32U545REI6, STM32U545REI6Q, STM32U545RET6, STM32U545RET6Q, STM32U545VEI6, STM32U545VEI6Q, STM32U545VET6, STM32U545VET6Q, STM32U595AIH6, STM32U595AIH6Q, STM32U595AJH6, STM32U595AJH6Q, STM32U595QII6, STM32U595QII6Q, STM32U595QJI6, STM32U595QJI6Q, STM32U595RIT6, STM32U595RIT6Q, STM32U595RJT6, STM32U595RJT6Q, STM32U595VIT6, STM32U595VIT6Q, STM32U595VJT6, STM32U595VJT6Q, STM32U595ZIT6, STM32U595ZIT6Q, STM32U595ZIY6QTR, STM32U595ZJT6, STM32U595ZJT6Q, STM32U595ZJY6QTR, STM32U599BJY6QTR, STM32U599NIH6Q, STM32U599NJH6Q, STM32U599VIT6Q, STM32U599VJT6, STM32U599VJT6Q, STM32U599ZIT6Q, STM32U599ZIY6QTR, STM32U599ZJT6Q, STM32U599ZJY6QTR, STM32U5A5AJH6, STM32U5A5AJH6Q, STM32U5A5QII3Q , STM32U5A5QJI6, STM32U5A5QJI6Q, STM32U5A5RJT6, STM32U5A5RJT6Q, STM32U5A5VJT6, STM32U5A5VJT6Q, STM32U5A5ZJT6, STM32U5A5ZJT6Q, STM32U5A5ZJY6QTR, STM32U5A9BJY6QTR, STM32U5A9J-DK, STM32U5A9NJH6Q, STM32U5A9VJT6Q, STM32U5A9ZJT6Q, STM32U5A9ZJY6QTR, STM32U5F7VIT6, STM32U5F7VIT6Q, STM32U5F7VJT6, STM32U5F7VJT6Q, STM32U5F9BJY6QTR, STM32U5F9NJH6Q, STM32U5F9VIT6Q, STM32U5F9VJT6Q, STM32U5F9ZIJ6QTR, STM32U5F9ZIT6Q, STM32U5F9ZJJ6QTR, STM32U5F9ZJT6Q, STM32U5G7VJT6, STM32U5G7VJT6Q, STM32U5G9BJY6QTR, STM32U5G9J-DK1, STM32U5G9J-DK2, STM32U5G9NJH6Q, STM32U5G9VJT6Q, STM32U5G9ZJJ6QTR, STM32U5G9ZJT6Q, STM32WB05KZV6TR, STM32WB05KZV7TR, STM32WB05TZF6TR, STM32WB05TZF7TR, STM32WB06CCF6TR, STM32WB06CCF7TR, STM32WB06CCV6TR, STM32WB06CCV7TR, STM32WB06KCV6TR, STM32WB06KCV7TR, STM32WB07CCF6TR, STM32WB07CCF7TR, STM32WB07CCV6TR, STM32WB07CCV7TR, STM32WB07KCV6TR, STM32WB07KCV7TR, STM32WB09KEV6TR, STM32WB09KEV7TR, STM32WB09TEF6TR, STM32WB09TEF7TR, STM32WB1MMCH6, STM32WBA50KGU6, STM32WBA50KGU6TR, STM32WBA52CEU6, STM32WBA52CEU6TR, STM32WBA52CEU7, STM32WBA52CEU7TR, STM32WBA52CGU6, STM32WBA52CGU6TR, STM32WBA52CGU6U, STM32WBA52CGU7, STM32WBA52CGU7TR, STM32WBA52KEU6, STM32WBA52KEU6TR, STM32WBA52KGU6, STM32WBA52KGU6TR, STM32WBA54CEU6, STM32WBA54CEU6TR, STM32WBA54CEU7, STM32WBA54CEU7TR, STM32WBA54CGU6, STM32WBA54CGU6TR, STM32WBA54CGU7, STM32WBA54CGU7TR, STM32WBA54KEU6, STM32WBA54KEU6TR, STM32WBA54KEU7, STM32WBA54KEU7TR, STM32WBA54KGU6, STM32WBA54KGU6TR, STM32WBA54KGU7, STM32WBA54KGU7TR, STM32WBA55CEU6, STM32WBA55CEU6TR, STM32WBA55CEU7, STM32WBA55CEU7TR, STM32WBA55CGU6, STM32WBA55CGU6TR, STM32WBA55CGU6U, STM32WBA55CGU7, STM32WBA55CGU7TR, STM32WBA55G-DK1, STM32WBA55HEF6, STM32WBA55HEF7, STM32WBA55HGF6, STM32WBA55HGF7, STM32WBA55UEI6, STM32WBA55UEI6TR, STM32WBA55UEI7, STM32WBA55UEI7TR, STM32WBA55UGI6, STM32WBA55UGI6TR, STM32WBA55UGI7, STM32WBA55UGI7TR, STM32WBA5MJGH6TR, STM32WBA62CGU6, STM32WBA62CIU6, STM32WBA62MGF6, STM32WBA62MIF6, STM32WBA62PGI6, STM32WBA62PII6, STM32WBA63CGU6, STM32WBA63CGU7, STM32WBA63CIU6, STM32WBA63CIU7, STM32WBA64CGU6, STM32WBA64CGU7, STM32WBA64CIU6, STM32WBA64CIU7, STM32WBA65CGU6, STM32WBA65CGU7, STM32WBA65CIU6, STM32WBA65CIU7, STM32WBA65I-DK1, STM32WBA65MGF6, STM32WBA65MGF7, STM32WBA65MIF6, STM32WBA65MIF7, STM32WBA65PGI6, STM32WBA65PGI7, STM32WBA65PII6, STM32WBA65PII7, STM32WBA65RGV6, STM32WBA65RGV7, STM32WBA65RIV6, STM32WBA65RIV7, STM32WL30K8V6, STM32WL30KBV6, STM32WL31C8V6, STM32WL31CBV6, STM32WL31K8V6, STM32WL31KBV6, STM32WL33C8V6, STM32WL33C8V6TR, STM32WL33C8V7, STM32WL33C8V7TR, STM32WL33CBV6, STM32WL33CBV6TR, STM32WL33CBV7, STM32WL33CBV7TR, STM32WL33CCV6, STM32WL33CCV6TR, STM32WL33CCV7, STM32WL33CCV7A, STM32WL33CCV7ATR, STM32WL33CCV7TR, STM32WL33K8V6, STM32WL33K8V6TR, STM32WL33K8V7, STM32WL33K8V7TR, STM32WL33KBV6, STM32WL33KBV6TR, STM32WL33KBV7, STM32WL33KBV7TR, STM32WL33KCV6, STM32WL33KCV6TR, STM32WL33KCV7, STM32WL33KCV7TR, STM32WL5MOCH6, STM32WL5MOCH6TR]
2025-07-29 10:22:24,156 [INFO] DbMcus:218 - Found 4747 MCUs, 4747 are supported
2025-07-29 10:22:24,168 [INFO] ApiDb:423 - Load user favorites file /home/nova/.stm32cubeide/favorites.mcus.txt: 1 item(s)
2025-07-29 10:22:24,168 [INFO] ApiDb:427 - User favorites MCUs=[STM32F446RET6]
2025-07-29 10:22:24,169 [INFO] DbMcus:224 - Set 1 / 1 favorites MCUs
2025-07-29 10:22:25,543 [INFO] BoardInfo:889 - No configuration file found for board P-NUCLEO-WB55
2025-07-29 10:22:25,544 [INFO] DbBoards:161 - Kit is not supported: P-NUCLEO-WB55
2025-07-29 10:22:25,550 [INFO] BoardInfo:889 - No configuration file found for board STEVAL-BFA001V1B
2025-07-29 10:22:25,550 [INFO] DbBoards:161 - Kit is not supported: STEVAL-BFA001V1B
2025-07-29 10:22:25,551 [INFO] BoardInfo:889 - No configuration file found for board STEVAL-BFA001V2B
2025-07-29 10:22:25,552 [INFO] DbBoards:161 - Kit is not supported: STEVAL-BFA001V2B
2025-07-29 10:22:25,712 [INFO] DbBoards:168 - Found 211 boards, 208 are supported
2025-07-29 10:22:25,713 [INFO] DbBoards:169 - Found 211 boards, 43 of them is supported for  Bsp
2025-07-29 10:22:25,717 [INFO] ApiDb:423 - Load user favorites file /home/nova/.stm32cubeide/favorites.boards.txt: 0 item(s)
2025-07-29 10:22:25,717 [INFO] ApiDb:427 - User favorites Boards=[]
2025-07-29 10:22:25,717 [INFO] DbBoards:198 - Set 0 / 0 favorites Boards
2025-07-29 10:22:25,798 [INFO] UtilMem:75 - End LoadConfig() Used Memory: 711659576 Bytes (804257792)
2025-07-29 10:22:26,283 [WARN] ThirdParty:833 - waiting for thirdparty lock release [change project]
2025-07-29 10:22:26,284 [INFO] ThirdParty:835 - entering critical section [change project]
2025-07-29 10:22:26,284 [INFO] ThirdParty:1030 - CMSIS Pack Vendor :STMicroelectronics USBPD 4.1
2025-07-29 10:22:26,284 [INFO] ThirdParty:1030 - CMSIS Pack Vendor :STMicroelectronics X-CUBE-DISPLAY 3.0.0
2025-07-29 10:22:26,284 [INFO] ThirdParty:1030 - CMSIS Pack Vendor :STMicroelectronics USB_HOST 2.0.0
2025-07-29 10:22:26,284 [INFO] ThirdParty:1030 - CMSIS Pack Vendor :STMicroelectronics FP-SNS-MOTENVWB1 1.4.0
2025-07-29 10:22:26,284 [INFO] ThirdParty:1030 - CMSIS Pack Vendor :STMicroelectronics LIBJPEG 8.0.0
2025-07-29 10:22:26,284 [INFO] ThirdParty:1030 - CMSIS Pack Vendor :STMicroelectronics FP-ATR-SIGFOX1 3.2.0
2025-07-29 10:22:26,284 [INFO] ThirdParty:1030 - CMSIS Pack Vendor :STMicroelectronics USB_DEVICE 3.0.0
2025-07-29 10:22:26,285 [INFO] ThirdParty:1030 - CMSIS Pack Vendor :STMicroelectronics HAL Drivers 0.0.0
2025-07-29 10:22:26,285 [INFO] ThirdParty:1030 - CMSIS Pack Vendor :STMicroelectronics MBEDTLS 2.16.2
2025-07-29 10:22:26,285 [INFO] ThirdParty:1030 - CMSIS Pack Vendor :STMicroelectronics X-CUBE-ALS 1.0.2
2025-07-29 10:22:26,285 [INFO] ThirdParty:1030 - CMSIS Pack Vendor :STMicroelectronics MBEDTLS 2.14.1
2025-07-29 10:22:26,285 [INFO] ThirdParty:1030 - CMSIS Pack Vendor :STMicroelectronics USB_DEVICE 2.0.0
2025-07-29 10:22:26,285 [INFO] ThirdParty:1030 - CMSIS Pack Vendor :STMicroelectronics FP-SNS-STBOX1 2.0.0
2025-07-29 10:22:26,285 [INFO] ThirdParty:1030 - CMSIS Pack Vendor :STMicroelectronics ThreadX 1.0.0
2025-07-29 10:22:26,285 [INFO] ThirdParty:1030 - CMSIS Pack Vendor :STMicroelectronics FP-SNS-SMARTAG2 1.2.0
2025-07-29 10:22:26,286 [INFO] ThirdParty:1030 - CMSIS Pack Vendor :STMicroelectronics FreeRTOS 0.0.1
2025-07-29 10:22:26,286 [INFO] ThirdParty:1030 - CMSIS Pack Vendor :STMicroelectronics FP-SNS-MOTENV1 5.0.0
2025-07-29 10:22:26,286 [INFO] ThirdParty:1030 - CMSIS Pack Vendor :STMicroelectronics USB_DEVICE 1.0.0
2025-07-29 10:22:26,286 [INFO] ThirdParty:1030 - CMSIS Pack Vendor :STMicroelectronics STM32_WPAN 1.0.0
2025-07-29 10:22:26,286 [INFO] ThirdParty:1030 - CMSIS Pack Vendor :STMicroelectronics ThreadX 0.0.2
2025-07-29 10:22:26,286 [INFO] ThirdParty:1030 - CMSIS Pack Vendor :STMicroelectronics lwIP 2.1.2
2025-07-29 10:22:26,286 [INFO] ThirdParty:1030 - CMSIS Pack Vendor :STMicroelectronics lwIP 2.0.3
2025-07-29 10:22:26,286 [INFO] ThirdParty:1030 - CMSIS Pack Vendor :STMicroelectronics X-CUBE-BLE2 3.3.0
2025-07-29 10:22:26,287 [INFO] ThirdParty:1030 - CMSIS Pack Vendor :STMicroelectronics USB_HOST 1.0.0
2025-07-29 10:22:26,287 [INFO] ThirdParty:1030 - CMSIS Pack Vendor :STMicroelectronics PDM2PCM 3.1.0
2025-07-29 10:22:26,287 [INFO] ThirdParty:1030 - CMSIS Pack Vendor :STMicroelectronics PDM2PCM 3.2.0
2025-07-29 10:22:26,287 [INFO] ThirdParty:1030 - CMSIS Pack Vendor :STMicroelectronics PDM2PCM 3.3.0
2025-07-29 10:22:26,287 [INFO] ThirdParty:841 - exiting critical section [change project]
2025-07-29 10:22:27,831 [INFO] PinOutPanel:1589 - setPackage(No Configuration,No Configuration)
2025-07-29 10:22:27,834 [INFO] PinOutPanel:1589 - setPackage(STM32F446RETx,LQFP64)
2025-07-29 10:22:32,015 [INFO] UtilMem:75 - Before build in PCC Used Memory: 766509056 Bytes (1073741824)
2025-07-29 10:22:38,725 [INFO] UtilMem:75 - After build in PCC Used Memory: 956303360 Bytes (1073741824)
2025-07-29 10:22:38,864 [INFO] IPUIPlugin:80 - create IPUIPlugin
2025-07-29 10:22:38,867 [INFO] IPUIPlugin:80 - create IPUIPlugin
2025-07-29 10:22:38,867 [INFO] IPUIPlugin:80 - create IPUIPlugin
2025-07-29 10:22:38,868 [INFO] IPUIPlugin:80 - create IPUIPlugin
2025-07-29 10:22:38,868 [INFO] IPUIPlugin:80 - create IPUIPlugin
2025-07-29 10:22:38,868 [INFO] IPUIPlugin:80 - create IPUIPlugin
2025-07-29 10:22:38,869 [INFO] IPUIPlugin:80 - create IPUIPlugin
2025-07-29 10:22:38,869 [INFO] IPUIPlugin:80 - create IPUIPlugin
2025-07-29 10:22:38,869 [INFO] IPUIPlugin:80 - create IPUIPlugin
2025-07-29 10:22:38,869 [INFO] IPUIPlugin:80 - create IPUIPlugin
2025-07-29 10:22:38,870 [INFO] IPUIPlugin:80 - create IPUIPlugin
2025-07-29 10:22:38,873 [INFO] IPUIPlugin:80 - create IPUIPlugin
2025-07-29 10:22:38,877 [INFO] IPUIPlugin:80 - create IPUIPlugin
2025-07-29 10:22:38,878 [INFO] IPUIPlugin:80 - create IPUIPlugin
2025-07-29 10:22:38,878 [INFO] IPUIPlugin:80 - create IPUIPlugin
2025-07-29 10:22:38,878 [INFO] IPUIPlugin:80 - create IPUIPlugin
2025-07-29 10:22:38,879 [INFO] IPUIPlugin:80 - create IPUIPlugin
2025-07-29 10:22:38,879 [INFO] IPUIPlugin:80 - create IPUIPlugin
2025-07-29 10:22:38,879 [INFO] IPUIPlugin:80 - create IPUIPlugin
2025-07-29 10:22:38,883 [INFO] IPUIPlugin:80 - create IPUIPlugin
2025-07-29 10:22:38,884 [INFO] IPUIPlugin:80 - create IPUIPlugin
2025-07-29 10:22:38,884 [INFO] IPUIPlugin:80 - create IPUIPlugin
2025-07-29 10:22:38,885 [INFO] IPUIPlugin:80 - create IPUIPlugin
2025-07-29 10:22:38,885 [INFO] IPUIPlugin:80 - create IPUIPlugin
2025-07-29 10:22:38,885 [INFO] IPUIPlugin:80 - create IPUIPlugin
2025-07-29 10:22:38,889 [INFO] IPUIPlugin:80 - create IPUIPlugin
2025-07-29 10:22:38,889 [INFO] IPUIPlugin:80 - create IPUIPlugin
2025-07-29 10:22:38,890 [INFO] IPUIPlugin:80 - create IPUIPlugin
2025-07-29 10:22:38,890 [INFO] IPUIPlugin:80 - create IPUIPlugin
2025-07-29 10:22:38,891 [INFO] IPUIPlugin:80 - create IPUIPlugin
2025-07-29 10:22:38,895 [INFO] IPUIPlugin:80 - create IPUIPlugin
2025-07-29 10:22:38,895 [INFO] IPUIPlugin:80 - create IPUIPlugin
2025-07-29 10:22:38,896 [INFO] IPUIPlugin:80 - create IPUIPlugin
2025-07-29 10:22:38,896 [INFO] IPUIPlugin:80 - create IPUIPlugin
2025-07-29 10:22:38,897 [INFO] IPUIPlugin:80 - create IPUIPlugin
2025-07-29 10:22:38,897 [INFO] IPUIPlugin:80 - create IPUIPlugin
2025-07-29 10:22:38,901 [INFO] IPUIPlugin:80 - create IPUIPlugin
2025-07-29 10:22:38,902 [INFO] IPUIPlugin:80 - create IPUIPlugin
2025-07-29 10:22:38,903 [INFO] IPUIPlugin:80 - create IPUIPlugin
2025-07-29 10:22:38,903 [INFO] IPUIPlugin:80 - create IPUIPlugin
2025-07-29 10:22:38,908 [INFO] IPUIPlugin:80 - create IPUIPlugin
2025-07-29 10:22:38,909 [INFO] IPUIPlugin:80 - create IPUIPlugin
2025-07-29 10:22:38,909 [INFO] IPUIPlugin:80 - create IPUIPlugin
2025-07-29 10:22:38,910 [INFO] IPUIPlugin:80 - create IPUIPlugin
2025-07-29 10:22:38,911 [INFO] IPUIPlugin:80 - create IPUIPlugin
2025-07-29 10:22:38,911 [INFO] IPUIPlugin:80 - create IPUIPlugin
2025-07-29 10:22:38,912 [INFO] IPUIPlugin:80 - create IPUIPlugin
2025-07-29 10:22:38,917 [INFO] IPUIPlugin:80 - create IPUIPlugin
2025-07-29 10:22:38,918 [INFO] IPUIPlugin:80 - create IPUIPlugin
2025-07-29 10:22:38,918 [INFO] IPUIPlugin:80 - create IPUIPlugin
2025-07-29 10:22:38,919 [INFO] IPUIPlugin:80 - create IPUIPlugin
2025-07-29 10:22:38,920 [INFO] IPUIPlugin:80 - create IPUIPlugin
2025-07-29 10:22:38,922 [INFO] IPUIPlugin:80 - create IPUIPlugin
2025-07-29 10:22:38,925 [INFO] IPUIPlugin:80 - create IPUIPlugin
2025-07-29 10:22:38,925 [INFO] IPUIPlugin:80 - create IPUIPlugin
2025-07-29 10:22:38,926 [INFO] IPUIPlugin:80 - create IPUIPlugin
2025-07-29 10:22:38,929 [INFO] IPUIPlugin:80 - create IPUIPlugin
2025-07-29 10:22:38,930 [INFO] IPUIPlugin:80 - create IPUIPlugin
2025-07-29 10:22:38,931 [INFO] IPUIPlugin:80 - create IPUIPlugin
2025-07-29 10:22:38,932 [INFO] IPUIPlugin:80 - create IPUIPlugin
2025-07-29 10:22:39,123 [INFO] ApiDbMcu:508 - Load IP Config File for PDM2PCM
2025-07-29 10:22:39,808 [INFO] CADModel:165 - CPN selected for project levelSTM32F446RET6
2025-07-29 10:22:39,808 [INFO] CADModel:114 - Register for checkConnection events
2025-07-29 10:22:47,914 [INFO] OpenFileManager:385 - Restore cursor
2025-07-29 11:10:16,137 [INFO] MainUpdater:2872 - connection check result : 10
2025-07-29 11:10:55,925 [INFO] MainUpdater:2872 - connection check result : 10
2025-07-29 11:12:12,820 [INFO] Activator:176 - 


2025-07-29 11:12:12,823 [INFO] Activator:177 - !SESSION log4j initialized
2025-07-29 11:12:15,661 [INFO] LogOutputStream:77 - [STDOUT_REDIRECT] 
2025-07-29 11:12:19,621 [INFO] ApplicationProperties:184 - Using Application install path: /opt/st/stm32cubeide_1.18.1/plugins/com.st.stm32cube.common.mx_6.14.1.202504091515
2025-07-29 11:12:19,640 [INFO] DbMcusXml:78 - Set database path to: /opt/st/stm32cubeide_1.18.1/plugins/com.st.stm32cube.common.mx_6.14.1.202504091515//db//mcu/
2025-07-29 11:12:19,641 [INFO] ApiDb:274 - Set plugin database path to: /opt/st/stm32cubeide_1.18.1/plugins/com.st.stm32cube.common.mx_6.14.1.202504091515//db//plugins/boardmanager/
2025-07-29 11:12:19,641 [WARN] ApiDb:259 - Overriding images path with different value:  => /opt/st/stm32cubeide_1.18.1/plugins/com.st.stm32cube.common.mx_6.14.1.202504091515//db//plugins/mcufinder/images/
2025-07-29 11:12:19,646 [INFO] ApiDb:250 - Set database path to: /home/nova/.stmcufinder/plugins/mcufinder//mcu/
2025-07-29 11:12:19,648 [INFO] DbMcusAds:125 - Set database path to: /home/nova/.stmcufinder/plugins/mcufinder//mcu/
2025-07-29 11:12:19,651 [INFO] CrossReferenceDbSqlite:203 - Set database path to: /home/nova/.stmcufinder/plugins/mcufinder//mcu/cs/
2025-07-29 11:12:19,855 [INFO] RulesReader:64 - Compatibility file has been processed (302 Rules)
2025-07-29 11:12:19,906 [INFO] McuFinderGlobals:63 - Set McuFinder mode to 2 (CubeIDE integrated)
2025-07-29 11:12:19,955 [INFO] DbMcusXml:78 - Set database path to: /opt/st/stm32cubeide_1.18.1/plugins/com.st.stm32cube.common.mx_6.14.1.202504091515//db//mcu/
2025-07-29 11:12:19,956 [INFO] ApiDb:274 - Set plugin database path to: /opt/st/stm32cubeide_1.18.1/plugins/com.st.stm32cube.common.mx_6.14.1.202504091515//db//plugins/boardmanager/
2025-07-29 11:12:19,956 [INFO] ApiDb:261 - Set plugin images path to: /opt/st/stm32cubeide_1.18.1/plugins/com.st.stm32cube.common.mx_6.14.1.202504091515//db//plugins/mcufinder/images/
2025-07-29 11:12:19,957 [WARN] DbFile:41 - Overriding database path with different value: /home/nova/.stmcufinder/plugins/mcufinder/ => /home/nova/.stmcufinder/plugins/mcufinder
2025-07-29 11:12:19,957 [INFO] ApiDb:250 - Set database path to: /home/nova/.stmcufinder/plugins/mcufinder//mcu/
2025-07-29 11:12:19,957 [WARN] DbFile:41 - Overriding database path with different value: /home/nova/.stmcufinder/plugins/mcufinder/ => /home/nova/.stmcufinder/plugins/mcufinder
2025-07-29 11:12:19,957 [INFO] DbMcusAds:125 - Set database path to: /home/nova/.stmcufinder/plugins/mcufinder//mcu/
2025-07-29 11:12:19,957 [WARN] DbFile:41 - Overriding database path with different value: /home/nova/.stmcufinder/plugins/mcufinder/ => /home/nova/.stmcufinder/plugins/mcufinder
2025-07-29 11:12:19,957 [WARN] DbFile:41 - Overriding database path with different value: /home/nova/.stmcufinder/plugins/mcufinder/ => /home/nova/.stmcufinder/plugins/mcufinder
2025-07-29 11:12:19,958 [INFO] CrossReferenceDbSqlite:203 - Set database path to: /home/nova/.stmcufinder/plugins/mcufinder//mcu/cs/
2025-07-29 11:12:20,042 [INFO] MainPanel:272 - HeapMemory: 268435456
2025-07-29 11:12:20,171 [INFO] DbMcusXml:78 - Set database path to: /opt/st/stm32cubeide_1.18.1/plugins/com.st.stm32cube.common.mx_6.14.1.202504091515//db//mcu/
2025-07-29 11:12:20,172 [INFO] ApiDb:274 - Set plugin database path to: /opt/st/stm32cubeide_1.18.1/plugins/com.st.stm32cube.common.mx_6.14.1.202504091515//db//plugins/boardmanager/
2025-07-29 11:12:20,172 [INFO] ApiDb:261 - Set plugin images path to: /opt/st/stm32cubeide_1.18.1/plugins/com.st.stm32cube.common.mx_6.14.1.202504091515//db//plugins/mcufinder/images/
2025-07-29 11:12:20,173 [WARN] DbFile:41 - Overriding database path with different value: /home/nova/.stmcufinder/plugins/mcufinder/ => /home/nova/.stmcufinder/plugins/mcufinder
2025-07-29 11:12:20,173 [INFO] ApiDb:250 - Set database path to: /home/nova/.stmcufinder/plugins/mcufinder//mcu/
2025-07-29 11:12:20,173 [WARN] DbFile:41 - Overriding database path with different value: /home/nova/.stmcufinder/plugins/mcufinder/ => /home/nova/.stmcufinder/plugins/mcufinder
2025-07-29 11:12:20,174 [INFO] DbMcusAds:125 - Set database path to: /home/nova/.stmcufinder/plugins/mcufinder//mcu/
2025-07-29 11:12:20,174 [WARN] DbFile:41 - Overriding database path with different value: /home/nova/.stmcufinder/plugins/mcufinder/ => /home/nova/.stmcufinder/plugins/mcufinder
2025-07-29 11:12:20,174 [WARN] DbFile:41 - Overriding database path with different value: /home/nova/.stmcufinder/plugins/mcufinder/ => /home/nova/.stmcufinder/plugins/mcufinder
2025-07-29 11:12:20,174 [INFO] CrossReferenceDbSqlite:203 - Set database path to: /home/nova/.stmcufinder/plugins/mcufinder//mcu/cs/
2025-07-29 11:12:20,193 [INFO] ApplicationProperties:184 - Using Application install path: /opt/st/stm32cubeide_1.18.1/plugins/com.st.stm32cube.common.mx_6.14.1.202504091515
2025-07-29 11:12:20,195 [INFO] PluginManage:196 - Search for loadable plugins [exclusion list=, ]
2025-07-29 11:12:20,197 [INFO] PluginManage:310 - Check plugin analytics
2025-07-29 11:12:20,478 [INFO] AnalyticsPlugin:253 - Accepted Software Licenses: 
2025-07-29 11:12:20,479 [INFO] AnalyticsPlugin:255 - Accepted CMSIS Pack Licenses: 
2025-07-29 11:12:20,480 [INFO] AnalyticsPlugin:257 - Accepted Firmware Licenses: 
2025-07-29 11:12:20,485 [INFO] PluginManage:359 - Loaded plugin analytics (category:tool,tabindex:-1)
2025-07-29 11:12:20,486 [INFO] PluginManage:310 - Check plugin cadmodel
2025-07-29 11:12:20,491 [INFO] CADModel:105 - Init CAD model plugin
2025-07-29 11:12:20,491 [INFO] PluginManage:359 - Loaded plugin cadmodel (category:power,tabindex:5)
2025-07-29 11:12:20,492 [INFO] PluginManage:310 - Check plugin clock
2025-07-29 11:12:20,502 [INFO] PluginManage:359 - Loaded plugin clock (category:base,tabindex:2)
2025-07-29 11:12:20,502 [INFO] PluginManage:310 - Check plugin ddr
2025-07-29 11:12:20,505 [INFO] PluginManage:359 - Loaded plugin ddr (category:tool,tabindex:6)
2025-07-29 11:12:20,505 [INFO] PluginManage:310 - Check plugin filemanager
2025-07-29 11:12:20,683 [INFO] PluginManage:359 - Loaded plugin filemanager (category:base,tabindex:10)
2025-07-29 11:12:20,684 [INFO] PluginManage:310 - Check plugin ipmanager
2025-07-29 11:12:20,690 [INFO] PluginManage:359 - Loaded plugin ipmanager (category:base,tabindex:5)
2025-07-29 11:12:20,690 [INFO] PluginManage:310 - Check plugin lpbam
2025-07-29 11:12:20,700 [INFO] PluginManage:359 - Loaded plugin lpbam (category:base,tabindex:0)
2025-07-29 11:12:20,701 [INFO] PluginManage:310 - Check plugin memorymap
2025-07-29 11:12:20,712 [INFO] PluginManage:359 - Loaded plugin memorymap (category:base,tabindex:4)
2025-07-29 11:12:20,713 [INFO] PluginManage:310 - Check plugin pinoutandconfiguration
2025-07-29 11:12:20,724 [INFO] PluginManage:359 - Loaded plugin pinoutandconfiguration (category:base,tabindex:1)
2025-07-29 11:12:20,725 [INFO] PluginManage:310 - Check plugin pinoutconfig
2025-07-29 11:12:20,899 [WARN] SupportedApi:132 - Cannot load RTOS API schema: s4s-elt-must-match.1: The content of 'definitions' must match (annotation?, (simpleType | complexType)?, (unique | key | keyref)*)). A problem was found starting at: attribute.
2025-07-29 11:12:21,158 [INFO] PluginManage:359 - Loaded plugin pinoutconfig (category:base,tabindex:0)
2025-07-29 11:12:21,158 [INFO] PluginManage:310 - Check plugin power
2025-07-29 11:12:21,171 [INFO] PluginManage:359 - Loaded plugin power (category:power,tabindex:4)
2025-07-29 11:12:21,172 [INFO] PluginManage:310 - Check plugin projectmanager
2025-07-29 11:12:21,197 [INFO] PluginManage:359 - Loaded plugin projectmanager (category:projectmanager,tabindex:4)
2025-07-29 11:12:21,197 [INFO] PluginManage:310 - Check plugin rif
2025-07-29 11:12:21,206 [INFO] PluginManage:359 - Loaded plugin rif (category:base,tabindex:3)
2025-07-29 11:12:21,206 [INFO] PluginManage:310 - Check plugin thirdparty
2025-07-29 11:12:21,367 [INFO] PluginManage:359 - Loaded plugin thirdparty (category:base,tabindex:-1)
2025-07-29 11:12:21,367 [WARN] IntegrityCheckThread:84 - waiting for thirdparty lock release [integrity check]
2025-07-29 11:12:21,368 [INFO] PluginManage:310 - Check plugin tools
2025-07-29 11:12:21,368 [INFO] IntegrityCheckThread:86 - entering critical section [integrity check]
2025-07-29 11:12:21,369 [INFO] ThirdPartyUpdaterWithRetryManager:70 - Updater plugin not ready yet. [1/15]
2025-07-29 11:12:21,371 [INFO] PluginManage:359 - Loaded plugin tools (category:base,tabindex:7)
2025-07-29 11:12:21,371 [INFO] PluginManage:310 - Check plugin tutovideos
2025-07-29 11:12:21,553 [INFO] PluginManage:359 - Loaded plugin tutovideos (category:base,tabindex:-1)
2025-07-29 11:12:21,553 [INFO] PluginManage:310 - Check plugin updater
2025-07-29 11:12:21,588 [INFO] PluginManage:359 - Loaded plugin updater (category:base,tabindex:12)
2025-07-29 11:12:21,588 [INFO] PluginManage:310 - Check plugin userauth
2025-07-29 11:12:21,593 [INFO] UserAuth:118 - Init User Auth plugin
2025-07-29 11:12:21,594 [INFO] PluginManage:359 - Loaded plugin userauth (category:base,tabindex:14)
2025-07-29 11:12:21,595 [INFO] PluginManage:283 - PluginManage : Loaded plugins [18]
2025-07-29 11:12:21,843 [INFO] PinOutPanel:1589 - setPackage(No Configuration,No Configuration)
2025-07-29 11:12:21,948 [INFO] CADModel:165 - CPN selected for project level
2025-07-29 11:12:21,949 [INFO] CADModel:114 - Register for checkConnection events
2025-07-29 11:12:21,963 [INFO] IPUIPlugin:80 - create IPUIPlugin
2025-07-29 11:12:21,964 [INFO] PluginManager:220 - loadIPPluginJar : add hash
2025-07-29 11:12:21,966 [INFO] IPUIPlugin:80 - create IPUIPlugin
2025-07-29 11:12:21,966 [INFO] PluginManager:220 - loadIPPluginJar : add tracer_emb
2025-07-29 11:12:21,973 [INFO] IPUIPlugin:80 - create IPUIPlugin
2025-07-29 11:12:21,974 [INFO] PluginManager:220 - loadIPPluginJar : add gic
2025-07-29 11:12:21,982 [INFO] IPUIPlugin:80 - create IPUIPlugin
2025-07-29 11:12:21,982 [INFO] PluginManager:220 - loadIPPluginJar : add mdma
2025-07-29 11:12:21,986 [INFO] IPUIPlugin:80 - create IPUIPlugin
2025-07-29 11:12:21,987 [INFO] PluginManager:220 - loadIPPluginJar : add touchsensing
2025-07-29 11:12:21,990 [INFO] IPUIPlugin:80 - create IPUIPlugin
2025-07-29 11:12:21,990 [INFO] PluginManager:220 - loadIPPluginJar : add lorawan
2025-07-29 11:12:21,997 [INFO] IPUIPlugin:80 - create IPUIPlugin
2025-07-29 11:12:21,998 [INFO] PluginManager:220 - loadIPPluginJar : add dma
2025-07-29 11:12:22,000 [INFO] IPUIPlugin:80 - create IPUIPlugin
2025-07-29 11:12:22,001 [INFO] PluginManager:220 - loadIPPluginJar : add radio
2025-07-29 11:12:22,004 [INFO] IPUIPlugin:80 - create IPUIPlugin
2025-07-29 11:12:22,004 [INFO] PluginManager:220 - loadIPPluginJar : add i2c
2025-07-29 11:12:22,006 [INFO] IPUIPlugin:80 - create IPUIPlugin
2025-07-29 11:12:22,006 [INFO] PluginManager:220 - loadIPPluginJar : add fatfs
2025-07-29 11:12:22,010 [INFO] IPUIPlugin:80 - create IPUIPlugin
2025-07-29 11:12:22,010 [INFO] PluginManager:220 - loadIPPluginJar : add openamp
2025-07-29 11:12:22,014 [INFO] IPUIPlugin:80 - create IPUIPlugin
2025-07-29 11:12:22,014 [INFO] PluginManager:220 - loadIPPluginJar : add nvic
2025-07-29 11:12:22,016 [INFO] IPUIPlugin:80 - create IPUIPlugin
2025-07-29 11:12:22,017 [INFO] PluginManager:220 - loadIPPluginJar : add quadspi
2025-07-29 11:12:22,020 [INFO] IPUIPlugin:80 - create IPUIPlugin
2025-07-29 11:12:22,020 [INFO] PluginManager:220 - loadIPPluginJar : add extmemmanager
2025-07-29 11:12:22,024 [INFO] IPUIPlugin:80 - create IPUIPlugin
2025-07-29 11:12:22,024 [INFO] PluginManager:220 - loadIPPluginJar : add sai
2025-07-29 11:12:22,032 [INFO] IPUIPlugin:80 - create IPUIPlugin
2025-07-29 11:12:22,032 [INFO] PluginManager:220 - loadIPPluginJar : add fmc
2025-07-29 11:12:22,035 [INFO] IPUIPlugin:80 - create IPUIPlugin
2025-07-29 11:12:22,036 [INFO] PluginManager:220 - loadIPPluginJar : add can
2025-07-29 11:12:22,039 [INFO] IPUIPlugin:80 - create IPUIPlugin
2025-07-29 11:12:22,039 [INFO] PluginManager:220 - loadIPPluginJar : add ddr_ctrl_phy
2025-07-29 11:12:22,042 [INFO] IPUIPlugin:80 - create IPUIPlugin
2025-07-29 11:12:22,042 [INFO] PluginManager:220 - loadIPPluginJar : add opamp
2025-07-29 11:12:22,046 [INFO] IPUIPlugin:80 - create IPUIPlugin
2025-07-29 11:12:22,046 [INFO] PluginManager:220 - loadIPPluginJar : add ipddr
2025-07-29 11:12:22,049 [INFO] IPUIPlugin:80 - create IPUIPlugin
2025-07-29 11:12:22,049 [INFO] PluginManager:220 - loadIPPluginJar : add i3c
2025-07-29 11:12:22,057 [INFO] IPUIPlugin:80 - create IPUIPlugin
2025-07-29 11:12:22,057 [INFO] PluginManager:220 - loadIPPluginJar : add adc
2025-07-29 11:12:22,060 [INFO] IPUIPlugin:80 - create IPUIPlugin
2025-07-29 11:12:22,060 [INFO] PluginManager:220 - loadIPPluginJar : add gtzc
2025-07-29 11:12:22,063 [INFO] IPUIPlugin:80 - create IPUIPlugin
2025-07-29 11:12:22,064 [INFO] PluginManager:220 - loadIPPluginJar : add gfxmmu
2025-07-29 11:12:22,066 [INFO] IPUIPlugin:80 - create IPUIPlugin
2025-07-29 11:12:22,067 [INFO] PluginManager:220 - loadIPPluginJar : add spi
2025-07-29 11:12:22,074 [INFO] IPUIPlugin:80 - create IPUIPlugin
2025-07-29 11:12:22,078 [INFO] PluginManager:220 - loadIPPluginJar : add plateformsettings
2025-07-29 11:12:22,081 [INFO] IPUIPlugin:80 - create IPUIPlugin
2025-07-29 11:12:22,082 [INFO] PluginManager:220 - loadIPPluginJar : add pdm2pcm
2025-07-29 11:12:22,083 [INFO] IPUIPlugin:80 - create IPUIPlugin
2025-07-29 11:12:22,084 [INFO] PluginManager:220 - loadIPPluginJar : add genericplugin
2025-07-29 11:12:22,087 [INFO] IPUIPlugin:80 - create IPUIPlugin
2025-07-29 11:12:22,087 [INFO] PluginManager:220 - loadIPPluginJar : add i2s
2025-07-29 11:12:22,089 [INFO] IPUIPlugin:80 - create IPUIPlugin
2025-07-29 11:12:22,089 [INFO] PluginManager:220 - loadIPPluginJar : add tsc
2025-07-29 11:12:22,091 [INFO] IPUIPlugin:80 - create IPUIPlugin
2025-07-29 11:12:22,092 [INFO] PluginManager:220 - loadIPPluginJar : add dma3
2025-07-29 11:12:22,094 [INFO] IPUIPlugin:80 - create IPUIPlugin
2025-07-29 11:12:22,094 [INFO] PluginManager:220 - loadIPPluginJar : add aes
2025-07-29 11:12:22,096 [INFO] IPUIPlugin:80 - create IPUIPlugin
2025-07-29 11:12:22,096 [INFO] PluginManager:220 - loadIPPluginJar : add ts
2025-07-29 11:12:22,098 [INFO] IPUIPlugin:80 - create IPUIPlugin
2025-07-29 11:12:22,098 [INFO] PluginManager:220 - loadIPPluginJar : add ucpd
2025-07-29 11:12:22,100 [INFO] IPUIPlugin:80 - create IPUIPlugin
2025-07-29 11:12:22,100 [INFO] PluginManager:220 - loadIPPluginJar : add comp
2025-07-29 11:12:22,102 [INFO] IPUIPlugin:80 - create IPUIPlugin
2025-07-29 11:12:22,103 [INFO] PluginManager:220 - loadIPPluginJar : add usart
2025-07-29 11:12:22,106 [INFO] IPUIPlugin:80 - create IPUIPlugin
2025-07-29 11:12:22,106 [INFO] PluginManager:220 - loadIPPluginJar : add resmgrutility
2025-07-29 11:12:22,108 [INFO] IPUIPlugin:80 - create IPUIPlugin
2025-07-29 11:12:22,108 [INFO] PluginManager:220 - loadIPPluginJar : add usbx
2025-07-29 11:12:22,110 [INFO] IPUIPlugin:80 - create IPUIPlugin
2025-07-29 11:12:22,110 [INFO] PluginManager:220 - loadIPPluginJar : add dfsdm
2025-07-29 11:12:22,113 [INFO] IPUIPlugin:80 - create IPUIPlugin
2025-07-29 11:12:22,113 [INFO] PluginManager:220 - loadIPPluginJar : add cryp
2025-07-29 11:12:22,120 [INFO] IPUIPlugin:80 - create IPUIPlugin
2025-07-29 11:12:22,120 [INFO] PluginManager:220 - loadIPPluginJar : add linkedlist
2025-07-29 11:12:22,121 [INFO] IPUIPlugin:80 - create IPUIPlugin
2025-07-29 11:12:22,121 [INFO] PluginManager:220 - loadIPPluginJar : add ltdc
2025-07-29 11:12:22,123 [INFO] IPUIPlugin:80 - create IPUIPlugin
2025-07-29 11:12:22,123 [INFO] PluginManager:220 - loadIPPluginJar : add tim
2025-07-29 11:12:22,126 [INFO] IPUIPlugin:80 - create IPUIPlugin
2025-07-29 11:12:22,126 [INFO] PluginManager:220 - loadIPPluginJar : add gpio
2025-07-29 11:12:22,131 [INFO] IPUIPlugin:80 - create IPUIPlugin
2025-07-29 11:12:22,131 [INFO] PluginManager:220 - loadIPPluginJar : add freertos
2025-07-29 11:12:22,136 [INFO] IPUIPlugin:80 - create IPUIPlugin
2025-07-29 11:12:22,137 [INFO] PluginManager:220 - loadIPPluginJar : add stm32_wpan
2025-07-29 11:12:22,255 [FATAL] Updater:351 - Updater called before beeing initialized
2025-07-29 11:12:22,307 [INFO] RulesReader:64 - Compatibility file has been processed (302 Rules)
2025-07-29 11:12:22,325 [INFO] RulesReader:64 - Compatibility file has been processed (302 Rules)
2025-07-29 11:12:22,337 [INFO] CADModel:165 - CPN selected for project level
2025-07-29 11:12:22,337 [INFO] CADModel:114 - Register for checkConnection events
2025-07-29 11:12:22,337 [FATAL] Updater:351 - Updater called before beeing initialized
2025-07-29 11:12:22,337 [ERROR] CADModel:125 - Updater not yet initialized, retry later 
2025-07-29 11:12:22,503 [FATAL] Updater:351 - Updater called before beeing initialized
2025-07-29 11:12:22,504 [INFO] CADModel:165 - CPN selected for project level
2025-07-29 11:12:22,505 [INFO] CADModel:114 - Register for checkConnection events
2025-07-29 11:12:22,505 [FATAL] Updater:351 - Updater called before beeing initialized
2025-07-29 11:12:22,505 [ERROR] CADModel:125 - Updater not yet initialized, retry later 
2025-07-29 11:12:22,508 [FATAL] Updater:351 - Updater called before beeing initialized
2025-07-29 11:12:22,634 [FATAL] Updater:351 - Updater called before beeing initialized
2025-07-29 11:12:22,639 [INFO] DbMcusAds:53 - JSON generation date=Tue Jul 08 13:44:23 IST 2025 (1751962463562)
2025-07-29 11:12:22,639 [FATAL] Updater:351 - Updater called before beeing initialized
2025-07-29 11:12:22,688 [WARN] DetailPanel:346 - Failed to get advertising image, set to default
2025-07-29 11:12:23,043 [FATAL] Updater:351 - Updater called before beeing initialized
2025-07-29 11:12:23,045 [FATAL] Updater:351 - Updater called before beeing initialized
2025-07-29 11:12:23,045 [FATAL] Updater:351 - Updater called before beeing initialized
2025-07-29 11:12:23,046 [WARN] DetailPanel:346 - Failed to get advertising image, set to default
2025-07-29 11:12:23,047 [FATAL] Updater:351 - Updater called before beeing initialized
2025-07-29 11:12:23,093 [ERROR] Updater:1198 - MainUpdater not yet initialized. External WinMGr cannot be set.
2025-07-29 11:12:23,094 [INFO] Updater:1134 - Updater Version found : 6.14.1
2025-07-29 11:12:23,112 [INFO] ApplicationProperties:184 - Using Application install path: /opt/st/stm32cubeide_1.18.1/plugins/com.st.stm32cube.common.mx_6.14.1.202504091515
2025-07-29 11:12:23,393 [INFO] MainUpdater:2872 - connection check result : 10
2025-07-29 11:12:23,394 [INFO] MainUpdater:289 - Updater Check For Update Now.
2025-07-29 11:12:23,394 [INFO] MicroXplorer:498 - Change Database Version : DB.6.0.141
2025-07-29 11:12:23,400 [INFO] McuFinderGlobals:63 - Set McuFinder mode to 2 (CubeIDE integrated)
2025-07-29 11:12:23,401 [INFO] UserAuth:171 - activating auth plugin
2025-07-29 11:12:23,406 [INFO] UserAuth:484 - Internet connection configuration mode: 1
2025-07-29 11:12:23,422 [INFO] JxBrowserEngine:152 - Initiate JxBrowser Engine with user profile folder
2025-07-29 11:12:23,653 [INFO] CheckServerUpdateThread:120 - End of CheckServer Thread
2025-07-29 11:12:23,804 [INFO] MainUpdater:2872 - connection check result : 10
2025-07-29 11:12:25,025 [WARN] PackLoader:240 - Cannot read IP mode file for STMicroelectronics.FP-SNS-MOTENVWB1.1.4.0
2025-07-29 11:12:25,262 [INFO] WebApp:169 - Instantiating new browser for Auth
2025-07-29 11:12:25,264 [WARN] PackLoader:240 - Cannot read IP mode file for STMicroelectronics.X-CUBE-DISPLAY.3.0.0
2025-07-29 11:12:25,321 [WARN] PackLoader:240 - Cannot read IP mode file for STMicroelectronics.FP-SNS-SMARTAG2.1.2.0
2025-07-29 11:12:25,352 [WARN] PackLoader:240 - Cannot read IP mode file for STMicroelectronics.FP-SNS-MOTENV1.5.0.0
2025-07-29 11:12:25,392 [WARN] PackLoader:240 - Cannot read IP mode file for STMicroelectronics.X-CUBE-BLE2.3.3.0
2025-07-29 11:12:25,412 [WARN] PackLoader:240 - Cannot read IP mode file for STMicroelectronics.FP-ATR-SIGFOX1.3.2.0
2025-07-29 11:12:25,450 [WARN] PackLoader:240 - Cannot read IP mode file for STMicroelectronics.FP-SNS-STBOX1.2.0.0
2025-07-29 11:12:25,480 [WARN] PackLoader:240 - Cannot read IP mode file for STMicroelectronics.X-CUBE-ALS.1.0.2
2025-07-29 11:12:25,483 [INFO] ThirdParty:978 - Integrity check success = true
2025-07-29 11:12:25,483 [INFO] IntegrityCheckThread:100 - exiting critical section [integrity check]
2025-07-29 11:12:25,483 [INFO] IntegrityCheckThread:103 - End integrity checks thread
2025-07-29 11:12:25,581 [INFO] ApiDb:581 - Connected to CubeFinder SQLite database (/home/nova/.stmcufinder/plugins/mcufinder/mcu/cube-finder-db.db)
2025-07-29 11:12:25,774 [INFO] ApiDb:668 - CubeFinder database Data Model version=2.1
2025-07-29 11:12:25,775 [INFO] ApiDb:669 - CubeFinder database Configuration version=3.0.39
2025-07-29 11:12:25,775 [INFO] ApiDb:670 - CubeFinder database generation date=2025-07-21 (1753107327)
2025-07-29 11:12:25,775 [INFO] ApiDb:671 - CubeFinder database FW Pack versions=[FP-ATR-ASTRA1_V2.0.0, FP-SNS-FLIGHT1_V5.1.0, FP-SNS-MOTENV1_V5.0.0, FP-SNS-MOTENVWB1_V1.4.0, FP-SNS-SMARTAG2_V1.2.0, FP-SNS-STBOX1_V2.0.0, STM32Cube_FW_C0_V1.4.0, STM32Cube_FW_F4_V1.28.2, STM32Cube_FW_F7_V1.17.3, STM32Cube_FW_G0_V1.6.2, STM32Cube_FW_G4_V1.6.1, STM32Cube_FW_H5_V1.5.0, STM32Cube_FW_H7RS_V1.2.0, STM32Cube_FW_H7_V1.12.1, STM32Cube_FW_L0_V1.12.2, STM32Cube_FW_L4_V1.18.1, STM32Cube_FW_L5_V1.5.1, STM32Cube_FW_N6_V1.2.0, STM32Cube_FW_U0_V1.3.0, STM32Cube_FW_U3_V1.2.0, STM32Cube_FW_U5_V1.8.0, STM32Cube_FW_WB0_V1.3.0, STM32Cube_FW_WBA_V1.7.0, STM32Cube_FW_WB_V1.23.0, STM32Cube_FW_WL3_V1.2.0, STM32Cube_FW_WL_V1.3.1, X-CUBE-ALGOBUILD_V1.4.0, X-CUBE-ALS_V1.0.2, X-CUBE-AZRTOS-F4_V1.1.0, X-CUBE-AZRTOS-F7_V1.1.0, X-CUBE-AZRTOS-G0_V1.1.0, X-CUBE-AZRTOS-G4_V2.0.0, X-CUBE-AZRTOS-H7RS_V1.1.0, X-CUBE-AZRTOS-H7_V3.3.0, X-CUBE-AZRTOS-L4_V2.0.0, X-CUBE-AZRTOS-L5_V2.0.0, X-CUBE-AZRTOS-WB_V2.0.0, X-CUBE-AZRTOS-WL_V2.0.0, X-CUBE-BLE1_V7.1.0, X-CUBE-BLE2_V3.3.0, X-CUBE-BLEMGR_V4.0.0, X-CUBE-EEPRMA1_V5.1.0, X-CUBE-FREERTOS_V1.3.1, X-CUBE-GNSS1_V6.0.0, X-CUBE-MEMS1_V11.3.0, X-CUBE-NFC4_V3.0.0, X-CUBE-NFC7_V2.0.0, X-CUBE-SFXS2LP1_V4.0.0, X-CUBE-SUBG2_V5.0.0, X-CUBE-TOF1_V3.4.3]
2025-07-29 11:12:25,947 [INFO] DbBoardsSqlite:226 - include board P-NUCLEO-WB55-NUCLEO as a kit item of type 'Nucleo-64'
2025-07-29 11:12:25,948 [INFO] DbBoardsSqlite:226 - include board P-NUCLEO-WB55-USBDONGLE as a kit item of type 'Nucleo USB Dongle'
2025-07-29 11:12:25,949 [INFO] DbBoardsSqlite:226 - include board STEVAL-IDP005V1 as a kit item of type 'Evaluation Board'
2025-07-29 11:12:25,950 [INFO] DbBoardsSqlite:226 - include board STEVAL-IDP005V2 as a kit item of type 'Evaluation Board'
2025-07-29 11:12:26,060 [INFO] ApiDb:240 - Found 895 in-development CPN: [B-G473E-ZEST1S, B-WB1M-WPAN1, B-WBA5M-WPAN, B-WL5M-SUBG1, NUCLEO-C031C6, NUCLEO-C051C8, NUCLEO-C071RB, NUCLEO-C092RC, NUCLEO-H503RB, NUCLEO-H533RE, NUCLEO-H563ZI, NUCLEO-H7S3L8, NUCLEO-N657X0-Q, NUCLEO-U031R8, NUCLEO-U083RC, NUCLEO-U385RG-Q, NUCLEO-U545RE-Q, NUCLEO-U5A5ZJ-Q, NUCLEO-WB05KZ, NUCLEO-WB07CC, NUCLEO-WB09KE, NUCLEO-WBA52CG, NUCLEO-WBA55CG, NUCLEO-WBA65RI, NUCLEO-WL33CC1, NUCLEO-WL33CC2, STEVAL-PROTEUS1, STEVAL-SMARTAG2, STEVAL-STWINBX1, STM320518-EVAL, STM32C0116-DK, STM32C011D6Y3TR, STM32C011D6Y6TR, STM32C011F4P3, STM32C011F4P6, STM32C011F4U3, STM32C011F4U6TR, STM32C011F6P3, STM32C011F6P6, STM32C011F6U3, STM32C011F6U6TR, STM32C011J4M3, STM32C011J4M6, STM32C011J6M3, STM32C011J6M6, STM32C0316-DK, STM32C031C4T3, STM32C031C4T6, STM32C031C4U3, STM32C031C4U6, STM32C031C6T3, STM32C031C6T6, STM32C031C6U3, STM32C031C6U6, STM32C031F4P3, STM32C031F4P6, STM32C031F6P3, STM32C031F6P6, STM32C031G4U3, STM32C031G4U6, STM32C031G6U3, STM32C031G6U6, STM32C031K4T3, STM32C031K4T6, STM32C031K4U3, STM32C031K4U6, STM32C031K6T3, STM32C031K6T6, STM32C031K6U3, STM32C031K6U6, STM32C051C6T6, STM32C051C6U6, STM32C051C8T6, STM32C051C8U6, STM32C051D8Y6TR, STM32C051F6P6, STM32C051F8P6, STM32C051G6U6, STM32C051G8U6, STM32C051K6T6, STM32C051K6U6, STM32C051K8T6, STM32C071C8T6, STM32C071C8T6N, STM32C071C8U6, STM32C071C8U6N, STM32C071CBT6, STM32C071CBT6N, STM32C071CBU6, STM32C071CBU6N, STM32C071F8P6, STM32C071F8P6N, STM32C071FBP6, STM32C071FBP6N, STM32C071FBY6TR, STM32C071G8U6, STM32C071G8U6N, STM32C071GBU6, STM32C071GBU6N, STM32C071K8T6, STM32C071K8T6N, STM32C071K8U6, STM32C071K8U6N, STM32C071KBT6, STM32C071KBT6N, STM32C071KBU6, STM32C071KBU6N, STM32C071R8T6, STM32C071R8T6N, STM32C071RBI6N, STM32C071RBT6, STM32C071RBT6N, STM32C091CBT6, STM32C091CBU6, STM32C091CCT6, STM32C091CCU6, STM32C091ECY6TR, STM32C091FBP6, STM32C091FCP6, STM32C091GBU6, STM32C091GCU6, STM32C091KBT6, STM32C091KBU6, STM32C091KCT6, STM32C091KCU6, STM32C091RBT6, STM32C091RCI6, STM32C091RCT6, STM32C092CBT6, STM32C092CBU6, STM32C092CCT6, STM32C092CCU6, STM32C092ECY6TR, STM32C092FBP6, STM32C092FCP6, STM32C092GBU6, STM32C092GCU6, STM32C092KBT6, STM32C092KBU6, STM32C092KCT6, STM32C092KCU6, STM32C092RBT6, STM32C092RCI6, STM32C092RCT6, STM32G071K8TXN, STM32G071K8UXN, STM32G081GBU6N, STM32G081KBT6N, STM32G081KBUXN, STM32G0B1CCT6N, STM32G0B1KCT6, STM32G0B1NEY6TR, STM32G0B1RCT6N, STM32G0C1CCT6, STM32G0C1CCT6N, STM32G0C1CCU6N, STM32G0C1CET6N, STM32G0C1CEU6N, STM32G0C1KCT6, STM32G0C1NEY6TR, STM32G0C1RCI6N, STM32G0C1RCT6N, STM32G0C1REI6N, STM32G0C1RET6N, STM32G0C1VCI6, STM32G0C1VEI6, STM32G411C6T3, STM32G411C6T6, STM32G411C6U3, STM32G411C6U6, STM32G411C8T3, STM32G411C8T6, STM32G411C8U3, STM32G411C8U6, STM32G411CBT3, STM32G411CBT6, STM32G411CBU3, STM32G411CBU6, STM32G411CCT3, STM32G411CCT6, STM32G411CCU3, STM32G411CCU6, STM32G411K6T3, STM32G411K6T6, STM32G411K6U3, STM32G411K6U6, STM32G411K8T3, STM32G411K8T6, STM32G411K8U3, STM32G411K8U6, STM32G411KBT3, STM32G411KBT6, STM32G411KBU3, STM32G411KBU6, STM32G411M6T3, STM32G411M6T6, STM32G411M8T3, STM32G411M8T6, STM32G411MBT3, STM32G411MBT6, STM32G411MCT3, STM32G411MCT6, STM32G411R6T3, STM32G411R6T6, STM32G411R8T3, STM32G411R8T6, STM32G411RBT3, STM32G411RBT6, STM32G411RCT3, STM32G411RCT6, STM32G414CBT3, STM32G414CBT6, STM32G414CBU3, STM32G414CBU6, STM32G414CCT3, STM32G414CCT6, STM32G414CCU3, STM32G414CCU6, STM32G414MBT3, STM32G414MBT6, STM32G414MCT3, STM32G414MCT6, STM32G414RBT3, STM32G414RBT6, STM32G414RCT3, STM32G414RCT6, STM32G414VBT3, STM32G414VBT6, STM32G414VCT3, STM32G414VCT6, STM32G431CBT3Z, STM32G431RBT3Z, STM32G471CCT6, STM32G471CCU6, STM32G471CET3, STM32G471CET6, STM32G471CEU3, STM32G471CEU6, STM32G471MCT6, STM32G471MET3, STM32G471MET6, STM32G471MEY6TR, STM32G471QCT6, STM32G471QET3, STM32G471RCT6, STM32G471RET3, STM32G471RET6, STM32G471VCH6, STM32G471VCI6, STM32G471VCT6, STM32G471VEH3, STM32G471VEH6, STM32G471VEI3, STM32G471VEI6, STM32G471VET3, STM32G471VET6, STM32G473QET3Z, STM32G473RET3Z, STM32G474CCT6, STM32G491RET3Z, STM32H503CBT6, STM32H503CBU6, STM32H503EBY6TR, STM32H503KBU6, STM32H503RBT6, STM32H523CCT6, STM32H523CCU6, STM32H523CET6, STM32H523CEU6, STM32H523HEY6TR, STM32H523RCT6, STM32H523RET6, STM32H523VCI6, STM32H523VCT6, STM32H523VEI6, STM32H523VET6, STM32H523ZCJ6, STM32H523ZCT6, STM32H523ZEJ6, STM32H523ZET6, STM32H533CET6, STM32H533CEU6, STM32H533HEY6TR, STM32H533RET6, STM32H533VEI6, STM32H533VET6, STM32H533ZEJ6, STM32H533ZET6, STM32H562AGI6, STM32H562AII6, STM32H562IGK6, STM32H562IGT6, STM32H562IIK6, STM32H562IIT6, STM32H562RGT6, STM32H562RGV6, STM32H562RIT6, STM32H562RIV6, STM32H562VGT6, STM32H562VIT6, STM32H562ZGT6, STM32H562ZIT6, STM32H563AGI6, STM32H563AII3Q, STM32H563AII6, STM32H563IGK6, STM32H563IGT6, STM32H563IIK3Q, STM32H563IIK6, STM32H563IIT3Q, STM32H563IIT6, STM32H563MIY3QTR, STM32H563RGT6, STM32H563RGV6, STM32H563RIT6, STM32H563RIV6, STM32H563VGT6, STM32H563VIT3Q, STM32H563VIT6, STM32H563ZGT6, STM32H563ZIT3Q, STM32H563ZIT6, STM32H573AII3Q, STM32H573AII6, STM32H573I-DK, STM32H573IIK3Q, STM32H573IIK6, STM32H573IIT3Q, STM32H573IIT6, STM32H573MIY3QTR, STM32H573RIT6, STM32H573RIV6, STM32H573VIT3Q, STM32H573VIT6, STM32H573ZIT3Q, STM32H573ZIT6, STM32H7R3A8I6, STM32H7R3I8K6, STM32H7R3I8T6, STM32H7R3L8H6, STM32H7R3L8H6H, STM32H7R3R8V6, STM32H7R3V8H6, STM32H7R3V8T6, STM32H7R3V8Y6TR, STM32H7R3Z8J6, STM32H7R3Z8T6, STM32H7R7A8I6, STM32H7R7I8K6, STM32H7R7I8T6, STM32H7R7L8H6, STM32H7R7L8H6H, STM32H7R7Z8J6, STM32H7S3A8I6, STM32H7S3I8K6, STM32H7S3I8T6, STM32H7S3L8H6, STM32H7S3L8H6H, STM32H7S3R8V6, STM32H7S3V8H6, STM32H7S3V8T6, STM32H7S3V8Y6TR, STM32H7S3Z8J6, STM32H7S3Z8T6, STM32H7S78-DK, STM32H7S7A8I6, STM32H7S7I8K6, STM32H7S7I8T6, STM32H7S7L8H6, STM32H7S7L8H6H, STM32H7S7Z8J6, STM32L4R5QGI6STR, STM32MP131AAE3, STM32MP131AAF3, STM32MP131AAG3, STM32MP131CAE3, STM32MP131CAF3, STM32MP131CAG3, STM32MP131DAE7, STM32MP131DAF7, STM32MP131DAG7, STM32MP131FAE7, STM32MP131FAF7, STM32MP131FAG7, STM32MP133AAE3, STM32MP133AAF3, STM32MP133AAG3, STM32MP133CAE3, STM32MP133CAF3, STM32MP133CAG3, STM32MP133DAE7, STM32MP133DAF7, STM32MP133DAG7, STM32MP133FAE7, STM32MP133FAF7, STM32MP133FAG7, STM32MP135AAE3, STM32MP135AAF3, STM32MP135AAG3, STM32MP135CAE3, STM32MP135CAF3, STM32MP135CAG3, STM32MP135DAE7, STM32MP135DAF7, STM32MP135DAG7, STM32MP135F-DK, STM32MP135FAE7, STM32MP135FAF7, STM32MP135FAF7T, STM32MP135FAF7U, STM32MP135FAG7, STM32MP231AAJ3, STM32MP231AAK3, STM32MP231AAL3, STM32MP231CAJ3, STM32MP231CAK3, STM32MP231CAL3, STM32MP231DAJ3, STM32MP231DAK3, STM32MP231DAL3, STM32MP231FAJ3, STM32MP231FAK3, STM32MP231FAL3, STM32MP233AAJ3, STM32MP233AAK3, STM32MP233AAL3, STM32MP233CAJ3, STM32MP233CAK3, STM32MP233CAL3, STM32MP233DAJ3, STM32MP233DAK3, STM32MP233DAL3, STM32MP233FAJ3, STM32MP233FAK3, STM32MP233FAL3, STM32MP235AAJ3, STM32MP235AAK3, STM32MP235AAL3, STM32MP235CAJ3, STM32MP235CAK3, STM32MP235CAL3, STM32MP235DAJ3, STM32MP235DAK3, STM32MP235DAL3, STM32MP235FAJ3, STM32MP235FAK3, STM32MP235FAL3, STM32MP251AAI3, STM32MP251AAJ3, STM32MP251AAK3, STM32MP251AAL3, STM32MP251CAI3, STM32MP251CAJ3, STM32MP251CAK3, STM32MP251CAL3, STM32MP251DAI3, STM32MP251DAJ3, STM32MP251DAK3, STM32MP251DAL3, STM32MP251FAI3, STM32MP251FAJ3, STM32MP251FAK3, STM32MP251FAL3, STM32MP253AAI3, STM32MP253AAJ3, STM32MP253AAK3, STM32MP253AAL3, STM32MP253CAI3, STM32MP253CAJ3, STM32MP253CAK3, STM32MP253CAL3, STM32MP253DAI3, STM32MP253DAJ3, STM32MP253DAK3, STM32MP253DAL3, STM32MP253FAI3, STM32MP253FAJ3, STM32MP253FAK3, STM32MP253FAL3, STM32MP255AAI3, STM32MP255AAJ3, STM32MP255AAK3, STM32MP255AAL3, STM32MP255CAI3, STM32MP255CAJ3, STM32MP255CAK3, STM32MP255CAL3, STM32MP255DAI3, STM32MP255DAJ3, STM32MP255DAK3, STM32MP255DAL3, STM32MP255FAI3, STM32MP255FAJ3, STM32MP255FAK3, STM32MP255FAL3, STM32MP257AAI3, STM32MP257AAJ3, STM32MP257AAK3, STM32MP257AAL3, STM32MP257CAI3, STM32MP257CAJ3, STM32MP257CAK3, STM32MP257CAL3, STM32MP257DAI3, STM32MP257DAJ3, STM32MP257DAK3, STM32MP257DAL3, STM32MP257F-DK, STM32MP257F-EV1, STM32MP257FAI3, STM32MP257FAJ3, STM32MP257FAK3, STM32MP257FAL3, STM32N645A0H3Q, STM32N645B0H3Q, STM32N645I0H3Q, STM32N645L0H3Q, STM32N645X0H3Q, STM32N645Z0H3Q, STM32N647A0H3Q, STM32N647B0H3Q, STM32N647I0H3Q, STM32N647L0H3Q, STM32N647X0H3Q, STM32N647Z0H3Q, STM32N655A0H3Q, STM32N655B0H3Q, STM32N655I0H3Q, STM32N655L0H3Q, STM32N655X0H3Q, STM32N655Z0H3Q, STM32N6570-DK, STM32N657A0H3Q, STM32N657B0H3Q, STM32N657I0H3Q, STM32N657L0H3Q, STM32N657X0H3Q, STM32N657Z0H3Q, STM32U031C6T6, STM32U031C6U6, STM32U031C8T6, STM32U031C8U6, STM32U031F4P6, STM32U031F6P6, STM32U031F8P6, STM32U031G6Y6TR, STM32U031G8Y6TR, STM32U031K4U6, STM32U031K6U6, STM32U031K8U6, STM32U031R6I6, STM32U031R6T6, STM32U031R8I6, STM32U031R8T6, STM32U073C8T6, STM32U073C8U6, STM32U073CBT6, STM32U073CBU6, STM32U073CCT6, STM32U073CCU6, STM32U073H8Y6TR, STM32U073HBY6TR, STM32U073HCY6TR, STM32U073K8U6, STM32U073KBU6, STM32U073KCU6, STM32U073M8I6, STM32U073M8T6, STM32U073MBI6, STM32U073MBT6, STM32U073MCI6, STM32U073MCT6, STM32U073R8I6, STM32U073R8T6, STM32U073RBI6, STM32U073RBT6, STM32U073RCI6, STM32U073RCT6, STM32U083C-DK, STM32U083CCT6, STM32U083CCU6, STM32U083HCY6TR, STM32U083KCU6, STM32U083MCI6, STM32U083MCT6, STM32U083RCI6, STM32U083RCT6, STM32U375CET6, STM32U375CET6Q, STM32U375CEU6, STM32U375CEU6Q, STM32U375CEY6QTR, STM32U375CGT6, STM32U375CGT6Q, STM32U375CGU6, STM32U375CGU6Q, STM32U375CGY6QTR, STM32U375KEU6, STM32U375KGU6, STM32U375REI6, STM32U375REI6Q, STM32U375RET6, STM32U375RET6Q, STM32U375REY6GTR, STM32U375REY6QTR, STM32U375RGI6, STM32U375RGI6Q, STM32U375RGT6, STM32U375RGT6Q, STM32U375RGY6GTR, STM32U375RGY6QTR, STM32U375VEI6, STM32U375VEI6Q, STM32U375VET6, STM32U375VET6Q, STM32U375VGI6, STM32U375VGI6Q, STM32U375VGT6, STM32U375VGT6Q, STM32U385CGT6, STM32U385CGT6Q, STM32U385CGU6, STM32U385CGU6Q, STM32U385CGY6QTR, STM32U385KGU6, STM32U385RGI6, STM32U385RGI6Q, STM32U385RGT6, STM32U385RGT6Q, STM32U385RGY6GTR, STM32U385RGY6QTR, STM32U385VGI6, STM32U385VGI6Q, STM32U385VGT6, STM32U385VGT6Q, STM32U535CBT6, STM32U535CBT6Q, STM32U535CBU6, STM32U535CBU6Q, STM32U535CCT6, STM32U535CCT6Q, STM32U535CCU6, STM32U535CCU6Q, STM32U535CET6, STM32U535CET6Q, STM32U535CEU6, STM32U535CEU6Q, STM32U535JEY6QTR, STM32U535NCY6QTR, STM32U535NEY6QTR, STM32U535RBI6, STM32U535RBI6Q, STM32U535RBT6, STM32U535RBT6Q, STM32U535RCI6, STM32U535RCI6Q, STM32U535RCT6, STM32U535RCT6Q, STM32U535REI6, STM32U535REI6Q, STM32U535RET6, STM32U535RET6Q, STM32U535VCI6, STM32U535VCI6Q, STM32U535VCT6, STM32U535VCT6Q, STM32U535VEI6, STM32U535VEI6Q, STM32U535VET6, STM32U535VET6Q, STM32U545CET6, STM32U545CET6Q, STM32U545CEU6, STM32U545CEU6Q, STM32U545JEY6QTR, STM32U545NEY6QTR, STM32U545REI6, STM32U545REI6Q, STM32U545RET6, STM32U545RET6Q, STM32U545VEI6, STM32U545VEI6Q, STM32U545VET6, STM32U545VET6Q, STM32U595AIH6, STM32U595AIH6Q, STM32U595AJH6, STM32U595AJH6Q, STM32U595QII6, STM32U595QII6Q, STM32U595QJI6, STM32U595QJI6Q, STM32U595RIT6, STM32U595RIT6Q, STM32U595RJT6, STM32U595RJT6Q, STM32U595VIT6, STM32U595VIT6Q, STM32U595VJT6, STM32U595VJT6Q, STM32U595ZIT6, STM32U595ZIT6Q, STM32U595ZIY6QTR, STM32U595ZJT6, STM32U595ZJT6Q, STM32U595ZJY6QTR, STM32U599BJY6QTR, STM32U599NIH6Q, STM32U599NJH6Q, STM32U599VIT6Q, STM32U599VJT6, STM32U599VJT6Q, STM32U599ZIT6Q, STM32U599ZIY6QTR, STM32U599ZJT6Q, STM32U599ZJY6QTR, STM32U5A5AJH6, STM32U5A5AJH6Q, STM32U5A5QII3Q , STM32U5A5QJI6, STM32U5A5QJI6Q, STM32U5A5RJT6, STM32U5A5RJT6Q, STM32U5A5VJT6, STM32U5A5VJT6Q, STM32U5A5ZJT6, STM32U5A5ZJT6Q, STM32U5A5ZJY6QTR, STM32U5A9BJY6QTR, STM32U5A9J-DK, STM32U5A9NJH6Q, STM32U5A9VJT6Q, STM32U5A9ZJT6Q, STM32U5A9ZJY6QTR, STM32U5F7VIT6, STM32U5F7VIT6Q, STM32U5F7VJT6, STM32U5F7VJT6Q, STM32U5F9BJY6QTR, STM32U5F9NJH6Q, STM32U5F9VIT6Q, STM32U5F9VJT6Q, STM32U5F9ZIJ6QTR, STM32U5F9ZIT6Q, STM32U5F9ZJJ6QTR, STM32U5F9ZJT6Q, STM32U5G7VJT6, STM32U5G7VJT6Q, STM32U5G9BJY6QTR, STM32U5G9J-DK1, STM32U5G9J-DK2, STM32U5G9NJH6Q, STM32U5G9VJT6Q, STM32U5G9ZJJ6QTR, STM32U5G9ZJT6Q, STM32WB05KZV6TR, STM32WB05KZV7TR, STM32WB05TZF6TR, STM32WB05TZF7TR, STM32WB06CCF6TR, STM32WB06CCF7TR, STM32WB06CCV6TR, STM32WB06CCV7TR, STM32WB06KCV6TR, STM32WB06KCV7TR, STM32WB07CCF6TR, STM32WB07CCF7TR, STM32WB07CCV6TR, STM32WB07CCV7TR, STM32WB07KCV6TR, STM32WB07KCV7TR, STM32WB09KEV6TR, STM32WB09KEV7TR, STM32WB09TEF6TR, STM32WB09TEF7TR, STM32WB1MMCH6, STM32WBA50KGU6, STM32WBA50KGU6TR, STM32WBA52CEU6, STM32WBA52CEU6TR, STM32WBA52CEU7, STM32WBA52CEU7TR, STM32WBA52CGU6, STM32WBA52CGU6TR, STM32WBA52CGU6U, STM32WBA52CGU7, STM32WBA52CGU7TR, STM32WBA52KEU6, STM32WBA52KEU6TR, STM32WBA52KGU6, STM32WBA52KGU6TR, STM32WBA54CEU6, STM32WBA54CEU6TR, STM32WBA54CEU7, STM32WBA54CEU7TR, STM32WBA54CGU6, STM32WBA54CGU6TR, STM32WBA54CGU7, STM32WBA54CGU7TR, STM32WBA54KEU6, STM32WBA54KEU6TR, STM32WBA54KEU7, STM32WBA54KEU7TR, STM32WBA54KGU6, STM32WBA54KGU6TR, STM32WBA54KGU7, STM32WBA54KGU7TR, STM32WBA55CEU6, STM32WBA55CEU6TR, STM32WBA55CEU7, STM32WBA55CEU7TR, STM32WBA55CGU6, STM32WBA55CGU6TR, STM32WBA55CGU6U, STM32WBA55CGU7, STM32WBA55CGU7TR, STM32WBA55G-DK1, STM32WBA55HEF6, STM32WBA55HEF7, STM32WBA55HGF6, STM32WBA55HGF7, STM32WBA55UEI6, STM32WBA55UEI6TR, STM32WBA55UEI7, STM32WBA55UEI7TR, STM32WBA55UGI6, STM32WBA55UGI6TR, STM32WBA55UGI7, STM32WBA55UGI7TR, STM32WBA5MJGH6TR, STM32WBA62CGU6, STM32WBA62CIU6, STM32WBA62MGF6, STM32WBA62MIF6, STM32WBA62PGI6, STM32WBA62PII6, STM32WBA63CGU6, STM32WBA63CGU7, STM32WBA63CIU6, STM32WBA63CIU7, STM32WBA64CGU6, STM32WBA64CGU7, STM32WBA64CIU6, STM32WBA64CIU7, STM32WBA65CGU6, STM32WBA65CGU7, STM32WBA65CIU6, STM32WBA65CIU7, STM32WBA65I-DK1, STM32WBA65MGF6, STM32WBA65MGF7, STM32WBA65MIF6, STM32WBA65MIF7, STM32WBA65PGI6, STM32WBA65PGI7, STM32WBA65PII6, STM32WBA65PII7, STM32WBA65RGV6, STM32WBA65RGV7, STM32WBA65RIV6, STM32WBA65RIV7, STM32WL30K8V6, STM32WL30KBV6, STM32WL31C8V6, STM32WL31CBV6, STM32WL31K8V6, STM32WL31KBV6, STM32WL33C8V6, STM32WL33C8V6TR, STM32WL33C8V7, STM32WL33C8V7TR, STM32WL33CBV6, STM32WL33CBV6TR, STM32WL33CBV7, STM32WL33CBV7TR, STM32WL33CCV6, STM32WL33CCV6TR, STM32WL33CCV7, STM32WL33CCV7A, STM32WL33CCV7ATR, STM32WL33CCV7TR, STM32WL33K8V6, STM32WL33K8V6TR, STM32WL33K8V7, STM32WL33K8V7TR, STM32WL33KBV6, STM32WL33KBV6TR, STM32WL33KBV7, STM32WL33KBV7TR, STM32WL33KCV6, STM32WL33KCV6TR, STM32WL33KCV7, STM32WL33KCV7TR, STM32WL5MOCH6, STM32WL5MOCH6TR]
2025-07-29 11:12:26,068 [INFO] ApiDb:668 - CubeFinder database Data Model version=2.1
2025-07-29 11:12:26,068 [INFO] ApiDb:669 - CubeFinder database Configuration version=3.0.39
2025-07-29 11:12:26,069 [INFO] ApiDb:670 - CubeFinder database generation date=2025-07-21 (1753107327)
2025-07-29 11:12:26,069 [INFO] ApiDb:671 - CubeFinder database FW Pack versions=[FP-ATR-ASTRA1_V2.0.0, FP-SNS-FLIGHT1_V5.1.0, FP-SNS-MOTENV1_V5.0.0, FP-SNS-MOTENVWB1_V1.4.0, FP-SNS-SMARTAG2_V1.2.0, FP-SNS-STBOX1_V2.0.0, STM32Cube_FW_C0_V1.4.0, STM32Cube_FW_F4_V1.28.2, STM32Cube_FW_F7_V1.17.3, STM32Cube_FW_G0_V1.6.2, STM32Cube_FW_G4_V1.6.1, STM32Cube_FW_H5_V1.5.0, STM32Cube_FW_H7RS_V1.2.0, STM32Cube_FW_H7_V1.12.1, STM32Cube_FW_L0_V1.12.2, STM32Cube_FW_L4_V1.18.1, STM32Cube_FW_L5_V1.5.1, STM32Cube_FW_N6_V1.2.0, STM32Cube_FW_U0_V1.3.0, STM32Cube_FW_U3_V1.2.0, STM32Cube_FW_U5_V1.8.0, STM32Cube_FW_WB0_V1.3.0, STM32Cube_FW_WBA_V1.7.0, STM32Cube_FW_WB_V1.23.0, STM32Cube_FW_WL3_V1.2.0, STM32Cube_FW_WL_V1.3.1, X-CUBE-ALGOBUILD_V1.4.0, X-CUBE-ALS_V1.0.2, X-CUBE-AZRTOS-F4_V1.1.0, X-CUBE-AZRTOS-F7_V1.1.0, X-CUBE-AZRTOS-G0_V1.1.0, X-CUBE-AZRTOS-G4_V2.0.0, X-CUBE-AZRTOS-H7RS_V1.1.0, X-CUBE-AZRTOS-H7_V3.3.0, X-CUBE-AZRTOS-L4_V2.0.0, X-CUBE-AZRTOS-L5_V2.0.0, X-CUBE-AZRTOS-WB_V2.0.0, X-CUBE-AZRTOS-WL_V2.0.0, X-CUBE-BLE1_V7.1.0, X-CUBE-BLE2_V3.3.0, X-CUBE-BLEMGR_V4.0.0, X-CUBE-EEPRMA1_V5.1.0, X-CUBE-FREERTOS_V1.3.1, X-CUBE-GNSS1_V6.0.0, X-CUBE-MEMS1_V11.3.0, X-CUBE-NFC4_V3.0.0, X-CUBE-NFC7_V2.0.0, X-CUBE-SFXS2LP1_V4.0.0, X-CUBE-SUBG2_V5.0.0, X-CUBE-TOF1_V3.4.3]
2025-07-29 11:12:26,758 [INFO] WebApp:463 - Apply proxy settings
2025-07-29 11:12:26,759 [INFO] WebApp:548 - Chromium requires no authentication
2025-07-29 11:12:26,770 [INFO] WebApp:491 - Direct internet connection detected
2025-07-29 11:12:26,800 [INFO] WebApp:894 - Register for checkConnection events
2025-07-29 11:12:26,801 [INFO] WebApp:463 - Apply proxy settings
2025-07-29 11:12:26,801 [INFO] WebApp:548 - Chromium requires no authentication
2025-07-29 11:12:26,802 [INFO] WebApp:491 - Direct internet connection detected
2025-07-29 11:12:27,049 [INFO] WebApp:225 - Starting web application
2025-07-29 11:12:27,148 [INFO] WebApp:593 - Web application path used /opt/st/stm32cubeide_1.18.1/plugins/com.st.stm32cube.common.mx_6.14.1.202504091515/db/plugins/mcufinder/reactClient1/index.html
2025-07-29 11:12:30,937 [INFO] WebApp:191 - Connection restablished
2025-07-29 11:12:31,458 [INFO] ApiDb:240 - Found 895 in-development CPN: [B-G473E-ZEST1S, B-WB1M-WPAN1, B-WBA5M-WPAN, B-WL5M-SUBG1, NUCLEO-C031C6, NUCLEO-C051C8, NUCLEO-C071RB, NUCLEO-C092RC, NUCLEO-H503RB, NUCLEO-H533RE, NUCLEO-H563ZI, NUCLEO-H7S3L8, NUCLEO-N657X0-Q, NUCLEO-U031R8, NUCLEO-U083RC, NUCLEO-U385RG-Q, NUCLEO-U545RE-Q, NUCLEO-U5A5ZJ-Q, NUCLEO-WB05KZ, NUCLEO-WB07CC, NUCLEO-WB09KE, NUCLEO-WBA52CG, NUCLEO-WBA55CG, NUCLEO-WBA65RI, NUCLEO-WL33CC1, NUCLEO-WL33CC2, STEVAL-PROTEUS1, STEVAL-SMARTAG2, STEVAL-STWINBX1, STM320518-EVAL, STM32C0116-DK, STM32C011D6Y3TR, STM32C011D6Y6TR, STM32C011F4P3, STM32C011F4P6, STM32C011F4U3, STM32C011F4U6TR, STM32C011F6P3, STM32C011F6P6, STM32C011F6U3, STM32C011F6U6TR, STM32C011J4M3, STM32C011J4M6, STM32C011J6M3, STM32C011J6M6, STM32C0316-DK, STM32C031C4T3, STM32C031C4T6, STM32C031C4U3, STM32C031C4U6, STM32C031C6T3, STM32C031C6T6, STM32C031C6U3, STM32C031C6U6, STM32C031F4P3, STM32C031F4P6, STM32C031F6P3, STM32C031F6P6, STM32C031G4U3, STM32C031G4U6, STM32C031G6U3, STM32C031G6U6, STM32C031K4T3, STM32C031K4T6, STM32C031K4U3, STM32C031K4U6, STM32C031K6T3, STM32C031K6T6, STM32C031K6U3, STM32C031K6U6, STM32C051C6T6, STM32C051C6U6, STM32C051C8T6, STM32C051C8U6, STM32C051D8Y6TR, STM32C051F6P6, STM32C051F8P6, STM32C051G6U6, STM32C051G8U6, STM32C051K6T6, STM32C051K6U6, STM32C051K8T6, STM32C071C8T6, STM32C071C8T6N, STM32C071C8U6, STM32C071C8U6N, STM32C071CBT6, STM32C071CBT6N, STM32C071CBU6, STM32C071CBU6N, STM32C071F8P6, STM32C071F8P6N, STM32C071FBP6, STM32C071FBP6N, STM32C071FBY6TR, STM32C071G8U6, STM32C071G8U6N, STM32C071GBU6, STM32C071GBU6N, STM32C071K8T6, STM32C071K8T6N, STM32C071K8U6, STM32C071K8U6N, STM32C071KBT6, STM32C071KBT6N, STM32C071KBU6, STM32C071KBU6N, STM32C071R8T6, STM32C071R8T6N, STM32C071RBI6N, STM32C071RBT6, STM32C071RBT6N, STM32C091CBT6, STM32C091CBU6, STM32C091CCT6, STM32C091CCU6, STM32C091ECY6TR, STM32C091FBP6, STM32C091FCP6, STM32C091GBU6, STM32C091GCU6, STM32C091KBT6, STM32C091KBU6, STM32C091KCT6, STM32C091KCU6, STM32C091RBT6, STM32C091RCI6, STM32C091RCT6, STM32C092CBT6, STM32C092CBU6, STM32C092CCT6, STM32C092CCU6, STM32C092ECY6TR, STM32C092FBP6, STM32C092FCP6, STM32C092GBU6, STM32C092GCU6, STM32C092KBT6, STM32C092KBU6, STM32C092KCT6, STM32C092KCU6, STM32C092RBT6, STM32C092RCI6, STM32C092RCT6, STM32G071K8TXN, STM32G071K8UXN, STM32G081GBU6N, STM32G081KBT6N, STM32G081KBUXN, STM32G0B1CCT6N, STM32G0B1KCT6, STM32G0B1NEY6TR, STM32G0B1RCT6N, STM32G0C1CCT6, STM32G0C1CCT6N, STM32G0C1CCU6N, STM32G0C1CET6N, STM32G0C1CEU6N, STM32G0C1KCT6, STM32G0C1NEY6TR, STM32G0C1RCI6N, STM32G0C1RCT6N, STM32G0C1REI6N, STM32G0C1RET6N, STM32G0C1VCI6, STM32G0C1VEI6, STM32G411C6T3, STM32G411C6T6, STM32G411C6U3, STM32G411C6U6, STM32G411C8T3, STM32G411C8T6, STM32G411C8U3, STM32G411C8U6, STM32G411CBT3, STM32G411CBT6, STM32G411CBU3, STM32G411CBU6, STM32G411CCT3, STM32G411CCT6, STM32G411CCU3, STM32G411CCU6, STM32G411K6T3, STM32G411K6T6, STM32G411K6U3, STM32G411K6U6, STM32G411K8T3, STM32G411K8T6, STM32G411K8U3, STM32G411K8U6, STM32G411KBT3, STM32G411KBT6, STM32G411KBU3, STM32G411KBU6, STM32G411M6T3, STM32G411M6T6, STM32G411M8T3, STM32G411M8T6, STM32G411MBT3, STM32G411MBT6, STM32G411MCT3, STM32G411MCT6, STM32G411R6T3, STM32G411R6T6, STM32G411R8T3, STM32G411R8T6, STM32G411RBT3, STM32G411RBT6, STM32G411RCT3, STM32G411RCT6, STM32G414CBT3, STM32G414CBT6, STM32G414CBU3, STM32G414CBU6, STM32G414CCT3, STM32G414CCT6, STM32G414CCU3, STM32G414CCU6, STM32G414MBT3, STM32G414MBT6, STM32G414MCT3, STM32G414MCT6, STM32G414RBT3, STM32G414RBT6, STM32G414RCT3, STM32G414RCT6, STM32G414VBT3, STM32G414VBT6, STM32G414VCT3, STM32G414VCT6, STM32G431CBT3Z, STM32G431RBT3Z, STM32G471CCT6, STM32G471CCU6, STM32G471CET3, STM32G471CET6, STM32G471CEU3, STM32G471CEU6, STM32G471MCT6, STM32G471MET3, STM32G471MET6, STM32G471MEY6TR, STM32G471QCT6, STM32G471QET3, STM32G471RCT6, STM32G471RET3, STM32G471RET6, STM32G471VCH6, STM32G471VCI6, STM32G471VCT6, STM32G471VEH3, STM32G471VEH6, STM32G471VEI3, STM32G471VEI6, STM32G471VET3, STM32G471VET6, STM32G473QET3Z, STM32G473RET3Z, STM32G474CCT6, STM32G491RET3Z, STM32H503CBT6, STM32H503CBU6, STM32H503EBY6TR, STM32H503KBU6, STM32H503RBT6, STM32H523CCT6, STM32H523CCU6, STM32H523CET6, STM32H523CEU6, STM32H523HEY6TR, STM32H523RCT6, STM32H523RET6, STM32H523VCI6, STM32H523VCT6, STM32H523VEI6, STM32H523VET6, STM32H523ZCJ6, STM32H523ZCT6, STM32H523ZEJ6, STM32H523ZET6, STM32H533CET6, STM32H533CEU6, STM32H533HEY6TR, STM32H533RET6, STM32H533VEI6, STM32H533VET6, STM32H533ZEJ6, STM32H533ZET6, STM32H562AGI6, STM32H562AII6, STM32H562IGK6, STM32H562IGT6, STM32H562IIK6, STM32H562IIT6, STM32H562RGT6, STM32H562RGV6, STM32H562RIT6, STM32H562RIV6, STM32H562VGT6, STM32H562VIT6, STM32H562ZGT6, STM32H562ZIT6, STM32H563AGI6, STM32H563AII3Q, STM32H563AII6, STM32H563IGK6, STM32H563IGT6, STM32H563IIK3Q, STM32H563IIK6, STM32H563IIT3Q, STM32H563IIT6, STM32H563MIY3QTR, STM32H563RGT6, STM32H563RGV6, STM32H563RIT6, STM32H563RIV6, STM32H563VGT6, STM32H563VIT3Q, STM32H563VIT6, STM32H563ZGT6, STM32H563ZIT3Q, STM32H563ZIT6, STM32H573AII3Q, STM32H573AII6, STM32H573I-DK, STM32H573IIK3Q, STM32H573IIK6, STM32H573IIT3Q, STM32H573IIT6, STM32H573MIY3QTR, STM32H573RIT6, STM32H573RIV6, STM32H573VIT3Q, STM32H573VIT6, STM32H573ZIT3Q, STM32H573ZIT6, STM32H7R3A8I6, STM32H7R3I8K6, STM32H7R3I8T6, STM32H7R3L8H6, STM32H7R3L8H6H, STM32H7R3R8V6, STM32H7R3V8H6, STM32H7R3V8T6, STM32H7R3V8Y6TR, STM32H7R3Z8J6, STM32H7R3Z8T6, STM32H7R7A8I6, STM32H7R7I8K6, STM32H7R7I8T6, STM32H7R7L8H6, STM32H7R7L8H6H, STM32H7R7Z8J6, STM32H7S3A8I6, STM32H7S3I8K6, STM32H7S3I8T6, STM32H7S3L8H6, STM32H7S3L8H6H, STM32H7S3R8V6, STM32H7S3V8H6, STM32H7S3V8T6, STM32H7S3V8Y6TR, STM32H7S3Z8J6, STM32H7S3Z8T6, STM32H7S78-DK, STM32H7S7A8I6, STM32H7S7I8K6, STM32H7S7I8T6, STM32H7S7L8H6, STM32H7S7L8H6H, STM32H7S7Z8J6, STM32L4R5QGI6STR, STM32MP131AAE3, STM32MP131AAF3, STM32MP131AAG3, STM32MP131CAE3, STM32MP131CAF3, STM32MP131CAG3, STM32MP131DAE7, STM32MP131DAF7, STM32MP131DAG7, STM32MP131FAE7, STM32MP131FAF7, STM32MP131FAG7, STM32MP133AAE3, STM32MP133AAF3, STM32MP133AAG3, STM32MP133CAE3, STM32MP133CAF3, STM32MP133CAG3, STM32MP133DAE7, STM32MP133DAF7, STM32MP133DAG7, STM32MP133FAE7, STM32MP133FAF7, STM32MP133FAG7, STM32MP135AAE3, STM32MP135AAF3, STM32MP135AAG3, STM32MP135CAE3, STM32MP135CAF3, STM32MP135CAG3, STM32MP135DAE7, STM32MP135DAF7, STM32MP135DAG7, STM32MP135F-DK, STM32MP135FAE7, STM32MP135FAF7, STM32MP135FAF7T, STM32MP135FAF7U, STM32MP135FAG7, STM32MP231AAJ3, STM32MP231AAK3, STM32MP231AAL3, STM32MP231CAJ3, STM32MP231CAK3, STM32MP231CAL3, STM32MP231DAJ3, STM32MP231DAK3, STM32MP231DAL3, STM32MP231FAJ3, STM32MP231FAK3, STM32MP231FAL3, STM32MP233AAJ3, STM32MP233AAK3, STM32MP233AAL3, STM32MP233CAJ3, STM32MP233CAK3, STM32MP233CAL3, STM32MP233DAJ3, STM32MP233DAK3, STM32MP233DAL3, STM32MP233FAJ3, STM32MP233FAK3, STM32MP233FAL3, STM32MP235AAJ3, STM32MP235AAK3, STM32MP235AAL3, STM32MP235CAJ3, STM32MP235CAK3, STM32MP235CAL3, STM32MP235DAJ3, STM32MP235DAK3, STM32MP235DAL3, STM32MP235FAJ3, STM32MP235FAK3, STM32MP235FAL3, STM32MP251AAI3, STM32MP251AAJ3, STM32MP251AAK3, STM32MP251AAL3, STM32MP251CAI3, STM32MP251CAJ3, STM32MP251CAK3, STM32MP251CAL3, STM32MP251DAI3, STM32MP251DAJ3, STM32MP251DAK3, STM32MP251DAL3, STM32MP251FAI3, STM32MP251FAJ3, STM32MP251FAK3, STM32MP251FAL3, STM32MP253AAI3, STM32MP253AAJ3, STM32MP253AAK3, STM32MP253AAL3, STM32MP253CAI3, STM32MP253CAJ3, STM32MP253CAK3, STM32MP253CAL3, STM32MP253DAI3, STM32MP253DAJ3, STM32MP253DAK3, STM32MP253DAL3, STM32MP253FAI3, STM32MP253FAJ3, STM32MP253FAK3, STM32MP253FAL3, STM32MP255AAI3, STM32MP255AAJ3, STM32MP255AAK3, STM32MP255AAL3, STM32MP255CAI3, STM32MP255CAJ3, STM32MP255CAK3, STM32MP255CAL3, STM32MP255DAI3, STM32MP255DAJ3, STM32MP255DAK3, STM32MP255DAL3, STM32MP255FAI3, STM32MP255FAJ3, STM32MP255FAK3, STM32MP255FAL3, STM32MP257AAI3, STM32MP257AAJ3, STM32MP257AAK3, STM32MP257AAL3, STM32MP257CAI3, STM32MP257CAJ3, STM32MP257CAK3, STM32MP257CAL3, STM32MP257DAI3, STM32MP257DAJ3, STM32MP257DAK3, STM32MP257DAL3, STM32MP257F-DK, STM32MP257F-EV1, STM32MP257FAI3, STM32MP257FAJ3, STM32MP257FAK3, STM32MP257FAL3, STM32N645A0H3Q, STM32N645B0H3Q, STM32N645I0H3Q, STM32N645L0H3Q, STM32N645X0H3Q, STM32N645Z0H3Q, STM32N647A0H3Q, STM32N647B0H3Q, STM32N647I0H3Q, STM32N647L0H3Q, STM32N647X0H3Q, STM32N647Z0H3Q, STM32N655A0H3Q, STM32N655B0H3Q, STM32N655I0H3Q, STM32N655L0H3Q, STM32N655X0H3Q, STM32N655Z0H3Q, STM32N6570-DK, STM32N657A0H3Q, STM32N657B0H3Q, STM32N657I0H3Q, STM32N657L0H3Q, STM32N657X0H3Q, STM32N657Z0H3Q, STM32U031C6T6, STM32U031C6U6, STM32U031C8T6, STM32U031C8U6, STM32U031F4P6, STM32U031F6P6, STM32U031F8P6, STM32U031G6Y6TR, STM32U031G8Y6TR, STM32U031K4U6, STM32U031K6U6, STM32U031K8U6, STM32U031R6I6, STM32U031R6T6, STM32U031R8I6, STM32U031R8T6, STM32U073C8T6, STM32U073C8U6, STM32U073CBT6, STM32U073CBU6, STM32U073CCT6, STM32U073CCU6, STM32U073H8Y6TR, STM32U073HBY6TR, STM32U073HCY6TR, STM32U073K8U6, STM32U073KBU6, STM32U073KCU6, STM32U073M8I6, STM32U073M8T6, STM32U073MBI6, STM32U073MBT6, STM32U073MCI6, STM32U073MCT6, STM32U073R8I6, STM32U073R8T6, STM32U073RBI6, STM32U073RBT6, STM32U073RCI6, STM32U073RCT6, STM32U083C-DK, STM32U083CCT6, STM32U083CCU6, STM32U083HCY6TR, STM32U083KCU6, STM32U083MCI6, STM32U083MCT6, STM32U083RCI6, STM32U083RCT6, STM32U375CET6, STM32U375CET6Q, STM32U375CEU6, STM32U375CEU6Q, STM32U375CEY6QTR, STM32U375CGT6, STM32U375CGT6Q, STM32U375CGU6, STM32U375CGU6Q, STM32U375CGY6QTR, STM32U375KEU6, STM32U375KGU6, STM32U375REI6, STM32U375REI6Q, STM32U375RET6, STM32U375RET6Q, STM32U375REY6GTR, STM32U375REY6QTR, STM32U375RGI6, STM32U375RGI6Q, STM32U375RGT6, STM32U375RGT6Q, STM32U375RGY6GTR, STM32U375RGY6QTR, STM32U375VEI6, STM32U375VEI6Q, STM32U375VET6, STM32U375VET6Q, STM32U375VGI6, STM32U375VGI6Q, STM32U375VGT6, STM32U375VGT6Q, STM32U385CGT6, STM32U385CGT6Q, STM32U385CGU6, STM32U385CGU6Q, STM32U385CGY6QTR, STM32U385KGU6, STM32U385RGI6, STM32U385RGI6Q, STM32U385RGT6, STM32U385RGT6Q, STM32U385RGY6GTR, STM32U385RGY6QTR, STM32U385VGI6, STM32U385VGI6Q, STM32U385VGT6, STM32U385VGT6Q, STM32U535CBT6, STM32U535CBT6Q, STM32U535CBU6, STM32U535CBU6Q, STM32U535CCT6, STM32U535CCT6Q, STM32U535CCU6, STM32U535CCU6Q, STM32U535CET6, STM32U535CET6Q, STM32U535CEU6, STM32U535CEU6Q, STM32U535JEY6QTR, STM32U535NCY6QTR, STM32U535NEY6QTR, STM32U535RBI6, STM32U535RBI6Q, STM32U535RBT6, STM32U535RBT6Q, STM32U535RCI6, STM32U535RCI6Q, STM32U535RCT6, STM32U535RCT6Q, STM32U535REI6, STM32U535REI6Q, STM32U535RET6, STM32U535RET6Q, STM32U535VCI6, STM32U535VCI6Q, STM32U535VCT6, STM32U535VCT6Q, STM32U535VEI6, STM32U535VEI6Q, STM32U535VET6, STM32U535VET6Q, STM32U545CET6, STM32U545CET6Q, STM32U545CEU6, STM32U545CEU6Q, STM32U545JEY6QTR, STM32U545NEY6QTR, STM32U545REI6, STM32U545REI6Q, STM32U545RET6, STM32U545RET6Q, STM32U545VEI6, STM32U545VEI6Q, STM32U545VET6, STM32U545VET6Q, STM32U595AIH6, STM32U595AIH6Q, STM32U595AJH6, STM32U595AJH6Q, STM32U595QII6, STM32U595QII6Q, STM32U595QJI6, STM32U595QJI6Q, STM32U595RIT6, STM32U595RIT6Q, STM32U595RJT6, STM32U595RJT6Q, STM32U595VIT6, STM32U595VIT6Q, STM32U595VJT6, STM32U595VJT6Q, STM32U595ZIT6, STM32U595ZIT6Q, STM32U595ZIY6QTR, STM32U595ZJT6, STM32U595ZJT6Q, STM32U595ZJY6QTR, STM32U599BJY6QTR, STM32U599NIH6Q, STM32U599NJH6Q, STM32U599VIT6Q, STM32U599VJT6, STM32U599VJT6Q, STM32U599ZIT6Q, STM32U599ZIY6QTR, STM32U599ZJT6Q, STM32U599ZJY6QTR, STM32U5A5AJH6, STM32U5A5AJH6Q, STM32U5A5QII3Q , STM32U5A5QJI6, STM32U5A5QJI6Q, STM32U5A5RJT6, STM32U5A5RJT6Q, STM32U5A5VJT6, STM32U5A5VJT6Q, STM32U5A5ZJT6, STM32U5A5ZJT6Q, STM32U5A5ZJY6QTR, STM32U5A9BJY6QTR, STM32U5A9J-DK, STM32U5A9NJH6Q, STM32U5A9VJT6Q, STM32U5A9ZJT6Q, STM32U5A9ZJY6QTR, STM32U5F7VIT6, STM32U5F7VIT6Q, STM32U5F7VJT6, STM32U5F7VJT6Q, STM32U5F9BJY6QTR, STM32U5F9NJH6Q, STM32U5F9VIT6Q, STM32U5F9VJT6Q, STM32U5F9ZIJ6QTR, STM32U5F9ZIT6Q, STM32U5F9ZJJ6QTR, STM32U5F9ZJT6Q, STM32U5G7VJT6, STM32U5G7VJT6Q, STM32U5G9BJY6QTR, STM32U5G9J-DK1, STM32U5G9J-DK2, STM32U5G9NJH6Q, STM32U5G9VJT6Q, STM32U5G9ZJJ6QTR, STM32U5G9ZJT6Q, STM32WB05KZV6TR, STM32WB05KZV7TR, STM32WB05TZF6TR, STM32WB05TZF7TR, STM32WB06CCF6TR, STM32WB06CCF7TR, STM32WB06CCV6TR, STM32WB06CCV7TR, STM32WB06KCV6TR, STM32WB06KCV7TR, STM32WB07CCF6TR, STM32WB07CCF7TR, STM32WB07CCV6TR, STM32WB07CCV7TR, STM32WB07KCV6TR, STM32WB07KCV7TR, STM32WB09KEV6TR, STM32WB09KEV7TR, STM32WB09TEF6TR, STM32WB09TEF7TR, STM32WB1MMCH6, STM32WBA50KGU6, STM32WBA50KGU6TR, STM32WBA52CEU6, STM32WBA52CEU6TR, STM32WBA52CEU7, STM32WBA52CEU7TR, STM32WBA52CGU6, STM32WBA52CGU6TR, STM32WBA52CGU6U, STM32WBA52CGU7, STM32WBA52CGU7TR, STM32WBA52KEU6, STM32WBA52KEU6TR, STM32WBA52KGU6, STM32WBA52KGU6TR, STM32WBA54CEU6, STM32WBA54CEU6TR, STM32WBA54CEU7, STM32WBA54CEU7TR, STM32WBA54CGU6, STM32WBA54CGU6TR, STM32WBA54CGU7, STM32WBA54CGU7TR, STM32WBA54KEU6, STM32WBA54KEU6TR, STM32WBA54KEU7, STM32WBA54KEU7TR, STM32WBA54KGU6, STM32WBA54KGU6TR, STM32WBA54KGU7, STM32WBA54KGU7TR, STM32WBA55CEU6, STM32WBA55CEU6TR, STM32WBA55CEU7, STM32WBA55CEU7TR, STM32WBA55CGU6, STM32WBA55CGU6TR, STM32WBA55CGU6U, STM32WBA55CGU7, STM32WBA55CGU7TR, STM32WBA55G-DK1, STM32WBA55HEF6, STM32WBA55HEF7, STM32WBA55HGF6, STM32WBA55HGF7, STM32WBA55UEI6, STM32WBA55UEI6TR, STM32WBA55UEI7, STM32WBA55UEI7TR, STM32WBA55UGI6, STM32WBA55UGI6TR, STM32WBA55UGI7, STM32WBA55UGI7TR, STM32WBA5MJGH6TR, STM32WBA62CGU6, STM32WBA62CIU6, STM32WBA62MGF6, STM32WBA62MIF6, STM32WBA62PGI6, STM32WBA62PII6, STM32WBA63CGU6, STM32WBA63CGU7, STM32WBA63CIU6, STM32WBA63CIU7, STM32WBA64CGU6, STM32WBA64CGU7, STM32WBA64CIU6, STM32WBA64CIU7, STM32WBA65CGU6, STM32WBA65CGU7, STM32WBA65CIU6, STM32WBA65CIU7, STM32WBA65I-DK1, STM32WBA65MGF6, STM32WBA65MGF7, STM32WBA65MIF6, STM32WBA65MIF7, STM32WBA65PGI6, STM32WBA65PGI7, STM32WBA65PII6, STM32WBA65PII7, STM32WBA65RGV6, STM32WBA65RGV7, STM32WBA65RIV6, STM32WBA65RIV7, STM32WL30K8V6, STM32WL30KBV6, STM32WL31C8V6, STM32WL31CBV6, STM32WL31K8V6, STM32WL31KBV6, STM32WL33C8V6, STM32WL33C8V6TR, STM32WL33C8V7, STM32WL33C8V7TR, STM32WL33CBV6, STM32WL33CBV6TR, STM32WL33CBV7, STM32WL33CBV7TR, STM32WL33CCV6, STM32WL33CCV6TR, STM32WL33CCV7, STM32WL33CCV7A, STM32WL33CCV7ATR, STM32WL33CCV7TR, STM32WL33K8V6, STM32WL33K8V6TR, STM32WL33K8V7, STM32WL33K8V7TR, STM32WL33KBV6, STM32WL33KBV6TR, STM32WL33KBV7, STM32WL33KBV7TR, STM32WL33KCV6, STM32WL33KCV6TR, STM32WL33KCV7, STM32WL33KCV7TR, STM32WL5MOCH6, STM32WL5MOCH6TR]
2025-07-29 11:12:31,482 [INFO] DbMcus:218 - Found 4747 MCUs, 4747 are supported
2025-07-29 11:12:31,483 [INFO] ApiDb:423 - Load user favorites file /home/nova/.stm32cubeide/favorites.mcus.txt: 1 item(s)
2025-07-29 11:12:31,483 [INFO] ApiDb:427 - User favorites MCUs=[STM32F446RET6]
2025-07-29 11:12:31,484 [INFO] DbMcus:224 - Set 1 / 1 favorites MCUs
2025-07-29 11:12:33,584 [INFO] BoardInfo:889 - No configuration file found for board P-NUCLEO-WB55
2025-07-29 11:12:33,585 [INFO] DbBoards:161 - Kit is not supported: P-NUCLEO-WB55
2025-07-29 11:12:33,591 [INFO] BoardInfo:889 - No configuration file found for board STEVAL-BFA001V1B
2025-07-29 11:12:33,591 [INFO] DbBoards:161 - Kit is not supported: STEVAL-BFA001V1B
2025-07-29 11:12:33,594 [INFO] BoardInfo:889 - No configuration file found for board STEVAL-BFA001V2B
2025-07-29 11:12:33,594 [INFO] DbBoards:161 - Kit is not supported: STEVAL-BFA001V2B
2025-07-29 11:12:33,817 [INFO] DbBoards:168 - Found 211 boards, 208 are supported
2025-07-29 11:12:33,818 [INFO] DbBoards:169 - Found 211 boards, 43 of them is supported for  Bsp
2025-07-29 11:12:33,821 [INFO] ApiDb:423 - Load user favorites file /home/nova/.stm32cubeide/favorites.boards.txt: 0 item(s)
2025-07-29 11:12:33,822 [INFO] ApiDb:427 - User favorites Boards=[]
2025-07-29 11:12:33,822 [INFO] DbBoards:198 - Set 0 / 0 favorites Boards
2025-07-29 11:12:33,823 [INFO] McuFinderGlobals:76 - Set McuFinderConnectedMode to true
2025-07-29 11:12:33,897 [INFO] MultiScanPanel:200 - Auto-refresh data requested => check proxy status ongoing
2025-07-29 11:12:33,904 [INFO] FinderPluginLoader:95 - Searching for filters in installed packs
2025-07-29 11:12:37,769 [INFO] LoadUrlFilesThread:185 - End of LoadServerUrlFiles without Thread
2025-07-29 11:12:38,076 [INFO] DetailPanel:341 - Set advertising image to /home/nova/STM32Cube/Repository//en.2400x1350px.jpeg
2025-07-29 11:14:45,629 [INFO] MultiScanPanel:200 - Auto-refresh data requested => check proxy status ongoing
2025-07-29 11:14:45,824 [INFO] LoadUrlFilesThread:185 - End of LoadServerUrlFiles without Thread
2025-07-29 11:14:45,824 [INFO] DetailPanel:341 - Set advertising image to /home/nova/STM32Cube/Repository//en.2400x1350px.jpeg
2025-07-29 11:14:45,842 [INFO] DbBoards:642 - Loading board mini-images...
2025-07-29 11:14:50,364 [INFO] DbBoards:665 - Loaded 211 board mini-images
2025-07-29 11:15:27,957 [INFO] MainUpdater:2872 - connection check result : 10
2025-07-29 11:15:27,957 [INFO] MainUpdater:2872 - connection check result : 10
2025-07-29 11:15:27,972 [INFO] MicroXplorer:468 - Change Database Path : 
2025-07-29 11:15:27,973 [INFO] MicroXplorer:498 - Change Database Version : DB.6.0.141
2025-07-29 11:15:27,989 [WARN] ThirdParty:871 - waiting for thirdparty lock release [close project]
2025-07-29 11:15:27,989 [INFO] ThirdParty:873 - entering critical section [close project]
2025-07-29 11:15:27,994 [INFO] ThirdParty:883 - exiting critical section [close project]
2025-07-29 11:15:27,998 [INFO] PinOutPanel:1589 - setPackage(No Configuration,No Configuration)
2025-07-29 11:15:28,005 [INFO] UtilMem:75 - Begin LoadConfig() Used Memory: 1000587528 Bytes (1032847360)
2025-07-29 11:15:28,010 [INFO] OpenFileManager:354 - Change cursor
2025-07-29 11:15:28,044 [INFO] ProjectFactory:442 - No CPN specified for board NUCLEO-F446RE => set CPN to STM32F446RET6
2025-07-29 11:15:28,045 [INFO] Mcu:2011 - Initializing MCU STM32F446R(C-E)Tx STM32F446RETx STM32F446RET6
2025-07-29 11:15:31,093 [INFO] Context:756 - Trying to add GPIOservice into a context  which must be forbidden
2025-07-29 11:15:32,333 [INFO] Rule:225 - rule 117617 - U5Cobra4M][GTZC] default value MPCBB3 and MPCBB5 - Not Secured memory - MPCBB1 is applicable
2025-07-29 11:15:32,333 [INFO] Rule:225 - rule 117617 - U5Cobra4M][GTZC] default value MPCBB3 and MPCBB5 - Not Secured memory - MPCBB1 is applicable
2025-07-29 11:15:32,333 [INFO] Rule:225 - rule 117617 - U5Cobra4M][GTZC] default value MPCBB3 and MPCBB5 - Not Secured memory - MPCBB2 is applicable
2025-07-29 11:15:32,333 [INFO] Rule:225 - rule 117617 - U5Cobra4M][GTZC] default value MPCBB3 and MPCBB5 - Not Secured memory - MPCBB2 is applicable
2025-07-29 11:15:32,333 [INFO] Rule:225 - rule 117617 - U5Cobra4M][GTZC] default value MPCBB3 and MPCBB5 - Not Secured memory - MPCBB3 is applicable
2025-07-29 11:15:32,334 [INFO] Rule:225 - rule 117617 - U5Cobra4M][GTZC] default value MPCBB3 and MPCBB5 - Not Secured memory - MPCBB3 is applicable
2025-07-29 11:15:32,334 [INFO] Rule:225 - rule 117617 - U5Cobra4M][GTZC] default value MPCBB3 and MPCBB5 - Not Secured memory - MPCBB4 is applicable
2025-07-29 11:15:32,334 [INFO] Rule:225 - rule 117617 - U5Cobra4M][GTZC] default value MPCBB3 and MPCBB5 - Not Secured memory - MPCBB4 is applicable
2025-07-29 11:15:32,334 [INFO] Rule:225 - rule 117617 - U5Cobra4M][GTZC] default value MPCBB3 and MPCBB5 - Secured memory - MPCBB1 is applicable
2025-07-29 11:15:32,334 [INFO] Rule:225 - rule 117617 - U5Cobra4M][GTZC] default value MPCBB3 and MPCBB5 - Secured memory - MPCBB2 is applicable
2025-07-29 11:15:32,334 [INFO] Rule:225 - rule 117617 - U5Cobra4M][GTZC] default value MPCBB3 and MPCBB5 - Secured memory - MPCBB3 is applicable
2025-07-29 11:15:32,334 [INFO] Rule:225 - rule 117617 - U5Cobra4M][GTZC] default value MPCBB3 and MPCBB5 - Secured memory - MPCBB4 is applicable
2025-07-29 11:15:32,334 [INFO] Rule:225 - rule 117617 - U5Cobra4M][GTZC] default value MPCBB3 and MPCBB5 - Privileged memory - MPCBB1 is applicable
2025-07-29 11:15:32,335 [INFO] Rule:225 - rule 117617 - U5Cobra4M][GTZC] default value MPCBB3 and MPCBB5 - Privileged memory - MPCBB2 is applicable
2025-07-29 11:15:32,335 [INFO] Rule:225 - rule 117617 - U5Cobra4M][GTZC] default value MPCBB3 and MPCBB5 - Privileged memory - MPCBB3 is applicable
2025-07-29 11:15:32,335 [INFO] Rule:225 - rule 117617 - U5Cobra4M][GTZC] default value MPCBB3 and MPCBB5 - Privileged memory - MPCBB4 is applicable
2025-07-29 11:15:32,335 [INFO] Rule:225 - rule 117617 - U5Cobra4M][GTZC] default value MPCBB3 and MPCBB5 - Not Privileged memory - MPCBB1 is applicable
2025-07-29 11:15:32,335 [INFO] Rule:225 - rule 117617 - U5Cobra4M][GTZC] default value MPCBB3 and MPCBB5 - Not Privileged memory - MPCBB2 is applicable
2025-07-29 11:15:32,335 [INFO] Rule:225 - rule 117617 - U5Cobra4M][GTZC] default value MPCBB3 and MPCBB5 - Not Privileged memory - MPCBB3 is applicable
2025-07-29 11:15:32,335 [INFO] Rule:225 - rule 117617 - U5Cobra4M][GTZC] default value MPCBB3 and MPCBB5 - Not Privileged memory - MPCBB4 is applicable
2025-07-29 11:15:32,335 [INFO] Rule:225 - rule 117617 - U5Cobra4M][GTZC] default value MPCBB3 and MPCBB5 - Privileged memory - MPCBB1 is applicable
2025-07-29 11:15:32,335 [INFO] Rule:225 - rule 117617 - U5Cobra4M][GTZC] default value MPCBB3 and MPCBB5 - Privileged memory - MPCBB2 is applicable
2025-07-29 11:15:32,336 [INFO] Rule:225 - rule 117617 - U5Cobra4M][GTZC] default value MPCBB3 and MPCBB5 - Privileged memory - MPCBB3 is applicable
2025-07-29 11:15:32,336 [INFO] Rule:225 - rule 117617 - U5Cobra4M][GTZC] default value MPCBB3 and MPCBB5 - Privileged memory - MPCBB4 is applicable
2025-07-29 11:15:32,336 [INFO] Rule:225 - rule 117617 - U5Cobra4M][GTZC] default value MPCBB3 and MPCBB5 - Privileged memory - MPCBB1 is applicable
2025-07-29 11:15:32,336 [INFO] Rule:225 - rule 117617 - U5Cobra4M][GTZC] default value MPCBB3 and MPCBB5 - Privileged memory - MPCBB2 is applicable
2025-07-29 11:15:32,336 [INFO] Rule:225 - rule 117617 - U5Cobra4M][GTZC] default value MPCBB3 and MPCBB5 - Privileged memory - MPCBB3 is applicable
2025-07-29 11:15:32,336 [INFO] Rule:225 - rule 117617 - U5Cobra4M][GTZC] default value MPCBB3 and MPCBB5 - Privileged memory - MPCBB4 is applicable
2025-07-29 11:15:32,336 [INFO] Rule:225 - rule 117617 - U5Cobra4M][GTZC] default value MPCBB3 and MPCBB5 - Not Privileged memory - MPCBB1 is applicable
2025-07-29 11:15:32,336 [INFO] Rule:225 - rule 117617 - U5Cobra4M][GTZC] default value MPCBB3 and MPCBB5 - Not Privileged memory - MPCBB2 is applicable
2025-07-29 11:15:32,337 [INFO] Rule:225 - rule 117617 - U5Cobra4M][GTZC] default value MPCBB3 and MPCBB5 - Not Privileged memory - MPCBB3 is applicable
2025-07-29 11:15:32,337 [INFO] Rule:225 - rule 117617 - U5Cobra4M][GTZC] default value MPCBB3 and MPCBB5 - Not Privileged memory - MPCBB4 is applicable
2025-07-29 11:15:32,337 [INFO] Rule:225 - rule 117617 - U5Cobra4M][GTZC] default value MPCBB3 and MPCBB5 - Privileged memory - MPCBB1 is applicable
2025-07-29 11:15:32,337 [INFO] Rule:225 - rule 117617 - U5Cobra4M][GTZC] default value MPCBB3 and MPCBB5 - Privileged memory - MPCBB2 is applicable
2025-07-29 11:15:32,337 [INFO] Rule:225 - rule 117617 - U5Cobra4M][GTZC] default value MPCBB3 and MPCBB5 - Privileged memory - MPCBB3 is applicable
2025-07-29 11:15:32,337 [INFO] Rule:225 - rule 117617 - U5Cobra4M][GTZC] default value MPCBB3 and MPCBB5 - Privileged memory - MPCBB4 is applicable
2025-07-29 11:15:32,337 [INFO] Rule:225 - rule Rename SubGHz_Phy SUBGHZ_APPLICATION SUBGHZ_PINGPONG to SUBGHZ_ADV_APPLICATION is applicable
2025-07-29 11:15:32,337 [INFO] Rule:225 - rule Rename Enabled to IBEACON is applicable
2025-07-29 11:15:32,337 [INFO] Rule:225 - rule GTZC_S instance for project manager is applicable
2025-07-29 11:15:32,337 [INFO] Rule:225 - rule GTZC_S instance for context M33S is applicable
2025-07-29 11:15:32,338 [INFO] Rule:225 - rule GTZC_S instance value for IP GTZC is applicable
2025-07-29 11:15:32,339 [INFO] Rule:225 - rule GTZC_S instance for mcu.IP is applicable
2025-07-29 11:15:32,339 [INFO] Rule:225 - rule GTZC_S instance for VP is applicable
2025-07-29 11:15:32,339 [INFO] Rule:225 - rule GTZC_S instance for signal is applicable
2025-07-29 11:15:32,339 [INFO] Rule:225 - rule GTZC_S instance for mcu.Pin is applicable
2025-07-29 11:15:32,339 [INFO] Rule:225 - rule GTZC_S instance for VP is applicable
2025-07-29 11:15:32,339 [INFO] Rule:225 - rule GTZC_S instance for signal is applicable
2025-07-29 11:15:32,339 [INFO] Rule:225 - rule GTZC_S instance for mcu is applicable
2025-07-29 11:15:32,340 [INFO] Rule:225 - rule GTZC_S instance for mcu.Pin is applicable
2025-07-29 11:15:32,340 [INFO] Rule:225 - rule GTZC_S instance value for IP GTZC is applicable
2025-07-29 11:15:32,340 [INFO] Rule:225 - rule GTZC_S instance for project manager is applicable
2025-07-29 11:15:32,340 [INFO] Rule:225 - rule GTZC_S instance for context M33S is applicable
2025-07-29 11:15:32,340 [INFO] Rule:225 - rule GTZC_S instance for VP is applicable
2025-07-29 11:15:32,340 [INFO] Rule:225 - rule GTZC_S instance for signal is applicable
2025-07-29 11:15:32,340 [INFO] Rule:225 - rule SPDIFRX instance for mcu is applicable
2025-07-29 11:15:32,340 [INFO] Rule:225 - rule Rename Tracer Mode is applicable
2025-07-29 11:15:32,341 [INFO] Rule:225 - rule SPDIFRX instance value for IP SPDIFRX is applicable
2025-07-29 11:15:32,341 [INFO] Rule:225 - rule SPDIFRX instance for signal is applicable
2025-07-29 11:15:32,341 [INFO] Rule:225 - rule SPDIFRX instance for project manager is applicable
2025-07-29 11:15:32,341 [INFO] Rule:225 - rule SPDIFRX instance for project manager is applicable
2025-07-29 11:15:32,341 [INFO] Rule:225 - rule ADC Scan  fix with FW F7 is applicable
2025-07-29 11:15:32,341 [INFO] Rule:225 - rule ADC Scan  fix with FW F7 is applicable
2025-07-29 11:15:32,342 [INFO] Rule:225 - rule WakeUp0 Mode is applicable
2025-07-29 11:15:32,342 [INFO] Rule:225 - rule WakeUp0 SIGNAL is applicable
2025-07-29 11:15:32,342 [INFO] Rule:225 - rule WakeUp1 Mode is applicable
2025-07-29 11:15:32,342 [INFO] Rule:225 - rule WakeUp1 SIGNAL is applicable
2025-07-29 11:15:32,342 [INFO] Rule:225 - rule WakeUp2 Mode is applicable
2025-07-29 11:15:32,342 [INFO] Rule:225 - rule WakeUp2 SIGNAL is applicable
2025-07-29 11:15:32,343 [INFO] Rule:225 - rule WakeUp4 Mode is applicable
2025-07-29 11:15:32,343 [INFO] Rule:225 - rule WakeUp4 SIGNAL is applicable
2025-07-29 11:15:32,343 [INFO] Rule:225 - rule WakeUp5 Mode is applicable
2025-07-29 11:15:32,343 [INFO] Rule:225 - rule WakeUp5 SIGNAL is applicable
2025-07-29 11:15:32,343 [INFO] Rule:225 - rule Add RTC Activate Clock Source is applicable
2025-07-29 11:15:32,343 [INFO] Rule:225 - rule Add RTC Activate Calendar 1 is applicable
2025-07-29 11:15:32,343 [INFO] Rule:225 - rule Add RTC Activate Calendar 2 is applicable
2025-07-29 11:15:32,343 [INFO] Rule:225 - rule Add RTC Activate Calendar 3 is applicable
2025-07-29 11:15:32,343 [INFO] Rule:225 - rule UART/USART TX Mode is applicable
2025-07-29 11:15:32,344 [INFO] Rule:225 - rule UART/USART RX Mode is applicable
2025-07-29 11:15:32,344 [INFO] Rule:225 - rule UART/USART RX TX Mode is applicable
2025-07-29 11:15:32,344 [INFO] Rule:225 - rule UART/USART PARITY NONE is applicable
2025-07-29 11:15:32,344 [INFO] Rule:225 - rule UART/USART PARITY EVEN is applicable
2025-07-29 11:15:32,344 [INFO] Rule:225 - rule UART/USART PARITY ODD is applicable
2025-07-29 11:15:32,344 [INFO] Rule:225 - rule USART StopBits 1 is applicable
2025-07-29 11:15:32,344 [INFO] Rule:225 - rule USART StopBits 2 is applicable
2025-07-29 11:15:32,344 [INFO] Rule:225 - rule USART StopBits 1.5 is applicable
2025-07-29 11:15:32,344 [INFO] Rule:225 - rule USART StopBits 0.5 is applicable
2025-07-29 11:15:32,345 [INFO] Rule:225 - rule UART/USART WORD LENGTH 7 is applicable
2025-07-29 11:15:32,345 [INFO] Rule:225 - rule UART/USART WORD LENGTH 8 is applicable
2025-07-29 11:15:32,345 [INFO] Rule:225 - rule UART/USART WORD LENGTH 9 is applicable
2025-07-29 11:15:32,345 [INFO] Rule:225 - rule Rename FMC NAND NCE signal is applicable
2025-07-29 11:15:32,345 [INFO] Rule:225 - rule Rename FMC NAND INT signal is applicable
2025-07-29 11:15:32,345 [INFO] Rule:225 - rule Change Default Value for LSE Drive Capability for WB family is applicable
2025-07-29 11:15:32,345 [INFO] Rule:225 - rule Change Default Value for ADC Clock Prescaler G0 family is applicable
2025-07-29 11:15:32,345 [INFO] Rule:225 - rule Change Default Value for ADC ExternalTrigConv L4 family is applicable
2025-07-29 11:15:32,346 [INFO] Rule:225 - rule Change Default Value for ADC ExternalTrigInjecConv L4 family is applicable
2025-07-29 11:15:32,346 [INFO] Rule:225 - rule Change Default Value for ADC ExternalTrigConv F3 family is applicable
2025-07-29 11:15:32,346 [INFO] Rule:225 - rule Change Default Value for ADC ExternalTrigInjecConv F3 family is applicable
2025-07-29 11:15:32,346 [INFO] Rule:225 - rule Change Default Value for ADC ExternalTrigConv Goldfish serie is applicable
2025-07-29 11:15:32,346 [INFO] Rule:225 - rule Change Default Value for ADC ExternalTrigInjecConv Goldfish serie is applicable
2025-07-29 11:15:32,346 [INFO] Rule:225 - rule Change Default Value for ADC ExternalTrigConv L0 family is applicable
2025-07-29 11:15:32,346 [INFO] Rule:225 - rule Change Default Value for ADC ExternalTrigConv F0 family is applicable
2025-07-29 11:15:32,347 [INFO] Rule:225 - rule Change Default Value for ADC ExternalTrigConvn L1 family is applicable
2025-07-29 11:15:32,347 [INFO] Rule:225 - rule Change Default Value for ADC ExternalTrigInjecConv L1 family is applicable
2025-07-29 11:15:32,347 [INFO] Rule:225 - rule Change Default Value for ADC ExternalTrigConv F1 family is applicable
2025-07-29 11:15:32,347 [INFO] Rule:225 - rule Change Default Value for ADC ExternalTrigInjecConv F1 family is applicable
2025-07-29 11:15:32,347 [INFO] Rule:225 - rule Change Default Value for ADC ExternalTrigConv F7 family is applicable
2025-07-29 11:15:32,347 [INFO] Rule:225 - rule Change Default Value for ADC ExternalTrigInjecConv F7 family is applicable
2025-07-29 11:15:32,348 [INFO] Rule:225 - rule Change Default Value for ADC ExternalTrigConv F4 and F2 family is applicable
2025-07-29 11:15:32,348 [INFO] Rule:225 - rule Change Default Value for ADC ExternalTrigInjecConv F4 and F2 family is applicable
2025-07-29 11:15:32,348 [INFO] Rule:225 - rule ADC SamplingTime fix with FW L0  is applicable
2025-07-29 11:15:32,348 [INFO] Rule:225 - rule ADC SamplingTime fix with FW L0  is applicable
2025-07-29 11:15:32,348 [INFO] Rule:225 - rule ADC SamplingTime fix with FW L0 is applicable
2025-07-29 11:15:32,348 [INFO] Rule:225 - rule ADC SamplingTime fix with FW L0 is applicable
2025-07-29 11:15:32,348 [INFO] Rule:225 - rule ADC SamplingTime fix with FW L0  is applicable
2025-07-29 11:15:32,348 [INFO] Rule:225 - rule ADC SamplingTime fix with FW L0 is applicable
2025-07-29 11:15:32,348 [INFO] Rule:225 - rule Rename USB_OE Signal is applicable
2025-07-29 11:15:32,349 [INFO] Rule:225 - rule Rename Activate_OE Mode is applicable
2025-07-29 11:15:32,349 [INFO] Rule:225 - rule Rename DIE462/DIE415 pin PC14/OSC32_IN -> PC14-OSC32_IN (PC14) is applicable
2025-07-29 11:15:32,349 [INFO] Rule:225 - rule Rename DIE462/DIE415 pin PC15/OSC32_OUT -> PC15-OSC32_OUT (PC15) is applicable
2025-07-29 11:15:32,349 [INFO] Rule:225 - rule Rename DIE462/DIE415 pin PH0/OSC_IN -> PH0-OSC_IN (PH0) is applicable
2025-07-29 11:15:32,349 [INFO] Rule:225 - rule Rename DIE462/DIE415 pin PH1/OSC_OUT -> PH1-OSC_OUT (PH1) is applicable
2025-07-29 11:15:32,349 [INFO] Rule:225 - rule Rename DIE462 pin PA13 -> PA13 (JTMS/SWDIO) is applicable
2025-07-29 11:15:32,349 [INFO] Rule:225 - rule Rename DIE415 pin PA13 -> PA13 (JTMS/SWDIO) is applicable
2025-07-29 11:15:32,350 [INFO] Rule:225 - rule Rename DIE462 pin PA14 -> PA14 (JTCK/SWCLK) is applicable
2025-07-29 11:15:32,350 [INFO] Rule:225 - rule Rename DIE415 pin PA14 -> PA14 (JTCK/SWCLK) is applicable
2025-07-29 11:15:32,350 [INFO] Rule:225 - rule Rename DIE462/DIE415 pin PA15 -> PA15 (JTDI) is applicable
2025-07-29 11:15:32,350 [INFO] Rule:225 - rule Rename DIE462 pin PB3 -> PB3 (JTD0/TRACESWO) is applicable
2025-07-29 11:15:32,350 [INFO] Rule:225 - rule Rename DIE415 pin PB3 -> PB3 (JTD0-TRACESWO) is applicable
2025-07-29 11:15:32,350 [INFO] Rule:225 - rule Rename DIE462/DIE415 pin PB4 -> PB4 (NJTRST) is applicable
2025-07-29 11:15:32,350 [INFO] Rule:225 - rule Rename DIE462 pin PH3/BOOT0 -> PH3-BOOT0 (BOOT0) is applicable
2025-07-29 11:15:32,350 [INFO] Rule:225 - rule Rename CRYP DataEncryptionTypesList to Algorithm is applicable
2025-07-29 11:15:32,351 [INFO] Rule:225 - rule Rename AES DataEncryptionTypesList to Algorithm is applicable
2025-07-29 11:15:32,351 [INFO] Rule:225 - rule Rename TDESECB to CRYP_TDES_ECB is applicable
2025-07-29 11:15:32,351 [INFO] Rule:225 - rule Rename TDESCBC to CRYP_TDES_CBC is applicable
2025-07-29 11:15:32,351 [INFO] Rule:225 - rule Rename DESECB to CRYP_DES_ECB is applicable
2025-07-29 11:15:32,351 [INFO] Rule:225 - rule Rename DESCBC to CRYP_DES_CBC is applicable
2025-07-29 11:15:32,351 [INFO] Rule:225 - rule Rename AESECB to CRYP_AES_ECB is applicable
2025-07-29 11:15:32,351 [INFO] Rule:225 - rule Rename AESCBC to CRYP_AES_CBC is applicable
2025-07-29 11:15:32,352 [INFO] Rule:225 - rule Rename AESCTR to CRYP_AES_CTR is applicable
2025-07-29 11:15:32,352 [INFO] Rule:225 - rule Rename AESGCM to CRYP_AES_GCM is applicable
2025-07-29 11:15:32,352 [INFO] Rule:225 - rule Rename AESCCM to CRYP_AES_CCM is applicable
2025-07-29 11:15:32,352 [INFO] Rule:225 - rule Rename CAN TimeSeg1 to BS1 is applicable
2025-07-29 11:15:32,352 [INFO] Rule:225 - rule Rename CAN TimeSeg2 to BS2 is applicable
2025-07-29 11:15:32,352 [INFO] Rule:225 - rule Rename CAN SyncJumpWidth to SJW is applicable
2025-07-29 11:15:32,352 [INFO] Rule:225 - rule TimeTriggeredMode to TTCM is applicable
2025-07-29 11:15:32,353 [INFO] Rule:225 - rule Rename CAN AutoBusOff to ABOM is applicable
2025-07-29 11:15:32,354 [INFO] Rule:225 - rule Rename CAN AutoWakeUp to AWUM is applicable
2025-07-29 11:15:32,354 [INFO] Rule:225 - rule Rename CAN AutoRetransmission to NART is applicable
2025-07-29 11:15:32,354 [INFO] Rule:225 - rule Rename CAN ReceiveFifoLocked to RFLM is applicable
2025-07-29 11:15:32,354 [INFO] Rule:225 - rule Rename CAN TransmitFifoPriority to TXFP is applicable
2025-07-29 11:15:32,354 [INFO] Rule:225 - rule Rename HRTIMER HRTIM_OUTPUTFAULTLEVEL_HIGH in HRTIMER HRTIM_OUTPUTFAULTLEVEL_HIGHZ is applicable
2025-07-29 11:15:32,354 [INFO] Rule:225 - rule Rename TIMER TIM_CLEARINPUTSOURCE_OCREFCLR in  TIMER TIM_CLEARINPUTSOURCE_NONE for F7 family is applicable
2025-07-29 11:15:32,354 [INFO] Rule:225 - rule FDCAN_R1 - Rename FDCAN mode Master into Classic is applicable
2025-07-29 11:15:32,354 [INFO] Rule:225 - rule FDCAN_R2 - Rename FDCAN mode Slave into Classic is applicable
2025-07-29 11:15:32,355 [INFO] Rule:225 - rule FDCAN1_R3 - if PA10.Mode=FullDuplex, add Pin PA12 is applicable
2025-07-29 11:15:32,355 [INFO] Rule:225 - rule FDCAN1_R3 - if PA9.Mode=FullDuplex, add Pin PA11 is applicable
2025-07-29 11:15:32,355 [INFO] Rule:225 - rule FDCAN1_R3 - Alternatepin_1 - if PE1.Mode=FullDuplex, add Pin PB9 is applicable
2025-07-29 11:15:32,355 [INFO] Rule:225 - rule FDCAN1_R3 - Alternatepin_1 - if PE0.Mode=FullDuplex, add Pin PB8 is applicable
2025-07-29 11:15:32,355 [INFO] Rule:225 - rule FDCAN1_R3 - Alternatepin_2 - if PD5.Mode=FullDuplex, add Pin PD1 is applicable
2025-07-29 11:15:32,355 [INFO] Rule:225 - rule FDCAN1_R3 - Alternatepin_2 - if PD4.Mode=FullDuplex, add Pin PD0 is applicable
2025-07-29 11:15:32,355 [INFO] Rule:225 - rule FDCAN1_R4 - Rename Mode FullDuplex into Enable FDCAN_TXFD for pin PA10 is applicable
2025-07-29 11:15:32,355 [INFO] Rule:225 - rule FDCAN1_R4 - Rename Mode FullDuplex into Enable FDCAN_TXFD for pin PA9 is applicable
2025-07-29 11:15:32,355 [INFO] Rule:225 - rule FDCAN1_R4 - Alternatepin_1 - Rename Mode FullDuplex into Enable FDCAN_TXFD for pin PE1 is applicable
2025-07-29 11:15:32,356 [INFO] Rule:225 - rule FDCAN1_R4 - Alternatepin_1 - Rename Mode FullDuplex into Enable FDCAN_TXFD for pin PE0 is applicable
2025-07-29 11:15:32,356 [INFO] Rule:225 - rule FDCAN1_R4 - Alternatepin_2 - Rename Mode FullDuplex into Enable FDCAN_TXFD for pin PD5 is applicable
2025-07-29 11:15:32,356 [INFO] Rule:225 - rule FDCAN1_R4 - Alternatepin_2 - Rename Mode FullDuplex into Enable FDCAN_TXFD for pin PD4 is applicable
2025-07-29 11:15:32,356 [INFO] Rule:225 - rule FDCAN2_R3 - if PD10.Mode=FullDuplex, add Pin PB13 is applicable
2025-07-29 11:15:32,356 [INFO] Rule:225 - rule FDCAN2_R3 - if PD9.Mode=FullDuplex, add Pin PB12 is applicable
2025-07-29 11:15:32,356 [INFO] Rule:225 - rule FDCAN2_R3 - Alternatepin_1 - if PB7.Mode=FullDuplex, add Pin PB6 is applicable
2025-07-29 11:15:32,356 [INFO] Rule:225 - rule FDCAN2_R3 - Alternatepin_1 - if PD9.Mode=FullDuplex, add Pin PB12 is applicable
2025-07-29 11:15:32,356 [INFO] Rule:225 - rule FDCAN2_R4 - Rename Mode FullDuplex into Enable FDCAN_TXFD for pin PD10 is applicable
2025-07-29 11:15:32,356 [INFO] Rule:225 - rule FDCAN2_R4 - Rename Mode FullDuplex into Enable FDCAN_TXFD for pin PD9 is applicable
2025-07-29 11:15:32,357 [INFO] Rule:225 - rule FDCAN2_R4 - Alternatepin_1 - Rename Mode FullDuplex into Enable FDCAN_TXFD for pin PB7 is applicable
2025-07-29 11:15:32,357 [INFO] Rule:225 - rule FDCAN2_R4 - Alternatepin_1 - Rename Mode FullDuplex into Enable FDCAN_TXFD for pin PD6 is applicable
2025-07-29 11:15:32,357 [INFO] Rule:225 - rule USART TxPinLevelInvertParam Mode is applicable
2025-07-29 11:15:32,357 [INFO] Rule:225 - rule USART RxPinLevelInvertParam Mode is applicable
2025-07-29 11:15:32,357 [INFO] Rule:225 - rule USART DataInvertParam Mode is applicable
2025-07-29 11:15:32,357 [INFO] Rule:225 - rule USART SwapParam Mode is applicable
2025-07-29 11:15:32,357 [INFO] Rule:225 - rule USART OverrunDisableParam Mode is applicable
2025-07-29 11:15:32,357 [INFO] Rule:225 - rule USART DMADisableonRxErrorParam Mode is applicable
2025-07-29 11:15:32,357 [INFO] Rule:225 - rule USART MSBFirstParam Mode is applicable
2025-07-29 11:15:32,358 [INFO] Rule:225 - rule Update MwName for USB_DEVICE is applicable
2025-07-29 11:15:32,358 [INFO] Rule:225 - rule Change PWR_Regulator_Voltage_Scale Default Value for RCC  H7 family is applicable
2025-07-29 11:15:32,358 [INFO] Rule:225 - rule UART/USART IPParameter rename Prescaler parameter to ClockPrescaler is applicable
2025-07-29 11:15:32,358 [INFO] Rule:225 - rule UART/USART Prescaler rename Prescaler parameter to ClockPrescaler is applicable
2025-07-29 11:15:32,358 [INFO] Rule:225 - rule TIM1CLockSelection is applicable
2025-07-29 11:15:32,358 [INFO] Rule:225 - rule TIM15CLockSelection is applicable
2025-07-29 11:15:32,358 [INFO] Rule:225 - rule align RCC SDMMC3CLockSelection default value on MP1 is applicable
2025-07-29 11:15:32,358 [INFO] Rule:225 - rule align RCC SDMMC12CLockSelection default value on MP1 is applicable
2025-07-29 11:15:32,358 [INFO] Rule:225 - rule align RCC QSPICLockSelection default value on MP1 is applicable
2025-07-29 11:15:32,359 [INFO] Rule:225 - rule align RCC QSPICLockSelection default value on MP1 is applicable
2025-07-29 11:15:32,359 [INFO] Rule:225 - rule align RCC SPI6CLockSelection default value on MP1 is applicable
2025-07-29 11:15:32,359 [INFO] Rule:225 - rule align RCC LPTIM23CLockSelection default value on MP1 is applicable
2025-07-29 11:15:32,359 [INFO] Rule:225 - rule align RCC LPTIM1CLockSelection default value on MP1 is applicable
2025-07-29 11:15:32,359 [INFO] Rule:225 - rule align RCC USART1CLockSelection default value on MP1 is applicable
2025-07-29 11:15:32,359 [INFO] Rule:225 - rule align RCC USART24CLockSelection default value on MP1 is applicable
2025-07-29 11:15:32,359 [INFO] Rule:225 - rule align RCC USART6CLockSelection default value on MP1 is applicable
2025-07-29 11:15:32,359 [INFO] Rule:225 - rule align RCC UART78CLockSelection default value on MP1 is applicable
2025-07-29 11:15:32,359 [INFO] Rule:225 - rule align RCC USART35CLockSelection default value on MP1 is applicable
2025-07-29 11:15:32,360 [INFO] Rule:225 - rule align RCC SPI45CLockSelection default value on MP1 is applicable
2025-07-29 11:15:32,361 [INFO] Rule:225 - rule align RCC I2C46CLockSelection BCLK value on MP1 is applicable
2025-07-29 11:15:32,361 [INFO] Rule:225 - rule align RCC SPI45CLockSelection default value on MP1 is applicable
2025-07-29 11:15:32,361 [INFO] Rule:225 - rule align RCC I2C12CLockSelection default value on MP1 is applicable
2025-07-29 11:15:32,361 [INFO] Rule:225 - rule align RCC I2C35CLockSelection default value on MP1 is applicable
2025-07-29 11:15:32,362 [INFO] Rule:225 - rule align RCC LPTIM45CLockSelection default value on MP1 is applicable
2025-07-29 11:15:32,362 [INFO] Rule:225 - rule Rename DCMI PIXCK signal is applicable
2025-07-29 11:15:32,362 [INFO] Rule:225 - rule Change Default Value for I2C46CLockSelection MP1 family is applicable
2025-07-29 11:15:32,362 [INFO] Rule:225 - rule Change Default Value for UART for G4, G0 and WB families is applicable
2025-07-29 11:15:32,363 [INFO] Rule:225 - rule Change Default Value for USART for G4, G0 and WB families is applicable
2025-07-29 11:15:32,363 [INFO] Rule:225 - rule Change Default Value for USART for G4 family is applicable
2025-07-29 11:15:32,363 [INFO] Rule:225 - rule Change USART1CLockSelection refparam name for MP1 is applicable
2025-07-29 11:15:32,363 [INFO] Rule:225 - rule Change USART2CLockSelection refparam name for MP1 is applicable
2025-07-29 11:15:32,363 [INFO] Rule:225 - rule Change USART3CLockSelection refparam name for MP1 is applicable
2025-07-29 11:15:32,363 [INFO] Rule:225 - rule Change UART4CLockSelection refparam name for MP1 is applicable
2025-07-29 11:15:32,364 [INFO] Rule:225 - rule Change UART5CLockSelection refparam name for MP1 is applicable
2025-07-29 11:15:32,364 [INFO] Rule:225 - rule Change LPUART1CLockSelection refparam name for MP1 is applicable
2025-07-29 11:15:32,364 [INFO] Rule:225 - rule Change LPTIM1CLockSelection refparam name for MP1 is applicable
2025-07-29 11:15:32,364 [INFO] Rule:225 - rule Change LPTIM2CLockSelection refparam name for MP1 is applicable
2025-07-29 11:15:32,364 [INFO] Rule:225 - rule Change RCC_MCO1Source refparam name for MP1 is applicable
2025-07-29 11:15:32,364 [INFO] Rule:225 - rule Change LSCOSource1 refparam name for MP1 is applicable
2025-07-29 11:15:32,365 [INFO] Rule:225 - rule Change SMPSCLockSelection refparam name for MP1 is applicable
2025-07-29 11:15:32,365 [INFO] Rule:225 - rule Change LPTIM3CLockSelection refparam name for MP1 is applicable
2025-07-29 11:15:32,366 [INFO] Rule:225 - rule Change MPCBB* Default Template Mode to Parameters is applicable
2025-07-29 11:15:32,366 [INFO] Rule:225 - rule Change MPCWM* or MPCBB* Secure Mode to Parameters is applicable
2025-07-29 11:15:32,366 [INFO] Rule:225 - rule Change MPCWM* or MPCBB* No Secure Mode to Parameters is applicable
2025-07-29 11:15:32,366 [INFO] Rule:225 - rule Change TZSC IP Secure Mode to Parameters is applicable
2025-07-29 11:15:32,366 [INFO] Rule:225 - rule Change TZSC IP No Secure Mode to Parameters is applicable
2025-07-29 11:15:32,366 [INFO] Rule:225 - rule Change TZSC IP Privilege Mode to Parameters is applicable
2025-07-29 11:15:32,367 [INFO] Rule:225 - rule Change TZSC IP No Privilege Mode to Parameters is applicable
2025-07-29 11:15:32,367 [INFO] Rule:225 - rule Change TZIC IT Secure Mode to Parameters is applicable
2025-07-29 11:15:32,367 [INFO] Rule:225 - rule Change TZIC IT No Secure Mode to Parameters is applicable
2025-07-29 11:15:32,367 [INFO] Rule:225 - rule Add MPCBB1_NonSecureArea_Start_Address value with referenced to MPCBB1_NonSecureArea_Start value is applicable
2025-07-29 11:15:32,370 [INFO] Rule:225 - rule Add MPCBB2_NonSecureArea_Start_Address value with referenced to MPCBB2_NonSecureArea_Start value is applicable
2025-07-29 11:15:32,370 [INFO] Rule:225 - rule Add MPCWM1_NonSecureArea*_Start_Address value with referenced to MPCWM1_NonSecureArea*_Start value is applicable
2025-07-29 11:15:32,370 [INFO] Rule:225 - rule Add MPCWM2_NonSecureArea*_Start_Address value with referenced to MPCWM2_NonSecureArea*_Start value is applicable
2025-07-29 11:15:32,371 [INFO] Rule:225 - rule Add MPCWM3_NonSecureArea_Start_Address value with referenced to MPCWM3_NonSecureArea_Start value is applicable
2025-07-29 11:15:32,371 [INFO] Rule:225 - rule Change Default Value for PLL1UserDefinedConfig is applicable
2025-07-29 11:15:32,371 [INFO] Rule:225 - rule Change GPIO_PuPd Default Value for USART in async mode is applicable
2025-07-29 11:15:32,371 [INFO] Rule:225 - rule Change SMPSDivider Default Value is applicable
2025-07-29 11:15:32,371 [INFO] Rule:225 - rule OPAMP is applicable
2025-07-29 11:15:32,372 [INFO] Rule:225 - rule LPUART IPParameter rename Prescaler parameter to ClockPrescaler for STM32H7 is applicable
2025-07-29 11:15:32,372 [INFO] Rule:225 - rule LPUART IPParameter rename Prescaler parameter to ClockPrescaler for STM32H7 is applicable
2025-07-29 11:15:32,372 [INFO] Rule:225 - rule LPUART IPParameter rename Prescaler parameter to ClockPrescaler for STM32WB is applicable
2025-07-29 11:15:32,372 [INFO] Rule:225 - rule LPUART IPParameter rename Prescaler parameter to ClockPrescaler for STM32WB is applicable
2025-07-29 11:15:32,372 [INFO] Rule:225 - rule LPUART IPParameter rename Prescaler parameter to ClockPrescaler for STM32G4 is applicable
2025-07-29 11:15:32,372 [INFO] Rule:225 - rule LPUART IPParameter rename Prescaler parameter to ClockPrescaler for STM32G4 is applicable
2025-07-29 11:15:32,372 [INFO] Rule:225 - rule LPUART IPParameter rename Prescaler parameter to ClockPrescaler for STM32L5 is applicable
2025-07-29 11:15:32,372 [INFO] Rule:225 - rule LPUART IPParameter rename Prescaler parameter to ClockPrescaler for STM32L5 is applicable
2025-07-29 11:15:32,373 [INFO] Rule:225 - rule LPUART IPParameter rename Prescaler parameter to ClockPrescaler for STM32G4 is applicable
2025-07-29 11:15:32,373 [INFO] Rule:225 - rule LPUART IPParameter rename Prescaler parameter to ClockPrescaler for STM32G4 is applicable
2025-07-29 11:15:32,373 [INFO] Rule:225 - rule USB device lib V2.5.3 for L0 rename USBD_SUPPORT_USER_STRING parameter to USBD_SUPPORT_USER_STRING_DESC4 is applicable
2025-07-29 11:15:32,373 [INFO] Rule:225 - rule I2SCLockSelection clock entry align is applicable
2025-07-29 11:15:32,373 [INFO] Rule:225 - rule Assign TIMx context if used as SYS timebase is applicable
2025-07-29 11:15:32,373 [INFO] Rule:225 - rule Change GPIO_Pu Default Value for I2C is applicable
2025-07-29 11:15:32,374 [INFO] Rule:225 - rule Change GPIO_Pu Default Value for SMBus is applicable
2025-07-29 11:15:32,374 [INFO] Rule:225 - rule change FDCAN default value is applicable
2025-07-29 11:15:32,374 [INFO] Rule:225 - rule Change mode sai is applicable
2025-07-29 11:15:32,374 [INFO] Rule:225 - rule **Change sai mode is applicable
2025-07-29 11:15:32,374 [INFO] Rule:225 - rule Rename STM32WPAN CFG_BLE_IRK to CFG_BLE_IR is applicable
2025-07-29 11:15:32,374 [INFO] Rule:225 - rule Rename STM32WPAN CFG_BLE_ERK to CFG_BLE_ER is applicable
2025-07-29 11:15:32,374 [INFO] Rule:225 - rule Rename STM32WPAN CFG_BLE_IRK_HEX to CFG_BLE_IR_HEX is applicable
2025-07-29 11:15:32,375 [INFO] Rule:225 - rule Rename STM32WPAN CFG_BLE_ERK_HEX to CFG_BLE_ER_HEX is applicable
2025-07-29 11:15:32,375 [INFO] Rule:225 - rule Adapt Old IOC before rework replace old CORTEX_M33/CORTEX_M55 attributes by the new one. is applicable
2025-07-29 11:15:32,375 [INFO] Rule:225 - rule Rename parametre of RCC RCC_APBDBG_DIV2 to RCC_TIMPRES_DIV2 is applicable
2025-07-29 11:15:32,375 [INFO] Rule:225 - rule Rename DIE493 pin PA10 [PA12] -> PA10 is applicable
2025-07-29 11:15:32,375 [INFO] Rule:225 - rule Rename DIE493 pin PA9 [PA11] -> PA9 is applicable
2025-07-29 11:15:32,375 [INFO] Rule:225 - rule Adapt Old IOC CSI. is applicable
2025-07-29 11:15:32,435 [INFO] DbConfProperties:307 - Apply Compatibility (49/267 Rules)
2025-07-29 11:15:32,478 [INFO] ImportTextPane:218 - (OptionalMessage_ERROR) Unable to find key (Mcu.ThirdPartyNb) in loaded IOC file
2025-07-29 11:15:32,485 [INFO] ImportTextPane:218 - (OptionalMessage_ERROR) Pin12 (VP_RIF_VS_RIF1) cannot be retrieved for this MCU
2025-07-29 11:15:32,658 [WARN] ModelIntegratedComponent:63 - No mode defined for component null
2025-07-29 11:15:32,658 [WARN] ModelIntegratedComponent:63 - No mode defined for component null
2025-07-29 11:15:32,658 [WARN] ModelIntegratedComponent:63 - No mode defined for component null
2025-07-29 11:15:32,658 [WARN] ModelIntegratedComponent:63 - No mode defined for component null
2025-07-29 11:15:32,658 [WARN] ModelIntegratedComponent:63 - No mode defined for component null
2025-07-29 11:15:32,658 [WARN] ModelIntegratedComponent:63 - No mode defined for component null
2025-07-29 11:15:32,659 [WARN] ModelIntegratedComponent:63 - No mode defined for component null
2025-07-29 11:15:32,659 [WARN] ModelIntegratedComponent:63 - No mode defined for component null
2025-07-29 11:15:32,659 [WARN] ModelIntegratedComponent:63 - No mode defined for component null
2025-07-29 11:15:32,659 [WARN] ModelIntegratedComponent:63 - No mode defined for component null
2025-07-29 11:15:32,659 [WARN] ModelIntegratedComponent:63 - No mode defined for component null
2025-07-29 11:15:32,659 [WARN] ModelIntegratedComponent:63 - No mode defined for component null
2025-07-29 11:15:32,659 [WARN] ModelIntegratedComponent:63 - No mode defined for component null
2025-07-29 11:15:32,659 [WARN] ModelIntegratedComponent:63 - No mode defined for component null
2025-07-29 11:15:32,659 [WARN] ModelIntegratedComponent:63 - No mode defined for component null
2025-07-29 11:15:32,659 [WARN] ModelIntegratedComponent:63 - No mode defined for component null
2025-07-29 11:15:32,659 [WARN] ModelIntegratedComponent:63 - No mode defined for component null
2025-07-29 11:15:32,660 [WARN] ModelIntegratedComponent:63 - No mode defined for component null
2025-07-29 11:15:32,660 [WARN] ModelIntegratedComponent:63 - No mode defined for component null
2025-07-29 11:15:32,660 [WARN] ModelIntegratedComponent:63 - No mode defined for component null
2025-07-29 11:15:32,660 [WARN] ModelIntegratedComponent:63 - No mode defined for component null
2025-07-29 11:15:32,660 [WARN] ModelIntegratedComponent:63 - No mode defined for component null
2025-07-29 11:15:32,660 [WARN] ModelIntegratedComponent:63 - No mode defined for component null
2025-07-29 11:15:32,660 [WARN] ModelIntegratedComponent:63 - No mode defined for component null
2025-07-29 11:15:32,660 [WARN] ModelIntegratedComponent:63 - No mode defined for component null
2025-07-29 11:15:32,660 [WARN] ModelIntegratedComponent:63 - No mode defined for component null
2025-07-29 11:15:32,660 [WARN] ModelIntegratedComponent:63 - No mode defined for component null
2025-07-29 11:15:32,661 [WARN] ModelIntegratedComponent:63 - No mode defined for component null
2025-07-29 11:15:32,662 [WARN] ModelIntegratedComponent:63 - No mode defined for component null
2025-07-29 11:15:32,662 [WARN] ModelIntegratedComponent:63 - No mode defined for component null
2025-07-29 11:15:32,662 [WARN] ModelIntegratedComponent:63 - No mode defined for component null
2025-07-29 11:15:32,663 [WARN] ModelIntegratedComponent:63 - No mode defined for component null
2025-07-29 11:15:32,663 [WARN] ModelIntegratedComponent:63 - No mode defined for component null
2025-07-29 11:15:32,663 [WARN] ModelIntegratedComponent:63 - No mode defined for component null
2025-07-29 11:15:32,663 [WARN] ModelIntegratedComponent:63 - No mode defined for component null
2025-07-29 11:15:32,663 [WARN] ModelPack:524 - Component already loaded: STMicroelectronics:HAL Drivers:0.0.0:STMicroelectronics:Device:STMicro_Driver:XSPI:HAL::0.0.1:HAL_XSPI
2025-07-29 11:15:32,677 [INFO] RtosManager:558 - Registered RTOS mode: class=CMSIS, group=RTOS, mode=CMSIS_V1, owner=FREERTOS
2025-07-29 11:15:32,677 [INFO] RtosManager:558 - Registered RTOS mode: class=CMSIS, group=RTOS2, mode=CMSIS_V2, owner=FREERTOS
2025-07-29 11:15:32,678 [INFO] RtosManager:558 - Registered RTOS mode: class=RTOS, group=Core, mode=CMSIS_V1, owner=FREERTOS
2025-07-29 11:15:32,678 [INFO] RtosManager:558 - Registered RTOS mode: class=RTOS, group=Core, mode=CMSIS_V2, owner=FREERTOS
2025-07-29 11:15:32,678 [WARN] ModelIntegratedComponent:184 - Missing modes for component STMicroelectronics:FreeRTOS:0.0.1:STMicroelectronics:RTOS:FreeRTOS:Core:::10.2.0:
2025-07-29 11:15:32,698 [INFO] ThirdPartyModel:298 - Start build external matchings
2025-07-29 11:15:32,738 [INFO] ThirdPartyModel:316 - End build external matchings
2025-07-29 11:15:32,747 [INFO] ImportTextPane:218 - (OptionalMessage_ERROR) IP (RCC) : Invalid parameter (48MHZClocksFreq_Value)
2025-07-29 11:15:32,747 [INFO] ImportTextPane:218 - (OptionalMessage_ERROR) IP (RCC) : Invalid parameter (EthernetFreq_Value)
2025-07-29 11:15:32,751 [INFO] ImportTextPane:218 - (OptionalMessage_ERROR) IP (RCC) : Parameter (FLatency) has Id (AdvancedSettings) currently not set
2025-07-29 11:15:32,752 [INFO] ImportTextPane:218 - (OptionalMessage_ERROR) IP (RCC) : Invalid parameter (FamilyName)
2025-07-29 11:15:32,752 [INFO] ImportTextPane:218 - (OptionalMessage_ERROR) IP (RCC) : Invalid parameter (I2SClocksFreq_Value)
2025-07-29 11:15:32,755 [INFO] ImportTextPane:218 - (OptionalMessage_ERROR) IP (RCC) : Parameter (SDIOFreq_Value) has invalid value (168000000)
2025-07-29 11:15:32,755 [INFO] ImportTextPane:218 - (OptionalMessage_ERROR) IP (RCC) : Parameter (USBFreq_Value) has invalid value (168000000)
2025-07-29 11:15:32,756 [INFO] ImportTextPane:218 - (OptionalMessage_ERROR) IP (RCC) : Invalid parameter (VCOInputMFreq_Value)
2025-07-29 11:15:32,757 [INFO] ImportTextPane:218 - (OptionalMessage_ERROR) IP (RCC) : Invalid parameter (VcooutputI2S)
2025-07-29 11:15:33,287 [INFO] UtilMem:75 - End LoadConfig() Used Memory: 878890888 Bytes (1073741824)
2025-07-29 11:15:33,451 [WARN] ThirdParty:833 - waiting for thirdparty lock release [change project]
2025-07-29 11:15:33,452 [INFO] ThirdParty:835 - entering critical section [change project]
2025-07-29 11:15:33,452 [INFO] ThirdParty:1030 - CMSIS Pack Vendor :STMicroelectronics USBPD 4.1
2025-07-29 11:15:33,452 [INFO] ThirdParty:1030 - CMSIS Pack Vendor :STMicroelectronics X-CUBE-DISPLAY 3.0.0
2025-07-29 11:15:33,452 [INFO] ThirdParty:1030 - CMSIS Pack Vendor :STMicroelectronics USB_HOST 2.0.0
2025-07-29 11:15:33,452 [INFO] ThirdParty:1030 - CMSIS Pack Vendor :STMicroelectronics FP-SNS-MOTENVWB1 1.4.0
2025-07-29 11:15:33,453 [INFO] ThirdParty:1030 - CMSIS Pack Vendor :STMicroelectronics LIBJPEG 8.0.0
2025-07-29 11:15:33,453 [INFO] ThirdParty:1030 - CMSIS Pack Vendor :STMicroelectronics FP-ATR-SIGFOX1 3.2.0
2025-07-29 11:15:33,453 [INFO] ThirdParty:1030 - CMSIS Pack Vendor :STMicroelectronics USB_DEVICE 3.0.0
2025-07-29 11:15:33,453 [INFO] ThirdParty:1030 - CMSIS Pack Vendor :STMicroelectronics HAL Drivers 0.0.0
2025-07-29 11:15:33,453 [INFO] ThirdParty:1030 - CMSIS Pack Vendor :STMicroelectronics MBEDTLS 2.16.2
2025-07-29 11:15:33,453 [INFO] ThirdParty:1030 - CMSIS Pack Vendor :STMicroelectronics X-CUBE-ALS 1.0.2
2025-07-29 11:15:33,453 [INFO] ThirdParty:1030 - CMSIS Pack Vendor :STMicroelectronics MBEDTLS 2.14.1
2025-07-29 11:15:33,453 [INFO] ThirdParty:1030 - CMSIS Pack Vendor :STMicroelectronics USB_DEVICE 2.0.0
2025-07-29 11:15:33,454 [INFO] ThirdParty:1030 - CMSIS Pack Vendor :STMicroelectronics FP-SNS-STBOX1 2.0.0
2025-07-29 11:15:33,454 [INFO] ThirdParty:1030 - CMSIS Pack Vendor :STMicroelectronics ThreadX 1.0.0
2025-07-29 11:15:33,455 [INFO] ThirdParty:1030 - CMSIS Pack Vendor :STMicroelectronics FP-SNS-SMARTAG2 1.2.0
2025-07-29 11:15:33,455 [INFO] ThirdParty:1030 - CMSIS Pack Vendor :STMicroelectronics FreeRTOS 0.0.1
2025-07-29 11:15:33,455 [INFO] ThirdParty:1030 - CMSIS Pack Vendor :STMicroelectronics FP-SNS-MOTENV1 5.0.0
2025-07-29 11:15:33,455 [INFO] ThirdParty:1030 - CMSIS Pack Vendor :STMicroelectronics USB_DEVICE 1.0.0
2025-07-29 11:15:33,455 [INFO] ThirdParty:1030 - CMSIS Pack Vendor :STMicroelectronics STM32_WPAN 1.0.0
2025-07-29 11:15:33,455 [INFO] ThirdParty:1030 - CMSIS Pack Vendor :STMicroelectronics ThreadX 0.0.2
2025-07-29 11:15:33,455 [INFO] ThirdParty:1030 - CMSIS Pack Vendor :STMicroelectronics lwIP 2.1.2
2025-07-29 11:15:33,455 [INFO] ThirdParty:1030 - CMSIS Pack Vendor :STMicroelectronics lwIP 2.0.3
2025-07-29 11:15:33,455 [INFO] ThirdParty:1030 - CMSIS Pack Vendor :STMicroelectronics X-CUBE-BLE2 3.3.0
2025-07-29 11:15:33,455 [INFO] ThirdParty:1030 - CMSIS Pack Vendor :STMicroelectronics USB_HOST 1.0.0
2025-07-29 11:15:33,456 [INFO] ThirdParty:1030 - CMSIS Pack Vendor :STMicroelectronics PDM2PCM 3.1.0
2025-07-29 11:15:33,456 [INFO] ThirdParty:1030 - CMSIS Pack Vendor :STMicroelectronics PDM2PCM 3.2.0
2025-07-29 11:15:33,456 [INFO] ThirdParty:1030 - CMSIS Pack Vendor :STMicroelectronics PDM2PCM 3.3.0
2025-07-29 11:15:33,456 [INFO] ThirdParty:841 - exiting critical section [change project]
2025-07-29 11:15:34,343 [INFO] PinOutPanel:1589 - setPackage(No Configuration,No Configuration)
2025-07-29 11:15:34,344 [INFO] PinOutPanel:1589 - setPackage(STM32F446RETx,LQFP64)
2025-07-29 11:15:35,454 [INFO] UtilMem:75 - Before build in PCC Used Memory: 909056112 Bytes (1073741824)
2025-07-29 11:15:36,702 [INFO] UtilMem:75 - After build in PCC Used Memory: 796094528 Bytes (1073741824)
2025-07-29 11:15:36,812 [INFO] IPUIPlugin:80 - create IPUIPlugin
2025-07-29 11:15:36,812 [INFO] IPUIPlugin:80 - create IPUIPlugin
2025-07-29 11:15:36,812 [INFO] IPUIPlugin:80 - create IPUIPlugin
2025-07-29 11:15:36,813 [INFO] IPUIPlugin:80 - create IPUIPlugin
2025-07-29 11:15:36,813 [INFO] IPUIPlugin:80 - create IPUIPlugin
2025-07-29 11:15:36,813 [INFO] IPUIPlugin:80 - create IPUIPlugin
2025-07-29 11:15:36,814 [INFO] IPUIPlugin:80 - create IPUIPlugin
2025-07-29 11:15:36,817 [INFO] IPUIPlugin:80 - create IPUIPlugin
2025-07-29 11:15:36,817 [INFO] IPUIPlugin:80 - create IPUIPlugin
2025-07-29 11:15:36,818 [INFO] IPUIPlugin:80 - create IPUIPlugin
2025-07-29 11:15:36,818 [INFO] IPUIPlugin:80 - create IPUIPlugin
2025-07-29 11:15:36,818 [INFO] IPUIPlugin:80 - create IPUIPlugin
2025-07-29 11:15:36,818 [INFO] IPUIPlugin:80 - create IPUIPlugin
2025-07-29 11:15:36,819 [INFO] IPUIPlugin:80 - create IPUIPlugin
2025-07-29 11:15:36,819 [INFO] IPUIPlugin:80 - create IPUIPlugin
2025-07-29 11:15:36,819 [INFO] IPUIPlugin:80 - create IPUIPlugin
2025-07-29 11:15:36,820 [INFO] IPUIPlugin:80 - create IPUIPlugin
2025-07-29 11:15:36,823 [INFO] IPUIPlugin:80 - create IPUIPlugin
2025-07-29 11:15:36,823 [INFO] IPUIPlugin:80 - create IPUIPlugin
2025-07-29 11:15:36,823 [INFO] IPUIPlugin:80 - create IPUIPlugin
2025-07-29 11:15:36,824 [INFO] IPUIPlugin:80 - create IPUIPlugin
2025-07-29 11:15:36,826 [INFO] IPUIPlugin:80 - create IPUIPlugin
2025-07-29 11:15:36,827 [INFO] IPUIPlugin:80 - create IPUIPlugin
2025-07-29 11:15:36,827 [INFO] IPUIPlugin:80 - create IPUIPlugin
2025-07-29 11:15:36,828 [INFO] IPUIPlugin:80 - create IPUIPlugin
2025-07-29 11:15:36,828 [INFO] IPUIPlugin:80 - create IPUIPlugin
2025-07-29 11:15:36,828 [INFO] IPUIPlugin:80 - create IPUIPlugin
2025-07-29 11:15:36,829 [INFO] IPUIPlugin:80 - create IPUIPlugin
2025-07-29 11:15:36,829 [INFO] IPUIPlugin:80 - create IPUIPlugin
2025-07-29 11:15:36,830 [INFO] IPUIPlugin:80 - create IPUIPlugin
2025-07-29 11:15:36,830 [INFO] IPUIPlugin:80 - create IPUIPlugin
2025-07-29 11:15:36,830 [INFO] IPUIPlugin:80 - create IPUIPlugin
2025-07-29 11:15:36,831 [INFO] IPUIPlugin:80 - create IPUIPlugin
2025-07-29 11:15:36,831 [INFO] IPUIPlugin:80 - create IPUIPlugin
2025-07-29 11:15:36,832 [INFO] IPUIPlugin:80 - create IPUIPlugin
2025-07-29 11:15:36,832 [INFO] IPUIPlugin:80 - create IPUIPlugin
2025-07-29 11:15:36,833 [INFO] IPUIPlugin:80 - create IPUIPlugin
2025-07-29 11:15:36,833 [INFO] IPUIPlugin:80 - create IPUIPlugin
2025-07-29 11:15:36,834 [INFO] IPUIPlugin:80 - create IPUIPlugin
2025-07-29 11:15:36,835 [INFO] IPUIPlugin:80 - create IPUIPlugin
2025-07-29 11:15:36,835 [INFO] IPUIPlugin:80 - create IPUIPlugin
2025-07-29 11:15:36,836 [INFO] IPUIPlugin:80 - create IPUIPlugin
2025-07-29 11:15:36,837 [INFO] IPUIPlugin:80 - create IPUIPlugin
2025-07-29 11:15:36,837 [INFO] IPUIPlugin:80 - create IPUIPlugin
2025-07-29 11:15:36,838 [INFO] IPUIPlugin:80 - create IPUIPlugin
2025-07-29 11:15:36,839 [INFO] IPUIPlugin:80 - create IPUIPlugin
2025-07-29 11:15:36,839 [INFO] IPUIPlugin:80 - create IPUIPlugin
2025-07-29 11:15:36,840 [INFO] IPUIPlugin:80 - create IPUIPlugin
2025-07-29 11:15:36,841 [INFO] IPUIPlugin:80 - create IPUIPlugin
2025-07-29 11:15:36,841 [INFO] IPUIPlugin:80 - create IPUIPlugin
2025-07-29 11:15:36,842 [INFO] IPUIPlugin:80 - create IPUIPlugin
2025-07-29 11:15:36,843 [INFO] IPUIPlugin:80 - create IPUIPlugin
2025-07-29 11:15:36,843 [INFO] IPUIPlugin:80 - create IPUIPlugin
2025-07-29 11:15:36,844 [INFO] IPUIPlugin:80 - create IPUIPlugin
2025-07-29 11:15:36,845 [INFO] IPUIPlugin:80 - create IPUIPlugin
2025-07-29 11:15:36,845 [INFO] IPUIPlugin:80 - create IPUIPlugin
2025-07-29 11:15:36,846 [INFO] IPUIPlugin:80 - create IPUIPlugin
2025-07-29 11:15:36,847 [INFO] IPUIPlugin:80 - create IPUIPlugin
2025-07-29 11:15:36,848 [INFO] IPUIPlugin:80 - create IPUIPlugin
2025-07-29 11:15:36,849 [INFO] IPUIPlugin:80 - create IPUIPlugin
2025-07-29 11:15:36,908 [INFO] ApiDbMcu:508 - Load IP Config File for PDM2PCM
2025-07-29 11:15:37,307 [INFO] CADModel:165 - CPN selected for project levelSTM32F446RET6
2025-07-29 11:15:37,307 [INFO] CADModel:114 - Register for checkConnection events
2025-07-29 11:15:37,348 [INFO] OpenFileManager:385 - Restore cursor
2025-07-29 11:15:38,411 [INFO] UtilMem:75 - End SaveConfig() Used Memory: 995323968 Bytes (1073741824)
2025-07-29 11:15:38,578 [INFO] UtilMem:75 - End SaveConfig() Used Memory: 787482624 Bytes (1073741824)
2025-07-29 11:15:40,262 [INFO] BlockDiagram:2775 - set Specific Code input for plugin: SYS
2025-07-29 11:15:40,263 [INFO] BlockDiagram:2775 - set Specific Code input for plugin: RCC
2025-07-29 11:15:40,263 [INFO] BlockDiagram:2775 - set Specific Code input for plugin: NVIC
2025-07-29 11:15:40,263 [INFO] BlockDiagram:2775 - set Specific Code input for plugin: USART
2025-07-29 11:15:40,263 [INFO] BlockDiagram:2775 - set Specific Code input for plugin: GPIO
2025-07-29 11:15:40,264 [INFO] CodeGenerator:882 - code generatio: config db path: /opt/st/stm32cubeide_1.18.1/plugins/com.st.stm32cube.common.mx_6.14.1.202504091515//db/
2025-07-29 11:15:41,668 [INFO] CodeEngine:263 - oldGeneratedFile, /home/nova/STM32CubeIDE/workspace_1.18.1/Parse_Recv_UART/MXTmpFiles/license.tmp_save
2025-07-29 11:15:42,420 [INFO] CodeEngine:287 - Generated code: /home/nova/STM32CubeIDE/workspace_1.18.1/Parse_Recv_UART/MXTmpFiles/license.tmp
2025-07-29 11:15:43,948 [INFO] CodeEngine:263 - oldGeneratedFile, /home/nova/STM32CubeIDE/workspace_1.18.1/Parse_Recv_UART/MXTmpFiles/gpio.tmp_save
2025-07-29 11:15:44,193 [INFO] CodeEngine:287 - Generated code: /home/nova/STM32CubeIDE/workspace_1.18.1/Parse_Recv_UART/MXTmpFiles/gpio.tmp
2025-07-29 11:15:44,429 [INFO] CodeEngine:263 - oldGeneratedFile, /home/nova/STM32CubeIDE/workspace_1.18.1/Parse_Recv_UART/Core/Src/stm32f4xx_it.c_save
2025-07-29 11:15:44,655 [INFO] CodeEngine:287 - Generated code: /home/nova/STM32CubeIDE/workspace_1.18.1/Parse_Recv_UART/Core/Src/stm32f4xx_it.c
2025-07-29 11:15:44,697 [INFO] CodeEngine:263 - oldGeneratedFile, /home/nova/STM32CubeIDE/workspace_1.18.1/Parse_Recv_UART/Core/Inc/stm32f4xx_it.h_save
2025-07-29 11:15:44,851 [INFO] CodeEngine:287 - Generated code: /home/nova/STM32CubeIDE/workspace_1.18.1/Parse_Recv_UART/Core/Inc/stm32f4xx_it.h
2025-07-29 11:15:44,862 [INFO] CodeEngine:263 - oldGeneratedFile, /home/nova/STM32CubeIDE/workspace_1.18.1/Parse_Recv_UART/Core/Src/stm32f4xx_hal_msp.c_save
2025-07-29 11:15:45,219 [INFO] CodeEngine:287 - Generated code: /home/nova/STM32CubeIDE/workspace_1.18.1/Parse_Recv_UART/Core/Src/stm32f4xx_hal_msp.c
2025-07-29 11:15:45,222 [INFO] CodeEngine:263 - oldGeneratedFile, /home/nova/STM32CubeIDE/workspace_1.18.1/Parse_Recv_UART/MXTmpFiles/system.tmp_save
2025-07-29 11:15:45,368 [INFO] CodeEngine:287 - Generated code: /home/nova/STM32CubeIDE/workspace_1.18.1/Parse_Recv_UART/MXTmpFiles/system.tmp
2025-07-29 11:15:45,407 [INFO] CodeEngine:319 - oldGeneratedFile, /home/nova/STM32CubeIDE/workspace_1.18.1/Parse_Recv_UART/Core/Inc/stm32f4xx_hal_conf.h_save
2025-07-29 11:15:45,555 [INFO] CodeEngine:343 - Generated code: /home/nova/STM32CubeIDE/workspace_1.18.1/Parse_Recv_UART/Core/Inc/stm32f4xx_hal_conf.h
2025-07-29 11:15:45,617 [WARN] IPConfigManager:3217 - Warning: the RefConfig PLL2P_FOR_MCO is not available in your config.xml file
2025-07-29 11:15:45,632 [INFO] ApiDbMcu:508 - Load IP Config File for USART2
2025-07-29 11:15:45,640 [INFO] ApiDbMcu:508 - Load IP Config File for RCC
2025-07-29 11:15:45,649 [INFO] CodeEngine:263 - oldGeneratedFile, /home/nova/STM32CubeIDE/workspace_1.18.1/Parse_Recv_UART/Core/Inc/main.h_save
2025-07-29 11:15:45,810 [INFO] CodeEngine:287 - Generated code: /home/nova/STM32CubeIDE/workspace_1.18.1/Parse_Recv_UART/Core/Inc/main.h
2025-07-29 11:15:45,814 [INFO] CodeEngine:263 - oldGeneratedFile, /home/nova/STM32CubeIDE/workspace_1.18.1/Parse_Recv_UART/Core/Src/main.c_save
2025-07-29 11:15:46,071 [INFO] CodeEngine:287 - Generated code: /home/nova/STM32CubeIDE/workspace_1.18.1/Parse_Recv_UART/Core/Src/main.c
2025-07-29 11:15:47,101 [INFO] ProjectBuilder:3324 - Time for Copy HAL[1] : 608mS.
2025-07-29 11:15:47,112 [INFO] ProjectBuilder:4912 - Project Generator version: 4.6.0.1-B1
2025-07-29 11:15:47,299 [INFO] ConfigFileManager:1590 - The Die is : DIE421
2025-07-29 11:15:47,357 [INFO] ApiDbMcu:508 - Load IP Config File for FATFS
2025-07-29 11:15:47,376 [INFO] ApiDbMcu:508 - Load IP Config File for FREERTOS
2025-07-29 11:15:47,393 [INFO] ApiDbMcu:508 - Load IP Config File for LIBJPEG
2025-07-29 11:15:47,415 [INFO] ApiDbMcu:508 - Load IP Config File for MBEDTLS
2025-07-29 11:15:47,447 [INFO] ApiDbMcu:508 - Load IP Config File for USB_DEVICE
2025-07-29 11:15:47,462 [INFO] ApiDbMcu:508 - Load IP Config File for USB_HOST
2025-07-29 11:15:48,829 [INFO] LogOutputStream:77 - [STDOUT_REDIRECT] 
2025-07-29 11:15:54,628 [INFO] ProjectBuilder:5191 - Time for Generating toolchain IDE Files: 7515mS.
2025-07-29 11:15:54,633 [INFO] ProjectBuilder:3181 - Time for Copy CMSIS : 0mS.
2025-07-29 11:15:54,635 [INFO] ProjectBuilder:3181 - Time for Copy CMSIS : 1mS.
2025-07-29 11:15:56,708 [INFO] McuFinderGlobals:76 - Set McuFinderConnectedMode to true
2025-07-29 11:15:56,712 [INFO] ApiDb:448 - Save user favorites file /home/nova/.stm32cubeide/favorites.mcus.txt: 1 item(s)
2025-07-29 11:15:56,715 [INFO] ApiDb:452 - User favorites MCUs=[STM32F446RET6]
2025-07-29 11:15:56,731 [INFO] ApiDb:448 - Save user favorites file /home/nova/.stm32cubeide/favorites.boards.txt: 0 item(s)
2025-07-29 11:15:56,731 [INFO] ApiDb:452 - User favorites Boards=[]
2025-07-29 11:17:19,221 [INFO] NvicIntPanel:101 - NVIC parent = com.st.microxplorer.plugins.ip.nvic.MultiNvicIntPanel[,0,0,450x128,layout=javax.swing.BoxLayout,alignmentX=0.0,alignmentY=0.0,border=,flags=9,maximumSize=,minimumSize=,preferredSize=]
2025-07-29 11:17:20,770 [INFO] NvicIntPanel:101 - NVIC parent = com.st.microxplorer.plugins.ip.nvic.MultiNvicIntPanel[,0,0,0x0,invalid,layout=javax.swing.BoxLayout,alignmentX=0.0,alignmentY=0.0,border=,flags=9,maximumSize=,minimumSize=,preferredSize=]
2025-07-29 11:18:39,336 [INFO] UtilMem:75 - End SaveConfig() Used Memory: 877363560 Bytes (1073741824)
2025-07-29 11:18:41,227 [INFO] UtilMem:75 - End SaveConfig() Used Memory: 903537128 Bytes (1073741824)
2025-07-29 11:18:46,722 [INFO] UtilMem:75 - End SaveConfig() Used Memory: 851525656 Bytes (1073741824)
2025-07-29 11:18:47,383 [INFO] BlockDiagram:2775 - set Specific Code input for plugin: SYS
2025-07-29 11:18:47,383 [INFO] BlockDiagram:2775 - set Specific Code input for plugin: RCC
2025-07-29 11:18:47,383 [INFO] BlockDiagram:2775 - set Specific Code input for plugin: NVIC
2025-07-29 11:18:47,383 [INFO] BlockDiagram:2775 - set Specific Code input for plugin: USART
2025-07-29 11:18:47,384 [INFO] BlockDiagram:2775 - set Specific Code input for plugin: GPIO
2025-07-29 11:18:47,384 [INFO] CodeGenerator:882 - code generatio: config db path: /opt/st/stm32cubeide_1.18.1/plugins/com.st.stm32cube.common.mx_6.14.1.202504091515//db/
2025-07-29 11:18:47,807 [INFO] CodeEngine:263 - oldGeneratedFile, /home/nova/STM32CubeIDE/workspace_1.18.1/Parse_Recv_UART/MXTmpFiles/license.tmp_save
2025-07-29 11:18:48,298 [INFO] CodeEngine:287 - Generated code: /home/nova/STM32CubeIDE/workspace_1.18.1/Parse_Recv_UART/MXTmpFiles/license.tmp
2025-07-29 11:18:48,361 [INFO] CodeEngine:263 - oldGeneratedFile, /home/nova/STM32CubeIDE/workspace_1.18.1/Parse_Recv_UART/MXTmpFiles/gpio.tmp_save
2025-07-29 11:18:48,506 [INFO] CodeEngine:287 - Generated code: /home/nova/STM32CubeIDE/workspace_1.18.1/Parse_Recv_UART/MXTmpFiles/gpio.tmp
2025-07-29 11:18:48,653 [INFO] CodeEngine:263 - oldGeneratedFile, /home/nova/STM32CubeIDE/workspace_1.18.1/Parse_Recv_UART/Core/Src/stm32f4xx_it.c_save
2025-07-29 11:18:48,828 [INFO] CodeEngine:287 - Generated code: /home/nova/STM32CubeIDE/workspace_1.18.1/Parse_Recv_UART/Core/Src/stm32f4xx_it.c
2025-07-29 11:18:48,830 [INFO] CodeEngine:263 - oldGeneratedFile, /home/nova/STM32CubeIDE/workspace_1.18.1/Parse_Recv_UART/Core/Inc/stm32f4xx_it.h_save
2025-07-29 11:18:48,981 [INFO] CodeEngine:287 - Generated code: /home/nova/STM32CubeIDE/workspace_1.18.1/Parse_Recv_UART/Core/Inc/stm32f4xx_it.h
2025-07-29 11:18:48,992 [INFO] CodeEngine:263 - oldGeneratedFile, /home/nova/STM32CubeIDE/workspace_1.18.1/Parse_Recv_UART/Core/Src/stm32f4xx_hal_msp.c_save
2025-07-29 11:18:49,222 [INFO] CodeEngine:287 - Generated code: /home/nova/STM32CubeIDE/workspace_1.18.1/Parse_Recv_UART/Core/Src/stm32f4xx_hal_msp.c
2025-07-29 11:18:49,225 [INFO] CodeEngine:263 - oldGeneratedFile, /home/nova/STM32CubeIDE/workspace_1.18.1/Parse_Recv_UART/MXTmpFiles/system.tmp_save
2025-07-29 11:18:49,372 [INFO] CodeEngine:287 - Generated code: /home/nova/STM32CubeIDE/workspace_1.18.1/Parse_Recv_UART/MXTmpFiles/system.tmp
2025-07-29 11:18:49,381 [INFO] CodeEngine:319 - oldGeneratedFile, /home/nova/STM32CubeIDE/workspace_1.18.1/Parse_Recv_UART/Core/Inc/stm32f4xx_hal_conf.h_save
2025-07-29 11:18:49,511 [INFO] CodeEngine:343 - Generated code: /home/nova/STM32CubeIDE/workspace_1.18.1/Parse_Recv_UART/Core/Inc/stm32f4xx_hal_conf.h
2025-07-29 11:18:49,586 [WARN] IPConfigManager:3217 - Warning: the RefConfig PLL2P_FOR_MCO is not available in your config.xml file
2025-07-29 11:18:49,596 [INFO] CodeEngine:263 - oldGeneratedFile, /home/nova/STM32CubeIDE/workspace_1.18.1/Parse_Recv_UART/Core/Inc/main.h_save
2025-07-29 11:18:49,720 [INFO] CodeEngine:287 - Generated code: /home/nova/STM32CubeIDE/workspace_1.18.1/Parse_Recv_UART/Core/Inc/main.h
2025-07-29 11:18:49,722 [INFO] CodeEngine:263 - oldGeneratedFile, /home/nova/STM32CubeIDE/workspace_1.18.1/Parse_Recv_UART/Core/Src/main.c_save
2025-07-29 11:18:49,940 [INFO] CodeEngine:287 - Generated code: /home/nova/STM32CubeIDE/workspace_1.18.1/Parse_Recv_UART/Core/Src/main.c
2025-07-29 11:18:50,327 [INFO] ProjectBuilder:3324 - Time for Copy HAL[1] : 41mS.
2025-07-29 11:18:50,331 [INFO] ProjectBuilder:4912 - Project Generator version: 4.6.0.1-B1
2025-07-29 11:18:50,469 [INFO] ConfigFileManager:1590 - The Die is : DIE421
2025-07-29 11:18:52,430 [INFO] ProjectBuilder:5191 - Time for Generating toolchain IDE Files: 2099mS.
2025-07-29 11:18:52,431 [INFO] ProjectBuilder:3181 - Time for Copy CMSIS : 0mS.
2025-07-29 11:18:52,432 [INFO] ProjectBuilder:3181 - Time for Copy CMSIS : 0mS.
2025-07-29 12:48:44,842 [INFO] MainUpdater:2872 - connection check result : 10
2025-07-29 12:48:44,966 [INFO] McuFinderGlobals:76 - Set McuFinderConnectedMode to true
2025-07-29 12:48:44,974 [INFO] MultiScanPanel:200 - Auto-refresh data requested => check proxy status ongoing
2025-07-29 12:48:44,975 [INFO] FinderPluginLoader:95 - Searching for filters in installed packs
2025-07-29 12:48:46,948 [INFO] LoadUrlFilesThread:185 - End of LoadServerUrlFiles without Thread
2025-07-29 12:48:46,949 [INFO] DetailPanel:341 - Set advertising image to /home/nova/STM32Cube/Repository//en.2400x1350px.jpeg
2025-07-29 12:54:24,498 [INFO] MultiScanPanel:200 - Auto-refresh data requested => check proxy status ongoing
2025-07-29 12:54:24,616 [INFO] LoadUrlFilesThread:185 - End of LoadServerUrlFiles without Thread
2025-07-29 12:54:24,617 [INFO] DetailPanel:341 - Set advertising image to /home/nova/STM32Cube/Repository//en.2400x1350px.jpeg
2025-07-29 12:54:45,370 [INFO] MainUpdater:2872 - connection check result : 10
2025-07-29 12:54:45,370 [INFO] MainUpdater:2872 - connection check result : 10
2025-07-29 12:54:45,497 [INFO] MicroXplorer:468 - Change Database Path : 
2025-07-29 12:54:45,497 [INFO] MicroXplorer:498 - Change Database Version : DB.6.0.141
2025-07-29 12:54:45,549 [ERROR] ProjectManagerView:395 - 
java.lang.NullPointerException: Cannot invoke "javax.swing.JTextField.getText()" because the return value of "java.util.List.get(int)" is null
	at com.st.microxplorer.plugins.projectmanager.gui.ProjectChoiceTab$9.caretUpdate(ProjectChoiceTab.java:2678) ~[filemanager.jar:?]
	at javax.swing.text.JTextComponent.fireCaretUpdate(JTextComponent.java:408) ~[?:?]
	at javax.swing.text.JTextComponent$MutableCaretEvent.fire(JTextComponent.java:4484) ~[?:?]
	at javax.swing.text.JTextComponent$MutableCaretEvent.stateChanged(JTextComponent.java:4506) ~[?:?]
	at javax.swing.text.DefaultCaret.fireStateChanged(DefaultCaret.java:857) ~[?:?]
	at javax.swing.text.DefaultCaret.changeCaretPosition(DefaultCaret.java:1343) ~[?:?]
	at javax.swing.text.DefaultCaret.handleSetDot(DefaultCaret.java:1242) ~[?:?]
	at javax.swing.text.DefaultCaret.setDot(DefaultCaret.java:1223) ~[?:?]
	at javax.swing.text.DefaultCaret$Handler.insertUpdate(DefaultCaret.java:1819) ~[?:?]
	at javax.swing.text.AbstractDocument.fireInsertUpdate(AbstractDocument.java:227) ~[?:?]
	at javax.swing.text.AbstractDocument.handleInsertString(AbstractDocument.java:781) ~[?:?]
	at javax.swing.text.AbstractDocument.insertString(AbstractDocument.java:740) ~[?:?]
	at javax.swing.text.PlainDocument.insertString(PlainDocument.java:131) ~[?:?]
	at javax.swing.text.AbstractDocument.replace(AbstractDocument.java:699) ~[?:?]
	at javax.swing.text.JTextComponent.setText(JTextComponent.java:1725) ~[?:?]
	at com.st.microxplorer.plugins.projectmanager.gui.ProjectChoiceTab.createHeapStackFields(ProjectChoiceTab.java:979) ~[filemanager.jar:?]
	at com.st.microxplorer.plugins.projectmanager.gui.ProjectChoiceTab.buildLinkSettingsPanel(ProjectChoiceTab.java:3766) ~[filemanager.jar:?]
	at com.st.microxplorer.plugins.projectmanager.gui.ProjectChoiceTab.defineWindowsFields(ProjectChoiceTab.java:1962) ~[filemanager.jar:?]
	at com.st.microxplorer.plugins.projectmanager.gui.ProjectChoiceTab.updateSettings(ProjectChoiceTab.java:555) ~[filemanager.jar:?]
	at com.st.microxplorer.plugins.projectmanager.gui.ProjectSettingsPanel.UpdateDialog(ProjectSettingsPanel.java:245) ~[filemanager.jar:?]
	at com.st.microxplorer.plugins.projectmanager.ProjectManagerView.propertyChange(ProjectManagerView.java:392) ~[filemanager.jar:?]
	at java.beans.PropertyChangeSupport.fire(PropertyChangeSupport.java:343) ~[?:?]
	at java.beans.PropertyChangeSupport.firePropertyChange(PropertyChangeSupport.java:335) ~[?:?]
	at java.beans.PropertyChangeSupport.firePropertyChange(PropertyChangeSupport.java:268) ~[?:?]
	at com.st.microxplorer.util.MXPropertyChangeSupport.firePropertyChange(MXPropertyChangeSupport.java:54) ~[STM32CubeMX.jar:?]
	at com.st.microxplorer.mxsystem.MxSystem.closeConfig(MxSystem.java:899) ~[STM32CubeMX.jar:?]
	at com.st.microxplorer.maingui.MainPanel.closeConfig(MainPanel.java:789) ~[STM32CubeMX.jar:?]
	at com.st.microxplorer.plugins.filemanager.engine.OpenFileManager.loadConfigurationFile(OpenFileManager.java:287) ~[filemanager.jar:?]
	at com.st.microxplorer.plugins.filemanager.engine.MainFileManager.userLoadConfig(MainFileManager.java:341) ~[filemanager.jar:?]
	at com.st.microxplorer.plugins.filemanager.FileManagerView.getSpecificTask(FileManagerView.java:250) ~[filemanager.jar:?]
	at com.st.stm32cube.common.mx.editor.CubeMxEditor.getMxTabbedPaneInstance(CubeMxEditor.java:1191) ~[com.st.stm32cube.common.mx_6.14.1.202504091515/:?]
	at com.st.stm32cube.common.mx.editor.CubeMxEditor$12$1.createSwingComponent(CubeMxEditor.java:1068) ~[com.st.stm32cube.common.mx_6.14.1.202504091515/:?]
	at com.st.stm32cube.common.mx.oss.core.awtswtbridge.EmbeddedSwingComposite.doComponentCreation(EmbeddedSwingComposite.java:492) ~[com.st.stm32cube.common.mx.oss_6.14.1.202504091515/:?]
	at com.st.stm32cube.common.mx.oss.core.awtswtbridge.EmbeddedSwingComposite$4.run(EmbeddedSwingComposite.java:291) ~[com.st.stm32cube.common.mx.oss_6.14.1.202504091515/:?]
	at com.st.stm32cube.common.mx.oss.core.awtswtbridge.AwtEnvironment$2.run(AwtEnvironment.java:166) ~[com.st.stm32cube.common.mx.oss_6.14.1.202504091515/:?]
	at java.awt.event.InvocationEvent.dispatch(InvocationEvent.java:318) ~[?:?]
	at java.awt.EventQueue.dispatchEventImpl(EventQueue.java:773) ~[?:?]
	at java.awt.EventQueue$4.run(EventQueue.java:720) ~[?:?]
	at java.awt.EventQueue$4.run(EventQueue.java:714) ~[?:?]
	at java.security.AccessController.doPrivileged(AccessController.java:400) ~[?:?]
	at java.security.ProtectionDomain$JavaSecurityAccessImpl.doIntersectionPrivilege(ProtectionDomain.java:87) ~[?:?]
	at java.awt.EventQueue.dispatchEvent(EventQueue.java:742) ~[?:?]
	at java.awt.EventDispatchThread.pumpOneEventForFilters(EventDispatchThread.java:203) ~[?:?]
	at java.awt.EventDispatchThread.pumpEventsForFilter(EventDispatchThread.java:124) ~[?:?]
	at java.awt.EventDispatchThread.pumpEventsForHierarchy(EventDispatchThread.java:113) ~[?:?]
	at java.awt.EventDispatchThread.pumpEvents(EventDispatchThread.java:109) ~[?:?]
	at java.awt.EventDispatchThread.pumpEvents(EventDispatchThread.java:101) ~[?:?]
	at java.awt.EventDispatchThread.run(EventDispatchThread.java:90) ~[?:?]
2025-07-29 12:54:45,567 [WARN] ThirdParty:871 - waiting for thirdparty lock release [close project]
2025-07-29 12:54:45,567 [INFO] ThirdParty:873 - entering critical section [close project]
2025-07-29 12:54:45,567 [INFO] ThirdParty:883 - exiting critical section [close project]
2025-07-29 12:54:45,573 [INFO] PinOutPanel:1589 - setPackage(No Configuration,No Configuration)
2025-07-29 12:54:45,590 [WARN] IpParametersView:155 - Warning: This peripheral hasn't parameters
2025-07-29 12:54:45,602 [WARN] MainPanel:289 - <html><b><center>Warning: This peripheral has no parameters to be configured<br></b></html>
2025-07-29 12:54:45,634 [INFO] UtilMem:75 - Begin LoadConfig() Used Memory: 762944192 Bytes (867172352)
2025-07-29 12:54:45,635 [INFO] OpenFileManager:354 - Change cursor
2025-07-29 12:54:45,722 [INFO] RulesReader:64 - Compatibility file has been processed (302 Rules)
2025-07-29 12:54:45,739 [INFO] ProjectFactory:442 - No CPN specified for board NUCLEO-F446RE => set CPN to STM32F446RET6
2025-07-29 12:54:45,739 [INFO] Mcu:2011 - Initializing MCU STM32F446R(C-E)Tx STM32F446RETx STM32F446RET6
2025-07-29 12:54:48,899 [INFO] Context:756 - Trying to add GPIOservice into a context  which must be forbidden
2025-07-29 12:54:50,411 [INFO] Rule:225 - rule 117617 - U5Cobra4M][GTZC] default value MPCBB3 and MPCBB5 - Not Secured memory - MPCBB1 is applicable
2025-07-29 12:54:50,411 [INFO] Rule:225 - rule 117617 - U5Cobra4M][GTZC] default value MPCBB3 and MPCBB5 - Not Secured memory - MPCBB1 is applicable
2025-07-29 12:54:50,411 [INFO] Rule:225 - rule 117617 - U5Cobra4M][GTZC] default value MPCBB3 and MPCBB5 - Not Secured memory - MPCBB2 is applicable
2025-07-29 12:54:50,411 [INFO] Rule:225 - rule 117617 - U5Cobra4M][GTZC] default value MPCBB3 and MPCBB5 - Not Secured memory - MPCBB2 is applicable
2025-07-29 12:54:50,412 [INFO] Rule:225 - rule 117617 - U5Cobra4M][GTZC] default value MPCBB3 and MPCBB5 - Not Secured memory - MPCBB3 is applicable
2025-07-29 12:54:50,412 [INFO] Rule:225 - rule 117617 - U5Cobra4M][GTZC] default value MPCBB3 and MPCBB5 - Not Secured memory - MPCBB3 is applicable
2025-07-29 12:54:50,412 [INFO] Rule:225 - rule 117617 - U5Cobra4M][GTZC] default value MPCBB3 and MPCBB5 - Not Secured memory - MPCBB4 is applicable
2025-07-29 12:54:50,412 [INFO] Rule:225 - rule 117617 - U5Cobra4M][GTZC] default value MPCBB3 and MPCBB5 - Not Secured memory - MPCBB4 is applicable
2025-07-29 12:54:50,412 [INFO] Rule:225 - rule 117617 - U5Cobra4M][GTZC] default value MPCBB3 and MPCBB5 - Secured memory - MPCBB1 is applicable
2025-07-29 12:54:50,412 [INFO] Rule:225 - rule 117617 - U5Cobra4M][GTZC] default value MPCBB3 and MPCBB5 - Secured memory - MPCBB2 is applicable
2025-07-29 12:54:50,412 [INFO] Rule:225 - rule 117617 - U5Cobra4M][GTZC] default value MPCBB3 and MPCBB5 - Secured memory - MPCBB3 is applicable
2025-07-29 12:54:50,412 [INFO] Rule:225 - rule 117617 - U5Cobra4M][GTZC] default value MPCBB3 and MPCBB5 - Secured memory - MPCBB4 is applicable
2025-07-29 12:54:50,416 [INFO] Rule:225 - rule 117617 - U5Cobra4M][GTZC] default value MPCBB3 and MPCBB5 - Privileged memory - MPCBB1 is applicable
2025-07-29 12:54:50,416 [INFO] Rule:225 - rule 117617 - U5Cobra4M][GTZC] default value MPCBB3 and MPCBB5 - Privileged memory - MPCBB2 is applicable
2025-07-29 12:54:50,416 [INFO] Rule:225 - rule 117617 - U5Cobra4M][GTZC] default value MPCBB3 and MPCBB5 - Privileged memory - MPCBB3 is applicable
2025-07-29 12:54:50,416 [INFO] Rule:225 - rule 117617 - U5Cobra4M][GTZC] default value MPCBB3 and MPCBB5 - Privileged memory - MPCBB4 is applicable
2025-07-29 12:54:50,416 [INFO] Rule:225 - rule 117617 - U5Cobra4M][GTZC] default value MPCBB3 and MPCBB5 - Not Privileged memory - MPCBB1 is applicable
2025-07-29 12:54:50,417 [INFO] Rule:225 - rule 117617 - U5Cobra4M][GTZC] default value MPCBB3 and MPCBB5 - Not Privileged memory - MPCBB2 is applicable
2025-07-29 12:54:50,420 [INFO] Rule:225 - rule 117617 - U5Cobra4M][GTZC] default value MPCBB3 and MPCBB5 - Not Privileged memory - MPCBB3 is applicable
2025-07-29 12:54:50,420 [INFO] Rule:225 - rule 117617 - U5Cobra4M][GTZC] default value MPCBB3 and MPCBB5 - Not Privileged memory - MPCBB4 is applicable
2025-07-29 12:54:50,421 [INFO] Rule:225 - rule 117617 - U5Cobra4M][GTZC] default value MPCBB3 and MPCBB5 - Privileged memory - MPCBB1 is applicable
2025-07-29 12:54:50,422 [INFO] Rule:225 - rule 117617 - U5Cobra4M][GTZC] default value MPCBB3 and MPCBB5 - Privileged memory - MPCBB2 is applicable
2025-07-29 12:54:50,422 [INFO] Rule:225 - rule 117617 - U5Cobra4M][GTZC] default value MPCBB3 and MPCBB5 - Privileged memory - MPCBB3 is applicable
2025-07-29 12:54:50,422 [INFO] Rule:225 - rule 117617 - U5Cobra4M][GTZC] default value MPCBB3 and MPCBB5 - Privileged memory - MPCBB4 is applicable
2025-07-29 12:54:50,422 [INFO] Rule:225 - rule 117617 - U5Cobra4M][GTZC] default value MPCBB3 and MPCBB5 - Privileged memory - MPCBB1 is applicable
2025-07-29 12:54:50,422 [INFO] Rule:225 - rule 117617 - U5Cobra4M][GTZC] default value MPCBB3 and MPCBB5 - Privileged memory - MPCBB2 is applicable
2025-07-29 12:54:50,422 [INFO] Rule:225 - rule 117617 - U5Cobra4M][GTZC] default value MPCBB3 and MPCBB5 - Privileged memory - MPCBB3 is applicable
2025-07-29 12:54:50,423 [INFO] Rule:225 - rule 117617 - U5Cobra4M][GTZC] default value MPCBB3 and MPCBB5 - Privileged memory - MPCBB4 is applicable
2025-07-29 12:54:50,423 [INFO] Rule:225 - rule 117617 - U5Cobra4M][GTZC] default value MPCBB3 and MPCBB5 - Not Privileged memory - MPCBB1 is applicable
2025-07-29 12:54:50,423 [INFO] Rule:225 - rule 117617 - U5Cobra4M][GTZC] default value MPCBB3 and MPCBB5 - Not Privileged memory - MPCBB2 is applicable
2025-07-29 12:54:50,423 [INFO] Rule:225 - rule 117617 - U5Cobra4M][GTZC] default value MPCBB3 and MPCBB5 - Not Privileged memory - MPCBB3 is applicable
2025-07-29 12:54:50,423 [INFO] Rule:225 - rule 117617 - U5Cobra4M][GTZC] default value MPCBB3 and MPCBB5 - Not Privileged memory - MPCBB4 is applicable
2025-07-29 12:54:50,423 [INFO] Rule:225 - rule 117617 - U5Cobra4M][GTZC] default value MPCBB3 and MPCBB5 - Privileged memory - MPCBB1 is applicable
2025-07-29 12:54:50,423 [INFO] Rule:225 - rule 117617 - U5Cobra4M][GTZC] default value MPCBB3 and MPCBB5 - Privileged memory - MPCBB2 is applicable
2025-07-29 12:54:50,423 [INFO] Rule:225 - rule 117617 - U5Cobra4M][GTZC] default value MPCBB3 and MPCBB5 - Privileged memory - MPCBB3 is applicable
2025-07-29 12:54:50,423 [INFO] Rule:225 - rule 117617 - U5Cobra4M][GTZC] default value MPCBB3 and MPCBB5 - Privileged memory - MPCBB4 is applicable
2025-07-29 12:54:50,429 [INFO] Rule:225 - rule Rename SubGHz_Phy SUBGHZ_APPLICATION SUBGHZ_PINGPONG to SUBGHZ_ADV_APPLICATION is applicable
2025-07-29 12:54:50,429 [INFO] Rule:225 - rule Rename Enabled to IBEACON is applicable
2025-07-29 12:54:50,429 [INFO] Rule:225 - rule GTZC_S instance for project manager is applicable
2025-07-29 12:54:50,430 [INFO] Rule:225 - rule GTZC_S instance for context M33S is applicable
2025-07-29 12:54:50,430 [INFO] Rule:225 - rule GTZC_S instance value for IP GTZC is applicable
2025-07-29 12:54:50,430 [INFO] Rule:225 - rule GTZC_S instance for mcu.IP is applicable
2025-07-29 12:54:50,430 [INFO] Rule:225 - rule GTZC_S instance for VP is applicable
2025-07-29 12:54:50,430 [INFO] Rule:225 - rule GTZC_S instance for signal is applicable
2025-07-29 12:54:50,430 [INFO] Rule:225 - rule GTZC_S instance for mcu.Pin is applicable
2025-07-29 12:54:50,432 [INFO] Rule:225 - rule GTZC_S instance for VP is applicable
2025-07-29 12:54:50,432 [INFO] Rule:225 - rule GTZC_S instance for signal is applicable
2025-07-29 12:54:50,432 [INFO] Rule:225 - rule GTZC_S instance for mcu is applicable
2025-07-29 12:54:50,432 [INFO] Rule:225 - rule GTZC_S instance for mcu.Pin is applicable
2025-07-29 12:54:50,433 [INFO] Rule:225 - rule GTZC_S instance value for IP GTZC is applicable
2025-07-29 12:54:50,433 [INFO] Rule:225 - rule GTZC_S instance for project manager is applicable
2025-07-29 12:54:50,433 [INFO] Rule:225 - rule GTZC_S instance for context M33S is applicable
2025-07-29 12:54:50,433 [INFO] Rule:225 - rule GTZC_S instance for VP is applicable
2025-07-29 12:54:50,433 [INFO] Rule:225 - rule GTZC_S instance for signal is applicable
2025-07-29 12:54:50,433 [INFO] Rule:225 - rule SPDIFRX instance for mcu is applicable
2025-07-29 12:54:50,433 [INFO] Rule:225 - rule Rename Tracer Mode is applicable
2025-07-29 12:54:50,435 [INFO] Rule:225 - rule SPDIFRX instance value for IP SPDIFRX is applicable
2025-07-29 12:54:50,435 [INFO] Rule:225 - rule SPDIFRX instance for signal is applicable
2025-07-29 12:54:50,435 [INFO] Rule:225 - rule SPDIFRX instance for project manager is applicable
2025-07-29 12:54:50,435 [INFO] Rule:225 - rule SPDIFRX instance for project manager is applicable
2025-07-29 12:54:50,436 [INFO] Rule:225 - rule ADC Scan  fix with FW F7 is applicable
2025-07-29 12:54:50,436 [INFO] Rule:225 - rule ADC Scan  fix with FW F7 is applicable
2025-07-29 12:54:50,439 [INFO] Rule:225 - rule WakeUp0 Mode is applicable
2025-07-29 12:54:50,439 [INFO] Rule:225 - rule WakeUp0 SIGNAL is applicable
2025-07-29 12:54:50,439 [INFO] Rule:225 - rule WakeUp1 Mode is applicable
2025-07-29 12:54:50,439 [INFO] Rule:225 - rule WakeUp1 SIGNAL is applicable
2025-07-29 12:54:50,440 [INFO] Rule:225 - rule WakeUp2 Mode is applicable
2025-07-29 12:54:50,440 [INFO] Rule:225 - rule WakeUp2 SIGNAL is applicable
2025-07-29 12:54:50,440 [INFO] Rule:225 - rule WakeUp4 Mode is applicable
2025-07-29 12:54:50,440 [INFO] Rule:225 - rule WakeUp4 SIGNAL is applicable
2025-07-29 12:54:50,440 [INFO] Rule:225 - rule WakeUp5 Mode is applicable
2025-07-29 12:54:50,440 [INFO] Rule:225 - rule WakeUp5 SIGNAL is applicable
2025-07-29 12:54:50,440 [INFO] Rule:225 - rule Add RTC Activate Clock Source is applicable
2025-07-29 12:54:50,441 [INFO] Rule:225 - rule Add RTC Activate Calendar 1 is applicable
2025-07-29 12:54:50,441 [INFO] Rule:225 - rule Add RTC Activate Calendar 2 is applicable
2025-07-29 12:54:50,441 [INFO] Rule:225 - rule Add RTC Activate Calendar 3 is applicable
2025-07-29 12:54:50,441 [INFO] Rule:225 - rule UART/USART TX Mode is applicable
2025-07-29 12:54:50,441 [INFO] Rule:225 - rule UART/USART RX Mode is applicable
2025-07-29 12:54:50,441 [INFO] Rule:225 - rule UART/USART RX TX Mode is applicable
2025-07-29 12:54:50,445 [INFO] Rule:225 - rule UART/USART PARITY NONE is applicable
2025-07-29 12:54:50,445 [INFO] Rule:225 - rule UART/USART PARITY EVEN is applicable
2025-07-29 12:54:50,445 [INFO] Rule:225 - rule UART/USART PARITY ODD is applicable
2025-07-29 12:54:50,446 [INFO] Rule:225 - rule USART StopBits 1 is applicable
2025-07-29 12:54:50,446 [INFO] Rule:225 - rule USART StopBits 2 is applicable
2025-07-29 12:54:50,446 [INFO] Rule:225 - rule USART StopBits 1.5 is applicable
2025-07-29 12:54:50,446 [INFO] Rule:225 - rule USART StopBits 0.5 is applicable
2025-07-29 12:54:50,446 [INFO] Rule:225 - rule UART/USART WORD LENGTH 7 is applicable
2025-07-29 12:54:50,447 [INFO] Rule:225 - rule UART/USART WORD LENGTH 8 is applicable
2025-07-29 12:54:50,447 [INFO] Rule:225 - rule UART/USART WORD LENGTH 9 is applicable
2025-07-29 12:54:50,447 [INFO] Rule:225 - rule Rename FMC NAND NCE signal is applicable
2025-07-29 12:54:50,447 [INFO] Rule:225 - rule Rename FMC NAND INT signal is applicable
2025-07-29 12:54:50,447 [INFO] Rule:225 - rule Change Default Value for LSE Drive Capability for WB family is applicable
2025-07-29 12:54:50,447 [INFO] Rule:225 - rule Change Default Value for ADC Clock Prescaler G0 family is applicable
2025-07-29 12:54:50,447 [INFO] Rule:225 - rule Change Default Value for ADC ExternalTrigConv L4 family is applicable
2025-07-29 12:54:50,447 [INFO] Rule:225 - rule Change Default Value for ADC ExternalTrigInjecConv L4 family is applicable
2025-07-29 12:54:50,448 [INFO] Rule:225 - rule Change Default Value for ADC ExternalTrigConv F3 family is applicable
2025-07-29 12:54:50,451 [INFO] Rule:225 - rule Change Default Value for ADC ExternalTrigInjecConv F3 family is applicable
2025-07-29 12:54:50,451 [INFO] Rule:225 - rule Change Default Value for ADC ExternalTrigConv Goldfish serie is applicable
2025-07-29 12:54:50,451 [INFO] Rule:225 - rule Change Default Value for ADC ExternalTrigInjecConv Goldfish serie is applicable
2025-07-29 12:54:50,451 [INFO] Rule:225 - rule Change Default Value for ADC ExternalTrigConv L0 family is applicable
2025-07-29 12:54:50,451 [INFO] Rule:225 - rule Change Default Value for ADC ExternalTrigConv F0 family is applicable
2025-07-29 12:54:50,452 [INFO] Rule:225 - rule Change Default Value for ADC ExternalTrigConvn L1 family is applicable
2025-07-29 12:54:50,452 [INFO] Rule:225 - rule Change Default Value for ADC ExternalTrigInjecConv L1 family is applicable
2025-07-29 12:54:50,452 [INFO] Rule:225 - rule Change Default Value for ADC ExternalTrigConv F1 family is applicable
2025-07-29 12:54:50,452 [INFO] Rule:225 - rule Change Default Value for ADC ExternalTrigInjecConv F1 family is applicable
2025-07-29 12:54:50,452 [INFO] Rule:225 - rule Change Default Value for ADC ExternalTrigConv F7 family is applicable
2025-07-29 12:54:50,452 [INFO] Rule:225 - rule Change Default Value for ADC ExternalTrigInjecConv F7 family is applicable
2025-07-29 12:54:50,452 [INFO] Rule:225 - rule Change Default Value for ADC ExternalTrigConv F4 and F2 family is applicable
2025-07-29 12:54:50,452 [INFO] Rule:225 - rule Change Default Value for ADC ExternalTrigInjecConv F4 and F2 family is applicable
2025-07-29 12:54:50,452 [INFO] Rule:225 - rule ADC SamplingTime fix with FW L0  is applicable
2025-07-29 12:54:50,452 [INFO] Rule:225 - rule ADC SamplingTime fix with FW L0  is applicable
2025-07-29 12:54:50,453 [INFO] Rule:225 - rule ADC SamplingTime fix with FW L0 is applicable
2025-07-29 12:54:50,453 [INFO] Rule:225 - rule ADC SamplingTime fix with FW L0 is applicable
2025-07-29 12:54:50,453 [INFO] Rule:225 - rule ADC SamplingTime fix with FW L0  is applicable
2025-07-29 12:54:50,453 [INFO] Rule:225 - rule ADC SamplingTime fix with FW L0 is applicable
2025-07-29 12:54:50,453 [INFO] Rule:225 - rule Rename USB_OE Signal is applicable
2025-07-29 12:54:50,453 [INFO] Rule:225 - rule Rename Activate_OE Mode is applicable
2025-07-29 12:54:50,453 [INFO] Rule:225 - rule Rename DIE462/DIE415 pin PC14/OSC32_IN -> PC14-OSC32_IN (PC14) is applicable
2025-07-29 12:54:50,453 [INFO] Rule:225 - rule Rename DIE462/DIE415 pin PC15/OSC32_OUT -> PC15-OSC32_OUT (PC15) is applicable
2025-07-29 12:54:50,453 [INFO] Rule:225 - rule Rename DIE462/DIE415 pin PH0/OSC_IN -> PH0-OSC_IN (PH0) is applicable
2025-07-29 12:54:50,453 [INFO] Rule:225 - rule Rename DIE462/DIE415 pin PH1/OSC_OUT -> PH1-OSC_OUT (PH1) is applicable
2025-07-29 12:54:50,453 [INFO] Rule:225 - rule Rename DIE462 pin PA13 -> PA13 (JTMS/SWDIO) is applicable
2025-07-29 12:54:50,454 [INFO] Rule:225 - rule Rename DIE415 pin PA13 -> PA13 (JTMS/SWDIO) is applicable
2025-07-29 12:54:50,454 [INFO] Rule:225 - rule Rename DIE462 pin PA14 -> PA14 (JTCK/SWCLK) is applicable
2025-07-29 12:54:50,454 [INFO] Rule:225 - rule Rename DIE415 pin PA14 -> PA14 (JTCK/SWCLK) is applicable
2025-07-29 12:54:50,454 [INFO] Rule:225 - rule Rename DIE462/DIE415 pin PA15 -> PA15 (JTDI) is applicable
2025-07-29 12:54:50,454 [INFO] Rule:225 - rule Rename DIE462 pin PB3 -> PB3 (JTD0/TRACESWO) is applicable
2025-07-29 12:54:50,454 [INFO] Rule:225 - rule Rename DIE415 pin PB3 -> PB3 (JTD0-TRACESWO) is applicable
2025-07-29 12:54:50,454 [INFO] Rule:225 - rule Rename DIE462/DIE415 pin PB4 -> PB4 (NJTRST) is applicable
2025-07-29 12:54:50,454 [INFO] Rule:225 - rule Rename DIE462 pin PH3/BOOT0 -> PH3-BOOT0 (BOOT0) is applicable
2025-07-29 12:54:50,454 [INFO] Rule:225 - rule Rename CRYP DataEncryptionTypesList to Algorithm is applicable
2025-07-29 12:54:50,454 [INFO] Rule:225 - rule Rename AES DataEncryptionTypesList to Algorithm is applicable
2025-07-29 12:54:50,458 [INFO] Rule:225 - rule Rename TDESECB to CRYP_TDES_ECB is applicable
2025-07-29 12:54:50,458 [INFO] Rule:225 - rule Rename TDESCBC to CRYP_TDES_CBC is applicable
2025-07-29 12:54:50,458 [INFO] Rule:225 - rule Rename DESECB to CRYP_DES_ECB is applicable
2025-07-29 12:54:50,458 [INFO] Rule:225 - rule Rename DESCBC to CRYP_DES_CBC is applicable
2025-07-29 12:54:50,458 [INFO] Rule:225 - rule Rename AESECB to CRYP_AES_ECB is applicable
2025-07-29 12:54:50,459 [INFO] Rule:225 - rule Rename AESCBC to CRYP_AES_CBC is applicable
2025-07-29 12:54:50,459 [INFO] Rule:225 - rule Rename AESCTR to CRYP_AES_CTR is applicable
2025-07-29 12:54:50,459 [INFO] Rule:225 - rule Rename AESGCM to CRYP_AES_GCM is applicable
2025-07-29 12:54:50,459 [INFO] Rule:225 - rule Rename AESCCM to CRYP_AES_CCM is applicable
2025-07-29 12:54:50,459 [INFO] Rule:225 - rule Rename CAN TimeSeg1 to BS1 is applicable
2025-07-29 12:54:50,459 [INFO] Rule:225 - rule Rename CAN TimeSeg2 to BS2 is applicable
2025-07-29 12:54:50,459 [INFO] Rule:225 - rule Rename CAN SyncJumpWidth to SJW is applicable
2025-07-29 12:54:50,459 [INFO] Rule:225 - rule TimeTriggeredMode to TTCM is applicable
2025-07-29 12:54:50,459 [INFO] Rule:225 - rule Rename CAN AutoBusOff to ABOM is applicable
2025-07-29 12:54:50,459 [INFO] Rule:225 - rule Rename CAN AutoWakeUp to AWUM is applicable
2025-07-29 12:54:50,460 [INFO] Rule:225 - rule Rename CAN AutoRetransmission to NART is applicable
2025-07-29 12:54:50,460 [INFO] Rule:225 - rule Rename CAN ReceiveFifoLocked to RFLM is applicable
2025-07-29 12:54:50,460 [INFO] Rule:225 - rule Rename CAN TransmitFifoPriority to TXFP is applicable
2025-07-29 12:54:50,460 [INFO] Rule:225 - rule Rename HRTIMER HRTIM_OUTPUTFAULTLEVEL_HIGH in HRTIMER HRTIM_OUTPUTFAULTLEVEL_HIGHZ is applicable
2025-07-29 12:54:50,460 [INFO] Rule:225 - rule Rename TIMER TIM_CLEARINPUTSOURCE_OCREFCLR in  TIMER TIM_CLEARINPUTSOURCE_NONE for F7 family is applicable
2025-07-29 12:54:50,460 [INFO] Rule:225 - rule FDCAN_R1 - Rename FDCAN mode Master into Classic is applicable
2025-07-29 12:54:50,460 [INFO] Rule:225 - rule FDCAN_R2 - Rename FDCAN mode Slave into Classic is applicable
2025-07-29 12:54:50,460 [INFO] Rule:225 - rule FDCAN1_R3 - if PA10.Mode=FullDuplex, add Pin PA12 is applicable
2025-07-29 12:54:50,460 [INFO] Rule:225 - rule FDCAN1_R3 - if PA9.Mode=FullDuplex, add Pin PA11 is applicable
2025-07-29 12:54:50,460 [INFO] Rule:225 - rule FDCAN1_R3 - Alternatepin_1 - if PE1.Mode=FullDuplex, add Pin PB9 is applicable
2025-07-29 12:54:50,460 [INFO] Rule:225 - rule FDCAN1_R3 - Alternatepin_1 - if PE0.Mode=FullDuplex, add Pin PB8 is applicable
2025-07-29 12:54:50,463 [INFO] Rule:225 - rule FDCAN1_R3 - Alternatepin_2 - if PD5.Mode=FullDuplex, add Pin PD1 is applicable
2025-07-29 12:54:50,463 [INFO] Rule:225 - rule FDCAN1_R3 - Alternatepin_2 - if PD4.Mode=FullDuplex, add Pin PD0 is applicable
2025-07-29 12:54:50,463 [INFO] Rule:225 - rule FDCAN1_R4 - Rename Mode FullDuplex into Enable FDCAN_TXFD for pin PA10 is applicable
2025-07-29 12:54:50,463 [INFO] Rule:225 - rule FDCAN1_R4 - Rename Mode FullDuplex into Enable FDCAN_TXFD for pin PA9 is applicable
2025-07-29 12:54:50,463 [INFO] Rule:225 - rule FDCAN1_R4 - Alternatepin_1 - Rename Mode FullDuplex into Enable FDCAN_TXFD for pin PE1 is applicable
2025-07-29 12:54:50,463 [INFO] Rule:225 - rule FDCAN1_R4 - Alternatepin_1 - Rename Mode FullDuplex into Enable FDCAN_TXFD for pin PE0 is applicable
2025-07-29 12:54:50,464 [INFO] Rule:225 - rule FDCAN1_R4 - Alternatepin_2 - Rename Mode FullDuplex into Enable FDCAN_TXFD for pin PD5 is applicable
2025-07-29 12:54:50,464 [INFO] Rule:225 - rule FDCAN1_R4 - Alternatepin_2 - Rename Mode FullDuplex into Enable FDCAN_TXFD for pin PD4 is applicable
2025-07-29 12:54:50,464 [INFO] Rule:225 - rule FDCAN2_R3 - if PD10.Mode=FullDuplex, add Pin PB13 is applicable
2025-07-29 12:54:50,464 [INFO] Rule:225 - rule FDCAN2_R3 - if PD9.Mode=FullDuplex, add Pin PB12 is applicable
2025-07-29 12:54:50,464 [INFO] Rule:225 - rule FDCAN2_R3 - Alternatepin_1 - if PB7.Mode=FullDuplex, add Pin PB6 is applicable
2025-07-29 12:54:50,464 [INFO] Rule:225 - rule FDCAN2_R3 - Alternatepin_1 - if PD9.Mode=FullDuplex, add Pin PB12 is applicable
2025-07-29 12:54:50,464 [INFO] Rule:225 - rule FDCAN2_R4 - Rename Mode FullDuplex into Enable FDCAN_TXFD for pin PD10 is applicable
2025-07-29 12:54:50,464 [INFO] Rule:225 - rule FDCAN2_R4 - Rename Mode FullDuplex into Enable FDCAN_TXFD for pin PD9 is applicable
2025-07-29 12:54:50,464 [INFO] Rule:225 - rule FDCAN2_R4 - Alternatepin_1 - Rename Mode FullDuplex into Enable FDCAN_TXFD for pin PB7 is applicable
2025-07-29 12:54:50,464 [INFO] Rule:225 - rule FDCAN2_R4 - Alternatepin_1 - Rename Mode FullDuplex into Enable FDCAN_TXFD for pin PD6 is applicable
2025-07-29 12:54:50,464 [INFO] Rule:225 - rule USART TxPinLevelInvertParam Mode is applicable
2025-07-29 12:54:50,464 [INFO] Rule:225 - rule USART RxPinLevelInvertParam Mode is applicable
2025-07-29 12:54:50,464 [INFO] Rule:225 - rule USART DataInvertParam Mode is applicable
2025-07-29 12:54:50,465 [INFO] Rule:225 - rule USART SwapParam Mode is applicable
2025-07-29 12:54:50,465 [INFO] Rule:225 - rule USART OverrunDisableParam Mode is applicable
2025-07-29 12:54:50,465 [INFO] Rule:225 - rule USART DMADisableonRxErrorParam Mode is applicable
2025-07-29 12:54:50,465 [INFO] Rule:225 - rule USART MSBFirstParam Mode is applicable
2025-07-29 12:54:50,465 [INFO] Rule:225 - rule Update MwName for USB_DEVICE is applicable
2025-07-29 12:54:50,465 [INFO] Rule:225 - rule Change PWR_Regulator_Voltage_Scale Default Value for RCC  H7 family is applicable
2025-07-29 12:54:50,465 [INFO] Rule:225 - rule UART/USART IPParameter rename Prescaler parameter to ClockPrescaler is applicable
2025-07-29 12:54:50,465 [INFO] Rule:225 - rule UART/USART Prescaler rename Prescaler parameter to ClockPrescaler is applicable
2025-07-29 12:54:50,465 [INFO] Rule:225 - rule TIM1CLockSelection is applicable
2025-07-29 12:54:50,465 [INFO] Rule:225 - rule TIM15CLockSelection is applicable
2025-07-29 12:54:50,465 [INFO] Rule:225 - rule align RCC SDMMC3CLockSelection default value on MP1 is applicable
2025-07-29 12:54:50,465 [INFO] Rule:225 - rule align RCC SDMMC12CLockSelection default value on MP1 is applicable
2025-07-29 12:54:50,466 [INFO] Rule:225 - rule align RCC QSPICLockSelection default value on MP1 is applicable
2025-07-29 12:54:50,469 [INFO] Rule:225 - rule align RCC QSPICLockSelection default value on MP1 is applicable
2025-07-29 12:54:50,469 [INFO] Rule:225 - rule align RCC SPI6CLockSelection default value on MP1 is applicable
2025-07-29 12:54:50,469 [INFO] Rule:225 - rule align RCC LPTIM23CLockSelection default value on MP1 is applicable
2025-07-29 12:54:50,469 [INFO] Rule:225 - rule align RCC LPTIM1CLockSelection default value on MP1 is applicable
2025-07-29 12:54:50,469 [INFO] Rule:225 - rule align RCC USART1CLockSelection default value on MP1 is applicable
2025-07-29 12:54:50,469 [INFO] Rule:225 - rule align RCC USART24CLockSelection default value on MP1 is applicable
2025-07-29 12:54:50,469 [INFO] Rule:225 - rule align RCC USART6CLockSelection default value on MP1 is applicable
2025-07-29 12:54:50,470 [INFO] Rule:225 - rule align RCC UART78CLockSelection default value on MP1 is applicable
2025-07-29 12:54:50,470 [INFO] Rule:225 - rule align RCC USART35CLockSelection default value on MP1 is applicable
2025-07-29 12:54:50,470 [INFO] Rule:225 - rule align RCC SPI45CLockSelection default value on MP1 is applicable
2025-07-29 12:54:50,470 [INFO] Rule:225 - rule align RCC I2C46CLockSelection BCLK value on MP1 is applicable
2025-07-29 12:54:50,470 [INFO] Rule:225 - rule align RCC SPI45CLockSelection default value on MP1 is applicable
2025-07-29 12:54:50,470 [INFO] Rule:225 - rule align RCC I2C12CLockSelection default value on MP1 is applicable
2025-07-29 12:54:50,470 [INFO] Rule:225 - rule align RCC I2C35CLockSelection default value on MP1 is applicable
2025-07-29 12:54:50,470 [INFO] Rule:225 - rule align RCC LPTIM45CLockSelection default value on MP1 is applicable
2025-07-29 12:54:50,470 [INFO] Rule:225 - rule Rename DCMI PIXCK signal is applicable
2025-07-29 12:54:50,470 [INFO] Rule:225 - rule Change Default Value for I2C46CLockSelection MP1 family is applicable
2025-07-29 12:54:50,470 [INFO] Rule:225 - rule Change Default Value for UART for G4, G0 and WB families is applicable
2025-07-29 12:54:50,470 [INFO] Rule:225 - rule Change Default Value for USART for G4, G0 and WB families is applicable
2025-07-29 12:54:50,470 [INFO] Rule:225 - rule Change Default Value for USART for G4 family is applicable
2025-07-29 12:54:50,471 [INFO] Rule:225 - rule Change USART1CLockSelection refparam name for MP1 is applicable
2025-07-29 12:54:50,471 [INFO] Rule:225 - rule Change USART2CLockSelection refparam name for MP1 is applicable
2025-07-29 12:54:50,471 [INFO] Rule:225 - rule Change USART3CLockSelection refparam name for MP1 is applicable
2025-07-29 12:54:50,471 [INFO] Rule:225 - rule Change UART4CLockSelection refparam name for MP1 is applicable
2025-07-29 12:54:50,471 [INFO] Rule:225 - rule Change UART5CLockSelection refparam name for MP1 is applicable
2025-07-29 12:54:50,471 [INFO] Rule:225 - rule Change LPUART1CLockSelection refparam name for MP1 is applicable
2025-07-29 12:54:50,471 [INFO] Rule:225 - rule Change LPTIM1CLockSelection refparam name for MP1 is applicable
2025-07-29 12:54:50,475 [INFO] Rule:225 - rule Change LPTIM2CLockSelection refparam name for MP1 is applicable
2025-07-29 12:54:50,475 [INFO] Rule:225 - rule Change RCC_MCO1Source refparam name for MP1 is applicable
2025-07-29 12:54:50,475 [INFO] Rule:225 - rule Change LSCOSource1 refparam name for MP1 is applicable
2025-07-29 12:54:50,475 [INFO] Rule:225 - rule Change SMPSCLockSelection refparam name for MP1 is applicable
2025-07-29 12:54:50,475 [INFO] Rule:225 - rule Change LPTIM3CLockSelection refparam name for MP1 is applicable
2025-07-29 12:54:50,475 [INFO] Rule:225 - rule Change MPCBB* Default Template Mode to Parameters is applicable
2025-07-29 12:54:50,475 [INFO] Rule:225 - rule Change MPCWM* or MPCBB* Secure Mode to Parameters is applicable
2025-07-29 12:54:50,475 [INFO] Rule:225 - rule Change MPCWM* or MPCBB* No Secure Mode to Parameters is applicable
2025-07-29 12:54:50,475 [INFO] Rule:225 - rule Change TZSC IP Secure Mode to Parameters is applicable
2025-07-29 12:54:50,475 [INFO] Rule:225 - rule Change TZSC IP No Secure Mode to Parameters is applicable
2025-07-29 12:54:50,476 [INFO] Rule:225 - rule Change TZSC IP Privilege Mode to Parameters is applicable
2025-07-29 12:54:50,476 [INFO] Rule:225 - rule Change TZSC IP No Privilege Mode to Parameters is applicable
2025-07-29 12:54:50,476 [INFO] Rule:225 - rule Change TZIC IT Secure Mode to Parameters is applicable
2025-07-29 12:54:50,476 [INFO] Rule:225 - rule Change TZIC IT No Secure Mode to Parameters is applicable
2025-07-29 12:54:50,477 [INFO] Rule:225 - rule Add MPCBB1_NonSecureArea_Start_Address value with referenced to MPCBB1_NonSecureArea_Start value is applicable
2025-07-29 12:54:50,477 [INFO] Rule:225 - rule Add MPCBB2_NonSecureArea_Start_Address value with referenced to MPCBB2_NonSecureArea_Start value is applicable
2025-07-29 12:54:50,477 [INFO] Rule:225 - rule Add MPCWM1_NonSecureArea*_Start_Address value with referenced to MPCWM1_NonSecureArea*_Start value is applicable
2025-07-29 12:54:50,477 [INFO] Rule:225 - rule Add MPCWM2_NonSecureArea*_Start_Address value with referenced to MPCWM2_NonSecureArea*_Start value is applicable
2025-07-29 12:54:50,478 [INFO] Rule:225 - rule Add MPCWM3_NonSecureArea_Start_Address value with referenced to MPCWM3_NonSecureArea_Start value is applicable
2025-07-29 12:54:50,478 [INFO] Rule:225 - rule Change Default Value for PLL1UserDefinedConfig is applicable
2025-07-29 12:54:50,478 [INFO] Rule:225 - rule Change GPIO_PuPd Default Value for USART in async mode is applicable
2025-07-29 12:54:50,478 [INFO] Rule:225 - rule Change SMPSDivider Default Value is applicable
2025-07-29 12:54:50,478 [INFO] Rule:225 - rule OPAMP is applicable
2025-07-29 12:54:50,478 [INFO] Rule:225 - rule LPUART IPParameter rename Prescaler parameter to ClockPrescaler for STM32H7 is applicable
2025-07-29 12:54:50,478 [INFO] Rule:225 - rule LPUART IPParameter rename Prescaler parameter to ClockPrescaler for STM32H7 is applicable
2025-07-29 12:54:50,478 [INFO] Rule:225 - rule LPUART IPParameter rename Prescaler parameter to ClockPrescaler for STM32WB is applicable
2025-07-29 12:54:50,478 [INFO] Rule:225 - rule LPUART IPParameter rename Prescaler parameter to ClockPrescaler for STM32WB is applicable
2025-07-29 12:54:50,478 [INFO] Rule:225 - rule LPUART IPParameter rename Prescaler parameter to ClockPrescaler for STM32G4 is applicable
2025-07-29 12:54:50,478 [INFO] Rule:225 - rule LPUART IPParameter rename Prescaler parameter to ClockPrescaler for STM32G4 is applicable
2025-07-29 12:54:50,479 [INFO] Rule:225 - rule LPUART IPParameter rename Prescaler parameter to ClockPrescaler for STM32L5 is applicable
2025-07-29 12:54:50,479 [INFO] Rule:225 - rule LPUART IPParameter rename Prescaler parameter to ClockPrescaler for STM32L5 is applicable
2025-07-29 12:54:50,479 [INFO] Rule:225 - rule LPUART IPParameter rename Prescaler parameter to ClockPrescaler for STM32G4 is applicable
2025-07-29 12:54:50,479 [INFO] Rule:225 - rule LPUART IPParameter rename Prescaler parameter to ClockPrescaler for STM32G4 is applicable
2025-07-29 12:54:50,479 [INFO] Rule:225 - rule USB device lib V2.5.3 for L0 rename USBD_SUPPORT_USER_STRING parameter to USBD_SUPPORT_USER_STRING_DESC4 is applicable
2025-07-29 12:54:50,479 [INFO] Rule:225 - rule I2SCLockSelection clock entry align is applicable
2025-07-29 12:54:50,479 [INFO] Rule:225 - rule Assign TIMx context if used as SYS timebase is applicable
2025-07-29 12:54:50,479 [INFO] Rule:225 - rule Change GPIO_Pu Default Value for I2C is applicable
2025-07-29 12:54:50,479 [INFO] Rule:225 - rule Change GPIO_Pu Default Value for SMBus is applicable
2025-07-29 12:54:50,479 [INFO] Rule:225 - rule change FDCAN default value is applicable
2025-07-29 12:54:50,479 [INFO] Rule:225 - rule Change mode sai is applicable
2025-07-29 12:54:50,480 [INFO] Rule:225 - rule **Change sai mode is applicable
2025-07-29 12:54:50,486 [INFO] Rule:225 - rule Rename STM32WPAN CFG_BLE_IRK to CFG_BLE_IR is applicable
2025-07-29 12:54:50,486 [INFO] Rule:225 - rule Rename STM32WPAN CFG_BLE_ERK to CFG_BLE_ER is applicable
2025-07-29 12:54:50,486 [INFO] Rule:225 - rule Rename STM32WPAN CFG_BLE_IRK_HEX to CFG_BLE_IR_HEX is applicable
2025-07-29 12:54:50,486 [INFO] Rule:225 - rule Rename STM32WPAN CFG_BLE_ERK_HEX to CFG_BLE_ER_HEX is applicable
2025-07-29 12:54:50,486 [INFO] Rule:225 - rule Adapt Old IOC before rework replace old CORTEX_M33/CORTEX_M55 attributes by the new one. is applicable
2025-07-29 12:54:50,486 [INFO] Rule:225 - rule Rename parametre of RCC RCC_APBDBG_DIV2 to RCC_TIMPRES_DIV2 is applicable
2025-07-29 12:54:50,486 [INFO] Rule:225 - rule Rename DIE493 pin PA10 [PA12] -> PA10 is applicable
2025-07-29 12:54:50,487 [INFO] Rule:225 - rule Rename DIE493 pin PA9 [PA11] -> PA9 is applicable
2025-07-29 12:54:50,487 [INFO] Rule:225 - rule Adapt Old IOC CSI. is applicable
2025-07-29 12:54:50,520 [INFO] DbConfProperties:307 - Apply Compatibility (49/267 Rules)
2025-07-29 12:54:50,571 [INFO] ImportTextPane:218 - (OptionalMessage_ERROR) Unable to find key (Mcu.ThirdPartyNb) in loaded IOC file
2025-07-29 12:54:50,574 [INFO] ImportTextPane:218 - (OptionalMessage_ERROR) Pin12 (VP_RIF_VS_RIF1) cannot be retrieved for this MCU
2025-07-29 12:54:50,771 [WARN] ModelIntegratedComponent:63 - No mode defined for component null
2025-07-29 12:54:50,771 [WARN] ModelIntegratedComponent:63 - No mode defined for component null
2025-07-29 12:54:50,771 [WARN] ModelIntegratedComponent:63 - No mode defined for component null
2025-07-29 12:54:50,771 [WARN] ModelIntegratedComponent:63 - No mode defined for component null
2025-07-29 12:54:50,772 [WARN] ModelIntegratedComponent:63 - No mode defined for component null
2025-07-29 12:54:50,772 [WARN] ModelIntegratedComponent:63 - No mode defined for component null
2025-07-29 12:54:50,772 [WARN] ModelIntegratedComponent:63 - No mode defined for component null
2025-07-29 12:54:50,772 [WARN] ModelIntegratedComponent:63 - No mode defined for component null
2025-07-29 12:54:50,772 [WARN] ModelIntegratedComponent:63 - No mode defined for component null
2025-07-29 12:54:50,772 [WARN] ModelIntegratedComponent:63 - No mode defined for component null
2025-07-29 12:54:50,772 [WARN] ModelIntegratedComponent:63 - No mode defined for component null
2025-07-29 12:54:50,772 [WARN] ModelIntegratedComponent:63 - No mode defined for component null
2025-07-29 12:54:50,772 [WARN] ModelIntegratedComponent:63 - No mode defined for component null
2025-07-29 12:54:50,772 [WARN] ModelIntegratedComponent:63 - No mode defined for component null
2025-07-29 12:54:50,772 [WARN] ModelIntegratedComponent:63 - No mode defined for component null
2025-07-29 12:54:50,772 [WARN] ModelIntegratedComponent:63 - No mode defined for component null
2025-07-29 12:54:50,773 [WARN] ModelIntegratedComponent:63 - No mode defined for component null
2025-07-29 12:54:50,773 [WARN] ModelIntegratedComponent:63 - No mode defined for component null
2025-07-29 12:54:50,773 [WARN] ModelIntegratedComponent:63 - No mode defined for component null
2025-07-29 12:54:50,773 [WARN] ModelIntegratedComponent:63 - No mode defined for component null
2025-07-29 12:54:50,773 [WARN] ModelIntegratedComponent:63 - No mode defined for component null
2025-07-29 12:54:50,773 [WARN] ModelIntegratedComponent:63 - No mode defined for component null
2025-07-29 12:54:50,773 [WARN] ModelIntegratedComponent:63 - No mode defined for component null
2025-07-29 12:54:50,773 [WARN] ModelIntegratedComponent:63 - No mode defined for component null
2025-07-29 12:54:50,773 [WARN] ModelIntegratedComponent:63 - No mode defined for component null
2025-07-29 12:54:50,773 [WARN] ModelIntegratedComponent:63 - No mode defined for component null
2025-07-29 12:54:50,773 [WARN] ModelIntegratedComponent:63 - No mode defined for component null
2025-07-29 12:54:50,773 [WARN] ModelIntegratedComponent:63 - No mode defined for component null
2025-07-29 12:54:50,773 [WARN] ModelIntegratedComponent:63 - No mode defined for component null
2025-07-29 12:54:50,774 [WARN] ModelIntegratedComponent:63 - No mode defined for component null
2025-07-29 12:54:50,774 [WARN] ModelIntegratedComponent:63 - No mode defined for component null
2025-07-29 12:54:50,774 [WARN] ModelIntegratedComponent:63 - No mode defined for component null
2025-07-29 12:54:50,774 [WARN] ModelIntegratedComponent:63 - No mode defined for component null
2025-07-29 12:54:50,774 [WARN] ModelIntegratedComponent:63 - No mode defined for component null
2025-07-29 12:54:50,774 [WARN] ModelIntegratedComponent:63 - No mode defined for component null
2025-07-29 12:54:50,774 [WARN] ModelPack:524 - Component already loaded: STMicroelectronics:HAL Drivers:0.0.0:STMicroelectronics:Device:STMicro_Driver:XSPI:HAL::0.0.1:HAL_XSPI
2025-07-29 12:54:50,779 [INFO] RtosManager:558 - Registered RTOS mode: class=CMSIS, group=RTOS, mode=CMSIS_V1, owner=FREERTOS
2025-07-29 12:54:50,779 [INFO] RtosManager:558 - Registered RTOS mode: class=CMSIS, group=RTOS2, mode=CMSIS_V2, owner=FREERTOS
2025-07-29 12:54:50,779 [INFO] RtosManager:558 - Registered RTOS mode: class=RTOS, group=Core, mode=CMSIS_V1, owner=FREERTOS
2025-07-29 12:54:50,779 [INFO] RtosManager:558 - Registered RTOS mode: class=RTOS, group=Core, mode=CMSIS_V2, owner=FREERTOS
2025-07-29 12:54:50,779 [WARN] ModelIntegratedComponent:184 - Missing modes for component STMicroelectronics:FreeRTOS:0.0.1:STMicroelectronics:RTOS:FreeRTOS:Core:::10.2.0:
2025-07-29 12:54:50,786 [INFO] ThirdPartyModel:298 - Start build external matchings
2025-07-29 12:54:50,813 [INFO] ThirdPartyModel:316 - End build external matchings
2025-07-29 12:54:50,818 [INFO] ImportTextPane:218 - (OptionalMessage_ERROR) IP (RCC) : Invalid parameter (48MHZClocksFreq_Value)
2025-07-29 12:54:50,819 [INFO] ImportTextPane:218 - (OptionalMessage_ERROR) IP (RCC) : Invalid parameter (EthernetFreq_Value)
2025-07-29 12:54:50,823 [INFO] ImportTextPane:218 - (OptionalMessage_ERROR) IP (RCC) : Parameter (FLatency) has Id (AdvancedSettings) currently not set
2025-07-29 12:54:50,823 [INFO] ImportTextPane:218 - (OptionalMessage_ERROR) IP (RCC) : Invalid parameter (FamilyName)
2025-07-29 12:54:50,824 [INFO] ImportTextPane:218 - (OptionalMessage_ERROR) IP (RCC) : Invalid parameter (I2SClocksFreq_Value)
2025-07-29 12:54:50,828 [INFO] ImportTextPane:218 - (OptionalMessage_ERROR) IP (RCC) : Parameter (SDIOFreq_Value) has invalid value (168000000)
2025-07-29 12:54:50,828 [INFO] ImportTextPane:218 - (OptionalMessage_ERROR) IP (RCC) : Parameter (USBFreq_Value) has invalid value (168000000)
2025-07-29 12:54:50,834 [INFO] ImportTextPane:218 - (OptionalMessage_ERROR) IP (RCC) : Invalid parameter (VCOInputMFreq_Value)
2025-07-29 12:54:50,835 [INFO] ImportTextPane:218 - (OptionalMessage_ERROR) IP (RCC) : Invalid parameter (VcooutputI2S)
2025-07-29 12:54:51,480 [INFO] UtilMem:75 - End LoadConfig() Used Memory: 613862440 Bytes (867172352)
2025-07-29 12:54:51,518 [WARN] ThirdParty:833 - waiting for thirdparty lock release [change project]
2025-07-29 12:54:51,520 [INFO] ThirdParty:835 - entering critical section [change project]
2025-07-29 12:54:51,520 [INFO] ThirdParty:1030 - CMSIS Pack Vendor :STMicroelectronics USBPD 4.1
2025-07-29 12:54:51,520 [INFO] ThirdParty:1030 - CMSIS Pack Vendor :STMicroelectronics X-CUBE-DISPLAY 3.0.0
2025-07-29 12:54:51,520 [INFO] ThirdParty:1030 - CMSIS Pack Vendor :STMicroelectronics USB_HOST 2.0.0
2025-07-29 12:54:51,520 [INFO] ThirdParty:1030 - CMSIS Pack Vendor :STMicroelectronics FP-SNS-MOTENVWB1 1.4.0
2025-07-29 12:54:51,520 [INFO] ThirdParty:1030 - CMSIS Pack Vendor :STMicroelectronics LIBJPEG 8.0.0
2025-07-29 12:54:51,520 [INFO] ThirdParty:1030 - CMSIS Pack Vendor :STMicroelectronics FP-ATR-SIGFOX1 3.2.0
2025-07-29 12:54:51,520 [INFO] ThirdParty:1030 - CMSIS Pack Vendor :STMicroelectronics USB_DEVICE 3.0.0
2025-07-29 12:54:51,520 [INFO] ThirdParty:1030 - CMSIS Pack Vendor :STMicroelectronics HAL Drivers 0.0.0
2025-07-29 12:54:51,524 [INFO] ThirdParty:1030 - CMSIS Pack Vendor :STMicroelectronics MBEDTLS 2.16.2
2025-07-29 12:54:51,524 [INFO] ThirdParty:1030 - CMSIS Pack Vendor :STMicroelectronics X-CUBE-ALS 1.0.2
2025-07-29 12:54:51,524 [INFO] ThirdParty:1030 - CMSIS Pack Vendor :STMicroelectronics MBEDTLS 2.14.1
2025-07-29 12:54:51,524 [INFO] ThirdParty:1030 - CMSIS Pack Vendor :STMicroelectronics USB_DEVICE 2.0.0
2025-07-29 12:54:51,524 [INFO] ThirdParty:1030 - CMSIS Pack Vendor :STMicroelectronics FP-SNS-STBOX1 2.0.0
2025-07-29 12:54:51,524 [INFO] ThirdParty:1030 - CMSIS Pack Vendor :STMicroelectronics ThreadX 1.0.0
2025-07-29 12:54:51,524 [INFO] ThirdParty:1030 - CMSIS Pack Vendor :STMicroelectronics FP-SNS-SMARTAG2 1.2.0
2025-07-29 12:54:51,524 [INFO] ThirdParty:1030 - CMSIS Pack Vendor :STMicroelectronics FreeRTOS 0.0.1
2025-07-29 12:54:51,524 [INFO] ThirdParty:1030 - CMSIS Pack Vendor :STMicroelectronics FP-SNS-MOTENV1 5.0.0
2025-07-29 12:54:51,524 [INFO] ThirdParty:1030 - CMSIS Pack Vendor :STMicroelectronics USB_DEVICE 1.0.0
2025-07-29 12:54:51,524 [INFO] ThirdParty:1030 - CMSIS Pack Vendor :STMicroelectronics STM32_WPAN 1.0.0
2025-07-29 12:54:51,524 [INFO] ThirdParty:1030 - CMSIS Pack Vendor :STMicroelectronics ThreadX 0.0.2
2025-07-29 12:54:51,524 [INFO] ThirdParty:1030 - CMSIS Pack Vendor :STMicroelectronics lwIP 2.1.2
2025-07-29 12:54:51,525 [INFO] ThirdParty:1030 - CMSIS Pack Vendor :STMicroelectronics lwIP 2.0.3
2025-07-29 12:54:51,525 [INFO] ThirdParty:1030 - CMSIS Pack Vendor :STMicroelectronics X-CUBE-BLE2 3.3.0
2025-07-29 12:54:51,525 [INFO] ThirdParty:1030 - CMSIS Pack Vendor :STMicroelectronics USB_HOST 1.0.0
2025-07-29 12:54:51,525 [INFO] ThirdParty:1030 - CMSIS Pack Vendor :STMicroelectronics PDM2PCM 3.1.0
2025-07-29 12:54:51,525 [INFO] ThirdParty:1030 - CMSIS Pack Vendor :STMicroelectronics PDM2PCM 3.2.0
2025-07-29 12:54:51,525 [INFO] ThirdParty:1030 - CMSIS Pack Vendor :STMicroelectronics PDM2PCM 3.3.0
2025-07-29 12:54:51,525 [INFO] ThirdParty:841 - exiting critical section [change project]
2025-07-29 12:54:52,259 [INFO] PinOutPanel:1589 - setPackage(No Configuration,No Configuration)
2025-07-29 12:54:52,260 [INFO] PinOutPanel:1589 - setPackage(STM32F446RETx,LQFP64)
2025-07-29 12:54:53,626 [INFO] UtilMem:75 - Before build in PCC Used Memory: 328640240 Bytes (867172352)
2025-07-29 12:54:54,133 [INFO] UtilMem:75 - After build in PCC Used Memory: 380546800 Bytes (867172352)
2025-07-29 12:54:54,183 [INFO] IPUIPlugin:80 - create IPUIPlugin
2025-07-29 12:54:54,184 [INFO] IPUIPlugin:80 - create IPUIPlugin
2025-07-29 12:54:54,184 [INFO] IPUIPlugin:80 - create IPUIPlugin
2025-07-29 12:54:54,184 [INFO] IPUIPlugin:80 - create IPUIPlugin
2025-07-29 12:54:54,184 [INFO] IPUIPlugin:80 - create IPUIPlugin
2025-07-29 12:54:54,186 [INFO] IPUIPlugin:80 - create IPUIPlugin
2025-07-29 12:54:54,186 [INFO] IPUIPlugin:80 - create IPUIPlugin
2025-07-29 12:54:54,186 [INFO] IPUIPlugin:80 - create IPUIPlugin
2025-07-29 12:54:54,187 [INFO] IPUIPlugin:80 - create IPUIPlugin
2025-07-29 12:54:54,187 [INFO] IPUIPlugin:80 - create IPUIPlugin
2025-07-29 12:54:54,187 [INFO] IPUIPlugin:80 - create IPUIPlugin
2025-07-29 12:54:54,187 [INFO] IPUIPlugin:80 - create IPUIPlugin
2025-07-29 12:54:54,188 [INFO] IPUIPlugin:80 - create IPUIPlugin
2025-07-29 12:54:54,188 [INFO] IPUIPlugin:80 - create IPUIPlugin
2025-07-29 12:54:54,189 [INFO] IPUIPlugin:80 - create IPUIPlugin
2025-07-29 12:54:54,189 [INFO] IPUIPlugin:80 - create IPUIPlugin
2025-07-29 12:54:54,189 [INFO] IPUIPlugin:80 - create IPUIPlugin
2025-07-29 12:54:54,189 [INFO] IPUIPlugin:80 - create IPUIPlugin
2025-07-29 12:54:54,190 [INFO] IPUIPlugin:80 - create IPUIPlugin
2025-07-29 12:54:54,190 [INFO] IPUIPlugin:80 - create IPUIPlugin
2025-07-29 12:54:54,191 [INFO] IPUIPlugin:80 - create IPUIPlugin
2025-07-29 12:54:54,191 [INFO] IPUIPlugin:80 - create IPUIPlugin
2025-07-29 12:54:54,192 [INFO] IPUIPlugin:80 - create IPUIPlugin
2025-07-29 12:54:54,192 [INFO] IPUIPlugin:80 - create IPUIPlugin
2025-07-29 12:54:54,192 [INFO] IPUIPlugin:80 - create IPUIPlugin
2025-07-29 12:54:54,193 [INFO] IPUIPlugin:80 - create IPUIPlugin
2025-07-29 12:54:54,193 [INFO] IPUIPlugin:80 - create IPUIPlugin
2025-07-29 12:54:54,194 [INFO] IPUIPlugin:80 - create IPUIPlugin
2025-07-29 12:54:54,194 [INFO] IPUIPlugin:80 - create IPUIPlugin
2025-07-29 12:54:54,195 [INFO] IPUIPlugin:80 - create IPUIPlugin
2025-07-29 12:54:54,196 [INFO] IPUIPlugin:80 - create IPUIPlugin
2025-07-29 12:54:54,196 [INFO] IPUIPlugin:80 - create IPUIPlugin
2025-07-29 12:54:54,196 [INFO] IPUIPlugin:80 - create IPUIPlugin
2025-07-29 12:54:54,197 [INFO] IPUIPlugin:80 - create IPUIPlugin
2025-07-29 12:54:54,198 [INFO] IPUIPlugin:80 - create IPUIPlugin
2025-07-29 12:54:54,198 [INFO] IPUIPlugin:80 - create IPUIPlugin
2025-07-29 12:54:54,199 [INFO] IPUIPlugin:80 - create IPUIPlugin
2025-07-29 12:54:54,199 [INFO] IPUIPlugin:80 - create IPUIPlugin
2025-07-29 12:54:54,200 [INFO] IPUIPlugin:80 - create IPUIPlugin
2025-07-29 12:54:54,202 [INFO] IPUIPlugin:80 - create IPUIPlugin
2025-07-29 12:54:54,203 [INFO] IPUIPlugin:80 - create IPUIPlugin
2025-07-29 12:54:54,203 [INFO] IPUIPlugin:80 - create IPUIPlugin
2025-07-29 12:54:54,204 [INFO] IPUIPlugin:80 - create IPUIPlugin
2025-07-29 12:54:54,205 [INFO] IPUIPlugin:80 - create IPUIPlugin
2025-07-29 12:54:54,205 [INFO] IPUIPlugin:80 - create IPUIPlugin
2025-07-29 12:54:54,207 [INFO] IPUIPlugin:80 - create IPUIPlugin
2025-07-29 12:54:54,208 [INFO] IPUIPlugin:80 - create IPUIPlugin
2025-07-29 12:54:54,208 [INFO] IPUIPlugin:80 - create IPUIPlugin
2025-07-29 12:54:54,209 [INFO] IPUIPlugin:80 - create IPUIPlugin
2025-07-29 12:54:54,210 [INFO] IPUIPlugin:80 - create IPUIPlugin
2025-07-29 12:54:54,210 [INFO] IPUIPlugin:80 - create IPUIPlugin
2025-07-29 12:54:54,211 [INFO] IPUIPlugin:80 - create IPUIPlugin
2025-07-29 12:54:54,212 [INFO] IPUIPlugin:80 - create IPUIPlugin
2025-07-29 12:54:54,212 [INFO] IPUIPlugin:80 - create IPUIPlugin
2025-07-29 12:54:54,213 [INFO] IPUIPlugin:80 - create IPUIPlugin
2025-07-29 12:54:54,214 [INFO] IPUIPlugin:80 - create IPUIPlugin
2025-07-29 12:54:54,214 [INFO] IPUIPlugin:80 - create IPUIPlugin
2025-07-29 12:54:54,216 [INFO] IPUIPlugin:80 - create IPUIPlugin
2025-07-29 12:54:54,216 [INFO] IPUIPlugin:80 - create IPUIPlugin
2025-07-29 12:54:54,217 [INFO] IPUIPlugin:80 - create IPUIPlugin
2025-07-29 12:54:54,223 [INFO] ApiDbMcu:508 - Load IP Config File for PDM2PCM
2025-07-29 12:54:54,344 [INFO] CADModel:165 - CPN selected for project levelSTM32F446RET6
2025-07-29 12:54:54,344 [INFO] CADModel:114 - Register for checkConnection events
2025-07-29 12:54:54,391 [INFO] OpenFileManager:385 - Restore cursor
2025-07-29 12:54:55,387 [INFO] UtilMem:75 - End SaveConfig() Used Memory: 536787280 Bytes (867172352)
2025-07-29 12:54:55,466 [INFO] UtilMem:75 - End SaveConfig() Used Memory: 557229808 Bytes (867172352)
2025-07-29 12:54:55,916 [INFO] BlockDiagram:2775 - set Specific Code input for plugin: SYS
2025-07-29 12:54:55,916 [INFO] BlockDiagram:2775 - set Specific Code input for plugin: RCC
2025-07-29 12:54:55,917 [INFO] BlockDiagram:2775 - set Specific Code input for plugin: NVIC
2025-07-29 12:54:55,918 [INFO] BlockDiagram:2775 - set Specific Code input for plugin: USART
2025-07-29 12:54:55,918 [INFO] BlockDiagram:2775 - set Specific Code input for plugin: GPIO
2025-07-29 12:54:55,919 [INFO] CodeGenerator:882 - code generatio: config db path: /opt/st/stm32cubeide_1.18.1/plugins/com.st.stm32cube.common.mx_6.14.1.202504091515//db/
2025-07-29 12:54:56,204 [INFO] CodeEngine:263 - oldGeneratedFile, /home/nova/STM32CubeIDE/workspace_1.18.1/Array_DH_UART/MXTmpFiles/license.tmp_save
2025-07-29 12:54:56,724 [INFO] CodeEngine:287 - Generated code: /home/nova/STM32CubeIDE/workspace_1.18.1/Array_DH_UART/MXTmpFiles/license.tmp
2025-07-29 12:54:56,773 [INFO] CodeEngine:263 - oldGeneratedFile, /home/nova/STM32CubeIDE/workspace_1.18.1/Array_DH_UART/MXTmpFiles/gpio.tmp_save
2025-07-29 12:54:56,997 [INFO] CodeEngine:287 - Generated code: /home/nova/STM32CubeIDE/workspace_1.18.1/Array_DH_UART/MXTmpFiles/gpio.tmp
2025-07-29 12:54:57,107 [INFO] CodeEngine:263 - oldGeneratedFile, /home/nova/STM32CubeIDE/workspace_1.18.1/Array_DH_UART/Core/Src/stm32f4xx_it.c_save
2025-07-29 12:54:57,854 [INFO] CodeEngine:287 - Generated code: /home/nova/STM32CubeIDE/workspace_1.18.1/Array_DH_UART/Core/Src/stm32f4xx_it.c
2025-07-29 12:54:57,857 [INFO] CodeEngine:263 - oldGeneratedFile, /home/nova/STM32CubeIDE/workspace_1.18.1/Array_DH_UART/Core/Inc/stm32f4xx_it.h_save
2025-07-29 12:54:58,021 [INFO] CodeEngine:287 - Generated code: /home/nova/STM32CubeIDE/workspace_1.18.1/Array_DH_UART/Core/Inc/stm32f4xx_it.h
2025-07-29 12:54:58,457 [INFO] CodeEngine:263 - oldGeneratedFile, /home/nova/STM32CubeIDE/workspace_1.18.1/Array_DH_UART/Core/Src/stm32f4xx_hal_msp.c_save
2025-07-29 12:54:58,709 [INFO] CodeEngine:287 - Generated code: /home/nova/STM32CubeIDE/workspace_1.18.1/Array_DH_UART/Core/Src/stm32f4xx_hal_msp.c
2025-07-29 12:54:58,710 [INFO] CodeEngine:263 - oldGeneratedFile, /home/nova/STM32CubeIDE/workspace_1.18.1/Array_DH_UART/MXTmpFiles/system.tmp_save
2025-07-29 12:54:58,851 [INFO] CodeEngine:287 - Generated code: /home/nova/STM32CubeIDE/workspace_1.18.1/Array_DH_UART/MXTmpFiles/system.tmp
2025-07-29 12:54:58,858 [INFO] CodeEngine:319 - oldGeneratedFile, /home/nova/STM32CubeIDE/workspace_1.18.1/Array_DH_UART/Core/Inc/stm32f4xx_hal_conf.h_save
2025-07-29 12:54:59,009 [INFO] CodeEngine:343 - Generated code: /home/nova/STM32CubeIDE/workspace_1.18.1/Array_DH_UART/Core/Inc/stm32f4xx_hal_conf.h
2025-07-29 12:54:59,059 [WARN] IPConfigManager:3217 - Warning: the RefConfig PLL2P_FOR_MCO is not available in your config.xml file
2025-07-29 12:54:59,071 [INFO] ApiDbMcu:508 - Load IP Config File for USART2
2025-07-29 12:54:59,077 [INFO] ApiDbMcu:508 - Load IP Config File for RCC
2025-07-29 12:54:59,085 [INFO] CodeEngine:263 - oldGeneratedFile, /home/nova/STM32CubeIDE/workspace_1.18.1/Array_DH_UART/Core/Inc/main.h_save
2025-07-29 12:54:59,276 [INFO] CodeEngine:287 - Generated code: /home/nova/STM32CubeIDE/workspace_1.18.1/Array_DH_UART/Core/Inc/main.h
2025-07-29 12:54:59,277 [INFO] CodeEngine:263 - oldGeneratedFile, /home/nova/STM32CubeIDE/workspace_1.18.1/Array_DH_UART/Core/Src/main.c_save
2025-07-29 12:54:59,488 [INFO] CodeEngine:287 - Generated code: /home/nova/STM32CubeIDE/workspace_1.18.1/Array_DH_UART/Core/Src/main.c
2025-07-29 12:55:00,266 [INFO] ProjectBuilder:3324 - Time for Copy HAL[1] : 39mS.
2025-07-29 12:55:00,269 [INFO] ProjectBuilder:4912 - Project Generator version: 4.6.0.1-B1
2025-07-29 12:55:00,504 [INFO] ConfigFileManager:1590 - The Die is : DIE421
2025-07-29 12:55:00,511 [INFO] ApiDbMcu:508 - Load IP Config File for FATFS
2025-07-29 12:55:00,525 [INFO] ApiDbMcu:508 - Load IP Config File for FREERTOS
2025-07-29 12:55:00,534 [INFO] ApiDbMcu:508 - Load IP Config File for LIBJPEG
2025-07-29 12:55:00,549 [INFO] ApiDbMcu:508 - Load IP Config File for MBEDTLS
2025-07-29 12:55:00,574 [INFO] ApiDbMcu:508 - Load IP Config File for USB_DEVICE
2025-07-29 12:55:00,584 [INFO] ApiDbMcu:508 - Load IP Config File for USB_HOST
2025-07-29 12:55:03,286 [INFO] ProjectBuilder:5191 - Time for Generating toolchain IDE Files: 3017mS.
2025-07-29 12:55:03,286 [INFO] ProjectBuilder:3181 - Time for Copy CMSIS : 0mS.
2025-07-29 12:55:03,287 [INFO] ProjectBuilder:3181 - Time for Copy CMSIS : 0mS.
2025-07-29 12:55:05,250 [INFO] McuFinderGlobals:76 - Set McuFinderConnectedMode to true
2025-07-29 12:55:05,256 [INFO] ApiDb:448 - Save user favorites file /home/nova/.stm32cubeide/favorites.mcus.txt: 1 item(s)
2025-07-29 12:55:05,256 [INFO] ApiDb:452 - User favorites MCUs=[STM32F446RET6]
2025-07-29 12:55:05,276 [INFO] ApiDb:448 - Save user favorites file /home/nova/.stm32cubeide/favorites.boards.txt: 0 item(s)
2025-07-29 12:55:05,276 [INFO] ApiDb:452 - User favorites Boards=[]
2025-07-29 12:55:25,161 [INFO] NvicIntPanel:101 - NVIC parent = com.st.microxplorer.plugins.ip.nvic.MultiNvicIntPanel[,0,0,450x124,layout=javax.swing.BoxLayout,alignmentX=0.0,alignmentY=0.0,border=,flags=9,maximumSize=,minimumSize=,preferredSize=]
2025-07-29 12:55:27,045 [INFO] NvicIntPanel:101 - NVIC parent = com.st.microxplorer.plugins.ip.nvic.MultiNvicIntPanel[,0,0,0x0,invalid,layout=javax.swing.BoxLayout,alignmentX=0.0,alignmentY=0.0,border=,flags=9,maximumSize=,minimumSize=,preferredSize=]
2025-07-29 12:55:56,377 [INFO] UtilMem:75 - End SaveConfig() Used Memory: 534118448 Bytes (828375040)
2025-07-29 12:55:57,807 [INFO] UtilMem:75 - End SaveConfig() Used Memory: 561381424 Bytes (828375040)
2025-07-29 12:56:02,274 [INFO] UtilMem:75 - End SaveConfig() Used Memory: 666325560 Bytes (828375040)
2025-07-29 12:56:02,609 [INFO] BlockDiagram:2775 - set Specific Code input for plugin: SYS
2025-07-29 12:56:02,609 [INFO] BlockDiagram:2775 - set Specific Code input for plugin: RCC
2025-07-29 12:56:02,609 [INFO] BlockDiagram:2775 - set Specific Code input for plugin: NVIC
2025-07-29 12:56:02,609 [INFO] BlockDiagram:2775 - set Specific Code input for plugin: USART
2025-07-29 12:56:02,610 [INFO] BlockDiagram:2775 - set Specific Code input for plugin: GPIO
2025-07-29 12:56:02,610 [INFO] CodeGenerator:882 - code generatio: config db path: /opt/st/stm32cubeide_1.18.1/plugins/com.st.stm32cube.common.mx_6.14.1.202504091515//db/
2025-07-29 12:56:02,829 [INFO] CodeEngine:263 - oldGeneratedFile, /home/nova/STM32CubeIDE/workspace_1.18.1/Array_DH_UART/MXTmpFiles/license.tmp_save
2025-07-29 12:56:03,042 [INFO] CodeEngine:287 - Generated code: /home/nova/STM32CubeIDE/workspace_1.18.1/Array_DH_UART/MXTmpFiles/license.tmp
2025-07-29 12:56:03,088 [INFO] CodeEngine:263 - oldGeneratedFile, /home/nova/STM32CubeIDE/workspace_1.18.1/Array_DH_UART/MXTmpFiles/gpio.tmp_save
2025-07-29 12:56:03,237 [INFO] CodeEngine:287 - Generated code: /home/nova/STM32CubeIDE/workspace_1.18.1/Array_DH_UART/MXTmpFiles/gpio.tmp
2025-07-29 12:56:03,442 [INFO] CodeEngine:263 - oldGeneratedFile, /home/nova/STM32CubeIDE/workspace_1.18.1/Array_DH_UART/Core/Src/stm32f4xx_it.c_save
2025-07-29 12:56:03,658 [INFO] CodeEngine:287 - Generated code: /home/nova/STM32CubeIDE/workspace_1.18.1/Array_DH_UART/Core/Src/stm32f4xx_it.c
2025-07-29 12:56:03,662 [INFO] CodeEngine:263 - oldGeneratedFile, /home/nova/STM32CubeIDE/workspace_1.18.1/Array_DH_UART/Core/Inc/stm32f4xx_it.h_save
2025-07-29 12:56:03,799 [INFO] CodeEngine:287 - Generated code: /home/nova/STM32CubeIDE/workspace_1.18.1/Array_DH_UART/Core/Inc/stm32f4xx_it.h
2025-07-29 12:56:03,810 [INFO] CodeEngine:263 - oldGeneratedFile, /home/nova/STM32CubeIDE/workspace_1.18.1/Array_DH_UART/Core/Src/stm32f4xx_hal_msp.c_save
2025-07-29 12:56:03,962 [INFO] CodeEngine:287 - Generated code: /home/nova/STM32CubeIDE/workspace_1.18.1/Array_DH_UART/Core/Src/stm32f4xx_hal_msp.c
2025-07-29 12:56:03,964 [INFO] CodeEngine:263 - oldGeneratedFile, /home/nova/STM32CubeIDE/workspace_1.18.1/Array_DH_UART/MXTmpFiles/system.tmp_save
2025-07-29 12:56:04,048 [INFO] CodeEngine:287 - Generated code: /home/nova/STM32CubeIDE/workspace_1.18.1/Array_DH_UART/MXTmpFiles/system.tmp
2025-07-29 12:56:04,052 [INFO] CodeEngine:319 - oldGeneratedFile, /home/nova/STM32CubeIDE/workspace_1.18.1/Array_DH_UART/Core/Inc/stm32f4xx_hal_conf.h_save
2025-07-29 12:56:04,153 [INFO] CodeEngine:343 - Generated code: /home/nova/STM32CubeIDE/workspace_1.18.1/Array_DH_UART/Core/Inc/stm32f4xx_hal_conf.h
2025-07-29 12:56:04,194 [WARN] IPConfigManager:3217 - Warning: the RefConfig PLL2P_FOR_MCO is not available in your config.xml file
2025-07-29 12:56:04,203 [INFO] CodeEngine:263 - oldGeneratedFile, /home/nova/STM32CubeIDE/workspace_1.18.1/Array_DH_UART/Core/Inc/main.h_save
2025-07-29 12:56:04,311 [INFO] CodeEngine:287 - Generated code: /home/nova/STM32CubeIDE/workspace_1.18.1/Array_DH_UART/Core/Inc/main.h
2025-07-29 12:56:04,313 [INFO] CodeEngine:263 - oldGeneratedFile, /home/nova/STM32CubeIDE/workspace_1.18.1/Array_DH_UART/Core/Src/main.c_save
2025-07-29 12:56:04,500 [INFO] CodeEngine:287 - Generated code: /home/nova/STM32CubeIDE/workspace_1.18.1/Array_DH_UART/Core/Src/main.c
2025-07-29 12:56:04,834 [INFO] ProjectBuilder:3324 - Time for Copy HAL[1] : 39mS.
2025-07-29 12:56:04,836 [INFO] ProjectBuilder:4912 - Project Generator version: 4.6.0.1-B1
2025-07-29 12:56:04,971 [INFO] ConfigFileManager:1590 - The Die is : DIE421
2025-07-29 12:56:06,612 [INFO] ProjectBuilder:5191 - Time for Generating toolchain IDE Files: 1776mS.
2025-07-29 12:56:06,613 [INFO] ProjectBuilder:3181 - Time for Copy CMSIS : 1mS.
2025-07-29 12:56:06,613 [INFO] ProjectBuilder:3181 - Time for Copy CMSIS : 0mS.
2025-07-29 13:17:43,147 [INFO] WebApp:194 - Connection lost
2025-07-29 14:31:03,243 [INFO] WebApp:191 - Connection restablished
2025-07-29 14:40:10,696 [INFO] MainUpdater:2872 - connection check result : 10
2025-07-29 14:40:10,820 [INFO] McuFinderGlobals:76 - Set McuFinderConnectedMode to true
2025-07-29 14:40:10,822 [INFO] MultiScanPanel:200 - Auto-refresh data requested => check proxy status ongoing
2025-07-29 14:40:10,822 [INFO] FinderPluginLoader:95 - Searching for filters in installed packs
2025-07-29 14:40:14,332 [INFO] LoadUrlFilesThread:185 - End of LoadServerUrlFiles without Thread
2025-07-29 14:40:14,333 [INFO] DetailPanel:341 - Set advertising image to /home/nova/STM32Cube/Repository//en.2400x1350px.jpeg
2025-07-29 14:40:38,273 [INFO] MainUpdater:2872 - connection check result : 10
2025-07-29 14:40:38,274 [INFO] MainUpdater:2872 - connection check result : 10
2025-07-29 14:40:38,357 [INFO] MicroXplorer:468 - Change Database Path : 
2025-07-29 14:40:38,358 [INFO] MicroXplorer:498 - Change Database Version : DB.6.0.141
2025-07-29 14:40:38,399 [ERROR] ProjectManagerView:395 - 
java.lang.NullPointerException: Cannot invoke "javax.swing.JTextField.getText()" because the return value of "java.util.List.get(int)" is null
	at com.st.microxplorer.plugins.projectmanager.gui.ProjectChoiceTab$9.caretUpdate(ProjectChoiceTab.java:2678) ~[filemanager.jar:?]
	at javax.swing.text.JTextComponent.fireCaretUpdate(JTextComponent.java:408) ~[?:?]
	at javax.swing.text.JTextComponent$MutableCaretEvent.fire(JTextComponent.java:4484) ~[?:?]
	at javax.swing.text.JTextComponent$MutableCaretEvent.stateChanged(JTextComponent.java:4506) ~[?:?]
	at javax.swing.text.DefaultCaret.fireStateChanged(DefaultCaret.java:857) ~[?:?]
	at javax.swing.text.DefaultCaret.changeCaretPosition(DefaultCaret.java:1343) ~[?:?]
	at javax.swing.text.DefaultCaret.handleSetDot(DefaultCaret.java:1242) ~[?:?]
	at javax.swing.text.DefaultCaret.setDot(DefaultCaret.java:1223) ~[?:?]
	at javax.swing.text.DefaultCaret$Handler.insertUpdate(DefaultCaret.java:1819) ~[?:?]
	at javax.swing.text.AbstractDocument.fireInsertUpdate(AbstractDocument.java:227) ~[?:?]
	at javax.swing.text.AbstractDocument.handleInsertString(AbstractDocument.java:781) ~[?:?]
	at javax.swing.text.AbstractDocument.insertString(AbstractDocument.java:740) ~[?:?]
	at javax.swing.text.PlainDocument.insertString(PlainDocument.java:131) ~[?:?]
	at javax.swing.text.AbstractDocument.replace(AbstractDocument.java:699) ~[?:?]
	at javax.swing.text.JTextComponent.setText(JTextComponent.java:1725) ~[?:?]
	at com.st.microxplorer.plugins.projectmanager.gui.ProjectChoiceTab.createHeapStackFields(ProjectChoiceTab.java:979) ~[filemanager.jar:?]
	at com.st.microxplorer.plugins.projectmanager.gui.ProjectChoiceTab.buildLinkSettingsPanel(ProjectChoiceTab.java:3766) ~[filemanager.jar:?]
	at com.st.microxplorer.plugins.projectmanager.gui.ProjectChoiceTab.defineWindowsFields(ProjectChoiceTab.java:1962) ~[filemanager.jar:?]
	at com.st.microxplorer.plugins.projectmanager.gui.ProjectChoiceTab.updateSettings(ProjectChoiceTab.java:555) ~[filemanager.jar:?]
	at com.st.microxplorer.plugins.projectmanager.gui.ProjectSettingsPanel.UpdateDialog(ProjectSettingsPanel.java:245) ~[filemanager.jar:?]
	at com.st.microxplorer.plugins.projectmanager.ProjectManagerView.propertyChange(ProjectManagerView.java:392) ~[filemanager.jar:?]
	at java.beans.PropertyChangeSupport.fire(PropertyChangeSupport.java:343) ~[?:?]
	at java.beans.PropertyChangeSupport.firePropertyChange(PropertyChangeSupport.java:335) ~[?:?]
	at java.beans.PropertyChangeSupport.firePropertyChange(PropertyChangeSupport.java:268) ~[?:?]
	at com.st.microxplorer.util.MXPropertyChangeSupport.firePropertyChange(MXPropertyChangeSupport.java:54) ~[STM32CubeMX.jar:?]
	at com.st.microxplorer.mxsystem.MxSystem.closeConfig(MxSystem.java:899) ~[STM32CubeMX.jar:?]
	at com.st.microxplorer.maingui.MainPanel.closeConfig(MainPanel.java:789) ~[STM32CubeMX.jar:?]
	at com.st.microxplorer.plugins.filemanager.engine.OpenFileManager.loadConfigurationFile(OpenFileManager.java:287) ~[filemanager.jar:?]
	at com.st.microxplorer.plugins.filemanager.engine.MainFileManager.userLoadConfig(MainFileManager.java:341) ~[filemanager.jar:?]
	at com.st.microxplorer.plugins.filemanager.engine.MainFileManager.userLoadConfig(MainFileManager.java:319) ~[filemanager.jar:?]
	at com.st.microxplorer.plugins.filemanager.FileManagerView.getSpecificTask(FileManagerView.java:246) ~[filemanager.jar:?]
	at com.st.stm32cube.common.mx.editor.CubeMxEditor.getMxTabbedPaneInstance(CubeMxEditor.java:1198) ~[com.st.stm32cube.common.mx_6.14.1.202504091515/:?]
	at com.st.stm32cube.common.mx.editor.CubeMxEditor$12$1.createSwingComponent(CubeMxEditor.java:1068) ~[com.st.stm32cube.common.mx_6.14.1.202504091515/:?]
	at com.st.stm32cube.common.mx.oss.core.awtswtbridge.EmbeddedSwingComposite.doComponentCreation(EmbeddedSwingComposite.java:492) ~[com.st.stm32cube.common.mx.oss_6.14.1.202504091515/:?]
	at com.st.stm32cube.common.mx.oss.core.awtswtbridge.EmbeddedSwingComposite$4.run(EmbeddedSwingComposite.java:291) ~[com.st.stm32cube.common.mx.oss_6.14.1.202504091515/:?]
	at com.st.stm32cube.common.mx.oss.core.awtswtbridge.AwtEnvironment$2.run(AwtEnvironment.java:166) ~[com.st.stm32cube.common.mx.oss_6.14.1.202504091515/:?]
	at java.awt.event.InvocationEvent.dispatch(InvocationEvent.java:318) ~[?:?]
	at java.awt.EventQueue.dispatchEventImpl(EventQueue.java:773) ~[?:?]
	at java.awt.EventQueue$4.run(EventQueue.java:720) ~[?:?]
	at java.awt.EventQueue$4.run(EventQueue.java:714) ~[?:?]
	at java.security.AccessController.doPrivileged(AccessController.java:400) ~[?:?]
	at java.security.ProtectionDomain$JavaSecurityAccessImpl.doIntersectionPrivilege(ProtectionDomain.java:87) ~[?:?]
	at java.awt.EventQueue.dispatchEvent(EventQueue.java:742) ~[?:?]
	at java.awt.EventDispatchThread.pumpOneEventForFilters(EventDispatchThread.java:203) ~[?:?]
	at java.awt.EventDispatchThread.pumpEventsForFilter(EventDispatchThread.java:124) ~[?:?]
	at java.awt.EventDispatchThread.pumpEventsForHierarchy(EventDispatchThread.java:113) ~[?:?]
	at java.awt.EventDispatchThread.pumpEvents(EventDispatchThread.java:109) ~[?:?]
	at java.awt.EventDispatchThread.pumpEvents(EventDispatchThread.java:101) ~[?:?]
	at java.awt.EventDispatchThread.run(EventDispatchThread.java:90) ~[?:?]
2025-07-29 14:40:38,401 [WARN] ThirdParty:871 - waiting for thirdparty lock release [close project]
2025-07-29 14:40:38,401 [INFO] ThirdParty:873 - entering critical section [close project]
2025-07-29 14:40:38,401 [INFO] ThirdParty:883 - exiting critical section [close project]
2025-07-29 14:40:38,404 [INFO] PinOutPanel:1589 - setPackage(No Configuration,No Configuration)
2025-07-29 14:40:38,414 [WARN] IpParametersView:155 - Warning: This peripheral hasn't parameters
2025-07-29 14:40:38,425 [WARN] MainPanel:289 - <html><b><center>Warning: This peripheral has no parameters to be configured<br></b></html>
2025-07-29 14:40:38,429 [INFO] UtilMem:75 - Begin LoadConfig() Used Memory: 267864888 Bytes (828375040)
2025-07-29 14:40:38,430 [INFO] MicroXplorer:468 - Change Database Path : 
2025-07-29 14:40:38,430 [INFO] MicroXplorer:498 - Change Database Version : DB.6.0.141
2025-07-29 14:40:38,430 [INFO] OpenFileManager:354 - Change cursor
2025-07-29 14:40:38,511 [INFO] RulesReader:64 - Compatibility file has been processed (302 Rules)
2025-07-29 14:40:38,596 [INFO] Mcu:2011 - Initializing MCU STM32F446RETx STM32F446RETx STM32F446RET6
2025-07-29 14:40:41,903 [INFO] Context:756 - Trying to add GPIOservice into a context  which must be forbidden
2025-07-29 14:40:43,170 [INFO] ImportTextPane:218 - (OptionalMessage_ERROR) Unable to find key (Mcu.ThirdPartyNb) in loaded IOC file
2025-07-29 14:40:43,170 [INFO] ImportTextPane:218 - (OptionalMessage_ERROR) Unable to find key (Mcu.PinsNb) in loaded IOC file
2025-07-29 14:40:43,171 [INFO] ImportTextPane:218 - (OptionalMessage_ERROR) Pin0 (VP_RIF_VS_RIF1) cannot be retrieved for this MCU
2025-07-29 14:40:43,171 [INFO] ImportTextPane:218 - (OptionalMessage_ERROR) Unable to find key (Mcu.IPNb) in loaded IOC file
2025-07-29 14:40:43,296 [WARN] ModelIntegratedComponent:63 - No mode defined for component null
2025-07-29 14:40:43,296 [WARN] ModelIntegratedComponent:63 - No mode defined for component null
2025-07-29 14:40:43,296 [WARN] ModelIntegratedComponent:63 - No mode defined for component null
2025-07-29 14:40:43,297 [WARN] ModelIntegratedComponent:63 - No mode defined for component null
2025-07-29 14:40:43,297 [WARN] ModelIntegratedComponent:63 - No mode defined for component null
2025-07-29 14:40:43,297 [WARN] ModelIntegratedComponent:63 - No mode defined for component null
2025-07-29 14:40:43,297 [WARN] ModelIntegratedComponent:63 - No mode defined for component null
2025-07-29 14:40:43,297 [WARN] ModelIntegratedComponent:63 - No mode defined for component null
2025-07-29 14:40:43,297 [WARN] ModelIntegratedComponent:63 - No mode defined for component null
2025-07-29 14:40:43,298 [WARN] ModelIntegratedComponent:63 - No mode defined for component null
2025-07-29 14:40:43,298 [WARN] ModelIntegratedComponent:63 - No mode defined for component null
2025-07-29 14:40:43,298 [WARN] ModelIntegratedComponent:63 - No mode defined for component null
2025-07-29 14:40:43,299 [WARN] ModelIntegratedComponent:63 - No mode defined for component null
2025-07-29 14:40:43,300 [WARN] ModelIntegratedComponent:63 - No mode defined for component null
2025-07-29 14:40:43,300 [WARN] ModelIntegratedComponent:63 - No mode defined for component null
2025-07-29 14:40:43,300 [WARN] ModelIntegratedComponent:63 - No mode defined for component null
2025-07-29 14:40:43,301 [WARN] ModelIntegratedComponent:63 - No mode defined for component null
2025-07-29 14:40:43,301 [WARN] ModelIntegratedComponent:63 - No mode defined for component null
2025-07-29 14:40:43,301 [WARN] ModelIntegratedComponent:63 - No mode defined for component null
2025-07-29 14:40:43,301 [WARN] ModelIntegratedComponent:63 - No mode defined for component null
2025-07-29 14:40:43,301 [WARN] ModelIntegratedComponent:63 - No mode defined for component null
2025-07-29 14:40:43,301 [WARN] ModelIntegratedComponent:63 - No mode defined for component null
2025-07-29 14:40:43,301 [WARN] ModelIntegratedComponent:63 - No mode defined for component null
2025-07-29 14:40:43,302 [WARN] ModelIntegratedComponent:63 - No mode defined for component null
2025-07-29 14:40:43,302 [WARN] ModelIntegratedComponent:63 - No mode defined for component null
2025-07-29 14:40:43,302 [WARN] ModelIntegratedComponent:63 - No mode defined for component null
2025-07-29 14:40:43,302 [WARN] ModelIntegratedComponent:63 - No mode defined for component null
2025-07-29 14:40:43,302 [WARN] ModelIntegratedComponent:63 - No mode defined for component null
2025-07-29 14:40:43,302 [WARN] ModelIntegratedComponent:63 - No mode defined for component null
2025-07-29 14:40:43,302 [WARN] ModelIntegratedComponent:63 - No mode defined for component null
2025-07-29 14:40:43,303 [WARN] ModelIntegratedComponent:63 - No mode defined for component null
2025-07-29 14:40:43,303 [WARN] ModelIntegratedComponent:63 - No mode defined for component null
2025-07-29 14:40:43,303 [WARN] ModelIntegratedComponent:63 - No mode defined for component null
2025-07-29 14:40:43,303 [WARN] ModelIntegratedComponent:63 - No mode defined for component null
2025-07-29 14:40:43,303 [WARN] ModelIntegratedComponent:63 - No mode defined for component null
2025-07-29 14:40:43,303 [WARN] ModelPack:524 - Component already loaded: STMicroelectronics:HAL Drivers:0.0.0:STMicroelectronics:Device:STMicro_Driver:XSPI:HAL::0.0.1:HAL_XSPI
2025-07-29 14:40:43,308 [INFO] RtosManager:558 - Registered RTOS mode: class=CMSIS, group=RTOS, mode=CMSIS_V1, owner=FREERTOS
2025-07-29 14:40:43,308 [INFO] RtosManager:558 - Registered RTOS mode: class=CMSIS, group=RTOS2, mode=CMSIS_V2, owner=FREERTOS
2025-07-29 14:40:43,308 [INFO] RtosManager:558 - Registered RTOS mode: class=RTOS, group=Core, mode=CMSIS_V1, owner=FREERTOS
2025-07-29 14:40:43,308 [INFO] RtosManager:558 - Registered RTOS mode: class=RTOS, group=Core, mode=CMSIS_V2, owner=FREERTOS
2025-07-29 14:40:43,308 [WARN] ModelIntegratedComponent:184 - Missing modes for component STMicroelectronics:FreeRTOS:0.0.1:STMicroelectronics:RTOS:FreeRTOS:Core:::10.2.0:
2025-07-29 14:40:43,315 [INFO] ThirdPartyModel:298 - Start build external matchings
2025-07-29 14:40:43,335 [INFO] ThirdPartyModel:316 - End build external matchings
2025-07-29 14:40:43,694 [INFO] UtilMem:75 - End LoadConfig() Used Memory: 682969872 Bytes (828375040)
2025-07-29 14:40:43,707 [WARN] ThirdParty:833 - waiting for thirdparty lock release [change project]
2025-07-29 14:40:43,708 [INFO] ThirdParty:835 - entering critical section [change project]
2025-07-29 14:40:43,708 [INFO] ThirdParty:1030 - CMSIS Pack Vendor :STMicroelectronics USBPD 4.1
2025-07-29 14:40:43,709 [INFO] ThirdParty:1030 - CMSIS Pack Vendor :STMicroelectronics X-CUBE-DISPLAY 3.0.0
2025-07-29 14:40:43,710 [INFO] ThirdParty:1030 - CMSIS Pack Vendor :STMicroelectronics USB_HOST 2.0.0
2025-07-29 14:40:43,712 [INFO] ThirdParty:1030 - CMSIS Pack Vendor :STMicroelectronics FP-SNS-MOTENVWB1 1.4.0
2025-07-29 14:40:43,712 [INFO] ThirdParty:1030 - CMSIS Pack Vendor :STMicroelectronics LIBJPEG 8.0.0
2025-07-29 14:40:43,712 [INFO] ThirdParty:1030 - CMSIS Pack Vendor :STMicroelectronics FP-ATR-SIGFOX1 3.2.0
2025-07-29 14:40:43,712 [INFO] ThirdParty:1030 - CMSIS Pack Vendor :STMicroelectronics USB_DEVICE 3.0.0
2025-07-29 14:40:43,712 [INFO] ThirdParty:1030 - CMSIS Pack Vendor :STMicroelectronics HAL Drivers 0.0.0
2025-07-29 14:40:43,713 [INFO] ThirdParty:1030 - CMSIS Pack Vendor :STMicroelectronics MBEDTLS 2.16.2
2025-07-29 14:40:43,713 [INFO] ThirdParty:1030 - CMSIS Pack Vendor :STMicroelectronics X-CUBE-ALS 1.0.2
2025-07-29 14:40:43,713 [INFO] ThirdParty:1030 - CMSIS Pack Vendor :STMicroelectronics MBEDTLS 2.14.1
2025-07-29 14:40:43,713 [INFO] ThirdParty:1030 - CMSIS Pack Vendor :STMicroelectronics USB_DEVICE 2.0.0
2025-07-29 14:40:43,713 [INFO] ThirdParty:1030 - CMSIS Pack Vendor :STMicroelectronics FP-SNS-STBOX1 2.0.0
2025-07-29 14:40:43,714 [INFO] ThirdParty:1030 - CMSIS Pack Vendor :STMicroelectronics ThreadX 1.0.0
2025-07-29 14:40:43,714 [INFO] ThirdParty:1030 - CMSIS Pack Vendor :STMicroelectronics FP-SNS-SMARTAG2 1.2.0
2025-07-29 14:40:43,714 [INFO] ThirdParty:1030 - CMSIS Pack Vendor :STMicroelectronics FreeRTOS 0.0.1
2025-07-29 14:40:43,715 [INFO] ThirdParty:1030 - CMSIS Pack Vendor :STMicroelectronics FP-SNS-MOTENV1 5.0.0
2025-07-29 14:40:43,715 [INFO] ThirdParty:1030 - CMSIS Pack Vendor :STMicroelectronics USB_DEVICE 1.0.0
2025-07-29 14:40:43,715 [INFO] ThirdParty:1030 - CMSIS Pack Vendor :STMicroelectronics STM32_WPAN 1.0.0
2025-07-29 14:40:43,715 [INFO] ThirdParty:1030 - CMSIS Pack Vendor :STMicroelectronics ThreadX 0.0.2
2025-07-29 14:40:43,715 [INFO] ThirdParty:1030 - CMSIS Pack Vendor :STMicroelectronics lwIP 2.1.2
2025-07-29 14:40:43,715 [INFO] ThirdParty:1030 - CMSIS Pack Vendor :STMicroelectronics lwIP 2.0.3
2025-07-29 14:40:43,715 [INFO] ThirdParty:1030 - CMSIS Pack Vendor :STMicroelectronics X-CUBE-BLE2 3.3.0
2025-07-29 14:40:43,716 [INFO] ThirdParty:1030 - CMSIS Pack Vendor :STMicroelectronics USB_HOST 1.0.0
2025-07-29 14:40:43,716 [INFO] ThirdParty:1030 - CMSIS Pack Vendor :STMicroelectronics PDM2PCM 3.1.0
2025-07-29 14:40:43,716 [INFO] ThirdParty:1030 - CMSIS Pack Vendor :STMicroelectronics PDM2PCM 3.2.0
2025-07-29 14:40:43,716 [INFO] ThirdParty:1030 - CMSIS Pack Vendor :STMicroelectronics PDM2PCM 3.3.0
2025-07-29 14:40:43,716 [INFO] ThirdParty:841 - exiting critical section [change project]
2025-07-29 14:40:44,355 [INFO] PinOutPanel:1589 - setPackage(No Configuration,No Configuration)
2025-07-29 14:40:44,356 [INFO] PinOutPanel:1589 - setPackage(STM32F446RETx,LQFP64)
2025-07-29 14:40:45,993 [INFO] UtilMem:75 - Before build in PCC Used Memory: 287377200 Bytes (828375040)
2025-07-29 14:40:46,385 [INFO] UtilMem:75 - After build in PCC Used Memory: 339806000 Bytes (828375040)
2025-07-29 14:40:46,440 [INFO] IPUIPlugin:80 - create IPUIPlugin
2025-07-29 14:40:46,441 [INFO] IPUIPlugin:80 - create IPUIPlugin
2025-07-29 14:40:46,441 [INFO] IPUIPlugin:80 - create IPUIPlugin
2025-07-29 14:40:46,442 [INFO] IPUIPlugin:80 - create IPUIPlugin
2025-07-29 14:40:46,442 [INFO] IPUIPlugin:80 - create IPUIPlugin
2025-07-29 14:40:46,442 [INFO] IPUIPlugin:80 - create IPUIPlugin
2025-07-29 14:40:46,443 [INFO] IPUIPlugin:80 - create IPUIPlugin
2025-07-29 14:40:46,444 [INFO] IPUIPlugin:80 - create IPUIPlugin
2025-07-29 14:40:46,445 [INFO] IPUIPlugin:80 - create IPUIPlugin
2025-07-29 14:40:46,445 [INFO] IPUIPlugin:80 - create IPUIPlugin
2025-07-29 14:40:46,446 [INFO] IPUIPlugin:80 - create IPUIPlugin
2025-07-29 14:40:46,446 [INFO] IPUIPlugin:80 - create IPUIPlugin
2025-07-29 14:40:46,447 [INFO] IPUIPlugin:80 - create IPUIPlugin
2025-07-29 14:40:46,448 [INFO] IPUIPlugin:80 - create IPUIPlugin
2025-07-29 14:40:46,449 [INFO] IPUIPlugin:80 - create IPUIPlugin
2025-07-29 14:40:46,449 [INFO] IPUIPlugin:80 - create IPUIPlugin
2025-07-29 14:40:46,450 [INFO] IPUIPlugin:80 - create IPUIPlugin
2025-07-29 14:40:46,450 [INFO] IPUIPlugin:80 - create IPUIPlugin
2025-07-29 14:40:46,451 [INFO] IPUIPlugin:80 - create IPUIPlugin
2025-07-29 14:40:46,452 [INFO] IPUIPlugin:80 - create IPUIPlugin
2025-07-29 14:40:46,453 [INFO] IPUIPlugin:80 - create IPUIPlugin
2025-07-29 14:40:46,454 [INFO] IPUIPlugin:80 - create IPUIPlugin
2025-07-29 14:40:46,456 [INFO] IPUIPlugin:80 - create IPUIPlugin
2025-07-29 14:40:46,456 [INFO] IPUIPlugin:80 - create IPUIPlugin
2025-07-29 14:40:46,457 [INFO] IPUIPlugin:80 - create IPUIPlugin
2025-07-29 14:40:46,458 [INFO] IPUIPlugin:80 - create IPUIPlugin
2025-07-29 14:40:46,459 [INFO] IPUIPlugin:80 - create IPUIPlugin
2025-07-29 14:40:46,460 [INFO] IPUIPlugin:80 - create IPUIPlugin
2025-07-29 14:40:46,461 [INFO] IPUIPlugin:80 - create IPUIPlugin
2025-07-29 14:40:46,463 [INFO] IPUIPlugin:80 - create IPUIPlugin
2025-07-29 14:40:46,464 [INFO] IPUIPlugin:80 - create IPUIPlugin
2025-07-29 14:40:46,465 [INFO] IPUIPlugin:80 - create IPUIPlugin
2025-07-29 14:40:46,466 [INFO] IPUIPlugin:80 - create IPUIPlugin
2025-07-29 14:40:46,467 [INFO] IPUIPlugin:80 - create IPUIPlugin
2025-07-29 14:40:46,468 [INFO] IPUIPlugin:80 - create IPUIPlugin
2025-07-29 14:40:46,468 [INFO] IPUIPlugin:80 - create IPUIPlugin
2025-07-29 14:40:46,469 [INFO] IPUIPlugin:80 - create IPUIPlugin
2025-07-29 14:40:46,470 [INFO] IPUIPlugin:80 - create IPUIPlugin
2025-07-29 14:40:46,471 [INFO] IPUIPlugin:80 - create IPUIPlugin
2025-07-29 14:40:46,473 [INFO] IPUIPlugin:80 - create IPUIPlugin
2025-07-29 14:40:46,474 [INFO] IPUIPlugin:80 - create IPUIPlugin
2025-07-29 14:40:46,475 [INFO] IPUIPlugin:80 - create IPUIPlugin
2025-07-29 14:40:46,476 [INFO] IPUIPlugin:80 - create IPUIPlugin
2025-07-29 14:40:46,477 [INFO] IPUIPlugin:80 - create IPUIPlugin
2025-07-29 14:40:46,479 [INFO] IPUIPlugin:80 - create IPUIPlugin
2025-07-29 14:40:46,480 [INFO] IPUIPlugin:80 - create IPUIPlugin
2025-07-29 14:40:46,482 [INFO] IPUIPlugin:80 - create IPUIPlugin
2025-07-29 14:40:46,483 [INFO] IPUIPlugin:80 - create IPUIPlugin
2025-07-29 14:40:46,484 [INFO] IPUIPlugin:80 - create IPUIPlugin
2025-07-29 14:40:46,485 [INFO] IPUIPlugin:80 - create IPUIPlugin
2025-07-29 14:40:46,486 [INFO] IPUIPlugin:80 - create IPUIPlugin
2025-07-29 14:40:46,486 [INFO] IPUIPlugin:80 - create IPUIPlugin
2025-07-29 14:40:46,488 [INFO] IPUIPlugin:80 - create IPUIPlugin
2025-07-29 14:40:46,489 [INFO] IPUIPlugin:80 - create IPUIPlugin
2025-07-29 14:40:46,490 [INFO] IPUIPlugin:80 - create IPUIPlugin
2025-07-29 14:40:46,491 [INFO] IPUIPlugin:80 - create IPUIPlugin
2025-07-29 14:40:46,492 [INFO] IPUIPlugin:80 - create IPUIPlugin
2025-07-29 14:40:46,495 [INFO] IPUIPlugin:80 - create IPUIPlugin
2025-07-29 14:40:46,497 [INFO] IPUIPlugin:80 - create IPUIPlugin
2025-07-29 14:40:46,498 [INFO] IPUIPlugin:80 - create IPUIPlugin
2025-07-29 14:40:46,505 [INFO] ApiDbMcu:508 - Load IP Config File for PDM2PCM
2025-07-29 14:40:46,546 [INFO] CADModel:165 - CPN selected for project levelSTM32F446RET6
2025-07-29 14:40:46,547 [INFO] CADModel:114 - Register for checkConnection events
2025-07-29 14:40:46,594 [INFO] OpenFileManager:385 - Restore cursor
2025-07-29 14:40:47,446 [INFO] UtilMem:75 - End SaveConfig() Used Memory: 467732272 Bytes (828375040)
2025-07-29 14:40:47,541 [INFO] UtilMem:75 - End SaveConfig() Used Memory: 490278704 Bytes (828375040)
2025-07-29 14:40:48,286 [INFO] BlockDiagram:2775 - set Specific Code input for plugin: RCC
2025-07-29 14:40:48,286 [INFO] BlockDiagram:2775 - set Specific Code input for plugin: NVIC
2025-07-29 14:40:48,287 [INFO] CodeGenerator:882 - code generatio: config db path: /opt/st/stm32cubeide_1.18.1/plugins/com.st.stm32cube.common.mx_6.14.1.202504091515//db/
2025-07-29 14:40:49,259 [INFO] CodeEngine:263 - oldGeneratedFile, /home/nova/STM32CubeIDE/workspace_1.18.1/FSM_UART/MXTmpFiles/license.tmp_save
2025-07-29 14:40:49,804 [INFO] CodeEngine:287 - Generated code: /home/nova/STM32CubeIDE/workspace_1.18.1/FSM_UART/MXTmpFiles/license.tmp
2025-07-29 14:40:49,823 [INFO] CodeEngine:263 - oldGeneratedFile, /home/nova/STM32CubeIDE/workspace_1.18.1/FSM_UART/Core/Src/stm32f4xx_it.c_save
2025-07-29 14:40:50,389 [INFO] CodeEngine:287 - Generated code: /home/nova/STM32CubeIDE/workspace_1.18.1/FSM_UART/Core/Src/stm32f4xx_it.c
2025-07-29 14:40:50,392 [INFO] CodeEngine:263 - oldGeneratedFile, /home/nova/STM32CubeIDE/workspace_1.18.1/FSM_UART/Core/Inc/stm32f4xx_it.h_save
2025-07-29 14:40:50,556 [INFO] CodeEngine:287 - Generated code: /home/nova/STM32CubeIDE/workspace_1.18.1/FSM_UART/Core/Inc/stm32f4xx_it.h
2025-07-29 14:40:50,753 [INFO] CodeEngine:263 - oldGeneratedFile, /home/nova/STM32CubeIDE/workspace_1.18.1/FSM_UART/Core/Src/stm32f4xx_hal_msp.c_save
2025-07-29 14:40:50,971 [INFO] CodeEngine:287 - Generated code: /home/nova/STM32CubeIDE/workspace_1.18.1/FSM_UART/Core/Src/stm32f4xx_hal_msp.c
2025-07-29 14:40:50,973 [INFO] CodeEngine:263 - oldGeneratedFile, /home/nova/STM32CubeIDE/workspace_1.18.1/FSM_UART/MXTmpFiles/system.tmp_save
2025-07-29 14:40:51,153 [INFO] CodeEngine:287 - Generated code: /home/nova/STM32CubeIDE/workspace_1.18.1/FSM_UART/MXTmpFiles/system.tmp
2025-07-29 14:40:51,161 [INFO] CodeEngine:319 - oldGeneratedFile, /home/nova/STM32CubeIDE/workspace_1.18.1/FSM_UART/Core/Inc/stm32f4xx_hal_conf.h_save
2025-07-29 14:40:51,304 [INFO] CodeEngine:343 - Generated code: /home/nova/STM32CubeIDE/workspace_1.18.1/FSM_UART/Core/Inc/stm32f4xx_hal_conf.h
2025-07-29 14:40:51,394 [WARN] IPConfigManager:3217 - Warning: the RefConfig PLL2P_FOR_MCO is not available in your config.xml file
2025-07-29 14:40:51,422 [INFO] ApiDbMcu:508 - Load IP Config File for RCC
2025-07-29 14:40:51,431 [INFO] CodeEngine:263 - oldGeneratedFile, /home/nova/STM32CubeIDE/workspace_1.18.1/FSM_UART/Core/Inc/main.h_save
2025-07-29 14:40:51,585 [INFO] CodeEngine:287 - Generated code: /home/nova/STM32CubeIDE/workspace_1.18.1/FSM_UART/Core/Inc/main.h
2025-07-29 14:40:51,587 [INFO] CodeEngine:263 - oldGeneratedFile, /home/nova/STM32CubeIDE/workspace_1.18.1/FSM_UART/Core/Src/main.c_save
2025-07-29 14:40:51,768 [INFO] CodeEngine:287 - Generated code: /home/nova/STM32CubeIDE/workspace_1.18.1/FSM_UART/Core/Src/main.c
2025-07-29 14:40:53,228 [INFO] ProjectBuilder:3324 - Time for Copy HAL[1] : 30mS.
2025-07-29 14:40:53,230 [INFO] ProjectBuilder:4912 - Project Generator version: 4.6.0.1-B1
2025-07-29 14:40:53,738 [INFO] ConfigFileManager:1590 - The Die is : DIE421
2025-07-29 14:40:53,752 [INFO] ApiDbMcu:508 - Load IP Config File for FATFS
2025-07-29 14:40:53,799 [INFO] ApiDbMcu:508 - Load IP Config File for FREERTOS
2025-07-29 14:40:53,807 [INFO] ApiDbMcu:508 - Load IP Config File for LIBJPEG
2025-07-29 14:40:53,873 [INFO] ApiDbMcu:508 - Load IP Config File for MBEDTLS
2025-07-29 14:40:53,944 [INFO] ApiDbMcu:508 - Load IP Config File for USB_DEVICE
2025-07-29 14:40:53,967 [INFO] ApiDbMcu:508 - Load IP Config File for USB_HOST
2025-07-29 14:40:57,698 [INFO] ProjectBuilder:5191 - Time for Generating toolchain IDE Files: 4467mS.
2025-07-29 14:40:57,698 [INFO] ProjectBuilder:3181 - Time for Copy CMSIS : 0mS.
2025-07-29 14:40:57,699 [INFO] ProjectBuilder:3181 - Time for Copy CMSIS : 0mS.
2025-07-29 14:41:00,077 [INFO] McuFinderGlobals:76 - Set McuFinderConnectedMode to true
2025-07-29 14:41:00,079 [INFO] ApiDb:448 - Save user favorites file /home/nova/.stm32cubeide/favorites.mcus.txt: 1 item(s)
2025-07-29 14:41:00,080 [INFO] ApiDb:452 - User favorites MCUs=[STM32F446RET6]
2025-07-29 14:42:04,429 [INFO] NvicIntPanel:101 - NVIC parent = com.st.microxplorer.plugins.ip.nvic.MultiNvicIntPanel[,0,0,450x51,layout=javax.swing.BoxLayout,alignmentX=0.0,alignmentY=0.0,border=,flags=9,maximumSize=,minimumSize=,preferredSize=]
2025-07-29 14:42:05,826 [INFO] NvicIntPanel:101 - NVIC parent = com.st.microxplorer.plugins.ip.nvic.MultiNvicIntPanel[,0,0,0x0,invalid,layout=javax.swing.BoxLayout,alignmentX=0.0,alignmentY=0.0,border=,flags=9,maximumSize=,minimumSize=,preferredSize=]
2025-07-29 14:43:44,311 [INFO] NvicIntPanel:101 - NVIC parent = com.st.microxplorer.plugins.ip.nvic.MultiNvicIntPanel[,0,0,450x142,layout=javax.swing.BoxLayout,alignmentX=0.0,alignmentY=0.0,border=,flags=9,maximumSize=,minimumSize=,preferredSize=]
2025-07-29 14:43:45,537 [INFO] NvicIntPanel:101 - NVIC parent = com.st.microxplorer.plugins.ip.nvic.MultiNvicIntPanel[,0,0,0x0,invalid,layout=javax.swing.BoxLayout,alignmentX=0.0,alignmentY=0.0,border=,flags=9,maximumSize=,minimumSize=,preferredSize=]
2025-07-29 14:43:47,741 [INFO] UtilMem:75 - End SaveConfig() Used Memory: 619970432 Bytes (864026624)
2025-07-29 14:43:50,022 [INFO] UtilMem:75 - End SaveConfig() Used Memory: 648356144 Bytes (864026624)
2025-07-29 14:45:25,264 [INFO] UtilMem:75 - End SaveConfig() Used Memory: 545591512 Bytes (864026624)
2025-07-29 14:45:25,514 [INFO] BlockDiagram:2775 - set Specific Code input for plugin: SYS
2025-07-29 14:45:25,514 [INFO] BlockDiagram:2775 - set Specific Code input for plugin: RCC
2025-07-29 14:45:25,514 [INFO] BlockDiagram:2775 - set Specific Code input for plugin: NVIC
2025-07-29 14:45:25,515 [INFO] BlockDiagram:2775 - set Specific Code input for plugin: USART
2025-07-29 14:45:25,515 [INFO] BlockDiagram:2775 - set Specific Code input for plugin: GPIO
2025-07-29 14:45:25,516 [INFO] CodeGenerator:882 - code generatio: config db path: /opt/st/stm32cubeide_1.18.1/plugins/com.st.stm32cube.common.mx_6.14.1.202504091515//db/
2025-07-29 14:45:25,732 [INFO] CodeEngine:263 - oldGeneratedFile, /home/nova/STM32CubeIDE/workspace_1.18.1/FSM_UART/MXTmpFiles/license.tmp_save
2025-07-29 14:45:26,059 [INFO] CodeEngine:287 - Generated code: /home/nova/STM32CubeIDE/workspace_1.18.1/FSM_UART/MXTmpFiles/license.tmp
2025-07-29 14:45:26,123 [INFO] CodeEngine:263 - oldGeneratedFile, /home/nova/STM32CubeIDE/workspace_1.18.1/FSM_UART/MXTmpFiles/gpio.tmp_save
2025-07-29 14:45:26,346 [INFO] CodeEngine:287 - Generated code: /home/nova/STM32CubeIDE/workspace_1.18.1/FSM_UART/MXTmpFiles/gpio.tmp
2025-07-29 14:45:26,508 [INFO] CodeEngine:263 - oldGeneratedFile, /home/nova/STM32CubeIDE/workspace_1.18.1/FSM_UART/Core/Src/stm32f4xx_it.c_save
2025-07-29 14:45:26,740 [INFO] CodeEngine:287 - Generated code: /home/nova/STM32CubeIDE/workspace_1.18.1/FSM_UART/Core/Src/stm32f4xx_it.c
2025-07-29 14:45:26,742 [INFO] CodeEngine:263 - oldGeneratedFile, /home/nova/STM32CubeIDE/workspace_1.18.1/FSM_UART/Core/Inc/stm32f4xx_it.h_save
2025-07-29 14:45:26,894 [INFO] CodeEngine:287 - Generated code: /home/nova/STM32CubeIDE/workspace_1.18.1/FSM_UART/Core/Inc/stm32f4xx_it.h
2025-07-29 14:45:26,911 [INFO] CodeEngine:263 - oldGeneratedFile, /home/nova/STM32CubeIDE/workspace_1.18.1/FSM_UART/Core/Src/stm32f4xx_hal_msp.c_save
2025-07-29 14:45:27,137 [INFO] CodeEngine:287 - Generated code: /home/nova/STM32CubeIDE/workspace_1.18.1/FSM_UART/Core/Src/stm32f4xx_hal_msp.c
2025-07-29 14:45:27,139 [INFO] CodeEngine:263 - oldGeneratedFile, /home/nova/STM32CubeIDE/workspace_1.18.1/FSM_UART/MXTmpFiles/system.tmp_save
2025-07-29 14:45:27,294 [INFO] CodeEngine:287 - Generated code: /home/nova/STM32CubeIDE/workspace_1.18.1/FSM_UART/MXTmpFiles/system.tmp
2025-07-29 14:45:27,299 [INFO] CodeEngine:319 - oldGeneratedFile, /home/nova/STM32CubeIDE/workspace_1.18.1/FSM_UART/Core/Inc/stm32f4xx_hal_conf.h_save
2025-07-29 14:45:27,475 [INFO] CodeEngine:343 - Generated code: /home/nova/STM32CubeIDE/workspace_1.18.1/FSM_UART/Core/Inc/stm32f4xx_hal_conf.h
2025-07-29 14:45:27,525 [WARN] IPConfigManager:3217 - Warning: the RefConfig PLL2P_FOR_MCO is not available in your config.xml file
2025-07-29 14:45:27,545 [INFO] ApiDbMcu:508 - Load IP Config File for USART2
2025-07-29 14:45:27,550 [INFO] CodeEngine:263 - oldGeneratedFile, /home/nova/STM32CubeIDE/workspace_1.18.1/FSM_UART/Core/Inc/main.h_save
2025-07-29 14:45:27,675 [INFO] CodeEngine:287 - Generated code: /home/nova/STM32CubeIDE/workspace_1.18.1/FSM_UART/Core/Inc/main.h
2025-07-29 14:45:27,678 [INFO] CodeEngine:263 - oldGeneratedFile, /home/nova/STM32CubeIDE/workspace_1.18.1/FSM_UART/Core/Src/main.c_save
2025-07-29 14:45:27,890 [INFO] CodeEngine:287 - Generated code: /home/nova/STM32CubeIDE/workspace_1.18.1/FSM_UART/Core/Src/main.c
2025-07-29 14:45:28,224 [INFO] ProjectBuilder:3324 - Time for Copy HAL[1] : 36mS.
2025-07-29 14:45:28,226 [INFO] ProjectBuilder:4912 - Project Generator version: 4.6.0.1-B1
2025-07-29 14:45:28,369 [INFO] ConfigFileManager:1590 - The Die is : DIE421
2025-07-29 14:45:30,206 [INFO] ProjectBuilder:5191 - Time for Generating toolchain IDE Files: 1980mS.
2025-07-29 14:45:30,207 [INFO] ProjectBuilder:3181 - Time for Copy CMSIS : 1mS.
2025-07-29 14:45:30,208 [INFO] ProjectBuilder:3181 - Time for Copy CMSIS : 1mS.
2025-07-29 14:51:10,269 [INFO] MainUpdater:2872 - connection check result : 10
2025-07-29 14:51:10,269 [INFO] MainUpdater:2872 - connection check result : 10
2025-07-29 14:51:10,345 [INFO] MicroXplorer:468 - Change Database Path : 
2025-07-29 14:51:10,345 [INFO] MicroXplorer:498 - Change Database Version : DB.6.0.141
2025-07-29 14:51:10,363 [ERROR] ProjectManagerView:395 - 
java.lang.NullPointerException: Cannot invoke "javax.swing.JTextField.getText()" because the return value of "java.util.List.get(int)" is null
	at com.st.microxplorer.plugins.projectmanager.gui.ProjectChoiceTab$9.caretUpdate(ProjectChoiceTab.java:2678) ~[filemanager.jar:?]
	at javax.swing.text.JTextComponent.fireCaretUpdate(JTextComponent.java:408) ~[?:?]
	at javax.swing.text.JTextComponent$MutableCaretEvent.fire(JTextComponent.java:4484) ~[?:?]
	at javax.swing.text.JTextComponent$MutableCaretEvent.stateChanged(JTextComponent.java:4506) ~[?:?]
	at javax.swing.text.DefaultCaret.fireStateChanged(DefaultCaret.java:857) ~[?:?]
	at javax.swing.text.DefaultCaret.changeCaretPosition(DefaultCaret.java:1343) ~[?:?]
	at javax.swing.text.DefaultCaret.handleSetDot(DefaultCaret.java:1242) ~[?:?]
	at javax.swing.text.DefaultCaret.setDot(DefaultCaret.java:1223) ~[?:?]
	at javax.swing.text.DefaultCaret$Handler.insertUpdate(DefaultCaret.java:1819) ~[?:?]
	at javax.swing.text.AbstractDocument.fireInsertUpdate(AbstractDocument.java:227) ~[?:?]
	at javax.swing.text.AbstractDocument.handleInsertString(AbstractDocument.java:781) ~[?:?]
	at javax.swing.text.AbstractDocument.insertString(AbstractDocument.java:740) ~[?:?]
	at javax.swing.text.PlainDocument.insertString(PlainDocument.java:131) ~[?:?]
	at javax.swing.text.AbstractDocument.replace(AbstractDocument.java:699) ~[?:?]
	at javax.swing.text.JTextComponent.setText(JTextComponent.java:1725) ~[?:?]
	at com.st.microxplorer.plugins.projectmanager.gui.ProjectChoiceTab.createHeapStackFields(ProjectChoiceTab.java:979) ~[filemanager.jar:?]
	at com.st.microxplorer.plugins.projectmanager.gui.ProjectChoiceTab.buildLinkSettingsPanel(ProjectChoiceTab.java:3766) ~[filemanager.jar:?]
	at com.st.microxplorer.plugins.projectmanager.gui.ProjectChoiceTab.defineWindowsFields(ProjectChoiceTab.java:1962) ~[filemanager.jar:?]
	at com.st.microxplorer.plugins.projectmanager.gui.ProjectChoiceTab.updateSettings(ProjectChoiceTab.java:555) ~[filemanager.jar:?]
	at com.st.microxplorer.plugins.projectmanager.gui.ProjectSettingsPanel.UpdateDialog(ProjectSettingsPanel.java:245) ~[filemanager.jar:?]
	at com.st.microxplorer.plugins.projectmanager.ProjectManagerView.propertyChange(ProjectManagerView.java:392) ~[filemanager.jar:?]
	at java.beans.PropertyChangeSupport.fire(PropertyChangeSupport.java:343) ~[?:?]
	at java.beans.PropertyChangeSupport.firePropertyChange(PropertyChangeSupport.java:335) ~[?:?]
	at java.beans.PropertyChangeSupport.firePropertyChange(PropertyChangeSupport.java:268) ~[?:?]
	at com.st.microxplorer.util.MXPropertyChangeSupport.firePropertyChange(MXPropertyChangeSupport.java:54) ~[STM32CubeMX.jar:?]
	at com.st.microxplorer.mxsystem.MxSystem.closeConfig(MxSystem.java:899) ~[STM32CubeMX.jar:?]
	at com.st.microxplorer.maingui.MainPanel.closeConfig(MainPanel.java:789) ~[STM32CubeMX.jar:?]
	at com.st.microxplorer.plugins.filemanager.engine.OpenFileManager.loadConfigurationFile(OpenFileManager.java:287) ~[filemanager.jar:?]
	at com.st.microxplorer.plugins.filemanager.engine.MainFileManager.userLoadConfig(MainFileManager.java:341) ~[filemanager.jar:?]
	at com.st.microxplorer.plugins.filemanager.engine.MainFileManager.userLoadConfig(MainFileManager.java:319) ~[filemanager.jar:?]
	at com.st.microxplorer.plugins.filemanager.FileManagerView.getSpecificTask(FileManagerView.java:246) ~[filemanager.jar:?]
	at com.st.stm32cube.common.mx.editor.CubeMxEditor.getMxTabbedPaneInstance(CubeMxEditor.java:1198) ~[com.st.stm32cube.common.mx_6.14.1.202504091515/:?]
	at com.st.stm32cube.common.mx.editor.CubeMxEditor$12$1.createSwingComponent(CubeMxEditor.java:1068) ~[com.st.stm32cube.common.mx_6.14.1.202504091515/:?]
	at com.st.stm32cube.common.mx.oss.core.awtswtbridge.EmbeddedSwingComposite.doComponentCreation(EmbeddedSwingComposite.java:492) ~[com.st.stm32cube.common.mx.oss_6.14.1.202504091515/:?]
	at com.st.stm32cube.common.mx.oss.core.awtswtbridge.EmbeddedSwingComposite$4.run(EmbeddedSwingComposite.java:291) ~[com.st.stm32cube.common.mx.oss_6.14.1.202504091515/:?]
	at com.st.stm32cube.common.mx.oss.core.awtswtbridge.AwtEnvironment$2.run(AwtEnvironment.java:166) ~[com.st.stm32cube.common.mx.oss_6.14.1.202504091515/:?]
	at java.awt.event.InvocationEvent.dispatch(InvocationEvent.java:318) ~[?:?]
	at java.awt.EventQueue.dispatchEventImpl(EventQueue.java:773) ~[?:?]
	at java.awt.EventQueue$4.run(EventQueue.java:720) ~[?:?]
	at java.awt.EventQueue$4.run(EventQueue.java:714) ~[?:?]
	at java.security.AccessController.doPrivileged(AccessController.java:400) ~[?:?]
	at java.security.ProtectionDomain$JavaSecurityAccessImpl.doIntersectionPrivilege(ProtectionDomain.java:87) ~[?:?]
	at java.awt.EventQueue.dispatchEvent(EventQueue.java:742) ~[?:?]
	at java.awt.EventDispatchThread.pumpOneEventForFilters(EventDispatchThread.java:203) ~[?:?]
	at java.awt.EventDispatchThread.pumpEventsForFilter(EventDispatchThread.java:124) ~[?:?]
	at java.awt.EventDispatchThread.pumpEventsForHierarchy(EventDispatchThread.java:113) ~[?:?]
	at java.awt.EventDispatchThread.pumpEvents(EventDispatchThread.java:109) ~[?:?]
	at java.awt.EventDispatchThread.pumpEvents(EventDispatchThread.java:101) ~[?:?]
	at java.awt.EventDispatchThread.run(EventDispatchThread.java:90) ~[?:?]
2025-07-29 14:51:10,365 [WARN] ThirdParty:871 - waiting for thirdparty lock release [close project]
2025-07-29 14:51:10,366 [INFO] ThirdParty:873 - entering critical section [close project]
2025-07-29 14:51:10,368 [INFO] ThirdParty:883 - exiting critical section [close project]
2025-07-29 14:51:10,377 [INFO] PinOutPanel:1589 - setPackage(No Configuration,No Configuration)
2025-07-29 14:51:10,394 [WARN] IpParametersView:155 - Warning: This peripheral hasn't parameters
2025-07-29 14:51:10,399 [WARN] MainPanel:289 - <html><b><center>Warning: This peripheral has no parameters to be configured<br></b></html>
2025-07-29 14:51:10,407 [INFO] UtilMem:75 - Begin LoadConfig() Used Memory: 598078568 Bytes (864026624)
2025-07-29 14:51:10,408 [INFO] MicroXplorer:468 - Change Database Path : 
2025-07-29 14:51:10,409 [INFO] MicroXplorer:498 - Change Database Version : DB.6.0.141
2025-07-29 14:51:10,409 [INFO] OpenFileManager:354 - Change cursor
2025-07-29 14:51:10,473 [INFO] RulesReader:64 - Compatibility file has been processed (302 Rules)
2025-07-29 14:51:10,492 [INFO] Mcu:2011 - Initializing MCU STM32F446R(C-E)Tx STM32F446RETx STM32F446RET6
2025-07-29 14:51:12,844 [INFO] Context:756 - Trying to add GPIOservice into a context  which must be forbidden
2025-07-29 14:51:13,779 [INFO] ImportTextPane:218 - (OptionalMessage_ERROR) Pin13 (VP_RIF_VS_RIF1) cannot be retrieved for this MCU
2025-07-29 14:51:13,818 [WARN] ModelIntegratedComponent:63 - No mode defined for component null
2025-07-29 14:51:13,818 [WARN] ModelIntegratedComponent:63 - No mode defined for component null
2025-07-29 14:51:13,818 [WARN] ModelIntegratedComponent:63 - No mode defined for component null
2025-07-29 14:51:13,818 [WARN] ModelIntegratedComponent:63 - No mode defined for component null
2025-07-29 14:51:13,818 [WARN] ModelIntegratedComponent:63 - No mode defined for component null
2025-07-29 14:51:13,818 [WARN] ModelIntegratedComponent:63 - No mode defined for component null
2025-07-29 14:51:13,818 [WARN] ModelIntegratedComponent:63 - No mode defined for component null
2025-07-29 14:51:13,819 [WARN] ModelIntegratedComponent:63 - No mode defined for component null
2025-07-29 14:51:13,819 [WARN] ModelIntegratedComponent:63 - No mode defined for component null
2025-07-29 14:51:13,819 [WARN] ModelIntegratedComponent:63 - No mode defined for component null
2025-07-29 14:51:13,819 [WARN] ModelIntegratedComponent:63 - No mode defined for component null
2025-07-29 14:51:13,819 [WARN] ModelIntegratedComponent:63 - No mode defined for component null
2025-07-29 14:51:13,819 [WARN] ModelIntegratedComponent:63 - No mode defined for component null
2025-07-29 14:51:13,819 [WARN] ModelIntegratedComponent:63 - No mode defined for component null
2025-07-29 14:51:13,819 [WARN] ModelIntegratedComponent:63 - No mode defined for component null
2025-07-29 14:51:13,819 [WARN] ModelIntegratedComponent:63 - No mode defined for component null
2025-07-29 14:51:13,819 [WARN] ModelIntegratedComponent:63 - No mode defined for component null
2025-07-29 14:51:13,819 [WARN] ModelIntegratedComponent:63 - No mode defined for component null
2025-07-29 14:51:13,819 [WARN] ModelIntegratedComponent:63 - No mode defined for component null
2025-07-29 14:51:13,819 [WARN] ModelIntegratedComponent:63 - No mode defined for component null
2025-07-29 14:51:13,820 [WARN] ModelIntegratedComponent:63 - No mode defined for component null
2025-07-29 14:51:13,820 [WARN] ModelIntegratedComponent:63 - No mode defined for component null
2025-07-29 14:51:13,820 [WARN] ModelIntegratedComponent:63 - No mode defined for component null
2025-07-29 14:51:13,820 [WARN] ModelIntegratedComponent:63 - No mode defined for component null
2025-07-29 14:51:13,820 [WARN] ModelIntegratedComponent:63 - No mode defined for component null
2025-07-29 14:51:13,820 [WARN] ModelIntegratedComponent:63 - No mode defined for component null
2025-07-29 14:51:13,820 [WARN] ModelIntegratedComponent:63 - No mode defined for component null
2025-07-29 14:51:13,820 [WARN] ModelIntegratedComponent:63 - No mode defined for component null
2025-07-29 14:51:13,820 [WARN] ModelIntegratedComponent:63 - No mode defined for component null
2025-07-29 14:51:13,820 [WARN] ModelIntegratedComponent:63 - No mode defined for component null
2025-07-29 14:51:13,820 [WARN] ModelIntegratedComponent:63 - No mode defined for component null
2025-07-29 14:51:13,820 [WARN] ModelIntegratedComponent:63 - No mode defined for component null
2025-07-29 14:51:13,820 [WARN] ModelIntegratedComponent:63 - No mode defined for component null
2025-07-29 14:51:13,820 [WARN] ModelIntegratedComponent:63 - No mode defined for component null
2025-07-29 14:51:13,820 [WARN] ModelIntegratedComponent:63 - No mode defined for component null
2025-07-29 14:51:13,821 [WARN] ModelPack:524 - Component already loaded: STMicroelectronics:HAL Drivers:0.0.0:STMicroelectronics:Device:STMicro_Driver:XSPI:HAL::0.0.1:HAL_XSPI
2025-07-29 14:51:13,829 [INFO] RtosManager:558 - Registered RTOS mode: class=CMSIS, group=RTOS, mode=CMSIS_V1, owner=FREERTOS
2025-07-29 14:51:13,829 [INFO] RtosManager:558 - Registered RTOS mode: class=CMSIS, group=RTOS2, mode=CMSIS_V2, owner=FREERTOS
2025-07-29 14:51:13,830 [INFO] RtosManager:558 - Registered RTOS mode: class=RTOS, group=Core, mode=CMSIS_V1, owner=FREERTOS
2025-07-29 14:51:13,830 [INFO] RtosManager:558 - Registered RTOS mode: class=RTOS, group=Core, mode=CMSIS_V2, owner=FREERTOS
2025-07-29 14:51:13,830 [WARN] ModelIntegratedComponent:184 - Missing modes for component STMicroelectronics:FreeRTOS:0.0.1:STMicroelectronics:RTOS:FreeRTOS:Core:::10.2.0:
2025-07-29 14:51:13,835 [INFO] ThirdPartyModel:298 - Start build external matchings
2025-07-29 14:51:13,908 [INFO] ThirdPartyModel:316 - End build external matchings
2025-07-29 14:51:13,912 [INFO] ImportTextPane:218 - (OptionalMessage_ERROR) IP (RCC) : Invalid parameter (48MHZClocksFreq_Value)
2025-07-29 14:51:13,912 [INFO] ImportTextPane:218 - (OptionalMessage_ERROR) IP (RCC) : Invalid parameter (EthernetFreq_Value)
2025-07-29 14:51:13,913 [INFO] ImportTextPane:218 - (OptionalMessage_ERROR) IP (RCC) : Parameter (FLatency) has Id (AdvancedSettings) currently not set
2025-07-29 14:51:13,914 [INFO] ImportTextPane:218 - (OptionalMessage_ERROR) IP (RCC) : Invalid parameter (FamilyName)
2025-07-29 14:51:13,914 [INFO] ImportTextPane:218 - (OptionalMessage_ERROR) IP (RCC) : Invalid parameter (I2SClocksFreq_Value)
2025-07-29 14:51:13,915 [INFO] ImportTextPane:218 - (OptionalMessage_ERROR) IP (RCC) : Parameter (SDIOFreq_Value) has invalid value (168000000)
2025-07-29 14:51:13,915 [INFO] ImportTextPane:218 - (OptionalMessage_ERROR) IP (RCC) : Parameter (USBFreq_Value) has invalid value (168000000)
2025-07-29 14:51:13,916 [INFO] ImportTextPane:218 - (OptionalMessage_ERROR) IP (RCC) : Invalid parameter (VCOInputMFreq_Value)
2025-07-29 14:51:13,917 [INFO] ImportTextPane:218 - (OptionalMessage_ERROR) IP (RCC) : Invalid parameter (VcooutputI2S)
2025-07-29 14:51:14,363 [INFO] UtilMem:75 - End LoadConfig() Used Memory: 515589144 Bytes (864026624)
2025-07-29 14:51:14,402 [WARN] ThirdParty:833 - waiting for thirdparty lock release [change project]
2025-07-29 14:51:14,403 [INFO] ThirdParty:835 - entering critical section [change project]
2025-07-29 14:51:14,403 [INFO] ThirdParty:1030 - CMSIS Pack Vendor :STMicroelectronics USBPD 4.1
2025-07-29 14:51:14,403 [INFO] ThirdParty:1030 - CMSIS Pack Vendor :STMicroelectronics X-CUBE-DISPLAY 3.0.0
2025-07-29 14:51:14,403 [INFO] ThirdParty:1030 - CMSIS Pack Vendor :STMicroelectronics USB_HOST 2.0.0
2025-07-29 14:51:14,403 [INFO] ThirdParty:1030 - CMSIS Pack Vendor :STMicroelectronics FP-SNS-MOTENVWB1 1.4.0
2025-07-29 14:51:14,404 [INFO] ThirdParty:1030 - CMSIS Pack Vendor :STMicroelectronics LIBJPEG 8.0.0
2025-07-29 14:51:14,404 [INFO] ThirdParty:1030 - CMSIS Pack Vendor :STMicroelectronics FP-ATR-SIGFOX1 3.2.0
2025-07-29 14:51:14,404 [INFO] ThirdParty:1030 - CMSIS Pack Vendor :STMicroelectronics USB_DEVICE 3.0.0
2025-07-29 14:51:14,404 [INFO] ThirdParty:1030 - CMSIS Pack Vendor :STMicroelectronics HAL Drivers 0.0.0
2025-07-29 14:51:14,404 [INFO] ThirdParty:1030 - CMSIS Pack Vendor :STMicroelectronics MBEDTLS 2.16.2
2025-07-29 14:51:14,404 [INFO] ThirdParty:1030 - CMSIS Pack Vendor :STMicroelectronics X-CUBE-ALS 1.0.2
2025-07-29 14:51:14,404 [INFO] ThirdParty:1030 - CMSIS Pack Vendor :STMicroelectronics MBEDTLS 2.14.1
2025-07-29 14:51:14,404 [INFO] ThirdParty:1030 - CMSIS Pack Vendor :STMicroelectronics USB_DEVICE 2.0.0
2025-07-29 14:51:14,404 [INFO] ThirdParty:1030 - CMSIS Pack Vendor :STMicroelectronics FP-SNS-STBOX1 2.0.0
2025-07-29 14:51:14,404 [INFO] ThirdParty:1030 - CMSIS Pack Vendor :STMicroelectronics ThreadX 1.0.0
2025-07-29 14:51:14,407 [INFO] ThirdParty:1030 - CMSIS Pack Vendor :STMicroelectronics FP-SNS-SMARTAG2 1.2.0
2025-07-29 14:51:14,407 [INFO] ThirdParty:1030 - CMSIS Pack Vendor :STMicroelectronics FreeRTOS 0.0.1
2025-07-29 14:51:14,407 [INFO] ThirdParty:1030 - CMSIS Pack Vendor :STMicroelectronics FP-SNS-MOTENV1 5.0.0
2025-07-29 14:51:14,407 [INFO] ThirdParty:1030 - CMSIS Pack Vendor :STMicroelectronics USB_DEVICE 1.0.0
2025-07-29 14:51:14,407 [INFO] ThirdParty:1030 - CMSIS Pack Vendor :STMicroelectronics STM32_WPAN 1.0.0
2025-07-29 14:51:14,407 [INFO] ThirdParty:1030 - CMSIS Pack Vendor :STMicroelectronics ThreadX 0.0.2
2025-07-29 14:51:14,407 [INFO] ThirdParty:1030 - CMSIS Pack Vendor :STMicroelectronics lwIP 2.1.2
2025-07-29 14:51:14,407 [INFO] ThirdParty:1030 - CMSIS Pack Vendor :STMicroelectronics lwIP 2.0.3
2025-07-29 14:51:14,407 [INFO] ThirdParty:1030 - CMSIS Pack Vendor :STMicroelectronics X-CUBE-BLE2 3.3.0
2025-07-29 14:51:14,407 [INFO] ThirdParty:1030 - CMSIS Pack Vendor :STMicroelectronics USB_HOST 1.0.0
2025-07-29 14:51:14,408 [INFO] ThirdParty:1030 - CMSIS Pack Vendor :STMicroelectronics PDM2PCM 3.1.0
2025-07-29 14:51:14,408 [INFO] ThirdParty:1030 - CMSIS Pack Vendor :STMicroelectronics PDM2PCM 3.2.0
2025-07-29 14:51:14,408 [INFO] ThirdParty:1030 - CMSIS Pack Vendor :STMicroelectronics PDM2PCM 3.3.0
2025-07-29 14:51:14,408 [INFO] ThirdParty:841 - exiting critical section [change project]
2025-07-29 14:51:15,119 [INFO] PinOutPanel:1589 - setPackage(No Configuration,No Configuration)
2025-07-29 14:51:15,121 [INFO] PinOutPanel:1589 - setPackage(STM32F446RETx,LQFP64)
2025-07-29 14:51:15,639 [INFO] UtilMem:75 - Before build in PCC Used Memory: 728988800 Bytes (882900992)
2025-07-29 14:51:16,365 [INFO] UtilMem:75 - After build in PCC Used Memory: 781939840 Bytes (882900992)
2025-07-29 14:51:16,469 [INFO] IPUIPlugin:80 - create IPUIPlugin
2025-07-29 14:51:16,469 [INFO] IPUIPlugin:80 - create IPUIPlugin
2025-07-29 14:51:16,469 [INFO] IPUIPlugin:80 - create IPUIPlugin
2025-07-29 14:51:16,469 [INFO] IPUIPlugin:80 - create IPUIPlugin
2025-07-29 14:51:16,470 [INFO] IPUIPlugin:80 - create IPUIPlugin
2025-07-29 14:51:16,470 [INFO] IPUIPlugin:80 - create IPUIPlugin
2025-07-29 14:51:16,470 [INFO] IPUIPlugin:80 - create IPUIPlugin
2025-07-29 14:51:16,470 [INFO] IPUIPlugin:80 - create IPUIPlugin
2025-07-29 14:51:16,471 [INFO] IPUIPlugin:80 - create IPUIPlugin
2025-07-29 14:51:16,471 [INFO] IPUIPlugin:80 - create IPUIPlugin
2025-07-29 14:51:16,471 [INFO] IPUIPlugin:80 - create IPUIPlugin
2025-07-29 14:51:16,472 [INFO] IPUIPlugin:80 - create IPUIPlugin
2025-07-29 14:51:16,472 [INFO] IPUIPlugin:80 - create IPUIPlugin
2025-07-29 14:51:16,473 [INFO] IPUIPlugin:80 - create IPUIPlugin
2025-07-29 14:51:16,473 [INFO] IPUIPlugin:80 - create IPUIPlugin
2025-07-29 14:51:16,473 [INFO] IPUIPlugin:80 - create IPUIPlugin
2025-07-29 14:51:16,473 [INFO] IPUIPlugin:80 - create IPUIPlugin
2025-07-29 14:51:16,474 [INFO] IPUIPlugin:80 - create IPUIPlugin
2025-07-29 14:51:16,474 [INFO] IPUIPlugin:80 - create IPUIPlugin
2025-07-29 14:51:16,474 [INFO] IPUIPlugin:80 - create IPUIPlugin
2025-07-29 14:51:16,475 [INFO] IPUIPlugin:80 - create IPUIPlugin
2025-07-29 14:51:16,476 [INFO] IPUIPlugin:80 - create IPUIPlugin
2025-07-29 14:51:16,476 [INFO] IPUIPlugin:80 - create IPUIPlugin
2025-07-29 14:51:16,476 [INFO] IPUIPlugin:80 - create IPUIPlugin
2025-07-29 14:51:16,477 [INFO] IPUIPlugin:80 - create IPUIPlugin
2025-07-29 14:51:16,477 [INFO] IPUIPlugin:80 - create IPUIPlugin
2025-07-29 14:51:16,477 [INFO] IPUIPlugin:80 - create IPUIPlugin
2025-07-29 14:51:16,478 [INFO] IPUIPlugin:80 - create IPUIPlugin
2025-07-29 14:51:16,478 [INFO] IPUIPlugin:80 - create IPUIPlugin
2025-07-29 14:51:16,479 [INFO] IPUIPlugin:80 - create IPUIPlugin
2025-07-29 14:51:16,479 [INFO] IPUIPlugin:80 - create IPUIPlugin
2025-07-29 14:51:16,480 [INFO] IPUIPlugin:80 - create IPUIPlugin
2025-07-29 14:51:16,480 [INFO] IPUIPlugin:80 - create IPUIPlugin
2025-07-29 14:51:16,481 [INFO] IPUIPlugin:80 - create IPUIPlugin
2025-07-29 14:51:16,481 [INFO] IPUIPlugin:80 - create IPUIPlugin
2025-07-29 14:51:16,482 [INFO] IPUIPlugin:80 - create IPUIPlugin
2025-07-29 14:51:16,482 [INFO] IPUIPlugin:80 - create IPUIPlugin
2025-07-29 14:51:16,483 [INFO] IPUIPlugin:80 - create IPUIPlugin
2025-07-29 14:51:16,483 [INFO] IPUIPlugin:80 - create IPUIPlugin
2025-07-29 14:51:16,484 [INFO] IPUIPlugin:80 - create IPUIPlugin
2025-07-29 14:51:16,484 [INFO] IPUIPlugin:80 - create IPUIPlugin
2025-07-29 14:51:16,485 [INFO] IPUIPlugin:80 - create IPUIPlugin
2025-07-29 14:51:16,485 [INFO] IPUIPlugin:80 - create IPUIPlugin
2025-07-29 14:51:16,486 [INFO] IPUIPlugin:80 - create IPUIPlugin
2025-07-29 14:51:16,487 [INFO] IPUIPlugin:80 - create IPUIPlugin
2025-07-29 14:51:16,487 [INFO] IPUIPlugin:80 - create IPUIPlugin
2025-07-29 14:51:16,488 [INFO] IPUIPlugin:80 - create IPUIPlugin
2025-07-29 14:51:16,489 [INFO] IPUIPlugin:80 - create IPUIPlugin
2025-07-29 14:51:16,490 [INFO] IPUIPlugin:80 - create IPUIPlugin
2025-07-29 14:51:16,490 [INFO] IPUIPlugin:80 - create IPUIPlugin
2025-07-29 14:51:16,491 [INFO] IPUIPlugin:80 - create IPUIPlugin
2025-07-29 14:51:16,492 [INFO] IPUIPlugin:80 - create IPUIPlugin
2025-07-29 14:51:16,493 [INFO] IPUIPlugin:80 - create IPUIPlugin
2025-07-29 14:51:16,493 [INFO] IPUIPlugin:80 - create IPUIPlugin
2025-07-29 14:51:16,493 [INFO] IPUIPlugin:80 - create IPUIPlugin
2025-07-29 14:51:16,494 [INFO] IPUIPlugin:80 - create IPUIPlugin
2025-07-29 14:51:16,494 [INFO] IPUIPlugin:80 - create IPUIPlugin
2025-07-29 14:51:16,495 [INFO] IPUIPlugin:80 - create IPUIPlugin
2025-07-29 14:51:16,495 [INFO] IPUIPlugin:80 - create IPUIPlugin
2025-07-29 14:51:16,496 [INFO] IPUIPlugin:80 - create IPUIPlugin
2025-07-29 14:51:16,499 [INFO] ApiDbMcu:508 - Load IP Config File for PDM2PCM
2025-07-29 14:51:16,573 [INFO] CADModel:165 - CPN selected for project levelSTM32F446RET6
2025-07-29 14:51:16,573 [INFO] CADModel:114 - Register for checkConnection events
2025-07-29 14:51:16,618 [INFO] OpenFileManager:385 - Restore cursor
2025-07-29 14:51:30,191 [INFO] NvicIntPanel:101 - NVIC parent = com.st.microxplorer.plugins.ip.nvic.MultiNvicIntPanel[,0,0,0x0,invalid,layout=javax.swing.BoxLayout,alignmentX=0.0,alignmentY=0.0,border=,flags=9,maximumSize=,minimumSize=,preferredSize=]
2025-07-29 14:51:34,480 [INFO] NvicIntPanel:101 - NVIC parent = com.st.microxplorer.plugins.ip.nvic.MultiNvicIntPanel[,0,0,0x0,invalid,layout=javax.swing.BoxLayout,alignmentX=0.0,alignmentY=0.0,border=,flags=9,maximumSize=,minimumSize=,preferredSize=]
2025-07-29 14:54:40,578 [INFO] MainUpdater:2872 - connection check result : 10
2025-07-29 14:54:40,578 [INFO] MainUpdater:2872 - connection check result : 10
2025-07-29 14:54:40,658 [INFO] MicroXplorer:468 - Change Database Path : 
2025-07-29 14:54:40,658 [INFO] MicroXplorer:498 - Change Database Version : DB.6.0.141
2025-07-29 14:54:40,676 [ERROR] ProjectManagerView:395 - 
java.lang.NullPointerException: Cannot invoke "javax.swing.JTextField.getText()" because the return value of "java.util.List.get(int)" is null
	at com.st.microxplorer.plugins.projectmanager.gui.ProjectChoiceTab$9.caretUpdate(ProjectChoiceTab.java:2678) ~[filemanager.jar:?]
	at javax.swing.text.JTextComponent.fireCaretUpdate(JTextComponent.java:408) ~[?:?]
	at javax.swing.text.JTextComponent$MutableCaretEvent.fire(JTextComponent.java:4484) ~[?:?]
	at javax.swing.text.JTextComponent$MutableCaretEvent.stateChanged(JTextComponent.java:4506) ~[?:?]
	at javax.swing.text.DefaultCaret.fireStateChanged(DefaultCaret.java:857) ~[?:?]
	at javax.swing.text.DefaultCaret.changeCaretPosition(DefaultCaret.java:1343) ~[?:?]
	at javax.swing.text.DefaultCaret.handleSetDot(DefaultCaret.java:1242) ~[?:?]
	at javax.swing.text.DefaultCaret.setDot(DefaultCaret.java:1223) ~[?:?]
	at javax.swing.text.DefaultCaret$Handler.insertUpdate(DefaultCaret.java:1819) ~[?:?]
	at javax.swing.text.AbstractDocument.fireInsertUpdate(AbstractDocument.java:227) ~[?:?]
	at javax.swing.text.AbstractDocument.handleInsertString(AbstractDocument.java:781) ~[?:?]
	at javax.swing.text.AbstractDocument.insertString(AbstractDocument.java:740) ~[?:?]
	at javax.swing.text.PlainDocument.insertString(PlainDocument.java:131) ~[?:?]
	at javax.swing.text.AbstractDocument.replace(AbstractDocument.java:699) ~[?:?]
	at javax.swing.text.JTextComponent.setText(JTextComponent.java:1725) ~[?:?]
	at com.st.microxplorer.plugins.projectmanager.gui.ProjectChoiceTab.createHeapStackFields(ProjectChoiceTab.java:979) ~[filemanager.jar:?]
	at com.st.microxplorer.plugins.projectmanager.gui.ProjectChoiceTab.buildLinkSettingsPanel(ProjectChoiceTab.java:3766) ~[filemanager.jar:?]
	at com.st.microxplorer.plugins.projectmanager.gui.ProjectChoiceTab.defineWindowsFields(ProjectChoiceTab.java:1962) ~[filemanager.jar:?]
	at com.st.microxplorer.plugins.projectmanager.gui.ProjectChoiceTab.updateSettings(ProjectChoiceTab.java:555) ~[filemanager.jar:?]
	at com.st.microxplorer.plugins.projectmanager.gui.ProjectSettingsPanel.UpdateDialog(ProjectSettingsPanel.java:245) ~[filemanager.jar:?]
	at com.st.microxplorer.plugins.projectmanager.ProjectManagerView.propertyChange(ProjectManagerView.java:392) ~[filemanager.jar:?]
	at java.beans.PropertyChangeSupport.fire(PropertyChangeSupport.java:343) ~[?:?]
	at java.beans.PropertyChangeSupport.firePropertyChange(PropertyChangeSupport.java:335) ~[?:?]
	at java.beans.PropertyChangeSupport.firePropertyChange(PropertyChangeSupport.java:268) ~[?:?]
	at com.st.microxplorer.util.MXPropertyChangeSupport.firePropertyChange(MXPropertyChangeSupport.java:54) ~[STM32CubeMX.jar:?]
	at com.st.microxplorer.mxsystem.MxSystem.closeConfig(MxSystem.java:899) ~[STM32CubeMX.jar:?]
	at com.st.microxplorer.maingui.MainPanel.closeConfig(MainPanel.java:789) ~[STM32CubeMX.jar:?]
	at com.st.microxplorer.plugins.filemanager.engine.OpenFileManager.loadConfigurationFile(OpenFileManager.java:287) ~[filemanager.jar:?]
	at com.st.microxplorer.plugins.filemanager.engine.MainFileManager.userLoadConfig(MainFileManager.java:341) ~[filemanager.jar:?]
	at com.st.microxplorer.plugins.filemanager.engine.MainFileManager.userLoadConfig(MainFileManager.java:319) ~[filemanager.jar:?]
	at com.st.microxplorer.plugins.filemanager.FileManagerView.getSpecificTask(FileManagerView.java:246) ~[filemanager.jar:?]
	at com.st.stm32cube.common.mx.editor.CubeMxEditor.getMxTabbedPaneInstance(CubeMxEditor.java:1198) ~[com.st.stm32cube.common.mx_6.14.1.202504091515/:?]
	at com.st.stm32cube.common.mx.editor.CubeMxEditor$12$1.createSwingComponent(CubeMxEditor.java:1068) ~[com.st.stm32cube.common.mx_6.14.1.202504091515/:?]
	at com.st.stm32cube.common.mx.oss.core.awtswtbridge.EmbeddedSwingComposite.doComponentCreation(EmbeddedSwingComposite.java:492) ~[com.st.stm32cube.common.mx.oss_6.14.1.202504091515/:?]
	at com.st.stm32cube.common.mx.oss.core.awtswtbridge.EmbeddedSwingComposite$4.run(EmbeddedSwingComposite.java:291) ~[com.st.stm32cube.common.mx.oss_6.14.1.202504091515/:?]
	at com.st.stm32cube.common.mx.oss.core.awtswtbridge.AwtEnvironment$2.run(AwtEnvironment.java:166) ~[com.st.stm32cube.common.mx.oss_6.14.1.202504091515/:?]
	at java.awt.event.InvocationEvent.dispatch(InvocationEvent.java:318) ~[?:?]
	at java.awt.EventQueue.dispatchEventImpl(EventQueue.java:773) ~[?:?]
	at java.awt.EventQueue$4.run(EventQueue.java:720) ~[?:?]
	at java.awt.EventQueue$4.run(EventQueue.java:714) ~[?:?]
	at java.security.AccessController.doPrivileged(AccessController.java:400) ~[?:?]
	at java.security.ProtectionDomain$JavaSecurityAccessImpl.doIntersectionPrivilege(ProtectionDomain.java:87) ~[?:?]
	at java.awt.EventQueue.dispatchEvent(EventQueue.java:742) ~[?:?]
	at java.awt.EventDispatchThread.pumpOneEventForFilters(EventDispatchThread.java:203) ~[?:?]
	at java.awt.EventDispatchThread.pumpEventsForFilter(EventDispatchThread.java:124) ~[?:?]
	at java.awt.EventDispatchThread.pumpEventsForHierarchy(EventDispatchThread.java:113) ~[?:?]
	at java.awt.EventDispatchThread.pumpEvents(EventDispatchThread.java:109) ~[?:?]
	at java.awt.EventDispatchThread.pumpEvents(EventDispatchThread.java:101) ~[?:?]
	at java.awt.EventDispatchThread.run(EventDispatchThread.java:90) ~[?:?]
2025-07-29 14:54:40,678 [WARN] ThirdParty:871 - waiting for thirdparty lock release [close project]
2025-07-29 14:54:40,679 [INFO] ThirdParty:873 - entering critical section [close project]
2025-07-29 14:54:40,679 [INFO] ThirdParty:883 - exiting critical section [close project]
2025-07-29 14:54:40,682 [INFO] PinOutPanel:1589 - setPackage(No Configuration,No Configuration)
2025-07-29 14:54:40,692 [WARN] IpParametersView:155 - Warning: This peripheral hasn't parameters
2025-07-29 14:54:40,698 [WARN] MainPanel:289 - <html><b><center>Warning: This peripheral has no parameters to be configured<br></b></html>
2025-07-29 14:54:40,704 [INFO] UtilMem:75 - Begin LoadConfig() Used Memory: 616497904 Bytes (882900992)
2025-07-29 14:54:40,705 [INFO] MicroXplorer:468 - Change Database Path : 
2025-07-29 14:54:40,705 [INFO] MicroXplorer:498 - Change Database Version : DB.6.0.141
2025-07-29 14:54:40,705 [INFO] OpenFileManager:354 - Change cursor
2025-07-29 14:54:40,715 [INFO] Mcu:2011 - Initializing MCU STM32F446R(C-E)Tx STM32F446RETx STM32F446RET6
2025-07-29 14:54:42,628 [INFO] Context:756 - Trying to add GPIOservice into a context  which must be forbidden
2025-07-29 14:54:43,473 [INFO] ImportTextPane:218 - (OptionalMessage_ERROR) Pin5 (VP_RIF_VS_RIF1) cannot be retrieved for this MCU
2025-07-29 14:54:43,508 [WARN] ModelIntegratedComponent:63 - No mode defined for component null
2025-07-29 14:54:43,508 [WARN] ModelIntegratedComponent:63 - No mode defined for component null
2025-07-29 14:54:43,508 [WARN] ModelIntegratedComponent:63 - No mode defined for component null
2025-07-29 14:54:43,508 [WARN] ModelIntegratedComponent:63 - No mode defined for component null
2025-07-29 14:54:43,508 [WARN] ModelIntegratedComponent:63 - No mode defined for component null
2025-07-29 14:54:43,508 [WARN] ModelIntegratedComponent:63 - No mode defined for component null
2025-07-29 14:54:43,509 [WARN] ModelIntegratedComponent:63 - No mode defined for component null
2025-07-29 14:54:43,509 [WARN] ModelIntegratedComponent:63 - No mode defined for component null
2025-07-29 14:54:43,509 [WARN] ModelIntegratedComponent:63 - No mode defined for component null
2025-07-29 14:54:43,509 [WARN] ModelIntegratedComponent:63 - No mode defined for component null
2025-07-29 14:54:43,510 [WARN] ModelIntegratedComponent:63 - No mode defined for component null
2025-07-29 14:54:43,510 [WARN] ModelIntegratedComponent:63 - No mode defined for component null
2025-07-29 14:54:43,510 [WARN] ModelIntegratedComponent:63 - No mode defined for component null
2025-07-29 14:54:43,510 [WARN] ModelIntegratedComponent:63 - No mode defined for component null
2025-07-29 14:54:43,510 [WARN] ModelIntegratedComponent:63 - No mode defined for component null
2025-07-29 14:54:43,510 [WARN] ModelIntegratedComponent:63 - No mode defined for component null
2025-07-29 14:54:43,510 [WARN] ModelIntegratedComponent:63 - No mode defined for component null
2025-07-29 14:54:43,510 [WARN] ModelIntegratedComponent:63 - No mode defined for component null
2025-07-29 14:54:43,510 [WARN] ModelIntegratedComponent:63 - No mode defined for component null
2025-07-29 14:54:43,510 [WARN] ModelIntegratedComponent:63 - No mode defined for component null
2025-07-29 14:54:43,510 [WARN] ModelIntegratedComponent:63 - No mode defined for component null
2025-07-29 14:54:43,510 [WARN] ModelIntegratedComponent:63 - No mode defined for component null
2025-07-29 14:54:43,511 [WARN] ModelIntegratedComponent:63 - No mode defined for component null
2025-07-29 14:54:43,511 [WARN] ModelIntegratedComponent:63 - No mode defined for component null
2025-07-29 14:54:43,511 [WARN] ModelIntegratedComponent:63 - No mode defined for component null
2025-07-29 14:54:43,511 [WARN] ModelIntegratedComponent:63 - No mode defined for component null
2025-07-29 14:54:43,511 [WARN] ModelIntegratedComponent:63 - No mode defined for component null
2025-07-29 14:54:43,511 [WARN] ModelIntegratedComponent:63 - No mode defined for component null
2025-07-29 14:54:43,511 [WARN] ModelIntegratedComponent:63 - No mode defined for component null
2025-07-29 14:54:43,511 [WARN] ModelIntegratedComponent:63 - No mode defined for component null
2025-07-29 14:54:43,511 [WARN] ModelIntegratedComponent:63 - No mode defined for component null
2025-07-29 14:54:43,511 [WARN] ModelIntegratedComponent:63 - No mode defined for component null
2025-07-29 14:54:43,511 [WARN] ModelIntegratedComponent:63 - No mode defined for component null
2025-07-29 14:54:43,511 [WARN] ModelIntegratedComponent:63 - No mode defined for component null
2025-07-29 14:54:43,511 [WARN] ModelIntegratedComponent:63 - No mode defined for component null
2025-07-29 14:54:43,511 [WARN] ModelPack:524 - Component already loaded: STMicroelectronics:HAL Drivers:0.0.0:STMicroelectronics:Device:STMicro_Driver:XSPI:HAL::0.0.1:HAL_XSPI
2025-07-29 14:54:43,516 [INFO] RtosManager:558 - Registered RTOS mode: class=CMSIS, group=RTOS, mode=CMSIS_V1, owner=FREERTOS
2025-07-29 14:54:43,516 [INFO] RtosManager:558 - Registered RTOS mode: class=CMSIS, group=RTOS2, mode=CMSIS_V2, owner=FREERTOS
2025-07-29 14:54:43,516 [INFO] RtosManager:558 - Registered RTOS mode: class=RTOS, group=Core, mode=CMSIS_V1, owner=FREERTOS
2025-07-29 14:54:43,517 [INFO] RtosManager:558 - Registered RTOS mode: class=RTOS, group=Core, mode=CMSIS_V2, owner=FREERTOS
2025-07-29 14:54:43,517 [WARN] ModelIntegratedComponent:184 - Missing modes for component STMicroelectronics:FreeRTOS:0.0.1:STMicroelectronics:RTOS:FreeRTOS:Core:::10.2.0:
2025-07-29 14:54:43,524 [INFO] ThirdPartyModel:298 - Start build external matchings
2025-07-29 14:54:43,538 [INFO] ThirdPartyModel:316 - End build external matchings
2025-07-29 14:54:43,794 [INFO] UtilMem:75 - End LoadConfig() Used Memory: 614537952 Bytes (882900992)
2025-07-29 14:54:43,833 [WARN] ThirdParty:833 - waiting for thirdparty lock release [change project]
2025-07-29 14:54:43,836 [INFO] ThirdParty:835 - entering critical section [change project]
2025-07-29 14:54:43,836 [INFO] ThirdParty:1030 - CMSIS Pack Vendor :STMicroelectronics USBPD 4.1
2025-07-29 14:54:43,836 [INFO] ThirdParty:1030 - CMSIS Pack Vendor :STMicroelectronics X-CUBE-DISPLAY 3.0.0
2025-07-29 14:54:43,836 [INFO] ThirdParty:1030 - CMSIS Pack Vendor :STMicroelectronics USB_HOST 2.0.0
2025-07-29 14:54:43,836 [INFO] ThirdParty:1030 - CMSIS Pack Vendor :STMicroelectronics FP-SNS-MOTENVWB1 1.4.0
2025-07-29 14:54:43,836 [INFO] ThirdParty:1030 - CMSIS Pack Vendor :STMicroelectronics LIBJPEG 8.0.0
2025-07-29 14:54:43,836 [INFO] ThirdParty:1030 - CMSIS Pack Vendor :STMicroelectronics FP-ATR-SIGFOX1 3.2.0
2025-07-29 14:54:43,836 [INFO] ThirdParty:1030 - CMSIS Pack Vendor :STMicroelectronics USB_DEVICE 3.0.0
2025-07-29 14:54:43,836 [INFO] ThirdParty:1030 - CMSIS Pack Vendor :STMicroelectronics HAL Drivers 0.0.0
2025-07-29 14:54:43,836 [INFO] ThirdParty:1030 - CMSIS Pack Vendor :STMicroelectronics MBEDTLS 2.16.2
2025-07-29 14:54:43,836 [INFO] ThirdParty:1030 - CMSIS Pack Vendor :STMicroelectronics X-CUBE-ALS 1.0.2
2025-07-29 14:54:43,836 [INFO] ThirdParty:1030 - CMSIS Pack Vendor :STMicroelectronics MBEDTLS 2.14.1
2025-07-29 14:54:43,836 [INFO] ThirdParty:1030 - CMSIS Pack Vendor :STMicroelectronics USB_DEVICE 2.0.0
2025-07-29 14:54:43,836 [INFO] ThirdParty:1030 - CMSIS Pack Vendor :STMicroelectronics FP-SNS-STBOX1 2.0.0
2025-07-29 14:54:43,836 [INFO] ThirdParty:1030 - CMSIS Pack Vendor :STMicroelectronics ThreadX 1.0.0
2025-07-29 14:54:43,836 [INFO] ThirdParty:1030 - CMSIS Pack Vendor :STMicroelectronics FP-SNS-SMARTAG2 1.2.0
2025-07-29 14:54:43,836 [INFO] ThirdParty:1030 - CMSIS Pack Vendor :STMicroelectronics FreeRTOS 0.0.1
2025-07-29 14:54:43,836 [INFO] ThirdParty:1030 - CMSIS Pack Vendor :STMicroelectronics FP-SNS-MOTENV1 5.0.0
2025-07-29 14:54:43,836 [INFO] ThirdParty:1030 - CMSIS Pack Vendor :STMicroelectronics USB_DEVICE 1.0.0
2025-07-29 14:54:43,837 [INFO] ThirdParty:1030 - CMSIS Pack Vendor :STMicroelectronics STM32_WPAN 1.0.0
2025-07-29 14:54:43,837 [INFO] ThirdParty:1030 - CMSIS Pack Vendor :STMicroelectronics ThreadX 0.0.2
2025-07-29 14:54:43,837 [INFO] ThirdParty:1030 - CMSIS Pack Vendor :STMicroelectronics lwIP 2.1.2
2025-07-29 14:54:43,837 [INFO] ThirdParty:1030 - CMSIS Pack Vendor :STMicroelectronics lwIP 2.0.3
2025-07-29 14:54:43,837 [INFO] ThirdParty:1030 - CMSIS Pack Vendor :STMicroelectronics X-CUBE-BLE2 3.3.0
2025-07-29 14:54:43,837 [INFO] ThirdParty:1030 - CMSIS Pack Vendor :STMicroelectronics USB_HOST 1.0.0
2025-07-29 14:54:43,837 [INFO] ThirdParty:1030 - CMSIS Pack Vendor :STMicroelectronics PDM2PCM 3.1.0
2025-07-29 14:54:43,837 [INFO] ThirdParty:1030 - CMSIS Pack Vendor :STMicroelectronics PDM2PCM 3.2.0
2025-07-29 14:54:43,837 [INFO] ThirdParty:1030 - CMSIS Pack Vendor :STMicroelectronics PDM2PCM 3.3.0
2025-07-29 14:54:43,837 [INFO] ThirdParty:841 - exiting critical section [change project]
2025-07-29 14:54:44,498 [INFO] PinOutPanel:1589 - setPackage(No Configuration,No Configuration)
2025-07-29 14:54:44,499 [INFO] PinOutPanel:1589 - setPackage(STM32F446RETx,LQFP64)
2025-07-29 14:54:44,988 [INFO] UtilMem:75 - Before build in PCC Used Memory: 333776944 Bytes (1029701632)
2025-07-29 14:54:45,232 [INFO] UtilMem:75 - After build in PCC Used Memory: 384108592 Bytes (1029701632)
2025-07-29 14:54:45,268 [INFO] IPUIPlugin:80 - create IPUIPlugin
2025-07-29 14:54:45,269 [INFO] IPUIPlugin:80 - create IPUIPlugin
2025-07-29 14:54:45,269 [INFO] IPUIPlugin:80 - create IPUIPlugin
2025-07-29 14:54:45,269 [INFO] IPUIPlugin:80 - create IPUIPlugin
2025-07-29 14:54:45,269 [INFO] IPUIPlugin:80 - create IPUIPlugin
2025-07-29 14:54:45,269 [INFO] IPUIPlugin:80 - create IPUIPlugin
2025-07-29 14:54:45,269 [INFO] IPUIPlugin:80 - create IPUIPlugin
2025-07-29 14:54:45,270 [INFO] IPUIPlugin:80 - create IPUIPlugin
2025-07-29 14:54:45,270 [INFO] IPUIPlugin:80 - create IPUIPlugin
2025-07-29 14:54:45,270 [INFO] IPUIPlugin:80 - create IPUIPlugin
2025-07-29 14:54:45,270 [INFO] IPUIPlugin:80 - create IPUIPlugin
2025-07-29 14:54:45,270 [INFO] IPUIPlugin:80 - create IPUIPlugin
2025-07-29 14:54:45,270 [INFO] IPUIPlugin:80 - create IPUIPlugin
2025-07-29 14:54:45,271 [INFO] IPUIPlugin:80 - create IPUIPlugin
2025-07-29 14:54:45,271 [INFO] IPUIPlugin:80 - create IPUIPlugin
2025-07-29 14:54:45,271 [INFO] IPUIPlugin:80 - create IPUIPlugin
2025-07-29 14:54:45,271 [INFO] IPUIPlugin:80 - create IPUIPlugin
2025-07-29 14:54:45,271 [INFO] IPUIPlugin:80 - create IPUIPlugin
2025-07-29 14:54:45,271 [INFO] IPUIPlugin:80 - create IPUIPlugin
2025-07-29 14:54:45,272 [INFO] IPUIPlugin:80 - create IPUIPlugin
2025-07-29 14:54:45,272 [INFO] IPUIPlugin:80 - create IPUIPlugin
2025-07-29 14:54:45,272 [INFO] IPUIPlugin:80 - create IPUIPlugin
2025-07-29 14:54:45,273 [INFO] IPUIPlugin:80 - create IPUIPlugin
2025-07-29 14:54:45,273 [INFO] IPUIPlugin:80 - create IPUIPlugin
2025-07-29 14:54:45,273 [INFO] IPUIPlugin:80 - create IPUIPlugin
2025-07-29 14:54:45,273 [INFO] IPUIPlugin:80 - create IPUIPlugin
2025-07-29 14:54:45,274 [INFO] IPUIPlugin:80 - create IPUIPlugin
2025-07-29 14:54:45,274 [INFO] IPUIPlugin:80 - create IPUIPlugin
2025-07-29 14:54:45,274 [INFO] IPUIPlugin:80 - create IPUIPlugin
2025-07-29 14:54:45,275 [INFO] IPUIPlugin:80 - create IPUIPlugin
2025-07-29 14:54:45,275 [INFO] IPUIPlugin:80 - create IPUIPlugin
2025-07-29 14:54:45,275 [INFO] IPUIPlugin:80 - create IPUIPlugin
2025-07-29 14:54:45,276 [INFO] IPUIPlugin:80 - create IPUIPlugin
2025-07-29 14:54:45,276 [INFO] IPUIPlugin:80 - create IPUIPlugin
2025-07-29 14:54:45,277 [INFO] IPUIPlugin:80 - create IPUIPlugin
2025-07-29 14:54:45,277 [INFO] IPUIPlugin:80 - create IPUIPlugin
2025-07-29 14:54:45,277 [INFO] IPUIPlugin:80 - create IPUIPlugin
2025-07-29 14:54:45,278 [INFO] IPUIPlugin:80 - create IPUIPlugin
2025-07-29 14:54:45,278 [INFO] IPUIPlugin:80 - create IPUIPlugin
2025-07-29 14:54:45,279 [INFO] IPUIPlugin:80 - create IPUIPlugin
2025-07-29 14:54:45,279 [INFO] IPUIPlugin:80 - create IPUIPlugin
2025-07-29 14:54:45,280 [INFO] IPUIPlugin:80 - create IPUIPlugin
2025-07-29 14:54:45,280 [INFO] IPUIPlugin:80 - create IPUIPlugin
2025-07-29 14:54:45,281 [INFO] IPUIPlugin:80 - create IPUIPlugin
2025-07-29 14:54:45,281 [INFO] IPUIPlugin:80 - create IPUIPlugin
2025-07-29 14:54:45,282 [INFO] IPUIPlugin:80 - create IPUIPlugin
2025-07-29 14:54:45,282 [INFO] IPUIPlugin:80 - create IPUIPlugin
2025-07-29 14:54:45,283 [INFO] IPUIPlugin:80 - create IPUIPlugin
2025-07-29 14:54:45,283 [INFO] IPUIPlugin:80 - create IPUIPlugin
2025-07-29 14:54:45,284 [INFO] IPUIPlugin:80 - create IPUIPlugin
2025-07-29 14:54:45,284 [INFO] IPUIPlugin:80 - create IPUIPlugin
2025-07-29 14:54:45,285 [INFO] IPUIPlugin:80 - create IPUIPlugin
2025-07-29 14:54:45,285 [INFO] IPUIPlugin:80 - create IPUIPlugin
2025-07-29 14:54:45,286 [INFO] IPUIPlugin:80 - create IPUIPlugin
2025-07-29 14:54:45,287 [INFO] IPUIPlugin:80 - create IPUIPlugin
2025-07-29 14:54:45,287 [INFO] IPUIPlugin:80 - create IPUIPlugin
2025-07-29 14:54:45,288 [INFO] IPUIPlugin:80 - create IPUIPlugin
2025-07-29 14:54:45,289 [INFO] IPUIPlugin:80 - create IPUIPlugin
2025-07-29 14:54:45,290 [INFO] IPUIPlugin:80 - create IPUIPlugin
2025-07-29 14:54:45,291 [INFO] IPUIPlugin:80 - create IPUIPlugin
2025-07-29 14:54:45,294 [INFO] ApiDbMcu:508 - Load IP Config File for PDM2PCM
2025-07-29 14:54:45,373 [INFO] CADModel:165 - CPN selected for project levelSTM32F446RET6
2025-07-29 14:54:45,374 [INFO] CADModel:114 - Register for checkConnection events
2025-07-29 14:54:45,419 [INFO] OpenFileManager:385 - Restore cursor
2025-07-29 14:54:51,972 [INFO] NvicIntPanel:101 - NVIC parent = com.st.microxplorer.plugins.ip.nvic.MultiNvicIntPanel[,0,0,0x0,invalid,layout=javax.swing.BoxLayout,alignmentX=0.0,alignmentY=0.0,border=,flags=9,maximumSize=,minimumSize=,preferredSize=]
2025-07-29 14:57:11,182 [ERROR] LogOutputStream:75 - [STDERR_REDIRECT] 
2025-07-29 14:57:27,146 [INFO] Activator:176 - 


2025-07-29 14:57:27,150 [INFO] Activator:177 - !SESSION log4j initialized
2025-07-29 14:57:34,532 [INFO] LogOutputStream:77 - [STDOUT_REDIRECT] 
2025-07-29 14:57:36,131 [INFO] ApplicationProperties:184 - Using Application install path: /opt/st/stm32cubeide_1.18.1/plugins/com.st.stm32cube.common.mx_6.14.1.202504091515
2025-07-29 14:57:36,163 [INFO] DbMcusXml:78 - Set database path to: /opt/st/stm32cubeide_1.18.1/plugins/com.st.stm32cube.common.mx_6.14.1.202504091515//db//mcu/
2025-07-29 14:57:36,164 [INFO] ApiDb:274 - Set plugin database path to: /opt/st/stm32cubeide_1.18.1/plugins/com.st.stm32cube.common.mx_6.14.1.202504091515//db//plugins/boardmanager/
2025-07-29 14:57:36,164 [WARN] ApiDb:259 - Overriding images path with different value:  => /opt/st/stm32cubeide_1.18.1/plugins/com.st.stm32cube.common.mx_6.14.1.202504091515//db//plugins/mcufinder/images/
2025-07-29 14:57:36,174 [INFO] ApiDb:250 - Set database path to: /home/nova/.stmcufinder/plugins/mcufinder//mcu/
2025-07-29 14:57:36,177 [INFO] DbMcusAds:125 - Set database path to: /home/nova/.stmcufinder/plugins/mcufinder//mcu/
2025-07-29 14:57:36,181 [INFO] CrossReferenceDbSqlite:203 - Set database path to: /home/nova/.stmcufinder/plugins/mcufinder//mcu/cs/
2025-07-29 14:57:36,518 [INFO] RulesReader:64 - Compatibility file has been processed (302 Rules)
2025-07-29 14:57:36,649 [INFO] DbMcusXml:78 - Set database path to: /opt/st/stm32cubeide_1.18.1/plugins/com.st.stm32cube.common.mx_6.14.1.202504091515//db//mcu/
2025-07-29 14:57:36,649 [INFO] ApiDb:274 - Set plugin database path to: /opt/st/stm32cubeide_1.18.1/plugins/com.st.stm32cube.common.mx_6.14.1.202504091515//db//plugins/boardmanager/
2025-07-29 14:57:36,649 [INFO] ApiDb:261 - Set plugin images path to: /opt/st/stm32cubeide_1.18.1/plugins/com.st.stm32cube.common.mx_6.14.1.202504091515//db//plugins/mcufinder/images/
2025-07-29 14:57:36,650 [WARN] DbFile:41 - Overriding database path with different value: /home/nova/.stmcufinder/plugins/mcufinder/ => /home/nova/.stmcufinder/plugins/mcufinder
2025-07-29 14:57:36,650 [INFO] ApiDb:250 - Set database path to: /home/nova/.stmcufinder/plugins/mcufinder//mcu/
2025-07-29 14:57:36,650 [WARN] DbFile:41 - Overriding database path with different value: /home/nova/.stmcufinder/plugins/mcufinder/ => /home/nova/.stmcufinder/plugins/mcufinder
2025-07-29 14:57:36,650 [INFO] DbMcusAds:125 - Set database path to: /home/nova/.stmcufinder/plugins/mcufinder//mcu/
2025-07-29 14:57:36,651 [WARN] DbFile:41 - Overriding database path with different value: /home/nova/.stmcufinder/plugins/mcufinder/ => /home/nova/.stmcufinder/plugins/mcufinder
2025-07-29 14:57:36,651 [WARN] DbFile:41 - Overriding database path with different value: /home/nova/.stmcufinder/plugins/mcufinder/ => /home/nova/.stmcufinder/plugins/mcufinder
2025-07-29 14:57:36,651 [INFO] CrossReferenceDbSqlite:203 - Set database path to: /home/nova/.stmcufinder/plugins/mcufinder//mcu/cs/
2025-07-29 14:57:36,792 [INFO] MainPanel:272 - HeapMemory: 268435456
2025-07-29 14:57:37,013 [INFO] DbMcusXml:78 - Set database path to: /opt/st/stm32cubeide_1.18.1/plugins/com.st.stm32cube.common.mx_6.14.1.202504091515//db//mcu/
2025-07-29 14:57:37,014 [INFO] ApiDb:274 - Set plugin database path to: /opt/st/stm32cubeide_1.18.1/plugins/com.st.stm32cube.common.mx_6.14.1.202504091515//db//plugins/boardmanager/
2025-07-29 14:57:37,014 [INFO] ApiDb:261 - Set plugin images path to: /opt/st/stm32cubeide_1.18.1/plugins/com.st.stm32cube.common.mx_6.14.1.202504091515//db//plugins/mcufinder/images/
2025-07-29 14:57:37,015 [WARN] DbFile:41 - Overriding database path with different value: /home/nova/.stmcufinder/plugins/mcufinder/ => /home/nova/.stmcufinder/plugins/mcufinder
2025-07-29 14:57:37,015 [INFO] ApiDb:250 - Set database path to: /home/nova/.stmcufinder/plugins/mcufinder//mcu/
2025-07-29 14:57:37,015 [WARN] DbFile:41 - Overriding database path with different value: /home/nova/.stmcufinder/plugins/mcufinder/ => /home/nova/.stmcufinder/plugins/mcufinder
2025-07-29 14:57:37,016 [INFO] DbMcusAds:125 - Set database path to: /home/nova/.stmcufinder/plugins/mcufinder//mcu/
2025-07-29 14:57:37,016 [WARN] DbFile:41 - Overriding database path with different value: /home/nova/.stmcufinder/plugins/mcufinder/ => /home/nova/.stmcufinder/plugins/mcufinder
2025-07-29 14:57:37,016 [WARN] DbFile:41 - Overriding database path with different value: /home/nova/.stmcufinder/plugins/mcufinder/ => /home/nova/.stmcufinder/plugins/mcufinder
2025-07-29 14:57:37,016 [INFO] CrossReferenceDbSqlite:203 - Set database path to: /home/nova/.stmcufinder/plugins/mcufinder//mcu/cs/
2025-07-29 14:57:37,064 [INFO] ApplicationProperties:184 - Using Application install path: /opt/st/stm32cubeide_1.18.1/plugins/com.st.stm32cube.common.mx_6.14.1.202504091515
2025-07-29 14:57:37,067 [INFO] PluginManage:196 - Search for loadable plugins [exclusion list=, ]
2025-07-29 14:57:37,068 [INFO] PluginManage:310 - Check plugin analytics
2025-07-29 14:57:37,394 [INFO] AnalyticsPlugin:253 - Accepted Software Licenses: 
2025-07-29 14:57:37,395 [INFO] AnalyticsPlugin:255 - Accepted CMSIS Pack Licenses: 
2025-07-29 14:57:37,395 [INFO] AnalyticsPlugin:257 - Accepted Firmware Licenses: 
2025-07-29 14:57:37,405 [INFO] PluginManage:359 - Loaded plugin analytics (category:tool,tabindex:-1)
2025-07-29 14:57:37,406 [INFO] PluginManage:310 - Check plugin cadmodel
2025-07-29 14:57:37,412 [INFO] CADModel:105 - Init CAD model plugin
2025-07-29 14:57:37,412 [INFO] PluginManage:359 - Loaded plugin cadmodel (category:power,tabindex:5)
2025-07-29 14:57:37,412 [INFO] PluginManage:310 - Check plugin clock
2025-07-29 14:57:37,424 [INFO] PluginManage:359 - Loaded plugin clock (category:base,tabindex:2)
2025-07-29 14:57:37,424 [INFO] PluginManage:310 - Check plugin ddr
2025-07-29 14:57:37,426 [INFO] PluginManage:359 - Loaded plugin ddr (category:tool,tabindex:6)
2025-07-29 14:57:37,427 [INFO] PluginManage:310 - Check plugin filemanager
2025-07-29 14:57:37,644 [INFO] PluginManage:359 - Loaded plugin filemanager (category:base,tabindex:10)
2025-07-29 14:57:37,645 [INFO] PluginManage:310 - Check plugin ipmanager
2025-07-29 14:57:37,654 [INFO] PluginManage:359 - Loaded plugin ipmanager (category:base,tabindex:5)
2025-07-29 14:57:37,655 [INFO] PluginManage:310 - Check plugin lpbam
2025-07-29 14:57:37,669 [INFO] PluginManage:359 - Loaded plugin lpbam (category:base,tabindex:0)
2025-07-29 14:57:37,669 [INFO] PluginManage:310 - Check plugin memorymap
2025-07-29 14:57:37,685 [INFO] PluginManage:359 - Loaded plugin memorymap (category:base,tabindex:4)
2025-07-29 14:57:37,686 [INFO] PluginManage:310 - Check plugin pinoutandconfiguration
2025-07-29 14:57:37,697 [INFO] PluginManage:359 - Loaded plugin pinoutandconfiguration (category:base,tabindex:1)
2025-07-29 14:57:37,697 [INFO] PluginManage:310 - Check plugin pinoutconfig
2025-07-29 14:57:37,845 [WARN] SupportedApi:132 - Cannot load RTOS API schema: s4s-elt-must-match.1: The content of 'definitions' must match (annotation?, (simpleType | complexType)?, (unique | key | keyref)*)). A problem was found starting at: attribute.
2025-07-29 14:57:38,133 [INFO] PluginManage:359 - Loaded plugin pinoutconfig (category:base,tabindex:0)
2025-07-29 14:57:38,133 [INFO] PluginManage:310 - Check plugin power
2025-07-29 14:57:38,150 [INFO] PluginManage:359 - Loaded plugin power (category:power,tabindex:4)
2025-07-29 14:57:38,150 [INFO] PluginManage:310 - Check plugin projectmanager
2025-07-29 14:57:38,196 [INFO] PluginManage:359 - Loaded plugin projectmanager (category:projectmanager,tabindex:4)
2025-07-29 14:57:38,197 [INFO] PluginManage:310 - Check plugin rif
2025-07-29 14:57:38,209 [INFO] PluginManage:359 - Loaded plugin rif (category:base,tabindex:3)
2025-07-29 14:57:38,209 [INFO] PluginManage:310 - Check plugin thirdparty
2025-07-29 14:57:38,487 [WARN] IntegrityCheckThread:84 - waiting for thirdparty lock release [integrity check]
2025-07-29 14:57:38,488 [INFO] IntegrityCheckThread:86 - entering critical section [integrity check]
2025-07-29 14:57:38,488 [INFO] ThirdPartyUpdaterWithRetryManager:70 - Updater plugin not ready yet. [1/15]
2025-07-29 14:57:38,486 [INFO] PluginManage:359 - Loaded plugin thirdparty (category:base,tabindex:-1)
2025-07-29 14:57:38,489 [INFO] PluginManage:310 - Check plugin tools
2025-07-29 14:57:38,492 [INFO] PluginManage:359 - Loaded plugin tools (category:base,tabindex:7)
2025-07-29 14:57:38,493 [INFO] PluginManage:310 - Check plugin tutovideos
2025-07-29 14:57:38,777 [INFO] PluginManage:359 - Loaded plugin tutovideos (category:base,tabindex:-1)
2025-07-29 14:57:38,777 [INFO] PluginManage:310 - Check plugin updater
2025-07-29 14:57:38,819 [INFO] PluginManage:359 - Loaded plugin updater (category:base,tabindex:12)
2025-07-29 14:57:38,819 [INFO] PluginManage:310 - Check plugin userauth
2025-07-29 14:57:38,825 [INFO] UserAuth:118 - Init User Auth plugin
2025-07-29 14:57:38,826 [INFO] PluginManage:359 - Loaded plugin userauth (category:base,tabindex:14)
2025-07-29 14:57:38,827 [INFO] PluginManage:283 - PluginManage : Loaded plugins [18]
2025-07-29 14:57:39,115 [INFO] PinOutPanel:1589 - setPackage(No Configuration,No Configuration)
2025-07-29 14:57:39,209 [INFO] CADModel:165 - CPN selected for project level
2025-07-29 14:57:39,209 [INFO] CADModel:114 - Register for checkConnection events
2025-07-29 14:57:39,226 [INFO] IPUIPlugin:80 - create IPUIPlugin
2025-07-29 14:57:39,227 [INFO] PluginManager:220 - loadIPPluginJar : add hash
2025-07-29 14:57:39,230 [INFO] IPUIPlugin:80 - create IPUIPlugin
2025-07-29 14:57:39,230 [INFO] PluginManager:220 - loadIPPluginJar : add tracer_emb
2025-07-29 14:57:39,238 [INFO] IPUIPlugin:80 - create IPUIPlugin
2025-07-29 14:57:39,238 [INFO] PluginManager:220 - loadIPPluginJar : add gic
2025-07-29 14:57:39,248 [INFO] IPUIPlugin:80 - create IPUIPlugin
2025-07-29 14:57:39,248 [INFO] PluginManager:220 - loadIPPluginJar : add mdma
2025-07-29 14:57:39,252 [INFO] IPUIPlugin:80 - create IPUIPlugin
2025-07-29 14:57:39,253 [INFO] PluginManager:220 - loadIPPluginJar : add touchsensing
2025-07-29 14:57:39,256 [INFO] IPUIPlugin:80 - create IPUIPlugin
2025-07-29 14:57:39,256 [INFO] PluginManager:220 - loadIPPluginJar : add lorawan
2025-07-29 14:57:39,265 [INFO] IPUIPlugin:80 - create IPUIPlugin
2025-07-29 14:57:39,266 [INFO] PluginManager:220 - loadIPPluginJar : add dma
2025-07-29 14:57:39,268 [INFO] IPUIPlugin:80 - create IPUIPlugin
2025-07-29 14:57:39,269 [INFO] PluginManager:220 - loadIPPluginJar : add radio
2025-07-29 14:57:39,272 [INFO] IPUIPlugin:80 - create IPUIPlugin
2025-07-29 14:57:39,273 [INFO] PluginManager:220 - loadIPPluginJar : add i2c
2025-07-29 14:57:39,275 [INFO] IPUIPlugin:80 - create IPUIPlugin
2025-07-29 14:57:39,275 [INFO] PluginManager:220 - loadIPPluginJar : add fatfs
2025-07-29 14:57:39,279 [INFO] IPUIPlugin:80 - create IPUIPlugin
2025-07-29 14:57:39,279 [INFO] PluginManager:220 - loadIPPluginJar : add openamp
2025-07-29 14:57:39,284 [INFO] IPUIPlugin:80 - create IPUIPlugin
2025-07-29 14:57:39,284 [INFO] PluginManager:220 - loadIPPluginJar : add nvic
2025-07-29 14:57:39,286 [INFO] IPUIPlugin:80 - create IPUIPlugin
2025-07-29 14:57:39,287 [INFO] PluginManager:220 - loadIPPluginJar : add quadspi
2025-07-29 14:57:39,291 [INFO] IPUIPlugin:80 - create IPUIPlugin
2025-07-29 14:57:39,291 [INFO] PluginManager:220 - loadIPPluginJar : add extmemmanager
2025-07-29 14:57:39,295 [INFO] IPUIPlugin:80 - create IPUIPlugin
2025-07-29 14:57:39,296 [INFO] PluginManager:220 - loadIPPluginJar : add sai
2025-07-29 14:57:39,304 [INFO] IPUIPlugin:80 - create IPUIPlugin
2025-07-29 14:57:39,305 [INFO] PluginManager:220 - loadIPPluginJar : add fmc
2025-07-29 14:57:39,308 [INFO] IPUIPlugin:80 - create IPUIPlugin
2025-07-29 14:57:39,308 [INFO] PluginManager:220 - loadIPPluginJar : add can
2025-07-29 14:57:39,312 [INFO] IPUIPlugin:80 - create IPUIPlugin
2025-07-29 14:57:39,312 [INFO] PluginManager:220 - loadIPPluginJar : add ddr_ctrl_phy
2025-07-29 14:57:39,317 [INFO] IPUIPlugin:80 - create IPUIPlugin
2025-07-29 14:57:39,317 [INFO] PluginManager:220 - loadIPPluginJar : add opamp
2025-07-29 14:57:39,321 [INFO] IPUIPlugin:80 - create IPUIPlugin
2025-07-29 14:57:39,322 [INFO] PluginManager:220 - loadIPPluginJar : add ipddr
2025-07-29 14:57:39,325 [INFO] IPUIPlugin:80 - create IPUIPlugin
2025-07-29 14:57:39,326 [INFO] PluginManager:220 - loadIPPluginJar : add i3c
2025-07-29 14:57:39,335 [INFO] IPUIPlugin:80 - create IPUIPlugin
2025-07-29 14:57:39,335 [INFO] PluginManager:220 - loadIPPluginJar : add adc
2025-07-29 14:57:39,339 [INFO] IPUIPlugin:80 - create IPUIPlugin
2025-07-29 14:57:39,339 [INFO] PluginManager:220 - loadIPPluginJar : add gtzc
2025-07-29 14:57:39,342 [INFO] IPUIPlugin:80 - create IPUIPlugin
2025-07-29 14:57:39,342 [INFO] PluginManager:220 - loadIPPluginJar : add gfxmmu
2025-07-29 14:57:39,345 [INFO] IPUIPlugin:80 - create IPUIPlugin
2025-07-29 14:57:39,346 [INFO] PluginManager:220 - loadIPPluginJar : add spi
2025-07-29 14:57:39,354 [INFO] IPUIPlugin:80 - create IPUIPlugin
2025-07-29 14:57:39,359 [INFO] PluginManager:220 - loadIPPluginJar : add plateformsettings
2025-07-29 14:57:39,363 [INFO] IPUIPlugin:80 - create IPUIPlugin
2025-07-29 14:57:39,363 [INFO] PluginManager:220 - loadIPPluginJar : add pdm2pcm
2025-07-29 14:57:39,365 [INFO] IPUIPlugin:80 - create IPUIPlugin
2025-07-29 14:57:39,366 [INFO] PluginManager:220 - loadIPPluginJar : add genericplugin
2025-07-29 14:57:39,369 [INFO] IPUIPlugin:80 - create IPUIPlugin
2025-07-29 14:57:39,369 [INFO] PluginManager:220 - loadIPPluginJar : add i2s
2025-07-29 14:57:39,371 [INFO] IPUIPlugin:80 - create IPUIPlugin
2025-07-29 14:57:39,372 [INFO] PluginManager:220 - loadIPPluginJar : add tsc
2025-07-29 14:57:39,375 [INFO] IPUIPlugin:80 - create IPUIPlugin
2025-07-29 14:57:39,375 [INFO] PluginManager:220 - loadIPPluginJar : add dma3
2025-07-29 14:57:39,378 [INFO] IPUIPlugin:80 - create IPUIPlugin
2025-07-29 14:57:39,378 [INFO] PluginManager:220 - loadIPPluginJar : add aes
2025-07-29 14:57:39,381 [INFO] IPUIPlugin:80 - create IPUIPlugin
2025-07-29 14:57:39,381 [INFO] PluginManager:220 - loadIPPluginJar : add ts
2025-07-29 14:57:39,384 [INFO] IPUIPlugin:80 - create IPUIPlugin
2025-07-29 14:57:39,384 [INFO] PluginManager:220 - loadIPPluginJar : add ucpd
2025-07-29 14:57:39,386 [INFO] IPUIPlugin:80 - create IPUIPlugin
2025-07-29 14:57:39,386 [INFO] PluginManager:220 - loadIPPluginJar : add comp
2025-07-29 14:57:39,390 [INFO] IPUIPlugin:80 - create IPUIPlugin
2025-07-29 14:57:39,390 [INFO] PluginManager:220 - loadIPPluginJar : add usart
2025-07-29 14:57:39,395 [INFO] IPUIPlugin:80 - create IPUIPlugin
2025-07-29 14:57:39,395 [INFO] PluginManager:220 - loadIPPluginJar : add resmgrutility
2025-07-29 14:57:39,399 [INFO] IPUIPlugin:80 - create IPUIPlugin
2025-07-29 14:57:39,399 [INFO] PluginManager:220 - loadIPPluginJar : add usbx
2025-07-29 14:57:39,403 [INFO] IPUIPlugin:80 - create IPUIPlugin
2025-07-29 14:57:39,403 [INFO] PluginManager:220 - loadIPPluginJar : add dfsdm
2025-07-29 14:57:39,406 [INFO] IPUIPlugin:80 - create IPUIPlugin
2025-07-29 14:57:39,407 [INFO] PluginManager:220 - loadIPPluginJar : add cryp
2025-07-29 14:57:39,417 [INFO] IPUIPlugin:80 - create IPUIPlugin
2025-07-29 14:57:39,417 [INFO] PluginManager:220 - loadIPPluginJar : add linkedlist
2025-07-29 14:57:39,419 [INFO] IPUIPlugin:80 - create IPUIPlugin
2025-07-29 14:57:39,419 [INFO] PluginManager:220 - loadIPPluginJar : add ltdc
2025-07-29 14:57:39,422 [INFO] IPUIPlugin:80 - create IPUIPlugin
2025-07-29 14:57:39,422 [INFO] PluginManager:220 - loadIPPluginJar : add tim
2025-07-29 14:57:39,428 [INFO] IPUIPlugin:80 - create IPUIPlugin
2025-07-29 14:57:39,428 [INFO] PluginManager:220 - loadIPPluginJar : add gpio
2025-07-29 14:57:39,435 [INFO] IPUIPlugin:80 - create IPUIPlugin
2025-07-29 14:57:39,436 [INFO] PluginManager:220 - loadIPPluginJar : add freertos
2025-07-29 14:57:39,445 [INFO] IPUIPlugin:80 - create IPUIPlugin
2025-07-29 14:57:39,445 [INFO] PluginManager:220 - loadIPPluginJar : add stm32_wpan
2025-07-29 14:57:39,573 [FATAL] Updater:351 - Updater called before beeing initialized
2025-07-29 14:57:39,621 [INFO] RulesReader:64 - Compatibility file has been processed (302 Rules)
2025-07-29 14:57:39,678 [INFO] RulesReader:64 - Compatibility file has been processed (302 Rules)
2025-07-29 14:57:39,691 [INFO] CADModel:165 - CPN selected for project level
2025-07-29 14:57:39,691 [INFO] CADModel:114 - Register for checkConnection events
2025-07-29 14:57:39,691 [FATAL] Updater:351 - Updater called before beeing initialized
2025-07-29 14:57:39,691 [ERROR] CADModel:125 - Updater not yet initialized, retry later 
2025-07-29 14:57:39,886 [FATAL] Updater:351 - Updater called before beeing initialized
2025-07-29 14:57:39,889 [INFO] CADModel:165 - CPN selected for project level
2025-07-29 14:57:39,890 [INFO] CADModel:114 - Register for checkConnection events
2025-07-29 14:57:39,890 [FATAL] Updater:351 - Updater called before beeing initialized
2025-07-29 14:57:39,890 [ERROR] CADModel:125 - Updater not yet initialized, retry later 
2025-07-29 14:57:39,895 [FATAL] Updater:351 - Updater called before beeing initialized
2025-07-29 14:57:40,086 [FATAL] Updater:351 - Updater called before beeing initialized
2025-07-29 14:57:40,095 [INFO] DbMcusAds:53 - JSON generation date=Tue Jul 08 13:44:23 IST 2025 (1751962463562)
2025-07-29 14:57:40,096 [FATAL] Updater:351 - Updater called before beeing initialized
2025-07-29 14:57:40,184 [WARN] DetailPanel:346 - Failed to get advertising image, set to default
2025-07-29 14:57:40,786 [FATAL] Updater:351 - Updater called before beeing initialized
2025-07-29 14:57:40,788 [FATAL] Updater:351 - Updater called before beeing initialized
2025-07-29 14:57:40,789 [FATAL] Updater:351 - Updater called before beeing initialized
2025-07-29 14:57:40,789 [WARN] DetailPanel:346 - Failed to get advertising image, set to default
2025-07-29 14:57:40,790 [FATAL] Updater:351 - Updater called before beeing initialized
2025-07-29 14:57:40,898 [ERROR] Updater:1198 - MainUpdater not yet initialized. External WinMGr cannot be set.
2025-07-29 14:57:40,901 [INFO] Updater:1134 - Updater Version found : 6.14.1
2025-07-29 14:57:40,935 [INFO] ApplicationProperties:184 - Using Application install path: /opt/st/stm32cubeide_1.18.1/plugins/com.st.stm32cube.common.mx_6.14.1.202504091515
2025-07-29 14:57:41,395 [INFO] MainUpdater:2872 - connection check result : 10
2025-07-29 14:57:41,396 [INFO] MainUpdater:289 - Updater Check For Update Now.
2025-07-29 14:57:41,396 [INFO] MicroXplorer:498 - Change Database Version : DB.6.0.141
2025-07-29 14:57:41,403 [INFO] McuFinderGlobals:63 - Set McuFinder mode to 2 (CubeIDE integrated)
2025-07-29 14:57:41,403 [INFO] UserAuth:171 - activating auth plugin
2025-07-29 14:57:41,408 [INFO] UserAuth:484 - Internet connection configuration mode: 1
2025-07-29 14:57:41,432 [INFO] JxBrowserEngine:152 - Initiate JxBrowser Engine with user profile folder
2025-07-29 14:57:41,492 [WARN] MainUpdater:1193 - Updater busy. Cannot search thirdparties
2025-07-29 14:57:41,492 [INFO] ThirdPartyUpdaterWithRetryManager:96 - Updater plugin is busy. [1/15]
2025-07-29 14:57:41,710 [INFO] CheckServerUpdateThread:120 - End of CheckServer Thread
2025-07-29 14:57:42,669 [INFO] WebApp:169 - Instantiating new browser for Auth
2025-07-29 14:57:43,859 [INFO] WebApp:463 - Apply proxy settings
2025-07-29 14:57:43,859 [INFO] WebApp:548 - Chromium requires no authentication
2025-07-29 14:57:43,871 [INFO] WebApp:491 - Direct internet connection detected
2025-07-29 14:57:43,902 [INFO] WebApp:894 - Register for checkConnection events
2025-07-29 14:57:43,902 [INFO] WebApp:463 - Apply proxy settings
2025-07-29 14:57:43,903 [INFO] WebApp:548 - Chromium requires no authentication
2025-07-29 14:57:43,903 [INFO] WebApp:491 - Direct internet connection detected
2025-07-29 14:57:44,152 [INFO] WebApp:225 - Starting web application
2025-07-29 14:57:44,152 [INFO] WebApp:593 - Web application path used /opt/st/stm32cubeide_1.18.1/plugins/com.st.stm32cube.common.mx_6.14.1.202504091515/db/plugins/mcufinder/reactClient1/index.html
2025-07-29 14:57:44,686 [WARN] PackLoader:240 - Cannot read IP mode file for STMicroelectronics.FP-SNS-MOTENVWB1.1.4.0
2025-07-29 14:57:44,715 [WARN] PackLoader:240 - Cannot read IP mode file for STMicroelectronics.X-CUBE-DISPLAY.3.0.0
2025-07-29 14:57:44,739 [WARN] PackLoader:240 - Cannot read IP mode file for STMicroelectronics.FP-SNS-SMARTAG2.1.2.0
2025-07-29 14:57:44,747 [WARN] PackLoader:240 - Cannot read IP mode file for STMicroelectronics.FP-SNS-MOTENV1.5.0.0
2025-07-29 14:57:44,761 [WARN] PackLoader:240 - Cannot read IP mode file for STMicroelectronics.X-CUBE-BLE2.3.3.0
2025-07-29 14:57:44,768 [WARN] PackLoader:240 - Cannot read IP mode file for STMicroelectronics.FP-ATR-SIGFOX1.3.2.0
2025-07-29 14:57:44,782 [WARN] PackLoader:240 - Cannot read IP mode file for STMicroelectronics.FP-SNS-STBOX1.2.0.0
2025-07-29 14:57:44,799 [WARN] PackLoader:240 - Cannot read IP mode file for STMicroelectronics.X-CUBE-ALS.1.0.2
2025-07-29 14:57:44,801 [INFO] ThirdParty:978 - Integrity check success = true
2025-07-29 14:57:44,801 [INFO] IntegrityCheckThread:100 - exiting critical section [integrity check]
2025-07-29 14:57:44,802 [INFO] IntegrityCheckThread:103 - End integrity checks thread
2025-07-29 14:57:45,356 [INFO] McuFinderGlobals:63 - Set McuFinder mode to 2 (CubeIDE integrated)
2025-07-29 14:57:45,359 [INFO] MainUpdater:2872 - connection check result : 10
2025-07-29 14:57:45,360 [INFO] McuFinderGlobals:76 - Set McuFinderConnectedMode to true
2025-07-29 14:57:45,578 [INFO] ServerAccessManage:473 - Download File mcusAds.json._tmp_
2025-07-29 14:57:45,686 [INFO] LoadUrlFilesThread:156 - End of LoadUrlFiles Thread
2025-07-29 14:57:45,828 [INFO] ServerAccessManage:473 - Download File cube-finder-db.zip
2025-07-29 14:57:49,424 [INFO] FileExtend:242 - Unzip File : cube-finder-db.zip
2025-07-29 14:57:49,425 [INFO] FileExtend:257 - Standard Zip Deflate
2025-07-29 14:57:50,190 [INFO] WebApp:191 - Connection restablished
2025-07-29 14:57:54,111 [INFO] LoadUrlFilesThread:156 - End of LoadUrlFiles Thread
2025-07-29 14:57:55,851 [INFO] ServerAccessManage:473 - Download File crdb.zip
2025-07-29 14:58:02,282 [INFO] FileExtend:242 - Unzip File : crdb.zip
2025-07-29 14:58:02,282 [INFO] FileExtend:257 - Standard Zip Deflate
2025-07-29 14:58:02,419 [INFO] LoadUrlFilesThread:156 - End of LoadUrlFiles Thread
2025-07-29 14:58:02,505 [INFO] ServerAccessManage:473 - Download File tutoVideoDB.zip
2025-07-29 14:58:02,523 [INFO] FileExtend:242 - Unzip File : tutoVideoDB.zip
2025-07-29 14:58:02,523 [INFO] FileExtend:257 - Standard Zip Deflate
2025-07-29 14:58:02,637 [INFO] LoadUrlFilesThread:156 - End of LoadUrlFiles Thread
2025-07-29 14:58:02,640 [WARN] DbFile:41 - Overriding database path with different value: /home/nova/.stmcufinder/plugins/mcufinder/ => /home/nova/.stmcufinder/plugins/mcufinder
2025-07-29 14:58:02,761 [INFO] ServerAccessManage:473 - Download File api_config.json
2025-07-29 14:58:02,867 [INFO] LoadUrlFilesThread:156 - End of LoadUrlFiles Thread
2025-07-29 14:58:02,870 [INFO] DbMcusAds:53 - JSON generation date=Tue Jul 08 13:44:23 IST 2025 (1751962463562)
2025-07-29 14:58:02,907 [INFO] LoadUrlFilesThread:185 - End of LoadServerUrlFiles without Thread
2025-07-29 14:58:02,908 [INFO] TargetSelectorAdapter:259 - Refresh data is successful
2025-07-29 14:58:03,053 [INFO] ApiDb:581 - Connected to CubeFinder SQLite database (/home/nova/.stmcufinder/plugins/mcufinder/mcu/cube-finder-db.db)
2025-07-29 14:58:03,162 [INFO] ApiDb:668 - CubeFinder database Data Model version=2.1
2025-07-29 14:58:03,163 [INFO] ApiDb:669 - CubeFinder database Configuration version=3.0.39
2025-07-29 14:58:03,163 [INFO] ApiDb:670 - CubeFinder database generation date=2025-07-21 (1753107327)
2025-07-29 14:58:03,163 [INFO] ApiDb:671 - CubeFinder database FW Pack versions=[FP-ATR-ASTRA1_V2.0.0, FP-SNS-FLIGHT1_V5.1.0, FP-SNS-MOTENV1_V5.0.0, FP-SNS-MOTENVWB1_V1.4.0, FP-SNS-SMARTAG2_V1.2.0, FP-SNS-STBOX1_V2.0.0, STM32Cube_FW_C0_V1.4.0, STM32Cube_FW_F4_V1.28.2, STM32Cube_FW_F7_V1.17.3, STM32Cube_FW_G0_V1.6.2, STM32Cube_FW_G4_V1.6.1, STM32Cube_FW_H5_V1.5.0, STM32Cube_FW_H7RS_V1.2.0, STM32Cube_FW_H7_V1.12.1, STM32Cube_FW_L0_V1.12.2, STM32Cube_FW_L4_V1.18.1, STM32Cube_FW_L5_V1.5.1, STM32Cube_FW_N6_V1.2.0, STM32Cube_FW_U0_V1.3.0, STM32Cube_FW_U3_V1.2.0, STM32Cube_FW_U5_V1.8.0, STM32Cube_FW_WB0_V1.3.0, STM32Cube_FW_WBA_V1.7.0, STM32Cube_FW_WB_V1.23.0, STM32Cube_FW_WL3_V1.2.0, STM32Cube_FW_WL_V1.3.1, X-CUBE-ALGOBUILD_V1.4.0, X-CUBE-ALS_V1.0.2, X-CUBE-AZRTOS-F4_V1.1.0, X-CUBE-AZRTOS-F7_V1.1.0, X-CUBE-AZRTOS-G0_V1.1.0, X-CUBE-AZRTOS-G4_V2.0.0, X-CUBE-AZRTOS-H7RS_V1.1.0, X-CUBE-AZRTOS-H7_V3.3.0, X-CUBE-AZRTOS-L4_V2.0.0, X-CUBE-AZRTOS-L5_V2.0.0, X-CUBE-AZRTOS-WB_V2.0.0, X-CUBE-AZRTOS-WL_V2.0.0, X-CUBE-BLE1_V7.1.0, X-CUBE-BLE2_V3.3.0, X-CUBE-BLEMGR_V4.0.0, X-CUBE-EEPRMA1_V5.1.0, X-CUBE-FREERTOS_V1.3.1, X-CUBE-GNSS1_V6.0.0, X-CUBE-MEMS1_V11.3.0, X-CUBE-NFC4_V3.0.0, X-CUBE-NFC7_V2.0.0, X-CUBE-SFXS2LP1_V4.0.0, X-CUBE-SUBG2_V5.0.0, X-CUBE-TOF1_V3.4.3]
2025-07-29 14:58:06,372 [INFO] ApiDb:240 - Found 895 in-development CPN: [B-G473E-ZEST1S, B-WB1M-WPAN1, B-WBA5M-WPAN, B-WL5M-SUBG1, NUCLEO-C031C6, NUCLEO-C051C8, NUCLEO-C071RB, NUCLEO-C092RC, NUCLEO-H503RB, NUCLEO-H533RE, NUCLEO-H563ZI, NUCLEO-H7S3L8, NUCLEO-N657X0-Q, NUCLEO-U031R8, NUCLEO-U083RC, NUCLEO-U385RG-Q, NUCLEO-U545RE-Q, NUCLEO-U5A5ZJ-Q, NUCLEO-WB05KZ, NUCLEO-WB07CC, NUCLEO-WB09KE, NUCLEO-WBA52CG, NUCLEO-WBA55CG, NUCLEO-WBA65RI, NUCLEO-WL33CC1, NUCLEO-WL33CC2, STEVAL-PROTEUS1, STEVAL-SMARTAG2, STEVAL-STWINBX1, STM320518-EVAL, STM32C0116-DK, STM32C011D6Y3TR, STM32C011D6Y6TR, STM32C011F4P3, STM32C011F4P6, STM32C011F4U3, STM32C011F4U6TR, STM32C011F6P3, STM32C011F6P6, STM32C011F6U3, STM32C011F6U6TR, STM32C011J4M3, STM32C011J4M6, STM32C011J6M3, STM32C011J6M6, STM32C0316-DK, STM32C031C4T3, STM32C031C4T6, STM32C031C4U3, STM32C031C4U6, STM32C031C6T3, STM32C031C6T6, STM32C031C6U3, STM32C031C6U6, STM32C031F4P3, STM32C031F4P6, STM32C031F6P3, STM32C031F6P6, STM32C031G4U3, STM32C031G4U6, STM32C031G6U3, STM32C031G6U6, STM32C031K4T3, STM32C031K4T6, STM32C031K4U3, STM32C031K4U6, STM32C031K6T3, STM32C031K6T6, STM32C031K6U3, STM32C031K6U6, STM32C051C6T6, STM32C051C6U6, STM32C051C8T6, STM32C051C8U6, STM32C051D8Y6TR, STM32C051F6P6, STM32C051F8P6, STM32C051G6U6, STM32C051G8U6, STM32C051K6T6, STM32C051K6U6, STM32C051K8T6, STM32C071C8T6, STM32C071C8T6N, STM32C071C8U6, STM32C071C8U6N, STM32C071CBT6, STM32C071CBT6N, STM32C071CBU6, STM32C071CBU6N, STM32C071F8P6, STM32C071F8P6N, STM32C071FBP6, STM32C071FBP6N, STM32C071FBY6TR, STM32C071G8U6, STM32C071G8U6N, STM32C071GBU6, STM32C071GBU6N, STM32C071K8T6, STM32C071K8T6N, STM32C071K8U6, STM32C071K8U6N, STM32C071KBT6, STM32C071KBT6N, STM32C071KBU6, STM32C071KBU6N, STM32C071R8T6, STM32C071R8T6N, STM32C071RBI6N, STM32C071RBT6, STM32C071RBT6N, STM32C091CBT6, STM32C091CBU6, STM32C091CCT6, STM32C091CCU6, STM32C091ECY6TR, STM32C091FBP6, STM32C091FCP6, STM32C091GBU6, STM32C091GCU6, STM32C091KBT6, STM32C091KBU6, STM32C091KCT6, STM32C091KCU6, STM32C091RBT6, STM32C091RCI6, STM32C091RCT6, STM32C092CBT6, STM32C092CBU6, STM32C092CCT6, STM32C092CCU6, STM32C092ECY6TR, STM32C092FBP6, STM32C092FCP6, STM32C092GBU6, STM32C092GCU6, STM32C092KBT6, STM32C092KBU6, STM32C092KCT6, STM32C092KCU6, STM32C092RBT6, STM32C092RCI6, STM32C092RCT6, STM32G071K8TXN, STM32G071K8UXN, STM32G081GBU6N, STM32G081KBT6N, STM32G081KBUXN, STM32G0B1CCT6N, STM32G0B1KCT6, STM32G0B1NEY6TR, STM32G0B1RCT6N, STM32G0C1CCT6, STM32G0C1CCT6N, STM32G0C1CCU6N, STM32G0C1CET6N, STM32G0C1CEU6N, STM32G0C1KCT6, STM32G0C1NEY6TR, STM32G0C1RCI6N, STM32G0C1RCT6N, STM32G0C1REI6N, STM32G0C1RET6N, STM32G0C1VCI6, STM32G0C1VEI6, STM32G411C6T3, STM32G411C6T6, STM32G411C6U3, STM32G411C6U6, STM32G411C8T3, STM32G411C8T6, STM32G411C8U3, STM32G411C8U6, STM32G411CBT3, STM32G411CBT6, STM32G411CBU3, STM32G411CBU6, STM32G411CCT3, STM32G411CCT6, STM32G411CCU3, STM32G411CCU6, STM32G411K6T3, STM32G411K6T6, STM32G411K6U3, STM32G411K6U6, STM32G411K8T3, STM32G411K8T6, STM32G411K8U3, STM32G411K8U6, STM32G411KBT3, STM32G411KBT6, STM32G411KBU3, STM32G411KBU6, STM32G411M6T3, STM32G411M6T6, STM32G411M8T3, STM32G411M8T6, STM32G411MBT3, STM32G411MBT6, STM32G411MCT3, STM32G411MCT6, STM32G411R6T3, STM32G411R6T6, STM32G411R8T3, STM32G411R8T6, STM32G411RBT3, STM32G411RBT6, STM32G411RCT3, STM32G411RCT6, STM32G414CBT3, STM32G414CBT6, STM32G414CBU3, STM32G414CBU6, STM32G414CCT3, STM32G414CCT6, STM32G414CCU3, STM32G414CCU6, STM32G414MBT3, STM32G414MBT6, STM32G414MCT3, STM32G414MCT6, STM32G414RBT3, STM32G414RBT6, STM32G414RCT3, STM32G414RCT6, STM32G414VBT3, STM32G414VBT6, STM32G414VCT3, STM32G414VCT6, STM32G431CBT3Z, STM32G431RBT3Z, STM32G471CCT6, STM32G471CCU6, STM32G471CET3, STM32G471CET6, STM32G471CEU3, STM32G471CEU6, STM32G471MCT6, STM32G471MET3, STM32G471MET6, STM32G471MEY6TR, STM32G471QCT6, STM32G471QET3, STM32G471RCT6, STM32G471RET3, STM32G471RET6, STM32G471VCH6, STM32G471VCI6, STM32G471VCT6, STM32G471VEH3, STM32G471VEH6, STM32G471VEI3, STM32G471VEI6, STM32G471VET3, STM32G471VET6, STM32G473QET3Z, STM32G473RET3Z, STM32G474CCT6, STM32G491RET3Z, STM32H503CBT6, STM32H503CBU6, STM32H503EBY6TR, STM32H503KBU6, STM32H503RBT6, STM32H523CCT6, STM32H523CCU6, STM32H523CET6, STM32H523CEU6, STM32H523HEY6TR, STM32H523RCT6, STM32H523RET6, STM32H523VCI6, STM32H523VCT6, STM32H523VEI6, STM32H523VET6, STM32H523ZCJ6, STM32H523ZCT6, STM32H523ZEJ6, STM32H523ZET6, STM32H533CET6, STM32H533CEU6, STM32H533HEY6TR, STM32H533RET6, STM32H533VEI6, STM32H533VET6, STM32H533ZEJ6, STM32H533ZET6, STM32H562AGI6, STM32H562AII6, STM32H562IGK6, STM32H562IGT6, STM32H562IIK6, STM32H562IIT6, STM32H562RGT6, STM32H562RGV6, STM32H562RIT6, STM32H562RIV6, STM32H562VGT6, STM32H562VIT6, STM32H562ZGT6, STM32H562ZIT6, STM32H563AGI6, STM32H563AII3Q, STM32H563AII6, STM32H563IGK6, STM32H563IGT6, STM32H563IIK3Q, STM32H563IIK6, STM32H563IIT3Q, STM32H563IIT6, STM32H563MIY3QTR, STM32H563RGT6, STM32H563RGV6, STM32H563RIT6, STM32H563RIV6, STM32H563VGT6, STM32H563VIT3Q, STM32H563VIT6, STM32H563ZGT6, STM32H563ZIT3Q, STM32H563ZIT6, STM32H573AII3Q, STM32H573AII6, STM32H573I-DK, STM32H573IIK3Q, STM32H573IIK6, STM32H573IIT3Q, STM32H573IIT6, STM32H573MIY3QTR, STM32H573RIT6, STM32H573RIV6, STM32H573VIT3Q, STM32H573VIT6, STM32H573ZIT3Q, STM32H573ZIT6, STM32H7R3A8I6, STM32H7R3I8K6, STM32H7R3I8T6, STM32H7R3L8H6, STM32H7R3L8H6H, STM32H7R3R8V6, STM32H7R3V8H6, STM32H7R3V8T6, STM32H7R3V8Y6TR, STM32H7R3Z8J6, STM32H7R3Z8T6, STM32H7R7A8I6, STM32H7R7I8K6, STM32H7R7I8T6, STM32H7R7L8H6, STM32H7R7L8H6H, STM32H7R7Z8J6, STM32H7S3A8I6, STM32H7S3I8K6, STM32H7S3I8T6, STM32H7S3L8H6, STM32H7S3L8H6H, STM32H7S3R8V6, STM32H7S3V8H6, STM32H7S3V8T6, STM32H7S3V8Y6TR, STM32H7S3Z8J6, STM32H7S3Z8T6, STM32H7S78-DK, STM32H7S7A8I6, STM32H7S7I8K6, STM32H7S7I8T6, STM32H7S7L8H6, STM32H7S7L8H6H, STM32H7S7Z8J6, STM32L4R5QGI6STR, STM32MP131AAE3, STM32MP131AAF3, STM32MP131AAG3, STM32MP131CAE3, STM32MP131CAF3, STM32MP131CAG3, STM32MP131DAE7, STM32MP131DAF7, STM32MP131DAG7, STM32MP131FAE7, STM32MP131FAF7, STM32MP131FAG7, STM32MP133AAE3, STM32MP133AAF3, STM32MP133AAG3, STM32MP133CAE3, STM32MP133CAF3, STM32MP133CAG3, STM32MP133DAE7, STM32MP133DAF7, STM32MP133DAG7, STM32MP133FAE7, STM32MP133FAF7, STM32MP133FAG7, STM32MP135AAE3, STM32MP135AAF3, STM32MP135AAG3, STM32MP135CAE3, STM32MP135CAF3, STM32MP135CAG3, STM32MP135DAE7, STM32MP135DAF7, STM32MP135DAG7, STM32MP135F-DK, STM32MP135FAE7, STM32MP135FAF7, STM32MP135FAF7T, STM32MP135FAF7U, STM32MP135FAG7, STM32MP231AAJ3, STM32MP231AAK3, STM32MP231AAL3, STM32MP231CAJ3, STM32MP231CAK3, STM32MP231CAL3, STM32MP231DAJ3, STM32MP231DAK3, STM32MP231DAL3, STM32MP231FAJ3, STM32MP231FAK3, STM32MP231FAL3, STM32MP233AAJ3, STM32MP233AAK3, STM32MP233AAL3, STM32MP233CAJ3, STM32MP233CAK3, STM32MP233CAL3, STM32MP233DAJ3, STM32MP233DAK3, STM32MP233DAL3, STM32MP233FAJ3, STM32MP233FAK3, STM32MP233FAL3, STM32MP235AAJ3, STM32MP235AAK3, STM32MP235AAL3, STM32MP235CAJ3, STM32MP235CAK3, STM32MP235CAL3, STM32MP235DAJ3, STM32MP235DAK3, STM32MP235DAL3, STM32MP235FAJ3, STM32MP235FAK3, STM32MP235FAL3, STM32MP251AAI3, STM32MP251AAJ3, STM32MP251AAK3, STM32MP251AAL3, STM32MP251CAI3, STM32MP251CAJ3, STM32MP251CAK3, STM32MP251CAL3, STM32MP251DAI3, STM32MP251DAJ3, STM32MP251DAK3, STM32MP251DAL3, STM32MP251FAI3, STM32MP251FAJ3, STM32MP251FAK3, STM32MP251FAL3, STM32MP253AAI3, STM32MP253AAJ3, STM32MP253AAK3, STM32MP253AAL3, STM32MP253CAI3, STM32MP253CAJ3, STM32MP253CAK3, STM32MP253CAL3, STM32MP253DAI3, STM32MP253DAJ3, STM32MP253DAK3, STM32MP253DAL3, STM32MP253FAI3, STM32MP253FAJ3, STM32MP253FAK3, STM32MP253FAL3, STM32MP255AAI3, STM32MP255AAJ3, STM32MP255AAK3, STM32MP255AAL3, STM32MP255CAI3, STM32MP255CAJ3, STM32MP255CAK3, STM32MP255CAL3, STM32MP255DAI3, STM32MP255DAJ3, STM32MP255DAK3, STM32MP255DAL3, STM32MP255FAI3, STM32MP255FAJ3, STM32MP255FAK3, STM32MP255FAL3, STM32MP257AAI3, STM32MP257AAJ3, STM32MP257AAK3, STM32MP257AAL3, STM32MP257CAI3, STM32MP257CAJ3, STM32MP257CAK3, STM32MP257CAL3, STM32MP257DAI3, STM32MP257DAJ3, STM32MP257DAK3, STM32MP257DAL3, STM32MP257F-DK, STM32MP257F-EV1, STM32MP257FAI3, STM32MP257FAJ3, STM32MP257FAK3, STM32MP257FAL3, STM32N645A0H3Q, STM32N645B0H3Q, STM32N645I0H3Q, STM32N645L0H3Q, STM32N645X0H3Q, STM32N645Z0H3Q, STM32N647A0H3Q, STM32N647B0H3Q, STM32N647I0H3Q, STM32N647L0H3Q, STM32N647X0H3Q, STM32N647Z0H3Q, STM32N655A0H3Q, STM32N655B0H3Q, STM32N655I0H3Q, STM32N655L0H3Q, STM32N655X0H3Q, STM32N655Z0H3Q, STM32N6570-DK, STM32N657A0H3Q, STM32N657B0H3Q, STM32N657I0H3Q, STM32N657L0H3Q, STM32N657X0H3Q, STM32N657Z0H3Q, STM32U031C6T6, STM32U031C6U6, STM32U031C8T6, STM32U031C8U6, STM32U031F4P6, STM32U031F6P6, STM32U031F8P6, STM32U031G6Y6TR, STM32U031G8Y6TR, STM32U031K4U6, STM32U031K6U6, STM32U031K8U6, STM32U031R6I6, STM32U031R6T6, STM32U031R8I6, STM32U031R8T6, STM32U073C8T6, STM32U073C8U6, STM32U073CBT6, STM32U073CBU6, STM32U073CCT6, STM32U073CCU6, STM32U073H8Y6TR, STM32U073HBY6TR, STM32U073HCY6TR, STM32U073K8U6, STM32U073KBU6, STM32U073KCU6, STM32U073M8I6, STM32U073M8T6, STM32U073MBI6, STM32U073MBT6, STM32U073MCI6, STM32U073MCT6, STM32U073R8I6, STM32U073R8T6, STM32U073RBI6, STM32U073RBT6, STM32U073RCI6, STM32U073RCT6, STM32U083C-DK, STM32U083CCT6, STM32U083CCU6, STM32U083HCY6TR, STM32U083KCU6, STM32U083MCI6, STM32U083MCT6, STM32U083RCI6, STM32U083RCT6, STM32U375CET6, STM32U375CET6Q, STM32U375CEU6, STM32U375CEU6Q, STM32U375CEY6QTR, STM32U375CGT6, STM32U375CGT6Q, STM32U375CGU6, STM32U375CGU6Q, STM32U375CGY6QTR, STM32U375KEU6, STM32U375KGU6, STM32U375REI6, STM32U375REI6Q, STM32U375RET6, STM32U375RET6Q, STM32U375REY6GTR, STM32U375REY6QTR, STM32U375RGI6, STM32U375RGI6Q, STM32U375RGT6, STM32U375RGT6Q, STM32U375RGY6GTR, STM32U375RGY6QTR, STM32U375VEI6, STM32U375VEI6Q, STM32U375VET6, STM32U375VET6Q, STM32U375VGI6, STM32U375VGI6Q, STM32U375VGT6, STM32U375VGT6Q, STM32U385CGT6, STM32U385CGT6Q, STM32U385CGU6, STM32U385CGU6Q, STM32U385CGY6QTR, STM32U385KGU6, STM32U385RGI6, STM32U385RGI6Q, STM32U385RGT6, STM32U385RGT6Q, STM32U385RGY6GTR, STM32U385RGY6QTR, STM32U385VGI6, STM32U385VGI6Q, STM32U385VGT6, STM32U385VGT6Q, STM32U535CBT6, STM32U535CBT6Q, STM32U535CBU6, STM32U535CBU6Q, STM32U535CCT6, STM32U535CCT6Q, STM32U535CCU6, STM32U535CCU6Q, STM32U535CET6, STM32U535CET6Q, STM32U535CEU6, STM32U535CEU6Q, STM32U535JEY6QTR, STM32U535NCY6QTR, STM32U535NEY6QTR, STM32U535RBI6, STM32U535RBI6Q, STM32U535RBT6, STM32U535RBT6Q, STM32U535RCI6, STM32U535RCI6Q, STM32U535RCT6, STM32U535RCT6Q, STM32U535REI6, STM32U535REI6Q, STM32U535RET6, STM32U535RET6Q, STM32U535VCI6, STM32U535VCI6Q, STM32U535VCT6, STM32U535VCT6Q, STM32U535VEI6, STM32U535VEI6Q, STM32U535VET6, STM32U535VET6Q, STM32U545CET6, STM32U545CET6Q, STM32U545CEU6, STM32U545CEU6Q, STM32U545JEY6QTR, STM32U545NEY6QTR, STM32U545REI6, STM32U545REI6Q, STM32U545RET6, STM32U545RET6Q, STM32U545VEI6, STM32U545VEI6Q, STM32U545VET6, STM32U545VET6Q, STM32U595AIH6, STM32U595AIH6Q, STM32U595AJH6, STM32U595AJH6Q, STM32U595QII6, STM32U595QII6Q, STM32U595QJI6, STM32U595QJI6Q, STM32U595RIT6, STM32U595RIT6Q, STM32U595RJT6, STM32U595RJT6Q, STM32U595VIT6, STM32U595VIT6Q, STM32U595VJT6, STM32U595VJT6Q, STM32U595ZIT6, STM32U595ZIT6Q, STM32U595ZIY6QTR, STM32U595ZJT6, STM32U595ZJT6Q, STM32U595ZJY6QTR, STM32U599BJY6QTR, STM32U599NIH6Q, STM32U599NJH6Q, STM32U599VIT6Q, STM32U599VJT6, STM32U599VJT6Q, STM32U599ZIT6Q, STM32U599ZIY6QTR, STM32U599ZJT6Q, STM32U599ZJY6QTR, STM32U5A5AJH6, STM32U5A5AJH6Q, STM32U5A5QII3Q , STM32U5A5QJI6, STM32U5A5QJI6Q, STM32U5A5RJT6, STM32U5A5RJT6Q, STM32U5A5VJT6, STM32U5A5VJT6Q, STM32U5A5ZJT6, STM32U5A5ZJT6Q, STM32U5A5ZJY6QTR, STM32U5A9BJY6QTR, STM32U5A9J-DK, STM32U5A9NJH6Q, STM32U5A9VJT6Q, STM32U5A9ZJT6Q, STM32U5A9ZJY6QTR, STM32U5F7VIT6, STM32U5F7VIT6Q, STM32U5F7VJT6, STM32U5F7VJT6Q, STM32U5F9BJY6QTR, STM32U5F9NJH6Q, STM32U5F9VIT6Q, STM32U5F9VJT6Q, STM32U5F9ZIJ6QTR, STM32U5F9ZIT6Q, STM32U5F9ZJJ6QTR, STM32U5F9ZJT6Q, STM32U5G7VJT6, STM32U5G7VJT6Q, STM32U5G9BJY6QTR, STM32U5G9J-DK1, STM32U5G9J-DK2, STM32U5G9NJH6Q, STM32U5G9VJT6Q, STM32U5G9ZJJ6QTR, STM32U5G9ZJT6Q, STM32WB05KZV6TR, STM32WB05KZV7TR, STM32WB05TZF6TR, STM32WB05TZF7TR, STM32WB06CCF6TR, STM32WB06CCF7TR, STM32WB06CCV6TR, STM32WB06CCV7TR, STM32WB06KCV6TR, STM32WB06KCV7TR, STM32WB07CCF6TR, STM32WB07CCF7TR, STM32WB07CCV6TR, STM32WB07CCV7TR, STM32WB07KCV6TR, STM32WB07KCV7TR, STM32WB09KEV6TR, STM32WB09KEV7TR, STM32WB09TEF6TR, STM32WB09TEF7TR, STM32WB1MMCH6, STM32WBA50KGU6, STM32WBA50KGU6TR, STM32WBA52CEU6, STM32WBA52CEU6TR, STM32WBA52CEU7, STM32WBA52CEU7TR, STM32WBA52CGU6, STM32WBA52CGU6TR, STM32WBA52CGU6U, STM32WBA52CGU7, STM32WBA52CGU7TR, STM32WBA52KEU6, STM32WBA52KEU6TR, STM32WBA52KGU6, STM32WBA52KGU6TR, STM32WBA54CEU6, STM32WBA54CEU6TR, STM32WBA54CEU7, STM32WBA54CEU7TR, STM32WBA54CGU6, STM32WBA54CGU6TR, STM32WBA54CGU7, STM32WBA54CGU7TR, STM32WBA54KEU6, STM32WBA54KEU6TR, STM32WBA54KEU7, STM32WBA54KEU7TR, STM32WBA54KGU6, STM32WBA54KGU6TR, STM32WBA54KGU7, STM32WBA54KGU7TR, STM32WBA55CEU6, STM32WBA55CEU6TR, STM32WBA55CEU7, STM32WBA55CEU7TR, STM32WBA55CGU6, STM32WBA55CGU6TR, STM32WBA55CGU6U, STM32WBA55CGU7, STM32WBA55CGU7TR, STM32WBA55G-DK1, STM32WBA55HEF6, STM32WBA55HEF7, STM32WBA55HGF6, STM32WBA55HGF7, STM32WBA55UEI6, STM32WBA55UEI6TR, STM32WBA55UEI7, STM32WBA55UEI7TR, STM32WBA55UGI6, STM32WBA55UGI6TR, STM32WBA55UGI7, STM32WBA55UGI7TR, STM32WBA5MJGH6TR, STM32WBA62CGU6, STM32WBA62CIU6, STM32WBA62MGF6, STM32WBA62MIF6, STM32WBA62PGI6, STM32WBA62PII6, STM32WBA63CGU6, STM32WBA63CGU7, STM32WBA63CIU6, STM32WBA63CIU7, STM32WBA64CGU6, STM32WBA64CGU7, STM32WBA64CIU6, STM32WBA64CIU7, STM32WBA65CGU6, STM32WBA65CGU7, STM32WBA65CIU6, STM32WBA65CIU7, STM32WBA65I-DK1, STM32WBA65MGF6, STM32WBA65MGF7, STM32WBA65MIF6, STM32WBA65MIF7, STM32WBA65PGI6, STM32WBA65PGI7, STM32WBA65PII6, STM32WBA65PII7, STM32WBA65RGV6, STM32WBA65RGV7, STM32WBA65RIV6, STM32WBA65RIV7, STM32WL30K8V6, STM32WL30KBV6, STM32WL31C8V6, STM32WL31CBV6, STM32WL31K8V6, STM32WL31KBV6, STM32WL33C8V6, STM32WL33C8V6TR, STM32WL33C8V7, STM32WL33C8V7TR, STM32WL33CBV6, STM32WL33CBV6TR, STM32WL33CBV7, STM32WL33CBV7TR, STM32WL33CCV6, STM32WL33CCV6TR, STM32WL33CCV7, STM32WL33CCV7A, STM32WL33CCV7ATR, STM32WL33CCV7TR, STM32WL33K8V6, STM32WL33K8V6TR, STM32WL33K8V7, STM32WL33K8V7TR, STM32WL33KBV6, STM32WL33KBV6TR, STM32WL33KBV7, STM32WL33KBV7TR, STM32WL33KCV6, STM32WL33KCV6TR, STM32WL33KCV7, STM32WL33KCV7TR, STM32WL5MOCH6, STM32WL5MOCH6TR]
2025-07-29 14:58:06,382 [INFO] DbMcus:218 - Found 4747 MCUs, 4747 are supported
2025-07-29 14:58:06,383 [INFO] ApiDb:423 - Load user favorites file /home/nova/.stm32cubeide/favorites.mcus.txt: 1 item(s)
2025-07-29 14:58:06,383 [INFO] ApiDb:427 - User favorites MCUs=[STM32F446RET6]
2025-07-29 14:58:06,383 [INFO] DbMcus:224 - Set 1 / 1 favorites MCUs
2025-07-29 14:58:07,577 [INFO] ApiDb:668 - CubeFinder database Data Model version=2.1
2025-07-29 14:58:07,577 [INFO] ApiDb:669 - CubeFinder database Configuration version=3.0.39
2025-07-29 14:58:07,577 [INFO] ApiDb:670 - CubeFinder database generation date=2025-07-21 (1753107327)
2025-07-29 14:58:07,578 [INFO] ApiDb:671 - CubeFinder database FW Pack versions=[FP-ATR-ASTRA1_V2.0.0, FP-SNS-FLIGHT1_V5.1.0, FP-SNS-MOTENV1_V5.0.0, FP-SNS-MOTENVWB1_V1.4.0, FP-SNS-SMARTAG2_V1.2.0, FP-SNS-STBOX1_V2.0.0, STM32Cube_FW_C0_V1.4.0, STM32Cube_FW_F4_V1.28.2, STM32Cube_FW_F7_V1.17.3, STM32Cube_FW_G0_V1.6.2, STM32Cube_FW_G4_V1.6.1, STM32Cube_FW_H5_V1.5.0, STM32Cube_FW_H7RS_V1.2.0, STM32Cube_FW_H7_V1.12.1, STM32Cube_FW_L0_V1.12.2, STM32Cube_FW_L4_V1.18.1, STM32Cube_FW_L5_V1.5.1, STM32Cube_FW_N6_V1.2.0, STM32Cube_FW_U0_V1.3.0, STM32Cube_FW_U3_V1.2.0, STM32Cube_FW_U5_V1.8.0, STM32Cube_FW_WB0_V1.3.0, STM32Cube_FW_WBA_V1.7.0, STM32Cube_FW_WB_V1.23.0, STM32Cube_FW_WL3_V1.2.0, STM32Cube_FW_WL_V1.3.1, X-CUBE-ALGOBUILD_V1.4.0, X-CUBE-ALS_V1.0.2, X-CUBE-AZRTOS-F4_V1.1.0, X-CUBE-AZRTOS-F7_V1.1.0, X-CUBE-AZRTOS-G0_V1.1.0, X-CUBE-AZRTOS-G4_V2.0.0, X-CUBE-AZRTOS-H7RS_V1.1.0, X-CUBE-AZRTOS-H7_V3.3.0, X-CUBE-AZRTOS-L4_V2.0.0, X-CUBE-AZRTOS-L5_V2.0.0, X-CUBE-AZRTOS-WB_V2.0.0, X-CUBE-AZRTOS-WL_V2.0.0, X-CUBE-BLE1_V7.1.0, X-CUBE-BLE2_V3.3.0, X-CUBE-BLEMGR_V4.0.0, X-CUBE-EEPRMA1_V5.1.0, X-CUBE-FREERTOS_V1.3.1, X-CUBE-GNSS1_V6.0.0, X-CUBE-MEMS1_V11.3.0, X-CUBE-NFC4_V3.0.0, X-CUBE-NFC7_V2.0.0, X-CUBE-SFXS2LP1_V4.0.0, X-CUBE-SUBG2_V5.0.0, X-CUBE-TOF1_V3.4.3]
2025-07-29 14:58:07,680 [INFO] DbBoardsSqlite:226 - include board P-NUCLEO-WB55-NUCLEO as a kit item of type 'Nucleo-64'
2025-07-29 14:58:07,681 [INFO] DbBoardsSqlite:226 - include board P-NUCLEO-WB55-USBDONGLE as a kit item of type 'Nucleo USB Dongle'
2025-07-29 14:58:07,681 [INFO] DbBoardsSqlite:226 - include board STEVAL-IDP005V1 as a kit item of type 'Evaluation Board'
2025-07-29 14:58:07,682 [INFO] DbBoardsSqlite:226 - include board STEVAL-IDP005V2 as a kit item of type 'Evaluation Board'
2025-07-29 14:58:07,780 [INFO] ApiDb:240 - Found 895 in-development CPN: [B-G473E-ZEST1S, B-WB1M-WPAN1, B-WBA5M-WPAN, B-WL5M-SUBG1, NUCLEO-C031C6, NUCLEO-C051C8, NUCLEO-C071RB, NUCLEO-C092RC, NUCLEO-H503RB, NUCLEO-H533RE, NUCLEO-H563ZI, NUCLEO-H7S3L8, NUCLEO-N657X0-Q, NUCLEO-U031R8, NUCLEO-U083RC, NUCLEO-U385RG-Q, NUCLEO-U545RE-Q, NUCLEO-U5A5ZJ-Q, NUCLEO-WB05KZ, NUCLEO-WB07CC, NUCLEO-WB09KE, NUCLEO-WBA52CG, NUCLEO-WBA55CG, NUCLEO-WBA65RI, NUCLEO-WL33CC1, NUCLEO-WL33CC2, STEVAL-PROTEUS1, STEVAL-SMARTAG2, STEVAL-STWINBX1, STM320518-EVAL, STM32C0116-DK, STM32C011D6Y3TR, STM32C011D6Y6TR, STM32C011F4P3, STM32C011F4P6, STM32C011F4U3, STM32C011F4U6TR, STM32C011F6P3, STM32C011F6P6, STM32C011F6U3, STM32C011F6U6TR, STM32C011J4M3, STM32C011J4M6, STM32C011J6M3, STM32C011J6M6, STM32C0316-DK, STM32C031C4T3, STM32C031C4T6, STM32C031C4U3, STM32C031C4U6, STM32C031C6T3, STM32C031C6T6, STM32C031C6U3, STM32C031C6U6, STM32C031F4P3, STM32C031F4P6, STM32C031F6P3, STM32C031F6P6, STM32C031G4U3, STM32C031G4U6, STM32C031G6U3, STM32C031G6U6, STM32C031K4T3, STM32C031K4T6, STM32C031K4U3, STM32C031K4U6, STM32C031K6T3, STM32C031K6T6, STM32C031K6U3, STM32C031K6U6, STM32C051C6T6, STM32C051C6U6, STM32C051C8T6, STM32C051C8U6, STM32C051D8Y6TR, STM32C051F6P6, STM32C051F8P6, STM32C051G6U6, STM32C051G8U6, STM32C051K6T6, STM32C051K6U6, STM32C051K8T6, STM32C071C8T6, STM32C071C8T6N, STM32C071C8U6, STM32C071C8U6N, STM32C071CBT6, STM32C071CBT6N, STM32C071CBU6, STM32C071CBU6N, STM32C071F8P6, STM32C071F8P6N, STM32C071FBP6, STM32C071FBP6N, STM32C071FBY6TR, STM32C071G8U6, STM32C071G8U6N, STM32C071GBU6, STM32C071GBU6N, STM32C071K8T6, STM32C071K8T6N, STM32C071K8U6, STM32C071K8U6N, STM32C071KBT6, STM32C071KBT6N, STM32C071KBU6, STM32C071KBU6N, STM32C071R8T6, STM32C071R8T6N, STM32C071RBI6N, STM32C071RBT6, STM32C071RBT6N, STM32C091CBT6, STM32C091CBU6, STM32C091CCT6, STM32C091CCU6, STM32C091ECY6TR, STM32C091FBP6, STM32C091FCP6, STM32C091GBU6, STM32C091GCU6, STM32C091KBT6, STM32C091KBU6, STM32C091KCT6, STM32C091KCU6, STM32C091RBT6, STM32C091RCI6, STM32C091RCT6, STM32C092CBT6, STM32C092CBU6, STM32C092CCT6, STM32C092CCU6, STM32C092ECY6TR, STM32C092FBP6, STM32C092FCP6, STM32C092GBU6, STM32C092GCU6, STM32C092KBT6, STM32C092KBU6, STM32C092KCT6, STM32C092KCU6, STM32C092RBT6, STM32C092RCI6, STM32C092RCT6, STM32G071K8TXN, STM32G071K8UXN, STM32G081GBU6N, STM32G081KBT6N, STM32G081KBUXN, STM32G0B1CCT6N, STM32G0B1KCT6, STM32G0B1NEY6TR, STM32G0B1RCT6N, STM32G0C1CCT6, STM32G0C1CCT6N, STM32G0C1CCU6N, STM32G0C1CET6N, STM32G0C1CEU6N, STM32G0C1KCT6, STM32G0C1NEY6TR, STM32G0C1RCI6N, STM32G0C1RCT6N, STM32G0C1REI6N, STM32G0C1RET6N, STM32G0C1VCI6, STM32G0C1VEI6, STM32G411C6T3, STM32G411C6T6, STM32G411C6U3, STM32G411C6U6, STM32G411C8T3, STM32G411C8T6, STM32G411C8U3, STM32G411C8U6, STM32G411CBT3, STM32G411CBT6, STM32G411CBU3, STM32G411CBU6, STM32G411CCT3, STM32G411CCT6, STM32G411CCU3, STM32G411CCU6, STM32G411K6T3, STM32G411K6T6, STM32G411K6U3, STM32G411K6U6, STM32G411K8T3, STM32G411K8T6, STM32G411K8U3, STM32G411K8U6, STM32G411KBT3, STM32G411KBT6, STM32G411KBU3, STM32G411KBU6, STM32G411M6T3, STM32G411M6T6, STM32G411M8T3, STM32G411M8T6, STM32G411MBT3, STM32G411MBT6, STM32G411MCT3, STM32G411MCT6, STM32G411R6T3, STM32G411R6T6, STM32G411R8T3, STM32G411R8T6, STM32G411RBT3, STM32G411RBT6, STM32G411RCT3, STM32G411RCT6, STM32G414CBT3, STM32G414CBT6, STM32G414CBU3, STM32G414CBU6, STM32G414CCT3, STM32G414CCT6, STM32G414CCU3, STM32G414CCU6, STM32G414MBT3, STM32G414MBT6, STM32G414MCT3, STM32G414MCT6, STM32G414RBT3, STM32G414RBT6, STM32G414RCT3, STM32G414RCT6, STM32G414VBT3, STM32G414VBT6, STM32G414VCT3, STM32G414VCT6, STM32G431CBT3Z, STM32G431RBT3Z, STM32G471CCT6, STM32G471CCU6, STM32G471CET3, STM32G471CET6, STM32G471CEU3, STM32G471CEU6, STM32G471MCT6, STM32G471MET3, STM32G471MET6, STM32G471MEY6TR, STM32G471QCT6, STM32G471QET3, STM32G471RCT6, STM32G471RET3, STM32G471RET6, STM32G471VCH6, STM32G471VCI6, STM32G471VCT6, STM32G471VEH3, STM32G471VEH6, STM32G471VEI3, STM32G471VEI6, STM32G471VET3, STM32G471VET6, STM32G473QET3Z, STM32G473RET3Z, STM32G474CCT6, STM32G491RET3Z, STM32H503CBT6, STM32H503CBU6, STM32H503EBY6TR, STM32H503KBU6, STM32H503RBT6, STM32H523CCT6, STM32H523CCU6, STM32H523CET6, STM32H523CEU6, STM32H523HEY6TR, STM32H523RCT6, STM32H523RET6, STM32H523VCI6, STM32H523VCT6, STM32H523VEI6, STM32H523VET6, STM32H523ZCJ6, STM32H523ZCT6, STM32H523ZEJ6, STM32H523ZET6, STM32H533CET6, STM32H533CEU6, STM32H533HEY6TR, STM32H533RET6, STM32H533VEI6, STM32H533VET6, STM32H533ZEJ6, STM32H533ZET6, STM32H562AGI6, STM32H562AII6, STM32H562IGK6, STM32H562IGT6, STM32H562IIK6, STM32H562IIT6, STM32H562RGT6, STM32H562RGV6, STM32H562RIT6, STM32H562RIV6, STM32H562VGT6, STM32H562VIT6, STM32H562ZGT6, STM32H562ZIT6, STM32H563AGI6, STM32H563AII3Q, STM32H563AII6, STM32H563IGK6, STM32H563IGT6, STM32H563IIK3Q, STM32H563IIK6, STM32H563IIT3Q, STM32H563IIT6, STM32H563MIY3QTR, STM32H563RGT6, STM32H563RGV6, STM32H563RIT6, STM32H563RIV6, STM32H563VGT6, STM32H563VIT3Q, STM32H563VIT6, STM32H563ZGT6, STM32H563ZIT3Q, STM32H563ZIT6, STM32H573AII3Q, STM32H573AII6, STM32H573I-DK, STM32H573IIK3Q, STM32H573IIK6, STM32H573IIT3Q, STM32H573IIT6, STM32H573MIY3QTR, STM32H573RIT6, STM32H573RIV6, STM32H573VIT3Q, STM32H573VIT6, STM32H573ZIT3Q, STM32H573ZIT6, STM32H7R3A8I6, STM32H7R3I8K6, STM32H7R3I8T6, STM32H7R3L8H6, STM32H7R3L8H6H, STM32H7R3R8V6, STM32H7R3V8H6, STM32H7R3V8T6, STM32H7R3V8Y6TR, STM32H7R3Z8J6, STM32H7R3Z8T6, STM32H7R7A8I6, STM32H7R7I8K6, STM32H7R7I8T6, STM32H7R7L8H6, STM32H7R7L8H6H, STM32H7R7Z8J6, STM32H7S3A8I6, STM32H7S3I8K6, STM32H7S3I8T6, STM32H7S3L8H6, STM32H7S3L8H6H, STM32H7S3R8V6, STM32H7S3V8H6, STM32H7S3V8T6, STM32H7S3V8Y6TR, STM32H7S3Z8J6, STM32H7S3Z8T6, STM32H7S78-DK, STM32H7S7A8I6, STM32H7S7I8K6, STM32H7S7I8T6, STM32H7S7L8H6, STM32H7S7L8H6H, STM32H7S7Z8J6, STM32L4R5QGI6STR, STM32MP131AAE3, STM32MP131AAF3, STM32MP131AAG3, STM32MP131CAE3, STM32MP131CAF3, STM32MP131CAG3, STM32MP131DAE7, STM32MP131DAF7, STM32MP131DAG7, STM32MP131FAE7, STM32MP131FAF7, STM32MP131FAG7, STM32MP133AAE3, STM32MP133AAF3, STM32MP133AAG3, STM32MP133CAE3, STM32MP133CAF3, STM32MP133CAG3, STM32MP133DAE7, STM32MP133DAF7, STM32MP133DAG7, STM32MP133FAE7, STM32MP133FAF7, STM32MP133FAG7, STM32MP135AAE3, STM32MP135AAF3, STM32MP135AAG3, STM32MP135CAE3, STM32MP135CAF3, STM32MP135CAG3, STM32MP135DAE7, STM32MP135DAF7, STM32MP135DAG7, STM32MP135F-DK, STM32MP135FAE7, STM32MP135FAF7, STM32MP135FAF7T, STM32MP135FAF7U, STM32MP135FAG7, STM32MP231AAJ3, STM32MP231AAK3, STM32MP231AAL3, STM32MP231CAJ3, STM32MP231CAK3, STM32MP231CAL3, STM32MP231DAJ3, STM32MP231DAK3, STM32MP231DAL3, STM32MP231FAJ3, STM32MP231FAK3, STM32MP231FAL3, STM32MP233AAJ3, STM32MP233AAK3, STM32MP233AAL3, STM32MP233CAJ3, STM32MP233CAK3, STM32MP233CAL3, STM32MP233DAJ3, STM32MP233DAK3, STM32MP233DAL3, STM32MP233FAJ3, STM32MP233FAK3, STM32MP233FAL3, STM32MP235AAJ3, STM32MP235AAK3, STM32MP235AAL3, STM32MP235CAJ3, STM32MP235CAK3, STM32MP235CAL3, STM32MP235DAJ3, STM32MP235DAK3, STM32MP235DAL3, STM32MP235FAJ3, STM32MP235FAK3, STM32MP235FAL3, STM32MP251AAI3, STM32MP251AAJ3, STM32MP251AAK3, STM32MP251AAL3, STM32MP251CAI3, STM32MP251CAJ3, STM32MP251CAK3, STM32MP251CAL3, STM32MP251DAI3, STM32MP251DAJ3, STM32MP251DAK3, STM32MP251DAL3, STM32MP251FAI3, STM32MP251FAJ3, STM32MP251FAK3, STM32MP251FAL3, STM32MP253AAI3, STM32MP253AAJ3, STM32MP253AAK3, STM32MP253AAL3, STM32MP253CAI3, STM32MP253CAJ3, STM32MP253CAK3, STM32MP253CAL3, STM32MP253DAI3, STM32MP253DAJ3, STM32MP253DAK3, STM32MP253DAL3, STM32MP253FAI3, STM32MP253FAJ3, STM32MP253FAK3, STM32MP253FAL3, STM32MP255AAI3, STM32MP255AAJ3, STM32MP255AAK3, STM32MP255AAL3, STM32MP255CAI3, STM32MP255CAJ3, STM32MP255CAK3, STM32MP255CAL3, STM32MP255DAI3, STM32MP255DAJ3, STM32MP255DAK3, STM32MP255DAL3, STM32MP255FAI3, STM32MP255FAJ3, STM32MP255FAK3, STM32MP255FAL3, STM32MP257AAI3, STM32MP257AAJ3, STM32MP257AAK3, STM32MP257AAL3, STM32MP257CAI3, STM32MP257CAJ3, STM32MP257CAK3, STM32MP257CAL3, STM32MP257DAI3, STM32MP257DAJ3, STM32MP257DAK3, STM32MP257DAL3, STM32MP257F-DK, STM32MP257F-EV1, STM32MP257FAI3, STM32MP257FAJ3, STM32MP257FAK3, STM32MP257FAL3, STM32N645A0H3Q, STM32N645B0H3Q, STM32N645I0H3Q, STM32N645L0H3Q, STM32N645X0H3Q, STM32N645Z0H3Q, STM32N647A0H3Q, STM32N647B0H3Q, STM32N647I0H3Q, STM32N647L0H3Q, STM32N647X0H3Q, STM32N647Z0H3Q, STM32N655A0H3Q, STM32N655B0H3Q, STM32N655I0H3Q, STM32N655L0H3Q, STM32N655X0H3Q, STM32N655Z0H3Q, STM32N6570-DK, STM32N657A0H3Q, STM32N657B0H3Q, STM32N657I0H3Q, STM32N657L0H3Q, STM32N657X0H3Q, STM32N657Z0H3Q, STM32U031C6T6, STM32U031C6U6, STM32U031C8T6, STM32U031C8U6, STM32U031F4P6, STM32U031F6P6, STM32U031F8P6, STM32U031G6Y6TR, STM32U031G8Y6TR, STM32U031K4U6, STM32U031K6U6, STM32U031K8U6, STM32U031R6I6, STM32U031R6T6, STM32U031R8I6, STM32U031R8T6, STM32U073C8T6, STM32U073C8U6, STM32U073CBT6, STM32U073CBU6, STM32U073CCT6, STM32U073CCU6, STM32U073H8Y6TR, STM32U073HBY6TR, STM32U073HCY6TR, STM32U073K8U6, STM32U073KBU6, STM32U073KCU6, STM32U073M8I6, STM32U073M8T6, STM32U073MBI6, STM32U073MBT6, STM32U073MCI6, STM32U073MCT6, STM32U073R8I6, STM32U073R8T6, STM32U073RBI6, STM32U073RBT6, STM32U073RCI6, STM32U073RCT6, STM32U083C-DK, STM32U083CCT6, STM32U083CCU6, STM32U083HCY6TR, STM32U083KCU6, STM32U083MCI6, STM32U083MCT6, STM32U083RCI6, STM32U083RCT6, STM32U375CET6, STM32U375CET6Q, STM32U375CEU6, STM32U375CEU6Q, STM32U375CEY6QTR, STM32U375CGT6, STM32U375CGT6Q, STM32U375CGU6, STM32U375CGU6Q, STM32U375CGY6QTR, STM32U375KEU6, STM32U375KGU6, STM32U375REI6, STM32U375REI6Q, STM32U375RET6, STM32U375RET6Q, STM32U375REY6GTR, STM32U375REY6QTR, STM32U375RGI6, STM32U375RGI6Q, STM32U375RGT6, STM32U375RGT6Q, STM32U375RGY6GTR, STM32U375RGY6QTR, STM32U375VEI6, STM32U375VEI6Q, STM32U375VET6, STM32U375VET6Q, STM32U375VGI6, STM32U375VGI6Q, STM32U375VGT6, STM32U375VGT6Q, STM32U385CGT6, STM32U385CGT6Q, STM32U385CGU6, STM32U385CGU6Q, STM32U385CGY6QTR, STM32U385KGU6, STM32U385RGI6, STM32U385RGI6Q, STM32U385RGT6, STM32U385RGT6Q, STM32U385RGY6GTR, STM32U385RGY6QTR, STM32U385VGI6, STM32U385VGI6Q, STM32U385VGT6, STM32U385VGT6Q, STM32U535CBT6, STM32U535CBT6Q, STM32U535CBU6, STM32U535CBU6Q, STM32U535CCT6, STM32U535CCT6Q, STM32U535CCU6, STM32U535CCU6Q, STM32U535CET6, STM32U535CET6Q, STM32U535CEU6, STM32U535CEU6Q, STM32U535JEY6QTR, STM32U535NCY6QTR, STM32U535NEY6QTR, STM32U535RBI6, STM32U535RBI6Q, STM32U535RBT6, STM32U535RBT6Q, STM32U535RCI6, STM32U535RCI6Q, STM32U535RCT6, STM32U535RCT6Q, STM32U535REI6, STM32U535REI6Q, STM32U535RET6, STM32U535RET6Q, STM32U535VCI6, STM32U535VCI6Q, STM32U535VCT6, STM32U535VCT6Q, STM32U535VEI6, STM32U535VEI6Q, STM32U535VET6, STM32U535VET6Q, STM32U545CET6, STM32U545CET6Q, STM32U545CEU6, STM32U545CEU6Q, STM32U545JEY6QTR, STM32U545NEY6QTR, STM32U545REI6, STM32U545REI6Q, STM32U545RET6, STM32U545RET6Q, STM32U545VEI6, STM32U545VEI6Q, STM32U545VET6, STM32U545VET6Q, STM32U595AIH6, STM32U595AIH6Q, STM32U595AJH6, STM32U595AJH6Q, STM32U595QII6, STM32U595QII6Q, STM32U595QJI6, STM32U595QJI6Q, STM32U595RIT6, STM32U595RIT6Q, STM32U595RJT6, STM32U595RJT6Q, STM32U595VIT6, STM32U595VIT6Q, STM32U595VJT6, STM32U595VJT6Q, STM32U595ZIT6, STM32U595ZIT6Q, STM32U595ZIY6QTR, STM32U595ZJT6, STM32U595ZJT6Q, STM32U595ZJY6QTR, STM32U599BJY6QTR, STM32U599NIH6Q, STM32U599NJH6Q, STM32U599VIT6Q, STM32U599VJT6, STM32U599VJT6Q, STM32U599ZIT6Q, STM32U599ZIY6QTR, STM32U599ZJT6Q, STM32U599ZJY6QTR, STM32U5A5AJH6, STM32U5A5AJH6Q, STM32U5A5QII3Q , STM32U5A5QJI6, STM32U5A5QJI6Q, STM32U5A5RJT6, STM32U5A5RJT6Q, STM32U5A5VJT6, STM32U5A5VJT6Q, STM32U5A5ZJT6, STM32U5A5ZJT6Q, STM32U5A5ZJY6QTR, STM32U5A9BJY6QTR, STM32U5A9J-DK, STM32U5A9NJH6Q, STM32U5A9VJT6Q, STM32U5A9ZJT6Q, STM32U5A9ZJY6QTR, STM32U5F7VIT6, STM32U5F7VIT6Q, STM32U5F7VJT6, STM32U5F7VJT6Q, STM32U5F9BJY6QTR, STM32U5F9NJH6Q, STM32U5F9VIT6Q, STM32U5F9VJT6Q, STM32U5F9ZIJ6QTR, STM32U5F9ZIT6Q, STM32U5F9ZJJ6QTR, STM32U5F9ZJT6Q, STM32U5G7VJT6, STM32U5G7VJT6Q, STM32U5G9BJY6QTR, STM32U5G9J-DK1, STM32U5G9J-DK2, STM32U5G9NJH6Q, STM32U5G9VJT6Q, STM32U5G9ZJJ6QTR, STM32U5G9ZJT6Q, STM32WB05KZV6TR, STM32WB05KZV7TR, STM32WB05TZF6TR, STM32WB05TZF7TR, STM32WB06CCF6TR, STM32WB06CCF7TR, STM32WB06CCV6TR, STM32WB06CCV7TR, STM32WB06KCV6TR, STM32WB06KCV7TR, STM32WB07CCF6TR, STM32WB07CCF7TR, STM32WB07CCV6TR, STM32WB07CCV7TR, STM32WB07KCV6TR, STM32WB07KCV7TR, STM32WB09KEV6TR, STM32WB09KEV7TR, STM32WB09TEF6TR, STM32WB09TEF7TR, STM32WB1MMCH6, STM32WBA50KGU6, STM32WBA50KGU6TR, STM32WBA52CEU6, STM32WBA52CEU6TR, STM32WBA52CEU7, STM32WBA52CEU7TR, STM32WBA52CGU6, STM32WBA52CGU6TR, STM32WBA52CGU6U, STM32WBA52CGU7, STM32WBA52CGU7TR, STM32WBA52KEU6, STM32WBA52KEU6TR, STM32WBA52KGU6, STM32WBA52KGU6TR, STM32WBA54CEU6, STM32WBA54CEU6TR, STM32WBA54CEU7, STM32WBA54CEU7TR, STM32WBA54CGU6, STM32WBA54CGU6TR, STM32WBA54CGU7, STM32WBA54CGU7TR, STM32WBA54KEU6, STM32WBA54KEU6TR, STM32WBA54KEU7, STM32WBA54KEU7TR, STM32WBA54KGU6, STM32WBA54KGU6TR, STM32WBA54KGU7, STM32WBA54KGU7TR, STM32WBA55CEU6, STM32WBA55CEU6TR, STM32WBA55CEU7, STM32WBA55CEU7TR, STM32WBA55CGU6, STM32WBA55CGU6TR, STM32WBA55CGU6U, STM32WBA55CGU7, STM32WBA55CGU7TR, STM32WBA55G-DK1, STM32WBA55HEF6, STM32WBA55HEF7, STM32WBA55HGF6, STM32WBA55HGF7, STM32WBA55UEI6, STM32WBA55UEI6TR, STM32WBA55UEI7, STM32WBA55UEI7TR, STM32WBA55UGI6, STM32WBA55UGI6TR, STM32WBA55UGI7, STM32WBA55UGI7TR, STM32WBA5MJGH6TR, STM32WBA62CGU6, STM32WBA62CIU6, STM32WBA62MGF6, STM32WBA62MIF6, STM32WBA62PGI6, STM32WBA62PII6, STM32WBA63CGU6, STM32WBA63CGU7, STM32WBA63CIU6, STM32WBA63CIU7, STM32WBA64CGU6, STM32WBA64CGU7, STM32WBA64CIU6, STM32WBA64CIU7, STM32WBA65CGU6, STM32WBA65CGU7, STM32WBA65CIU6, STM32WBA65CIU7, STM32WBA65I-DK1, STM32WBA65MGF6, STM32WBA65MGF7, STM32WBA65MIF6, STM32WBA65MIF7, STM32WBA65PGI6, STM32WBA65PGI7, STM32WBA65PII6, STM32WBA65PII7, STM32WBA65RGV6, STM32WBA65RGV7, STM32WBA65RIV6, STM32WBA65RIV7, STM32WL30K8V6, STM32WL30KBV6, STM32WL31C8V6, STM32WL31CBV6, STM32WL31K8V6, STM32WL31KBV6, STM32WL33C8V6, STM32WL33C8V6TR, STM32WL33C8V7, STM32WL33C8V7TR, STM32WL33CBV6, STM32WL33CBV6TR, STM32WL33CBV7, STM32WL33CBV7TR, STM32WL33CCV6, STM32WL33CCV6TR, STM32WL33CCV7, STM32WL33CCV7A, STM32WL33CCV7ATR, STM32WL33CCV7TR, STM32WL33K8V6, STM32WL33K8V6TR, STM32WL33K8V7, STM32WL33K8V7TR, STM32WL33KBV6, STM32WL33KBV6TR, STM32WL33KBV7, STM32WL33KBV7TR, STM32WL33KCV6, STM32WL33KCV6TR, STM32WL33KCV7, STM32WL33KCV7TR, STM32WL5MOCH6, STM32WL5MOCH6TR]
2025-07-29 14:58:08,087 [INFO] BoardInfo:889 - No configuration file found for board P-NUCLEO-WB55
2025-07-29 14:58:08,088 [INFO] DbBoards:161 - Kit is not supported: P-NUCLEO-WB55
2025-07-29 14:58:08,111 [INFO] BoardInfo:889 - No configuration file found for board STEVAL-BFA001V1B
2025-07-29 14:58:08,112 [INFO] DbBoards:161 - Kit is not supported: STEVAL-BFA001V1B
2025-07-29 14:58:08,117 [INFO] BoardInfo:889 - No configuration file found for board STEVAL-BFA001V2B
2025-07-29 14:58:08,118 [INFO] DbBoards:161 - Kit is not supported: STEVAL-BFA001V2B
2025-07-29 14:58:08,669 [INFO] DbBoards:168 - Found 211 boards, 208 are supported
2025-07-29 14:58:08,669 [INFO] DbBoards:169 - Found 211 boards, 43 of them is supported for  Bsp
2025-07-29 14:58:08,673 [INFO] ApiDb:423 - Load user favorites file /home/nova/.stm32cubeide/favorites.boards.txt: 0 item(s)
2025-07-29 14:58:08,673 [INFO] ApiDb:427 - User favorites Boards=[]
2025-07-29 14:58:08,674 [INFO] DbBoards:198 - Set 0 / 0 favorites Boards
2025-07-29 14:58:08,678 [INFO] ApiDb:668 - CubeFinder database Data Model version=2.1
2025-07-29 14:58:08,678 [INFO] ApiDb:669 - CubeFinder database Configuration version=3.0.39
2025-07-29 14:58:08,679 [INFO] ApiDb:670 - CubeFinder database generation date=2025-07-21 (1753107327)
2025-07-29 14:58:08,679 [INFO] ApiDb:671 - CubeFinder database FW Pack versions=[FP-ATR-ASTRA1_V2.0.0, FP-SNS-FLIGHT1_V5.1.0, FP-SNS-MOTENV1_V5.0.0, FP-SNS-MOTENVWB1_V1.4.0, FP-SNS-SMARTAG2_V1.2.0, FP-SNS-STBOX1_V2.0.0, STM32Cube_FW_C0_V1.4.0, STM32Cube_FW_F4_V1.28.2, STM32Cube_FW_F7_V1.17.3, STM32Cube_FW_G0_V1.6.2, STM32Cube_FW_G4_V1.6.1, STM32Cube_FW_H5_V1.5.0, STM32Cube_FW_H7RS_V1.2.0, STM32Cube_FW_H7_V1.12.1, STM32Cube_FW_L0_V1.12.2, STM32Cube_FW_L4_V1.18.1, STM32Cube_FW_L5_V1.5.1, STM32Cube_FW_N6_V1.2.0, STM32Cube_FW_U0_V1.3.0, STM32Cube_FW_U3_V1.2.0, STM32Cube_FW_U5_V1.8.0, STM32Cube_FW_WB0_V1.3.0, STM32Cube_FW_WBA_V1.7.0, STM32Cube_FW_WB_V1.23.0, STM32Cube_FW_WL3_V1.2.0, STM32Cube_FW_WL_V1.3.1, X-CUBE-ALGOBUILD_V1.4.0, X-CUBE-ALS_V1.0.2, X-CUBE-AZRTOS-F4_V1.1.0, X-CUBE-AZRTOS-F7_V1.1.0, X-CUBE-AZRTOS-G0_V1.1.0, X-CUBE-AZRTOS-G4_V2.0.0, X-CUBE-AZRTOS-H7RS_V1.1.0, X-CUBE-AZRTOS-H7_V3.3.0, X-CUBE-AZRTOS-L4_V2.0.0, X-CUBE-AZRTOS-L5_V2.0.0, X-CUBE-AZRTOS-WB_V2.0.0, X-CUBE-AZRTOS-WL_V2.0.0, X-CUBE-BLE1_V7.1.0, X-CUBE-BLE2_V3.3.0, X-CUBE-BLEMGR_V4.0.0, X-CUBE-EEPRMA1_V5.1.0, X-CUBE-FREERTOS_V1.3.1, X-CUBE-GNSS1_V6.0.0, X-CUBE-MEMS1_V11.3.0, X-CUBE-NFC4_V3.0.0, X-CUBE-NFC7_V2.0.0, X-CUBE-SFXS2LP1_V4.0.0, X-CUBE-SUBG2_V5.0.0, X-CUBE-TOF1_V3.4.3]
2025-07-29 14:58:10,502 [ERROR] DbExamplesSqlite:437 - Missing JSON key: board_cpn
2025-07-29 14:58:10,502 [ERROR] DbExamplesSqlite:437 - Missing JSON key: board_cpn
2025-07-29 14:58:10,503 [ERROR] DbExamplesSqlite:437 - Missing JSON key: board_cpn
2025-07-29 14:58:10,503 [ERROR] DbExamplesSqlite:437 - Missing JSON key: board_cpn
2025-07-29 14:58:10,817 [ERROR] DbExamplesSqlite:437 - Missing JSON key: board_cpn
2025-07-29 14:58:10,818 [ERROR] DbExamplesSqlite:437 - Missing JSON key: board_cpn
2025-07-29 14:58:10,818 [ERROR] DbExamplesSqlite:437 - Missing JSON key: board_cpn
2025-07-29 14:58:10,818 [ERROR] DbExamplesSqlite:437 - Missing JSON key: board_cpn
2025-07-29 14:58:10,819 [ERROR] DbExamplesSqlite:437 - Missing JSON key: board_cpn
2025-07-29 14:58:10,819 [ERROR] DbExamplesSqlite:437 - Missing JSON key: board_cpn
2025-07-29 14:58:10,820 [ERROR] DbExamplesSqlite:437 - Missing JSON key: board_cpn
2025-07-29 14:58:10,820 [ERROR] DbExamplesSqlite:437 - Missing JSON key: board_cpn
2025-07-29 14:58:10,821 [ERROR] DbExamplesSqlite:437 - Missing JSON key: board_cpn
2025-07-29 14:58:11,141 [ERROR] DbExamplesSqlite:437 - Missing JSON key: board_cpn
2025-07-29 14:58:11,207 [INFO] DbExamplesSqlite:395 - Ignored 33 examples not supported by CubeIDE
2025-07-29 14:58:11,207 [INFO] DbExamplesSqlite:396 - Found 10854 examples active
2025-07-29 14:58:11,208 [INFO] DbExamplesSqlite:397 - Found 0 examples obsolete
2025-07-29 14:58:11,208 [INFO] DbExamplesSqlite:398 - Found 0 examples under development
2025-07-29 14:58:11,209 [INFO] DbExamplesSqlite:399 - Found 65 examples not building
2025-07-29 14:58:11,212 [INFO] DbExamples:125 - Found 10886 examples
2025-07-29 14:58:11,247 [INFO] DbExamples:222 - Found 133 boards with related examples
2025-07-29 14:58:11,249 [INFO] DbExamples:235 - Found 110 MCUs with related examples
2025-07-29 14:58:11,291 [INFO] ApiDb:414 - User favorites file not found: /home/nova/.stm32cubeide/favorites.examples.txt
2025-07-29 14:58:11,292 [INFO] DbExamples:250 - Set 0 / 0 favorites Examples
2025-07-29 14:58:11,499 [INFO] McuFinderGlobals:76 - Set McuFinderConnectedMode to true
2025-07-29 14:58:11,524 [INFO] MultiScanPanel:200 - Auto-refresh data requested => check proxy status ongoing
2025-07-29 14:58:11,531 [INFO] FinderPluginLoader:95 - Searching for filters in installed packs
2025-07-29 14:58:15,325 [INFO] LoadUrlFilesThread:185 - End of LoadServerUrlFiles without Thread
2025-07-29 14:58:15,572 [INFO] DetailPanel:341 - Set advertising image to /home/nova/STM32Cube/Repository//en.2400x1350px.jpeg
2025-07-29 14:59:15,081 [INFO] MultiScanPanel:200 - Auto-refresh data requested => check proxy status ongoing
2025-07-29 14:59:15,326 [INFO] LoadUrlFilesThread:185 - End of LoadServerUrlFiles without Thread
2025-07-29 14:59:15,327 [INFO] DetailPanel:341 - Set advertising image to /home/nova/STM32Cube/Repository//en.2400x1350px.jpeg
2025-07-29 14:59:15,345 [INFO] DbBoards:642 - Loading board mini-images...
2025-07-29 14:59:19,282 [INFO] DbBoards:665 - Loaded 211 board mini-images
2025-07-29 14:59:32,985 [INFO] MainUpdater:2872 - connection check result : 10
2025-07-29 14:59:32,986 [INFO] MainUpdater:2872 - connection check result : 10
2025-07-29 14:59:33,003 [INFO] MicroXplorer:468 - Change Database Path : 
2025-07-29 14:59:33,003 [INFO] MicroXplorer:498 - Change Database Version : DB.6.0.141
2025-07-29 14:59:33,052 [WARN] ThirdParty:871 - waiting for thirdparty lock release [close project]
2025-07-29 14:59:33,052 [INFO] ThirdParty:873 - entering critical section [close project]
2025-07-29 14:59:33,056 [INFO] ThirdParty:883 - exiting critical section [close project]
2025-07-29 14:59:33,062 [INFO] PinOutPanel:1589 - setPackage(No Configuration,No Configuration)
2025-07-29 14:59:33,090 [INFO] UtilMem:75 - Begin LoadConfig() Used Memory: 914794072 Bytes (1073741824)
2025-07-29 14:59:33,094 [INFO] MicroXplorer:468 - Change Database Path : 
2025-07-29 14:59:33,095 [INFO] MicroXplorer:498 - Change Database Version : DB.6.0.141
2025-07-29 14:59:33,095 [INFO] OpenFileManager:354 - Change cursor
2025-07-29 14:59:33,150 [INFO] Mcu:2011 - Initializing MCU STM32F446R(C-E)Tx STM32F446RETx STM32F446RET6
2025-07-29 14:59:40,080 [INFO] Context:756 - Trying to add GPIOservice into a context  which must be forbidden
2025-07-29 14:59:42,073 [INFO] ImportTextPane:218 - (OptionalMessage_ERROR) Pin5 (VP_RIF_VS_RIF1) cannot be retrieved for this MCU
2025-07-29 14:59:42,361 [WARN] ModelIntegratedComponent:63 - No mode defined for component null
2025-07-29 14:59:42,364 [WARN] ModelIntegratedComponent:63 - No mode defined for component null
2025-07-29 14:59:42,364 [WARN] ModelIntegratedComponent:63 - No mode defined for component null
2025-07-29 14:59:42,364 [WARN] ModelIntegratedComponent:63 - No mode defined for component null
2025-07-29 14:59:42,365 [WARN] ModelIntegratedComponent:63 - No mode defined for component null
2025-07-29 14:59:42,365 [WARN] ModelIntegratedComponent:63 - No mode defined for component null
2025-07-29 14:59:42,365 [WARN] ModelIntegratedComponent:63 - No mode defined for component null
2025-07-29 14:59:42,365 [WARN] ModelIntegratedComponent:63 - No mode defined for component null
2025-07-29 14:59:42,365 [WARN] ModelIntegratedComponent:63 - No mode defined for component null
2025-07-29 14:59:42,365 [WARN] ModelIntegratedComponent:63 - No mode defined for component null
2025-07-29 14:59:42,365 [WARN] ModelIntegratedComponent:63 - No mode defined for component null
2025-07-29 14:59:42,366 [WARN] ModelIntegratedComponent:63 - No mode defined for component null
2025-07-29 14:59:42,367 [WARN] ModelIntegratedComponent:63 - No mode defined for component null
2025-07-29 14:59:42,367 [WARN] ModelIntegratedComponent:63 - No mode defined for component null
2025-07-29 14:59:42,367 [WARN] ModelIntegratedComponent:63 - No mode defined for component null
2025-07-29 14:59:42,367 [WARN] ModelIntegratedComponent:63 - No mode defined for component null
2025-07-29 14:59:42,367 [WARN] ModelIntegratedComponent:63 - No mode defined for component null
2025-07-29 14:59:42,367 [WARN] ModelIntegratedComponent:63 - No mode defined for component null
2025-07-29 14:59:42,367 [WARN] ModelIntegratedComponent:63 - No mode defined for component null
2025-07-29 14:59:42,368 [WARN] ModelIntegratedComponent:63 - No mode defined for component null
2025-07-29 14:59:42,368 [WARN] ModelIntegratedComponent:63 - No mode defined for component null
2025-07-29 14:59:42,368 [WARN] ModelIntegratedComponent:63 - No mode defined for component null
2025-07-29 14:59:42,368 [WARN] ModelIntegratedComponent:63 - No mode defined for component null
2025-07-29 14:59:42,368 [WARN] ModelIntegratedComponent:63 - No mode defined for component null
2025-07-29 14:59:42,368 [WARN] ModelIntegratedComponent:63 - No mode defined for component null
2025-07-29 14:59:42,368 [WARN] ModelIntegratedComponent:63 - No mode defined for component null
2025-07-29 14:59:42,372 [WARN] ModelIntegratedComponent:63 - No mode defined for component null
2025-07-29 14:59:42,372 [WARN] ModelIntegratedComponent:63 - No mode defined for component null
2025-07-29 14:59:42,372 [WARN] ModelIntegratedComponent:63 - No mode defined for component null
2025-07-29 14:59:42,372 [WARN] ModelIntegratedComponent:63 - No mode defined for component null
2025-07-29 14:59:42,372 [WARN] ModelIntegratedComponent:63 - No mode defined for component null
2025-07-29 14:59:42,372 [WARN] ModelIntegratedComponent:63 - No mode defined for component null
2025-07-29 14:59:42,372 [WARN] ModelIntegratedComponent:63 - No mode defined for component null
2025-07-29 14:59:42,373 [WARN] ModelIntegratedComponent:63 - No mode defined for component null
2025-07-29 14:59:42,373 [WARN] ModelIntegratedComponent:63 - No mode defined for component null
2025-07-29 14:59:42,373 [WARN] ModelPack:524 - Component already loaded: STMicroelectronics:HAL Drivers:0.0.0:STMicroelectronics:Device:STMicro_Driver:XSPI:HAL::0.0.1:HAL_XSPI
2025-07-29 14:59:42,407 [INFO] RtosManager:558 - Registered RTOS mode: class=CMSIS, group=RTOS, mode=CMSIS_V1, owner=FREERTOS
2025-07-29 14:59:42,411 [INFO] RtosManager:558 - Registered RTOS mode: class=CMSIS, group=RTOS2, mode=CMSIS_V2, owner=FREERTOS
2025-07-29 14:59:42,411 [INFO] RtosManager:558 - Registered RTOS mode: class=RTOS, group=Core, mode=CMSIS_V1, owner=FREERTOS
2025-07-29 14:59:42,411 [INFO] RtosManager:558 - Registered RTOS mode: class=RTOS, group=Core, mode=CMSIS_V2, owner=FREERTOS
2025-07-29 14:59:42,411 [WARN] ModelIntegratedComponent:184 - Missing modes for component STMicroelectronics:FreeRTOS:0.0.1:STMicroelectronics:RTOS:FreeRTOS:Core:::10.2.0:
2025-07-29 14:59:42,442 [INFO] ThirdPartyModel:298 - Start build external matchings
2025-07-29 14:59:42,565 [INFO] ThirdPartyModel:316 - End build external matchings
2025-07-29 14:59:43,663 [INFO] UtilMem:75 - End LoadConfig() Used Memory: 919359096 Bytes (1073741824)
2025-07-29 14:59:43,709 [WARN] ThirdParty:833 - waiting for thirdparty lock release [change project]
2025-07-29 14:59:43,710 [INFO] ThirdParty:835 - entering critical section [change project]
2025-07-29 14:59:43,710 [INFO] ThirdParty:1030 - CMSIS Pack Vendor :STMicroelectronics USBPD 4.1
2025-07-29 14:59:43,711 [INFO] ThirdParty:1030 - CMSIS Pack Vendor :STMicroelectronics X-CUBE-DISPLAY 3.0.0
2025-07-29 14:59:43,711 [INFO] ThirdParty:1030 - CMSIS Pack Vendor :STMicroelectronics USB_HOST 2.0.0
2025-07-29 14:59:43,711 [INFO] ThirdParty:1030 - CMSIS Pack Vendor :STMicroelectronics FP-SNS-MOTENVWB1 1.4.0
2025-07-29 14:59:43,711 [INFO] ThirdParty:1030 - CMSIS Pack Vendor :STMicroelectronics LIBJPEG 8.0.0
2025-07-29 14:59:43,711 [INFO] ThirdParty:1030 - CMSIS Pack Vendor :STMicroelectronics FP-ATR-SIGFOX1 3.2.0
2025-07-29 14:59:43,711 [INFO] ThirdParty:1030 - CMSIS Pack Vendor :STMicroelectronics USB_DEVICE 3.0.0
2025-07-29 14:59:43,711 [INFO] ThirdParty:1030 - CMSIS Pack Vendor :STMicroelectronics HAL Drivers 0.0.0
2025-07-29 14:59:43,711 [INFO] ThirdParty:1030 - CMSIS Pack Vendor :STMicroelectronics MBEDTLS 2.16.2
2025-07-29 14:59:43,711 [INFO] ThirdParty:1030 - CMSIS Pack Vendor :STMicroelectronics X-CUBE-ALS 1.0.2
2025-07-29 14:59:43,712 [INFO] ThirdParty:1030 - CMSIS Pack Vendor :STMicroelectronics MBEDTLS 2.14.1
2025-07-29 14:59:43,712 [INFO] ThirdParty:1030 - CMSIS Pack Vendor :STMicroelectronics USB_DEVICE 2.0.0
2025-07-29 14:59:43,712 [INFO] ThirdParty:1030 - CMSIS Pack Vendor :STMicroelectronics FP-SNS-STBOX1 2.0.0
2025-07-29 14:59:43,712 [INFO] ThirdParty:1030 - CMSIS Pack Vendor :STMicroelectronics ThreadX 1.0.0
2025-07-29 14:59:43,712 [INFO] ThirdParty:1030 - CMSIS Pack Vendor :STMicroelectronics FP-SNS-SMARTAG2 1.2.0
2025-07-29 14:59:43,712 [INFO] ThirdParty:1030 - CMSIS Pack Vendor :STMicroelectronics FreeRTOS 0.0.1
2025-07-29 14:59:43,712 [INFO] ThirdParty:1030 - CMSIS Pack Vendor :STMicroelectronics FP-SNS-MOTENV1 5.0.0
2025-07-29 14:59:43,712 [INFO] ThirdParty:1030 - CMSIS Pack Vendor :STMicroelectronics USB_DEVICE 1.0.0
2025-07-29 14:59:43,717 [INFO] ThirdParty:1030 - CMSIS Pack Vendor :STMicroelectronics STM32_WPAN 1.0.0
2025-07-29 14:59:43,718 [INFO] ThirdParty:1030 - CMSIS Pack Vendor :STMicroelectronics ThreadX 0.0.2
2025-07-29 14:59:43,718 [INFO] ThirdParty:1030 - CMSIS Pack Vendor :STMicroelectronics lwIP 2.1.2
2025-07-29 14:59:43,718 [INFO] ThirdParty:1030 - CMSIS Pack Vendor :STMicroelectronics lwIP 2.0.3
2025-07-29 14:59:43,718 [INFO] ThirdParty:1030 - CMSIS Pack Vendor :STMicroelectronics X-CUBE-BLE2 3.3.0
2025-07-29 14:59:43,718 [INFO] ThirdParty:1030 - CMSIS Pack Vendor :STMicroelectronics USB_HOST 1.0.0
2025-07-29 14:59:43,718 [INFO] ThirdParty:1030 - CMSIS Pack Vendor :STMicroelectronics PDM2PCM 3.1.0
2025-07-29 14:59:43,718 [INFO] ThirdParty:1030 - CMSIS Pack Vendor :STMicroelectronics PDM2PCM 3.2.0
2025-07-29 14:59:43,718 [INFO] ThirdParty:1030 - CMSIS Pack Vendor :STMicroelectronics PDM2PCM 3.3.0
2025-07-29 14:59:43,719 [INFO] ThirdParty:841 - exiting critical section [change project]
2025-07-29 14:59:45,207 [INFO] PinOutPanel:1589 - setPackage(No Configuration,No Configuration)
2025-07-29 14:59:45,209 [INFO] PinOutPanel:1589 - setPackage(STM32F446RETx,LQFP64)
2025-07-29 14:59:47,545 [INFO] UtilMem:75 - Before build in PCC Used Memory: 956793584 Bytes (1073741824)
2025-07-29 14:59:48,971 [INFO] UtilMem:75 - After build in PCC Used Memory: 938020248 Bytes (1073741824)
2025-07-29 14:59:49,073 [INFO] IPUIPlugin:80 - create IPUIPlugin
2025-07-29 14:59:49,073 [INFO] IPUIPlugin:80 - create IPUIPlugin
2025-07-29 14:59:49,076 [INFO] IPUIPlugin:80 - create IPUIPlugin
2025-07-29 14:59:49,076 [INFO] IPUIPlugin:80 - create IPUIPlugin
2025-07-29 14:59:49,076 [INFO] IPUIPlugin:80 - create IPUIPlugin
2025-07-29 14:59:49,077 [INFO] IPUIPlugin:80 - create IPUIPlugin
2025-07-29 14:59:49,077 [INFO] IPUIPlugin:80 - create IPUIPlugin
2025-07-29 14:59:49,078 [INFO] IPUIPlugin:80 - create IPUIPlugin
2025-07-29 14:59:49,078 [INFO] IPUIPlugin:80 - create IPUIPlugin
2025-07-29 14:59:49,078 [INFO] IPUIPlugin:80 - create IPUIPlugin
2025-07-29 14:59:49,081 [INFO] IPUIPlugin:80 - create IPUIPlugin
2025-07-29 14:59:49,081 [INFO] IPUIPlugin:80 - create IPUIPlugin
2025-07-29 14:59:49,082 [INFO] IPUIPlugin:80 - create IPUIPlugin
2025-07-29 14:59:49,082 [INFO] IPUIPlugin:80 - create IPUIPlugin
2025-07-29 14:59:49,082 [INFO] IPUIPlugin:80 - create IPUIPlugin
2025-07-29 14:59:49,082 [INFO] IPUIPlugin:80 - create IPUIPlugin
2025-07-29 14:59:49,083 [INFO] IPUIPlugin:80 - create IPUIPlugin
2025-07-29 14:59:49,083 [INFO] IPUIPlugin:80 - create IPUIPlugin
2025-07-29 14:59:49,083 [INFO] IPUIPlugin:80 - create IPUIPlugin
2025-07-29 14:59:49,084 [INFO] IPUIPlugin:80 - create IPUIPlugin
2025-07-29 14:59:49,084 [INFO] IPUIPlugin:80 - create IPUIPlugin
2025-07-29 14:59:49,084 [INFO] IPUIPlugin:80 - create IPUIPlugin
2025-07-29 14:59:49,085 [INFO] IPUIPlugin:80 - create IPUIPlugin
2025-07-29 14:59:49,085 [INFO] IPUIPlugin:80 - create IPUIPlugin
2025-07-29 14:59:49,086 [INFO] IPUIPlugin:80 - create IPUIPlugin
2025-07-29 14:59:49,086 [INFO] IPUIPlugin:80 - create IPUIPlugin
2025-07-29 14:59:49,086 [INFO] IPUIPlugin:80 - create IPUIPlugin
2025-07-29 14:59:49,087 [INFO] IPUIPlugin:80 - create IPUIPlugin
2025-07-29 14:59:49,087 [INFO] IPUIPlugin:80 - create IPUIPlugin
2025-07-29 14:59:49,088 [INFO] IPUIPlugin:80 - create IPUIPlugin
2025-07-29 14:59:49,088 [INFO] IPUIPlugin:80 - create IPUIPlugin
2025-07-29 14:59:49,089 [INFO] IPUIPlugin:80 - create IPUIPlugin
2025-07-29 14:59:49,089 [INFO] IPUIPlugin:80 - create IPUIPlugin
2025-07-29 14:59:49,090 [INFO] IPUIPlugin:80 - create IPUIPlugin
2025-07-29 14:59:49,090 [INFO] IPUIPlugin:80 - create IPUIPlugin
2025-07-29 14:59:49,091 [INFO] IPUIPlugin:80 - create IPUIPlugin
2025-07-29 14:59:49,092 [INFO] IPUIPlugin:80 - create IPUIPlugin
2025-07-29 14:59:49,093 [INFO] IPUIPlugin:80 - create IPUIPlugin
2025-07-29 14:59:49,093 [INFO] IPUIPlugin:80 - create IPUIPlugin
2025-07-29 14:59:49,094 [INFO] IPUIPlugin:80 - create IPUIPlugin
2025-07-29 14:59:49,095 [INFO] IPUIPlugin:80 - create IPUIPlugin
2025-07-29 14:59:49,095 [INFO] IPUIPlugin:80 - create IPUIPlugin
2025-07-29 14:59:49,096 [INFO] IPUIPlugin:80 - create IPUIPlugin
2025-07-29 14:59:49,097 [INFO] IPUIPlugin:80 - create IPUIPlugin
2025-07-29 14:59:49,097 [INFO] IPUIPlugin:80 - create IPUIPlugin
2025-07-29 14:59:49,098 [INFO] IPUIPlugin:80 - create IPUIPlugin
2025-07-29 14:59:49,099 [INFO] IPUIPlugin:80 - create IPUIPlugin
2025-07-29 14:59:49,099 [INFO] IPUIPlugin:80 - create IPUIPlugin
2025-07-29 14:59:49,101 [INFO] IPUIPlugin:80 - create IPUIPlugin
2025-07-29 14:59:49,102 [INFO] IPUIPlugin:80 - create IPUIPlugin
2025-07-29 14:59:49,103 [INFO] IPUIPlugin:80 - create IPUIPlugin
2025-07-29 14:59:49,103 [INFO] IPUIPlugin:80 - create IPUIPlugin
2025-07-29 14:59:49,104 [INFO] IPUIPlugin:80 - create IPUIPlugin
2025-07-29 14:59:49,105 [INFO] IPUIPlugin:80 - create IPUIPlugin
2025-07-29 14:59:49,105 [INFO] IPUIPlugin:80 - create IPUIPlugin
2025-07-29 14:59:49,106 [INFO] IPUIPlugin:80 - create IPUIPlugin
2025-07-29 14:59:49,107 [INFO] IPUIPlugin:80 - create IPUIPlugin
2025-07-29 14:59:49,108 [INFO] IPUIPlugin:80 - create IPUIPlugin
2025-07-29 14:59:49,109 [INFO] IPUIPlugin:80 - create IPUIPlugin
2025-07-29 14:59:49,110 [INFO] IPUIPlugin:80 - create IPUIPlugin
2025-07-29 14:59:49,177 [INFO] ApiDbMcu:508 - Load IP Config File for PDM2PCM
2025-07-29 14:59:49,561 [INFO] CADModel:165 - CPN selected for project levelSTM32F446RET6
2025-07-29 14:59:49,562 [INFO] CADModel:114 - Register for checkConnection events
2025-07-29 14:59:49,603 [INFO] OpenFileManager:385 - Restore cursor
2025-07-29 14:59:50,347 [INFO] UtilMem:75 - End SaveConfig() Used Memory: 966137760 Bytes (1073741824)
2025-07-29 14:59:50,452 [INFO] UtilMem:75 - End SaveConfig() Used Memory: 985947880 Bytes (1073741824)
2025-07-29 14:59:51,811 [INFO] BlockDiagram:2775 - set Specific Code input for plugin: SYS
2025-07-29 14:59:51,811 [INFO] BlockDiagram:2775 - set Specific Code input for plugin: RCC
2025-07-29 14:59:51,811 [INFO] BlockDiagram:2775 - set Specific Code input for plugin: NVIC
2025-07-29 14:59:51,811 [INFO] BlockDiagram:2775 - set Specific Code input for plugin: USART
2025-07-29 14:59:51,812 [INFO] BlockDiagram:2775 - set Specific Code input for plugin: GPIO
2025-07-29 14:59:51,814 [INFO] CodeGenerator:882 - code generatio: config db path: /opt/st/stm32cubeide_1.18.1/plugins/com.st.stm32cube.common.mx_6.14.1.202504091515//db/
2025-07-29 14:59:52,323 [INFO] CodeEngine:263 - oldGeneratedFile, /home/nova/STM32CubeIDE/workspace_1.18.1/FSM_UART/MXTmpFiles/license.tmp_save
2025-07-29 14:59:53,211 [INFO] CodeEngine:287 - Generated code: /home/nova/STM32CubeIDE/workspace_1.18.1/FSM_UART/MXTmpFiles/license.tmp
2025-07-29 14:59:53,430 [INFO] CodeEngine:263 - oldGeneratedFile, /home/nova/STM32CubeIDE/workspace_1.18.1/FSM_UART/MXTmpFiles/gpio.tmp_save
2025-07-29 14:59:53,847 [INFO] CodeEngine:287 - Generated code: /home/nova/STM32CubeIDE/workspace_1.18.1/FSM_UART/MXTmpFiles/gpio.tmp
2025-07-29 14:59:54,129 [INFO] CodeEngine:263 - oldGeneratedFile, /home/nova/STM32CubeIDE/workspace_1.18.1/FSM_UART/Core/Src/stm32f4xx_it.c_save
2025-07-29 14:59:54,359 [INFO] CodeEngine:287 - Generated code: /home/nova/STM32CubeIDE/workspace_1.18.1/FSM_UART/Core/Src/stm32f4xx_it.c
2025-07-29 14:59:54,363 [INFO] CodeEngine:263 - oldGeneratedFile, /home/nova/STM32CubeIDE/workspace_1.18.1/FSM_UART/Core/Inc/stm32f4xx_it.h_save
2025-07-29 14:59:54,507 [INFO] CodeEngine:287 - Generated code: /home/nova/STM32CubeIDE/workspace_1.18.1/FSM_UART/Core/Inc/stm32f4xx_it.h
2025-07-29 14:59:54,521 [INFO] CodeEngine:263 - oldGeneratedFile, /home/nova/STM32CubeIDE/workspace_1.18.1/FSM_UART/Core/Src/stm32f4xx_hal_msp.c_save
2025-07-29 14:59:54,777 [INFO] CodeEngine:287 - Generated code: /home/nova/STM32CubeIDE/workspace_1.18.1/FSM_UART/Core/Src/stm32f4xx_hal_msp.c
2025-07-29 14:59:54,779 [INFO] CodeEngine:263 - oldGeneratedFile, /home/nova/STM32CubeIDE/workspace_1.18.1/FSM_UART/MXTmpFiles/system.tmp_save
2025-07-29 14:59:54,893 [INFO] CodeEngine:287 - Generated code: /home/nova/STM32CubeIDE/workspace_1.18.1/FSM_UART/MXTmpFiles/system.tmp
2025-07-29 14:59:54,899 [INFO] CodeEngine:319 - oldGeneratedFile, /home/nova/STM32CubeIDE/workspace_1.18.1/FSM_UART/Core/Inc/stm32f4xx_hal_conf.h_save
2025-07-29 14:59:55,029 [INFO] CodeEngine:343 - Generated code: /home/nova/STM32CubeIDE/workspace_1.18.1/FSM_UART/Core/Inc/stm32f4xx_hal_conf.h
2025-07-29 14:59:55,086 [WARN] IPConfigManager:3217 - Warning: the RefConfig PLL2P_FOR_MCO is not available in your config.xml file
2025-07-29 14:59:55,106 [INFO] ApiDbMcu:508 - Load IP Config File for USART2
2025-07-29 14:59:55,114 [INFO] ApiDbMcu:508 - Load IP Config File for RCC
2025-07-29 14:59:55,122 [INFO] CodeEngine:263 - oldGeneratedFile, /home/nova/STM32CubeIDE/workspace_1.18.1/FSM_UART/Core/Inc/main.h_save
2025-07-29 14:59:55,301 [INFO] CodeEngine:287 - Generated code: /home/nova/STM32CubeIDE/workspace_1.18.1/FSM_UART/Core/Inc/main.h
2025-07-29 14:59:55,304 [INFO] CodeEngine:263 - oldGeneratedFile, /home/nova/STM32CubeIDE/workspace_1.18.1/FSM_UART/Core/Src/main.c_save
2025-07-29 14:59:55,709 [INFO] CodeEngine:287 - Generated code: /home/nova/STM32CubeIDE/workspace_1.18.1/FSM_UART/Core/Src/main.c
2025-07-29 14:59:56,122 [INFO] ProjectBuilder:3324 - Time for Copy HAL[1] : 34mS.
2025-07-29 14:59:56,128 [INFO] ProjectBuilder:4912 - Project Generator version: 4.6.0.1-B1
2025-07-29 14:59:56,384 [INFO] ConfigFileManager:1590 - The Die is : DIE421
2025-07-29 14:59:56,395 [INFO] ApiDbMcu:508 - Load IP Config File for FATFS
2025-07-29 14:59:56,403 [INFO] ApiDbMcu:508 - Load IP Config File for FREERTOS
2025-07-29 14:59:56,406 [INFO] ApiDbMcu:508 - Load IP Config File for LIBJPEG
2025-07-29 14:59:56,425 [INFO] ApiDbMcu:508 - Load IP Config File for MBEDTLS
2025-07-29 14:59:56,445 [INFO] ApiDbMcu:508 - Load IP Config File for USB_DEVICE
2025-07-29 14:59:56,455 [INFO] ApiDbMcu:508 - Load IP Config File for USB_HOST
2025-07-29 14:59:57,259 [INFO] LogOutputStream:77 - [STDOUT_REDIRECT] 
2025-07-29 14:59:59,827 [INFO] ProjectBuilder:5191 - Time for Generating toolchain IDE Files: 3698mS.
2025-07-29 14:59:59,828 [INFO] ProjectBuilder:3181 - Time for Copy CMSIS : 0mS.
2025-07-29 14:59:59,829 [INFO] ProjectBuilder:3181 - Time for Copy CMSIS : 0mS.
2025-07-29 15:00:00,905 [INFO] McuFinderGlobals:76 - Set McuFinderConnectedMode to true
2025-07-29 15:00:00,911 [INFO] ApiDb:448 - Save user favorites file /home/nova/.stm32cubeide/favorites.mcus.txt: 1 item(s)
2025-07-29 15:00:00,911 [INFO] ApiDb:452 - User favorites MCUs=[STM32F446RET6]
2025-07-29 15:00:00,930 [INFO] ApiDb:448 - Save user favorites file /home/nova/.stm32cubeide/favorites.boards.txt: 0 item(s)
2025-07-29 15:00:00,930 [INFO] ApiDb:452 - User favorites Boards=[]
2025-07-29 15:00:46,029 [INFO] NvicIntPanel:101 - NVIC parent = com.st.microxplorer.plugins.ip.nvic.MultiNvicIntPanel[,0,0,0x0,invalid,layout=javax.swing.BoxLayout,alignmentX=0.0,alignmentY=0.0,border=,flags=9,maximumSize=,minimumSize=,preferredSize=]
2025-07-29 15:01:05,299 [INFO] MainUpdater:2872 - connection check result : 10
2025-07-29 15:01:05,299 [INFO] MainUpdater:2872 - connection check result : 10
2025-07-29 15:01:05,473 [INFO] MicroXplorer:468 - Change Database Path : 
2025-07-29 15:01:05,473 [INFO] MicroXplorer:498 - Change Database Version : DB.6.0.141
2025-07-29 15:01:05,493 [ERROR] ProjectManagerView:395 - 
java.lang.NullPointerException: Cannot invoke "javax.swing.JTextField.getText()" because the return value of "java.util.List.get(int)" is null
	at com.st.microxplorer.plugins.projectmanager.gui.ProjectChoiceTab$9.caretUpdate(ProjectChoiceTab.java:2678) ~[filemanager.jar:?]
	at javax.swing.text.JTextComponent.fireCaretUpdate(JTextComponent.java:408) ~[?:?]
	at javax.swing.text.JTextComponent$MutableCaretEvent.fire(JTextComponent.java:4484) ~[?:?]
	at javax.swing.text.JTextComponent$MutableCaretEvent.stateChanged(JTextComponent.java:4506) ~[?:?]
	at javax.swing.text.DefaultCaret.fireStateChanged(DefaultCaret.java:857) ~[?:?]
	at javax.swing.text.DefaultCaret.changeCaretPosition(DefaultCaret.java:1343) ~[?:?]
	at javax.swing.text.DefaultCaret.handleSetDot(DefaultCaret.java:1242) ~[?:?]
	at javax.swing.text.DefaultCaret.setDot(DefaultCaret.java:1223) ~[?:?]
	at javax.swing.text.DefaultCaret$Handler.insertUpdate(DefaultCaret.java:1819) ~[?:?]
	at javax.swing.text.AbstractDocument.fireInsertUpdate(AbstractDocument.java:227) ~[?:?]
	at javax.swing.text.AbstractDocument.handleInsertString(AbstractDocument.java:781) ~[?:?]
	at javax.swing.text.AbstractDocument.insertString(AbstractDocument.java:740) ~[?:?]
	at javax.swing.text.PlainDocument.insertString(PlainDocument.java:131) ~[?:?]
	at javax.swing.text.AbstractDocument.replace(AbstractDocument.java:699) ~[?:?]
	at javax.swing.text.JTextComponent.setText(JTextComponent.java:1725) ~[?:?]
	at com.st.microxplorer.plugins.projectmanager.gui.ProjectChoiceTab.createHeapStackFields(ProjectChoiceTab.java:979) ~[filemanager.jar:?]
	at com.st.microxplorer.plugins.projectmanager.gui.ProjectChoiceTab.buildLinkSettingsPanel(ProjectChoiceTab.java:3766) ~[filemanager.jar:?]
	at com.st.microxplorer.plugins.projectmanager.gui.ProjectChoiceTab.defineWindowsFields(ProjectChoiceTab.java:1962) ~[filemanager.jar:?]
	at com.st.microxplorer.plugins.projectmanager.gui.ProjectChoiceTab.updateSettings(ProjectChoiceTab.java:555) ~[filemanager.jar:?]
	at com.st.microxplorer.plugins.projectmanager.gui.ProjectSettingsPanel.UpdateDialog(ProjectSettingsPanel.java:245) ~[filemanager.jar:?]
	at com.st.microxplorer.plugins.projectmanager.ProjectManagerView.propertyChange(ProjectManagerView.java:392) ~[filemanager.jar:?]
	at java.beans.PropertyChangeSupport.fire(PropertyChangeSupport.java:343) ~[?:?]
	at java.beans.PropertyChangeSupport.firePropertyChange(PropertyChangeSupport.java:335) ~[?:?]
	at java.beans.PropertyChangeSupport.firePropertyChange(PropertyChangeSupport.java:268) ~[?:?]
	at com.st.microxplorer.util.MXPropertyChangeSupport.firePropertyChange(MXPropertyChangeSupport.java:54) ~[STM32CubeMX.jar:?]
	at com.st.microxplorer.mxsystem.MxSystem.closeConfig(MxSystem.java:899) ~[STM32CubeMX.jar:?]
	at com.st.microxplorer.maingui.MainPanel.closeConfig(MainPanel.java:789) ~[STM32CubeMX.jar:?]
	at com.st.microxplorer.plugins.filemanager.engine.OpenFileManager.loadConfigurationFile(OpenFileManager.java:287) ~[filemanager.jar:?]
	at com.st.microxplorer.plugins.filemanager.engine.MainFileManager.userLoadConfig(MainFileManager.java:341) ~[filemanager.jar:?]
	at com.st.microxplorer.plugins.filemanager.engine.MainFileManager.userLoadConfig(MainFileManager.java:319) ~[filemanager.jar:?]
	at com.st.microxplorer.plugins.filemanager.FileManagerView.getSpecificTask(FileManagerView.java:246) ~[filemanager.jar:?]
	at com.st.stm32cube.common.mx.editor.CubeMxEditor.getMxTabbedPaneInstance(CubeMxEditor.java:1198) ~[com.st.stm32cube.common.mx_6.14.1.202504091515/:?]
	at com.st.stm32cube.common.mx.editor.CubeMxEditor$12$1.createSwingComponent(CubeMxEditor.java:1068) ~[com.st.stm32cube.common.mx_6.14.1.202504091515/:?]
	at com.st.stm32cube.common.mx.oss.core.awtswtbridge.EmbeddedSwingComposite.doComponentCreation(EmbeddedSwingComposite.java:492) ~[com.st.stm32cube.common.mx.oss_6.14.1.202504091515/:?]
	at com.st.stm32cube.common.mx.oss.core.awtswtbridge.EmbeddedSwingComposite$4.run(EmbeddedSwingComposite.java:291) ~[com.st.stm32cube.common.mx.oss_6.14.1.202504091515/:?]
	at com.st.stm32cube.common.mx.oss.core.awtswtbridge.AwtEnvironment$2.run(AwtEnvironment.java:166) ~[com.st.stm32cube.common.mx.oss_6.14.1.202504091515/:?]
	at java.awt.event.InvocationEvent.dispatch(InvocationEvent.java:318) ~[?:?]
	at java.awt.EventQueue.dispatchEventImpl(EventQueue.java:773) ~[?:?]
	at java.awt.EventQueue$4.run(EventQueue.java:720) ~[?:?]
	at java.awt.EventQueue$4.run(EventQueue.java:714) ~[?:?]
	at java.security.AccessController.doPrivileged(AccessController.java:400) ~[?:?]
	at java.security.ProtectionDomain$JavaSecurityAccessImpl.doIntersectionPrivilege(ProtectionDomain.java:87) ~[?:?]
	at java.awt.EventQueue.dispatchEvent(EventQueue.java:742) ~[?:?]
	at java.awt.EventDispatchThread.pumpOneEventForFilters(EventDispatchThread.java:203) ~[?:?]
	at java.awt.EventDispatchThread.pumpEventsForFilter(EventDispatchThread.java:124) ~[?:?]
	at java.awt.EventDispatchThread.pumpEventsForHierarchy(EventDispatchThread.java:113) ~[?:?]
	at java.awt.EventDispatchThread.pumpEvents(EventDispatchThread.java:109) ~[?:?]
	at java.awt.EventDispatchThread.pumpEvents(EventDispatchThread.java:101) ~[?:?]
	at java.awt.EventDispatchThread.run(EventDispatchThread.java:90) ~[?:?]
2025-07-29 15:01:05,500 [WARN] ThirdParty:871 - waiting for thirdparty lock release [close project]
2025-07-29 15:01:05,501 [INFO] ThirdParty:873 - entering critical section [close project]
2025-07-29 15:01:05,501 [INFO] ThirdParty:883 - exiting critical section [close project]
2025-07-29 15:01:05,504 [INFO] PinOutPanel:1589 - setPackage(No Configuration,No Configuration)
2025-07-29 15:01:05,515 [WARN] IpParametersView:155 - Warning: This peripheral hasn't parameters
2025-07-29 15:01:05,523 [WARN] MainPanel:289 - <html><b><center>Warning: This peripheral has no parameters to be configured<br></b></html>
2025-07-29 15:01:05,532 [INFO] UtilMem:75 - Begin LoadConfig() Used Memory: 813293800 Bytes (1073741824)
2025-07-29 15:01:05,533 [INFO] MicroXplorer:468 - Change Database Path : 
2025-07-29 15:01:05,534 [INFO] MicroXplorer:498 - Change Database Version : DB.6.0.141
2025-07-29 15:01:05,534 [INFO] OpenFileManager:354 - Change cursor
2025-07-29 15:01:05,553 [INFO] RulesReader:64 - Compatibility file has been processed (302 Rules)
2025-07-29 15:01:05,559 [INFO] Mcu:2011 - Initializing MCU STM32F446R(C-E)Tx STM32F446RETx STM32F446RET6
2025-07-29 15:01:07,614 [INFO] Context:756 - Trying to add GPIOservice into a context  which must be forbidden
2025-07-29 15:01:08,374 [INFO] ImportTextPane:218 - (OptionalMessage_ERROR) Pin13 (VP_RIF_VS_RIF1) cannot be retrieved for this MCU
2025-07-29 15:01:08,451 [WARN] ModelIntegratedComponent:63 - No mode defined for component null
2025-07-29 15:01:08,451 [WARN] ModelIntegratedComponent:63 - No mode defined for component null
2025-07-29 15:01:08,451 [WARN] ModelIntegratedComponent:63 - No mode defined for component null
2025-07-29 15:01:08,451 [WARN] ModelIntegratedComponent:63 - No mode defined for component null
2025-07-29 15:01:08,454 [WARN] ModelIntegratedComponent:63 - No mode defined for component null
2025-07-29 15:01:08,454 [WARN] ModelIntegratedComponent:63 - No mode defined for component null
2025-07-29 15:01:08,454 [WARN] ModelIntegratedComponent:63 - No mode defined for component null
2025-07-29 15:01:08,454 [WARN] ModelIntegratedComponent:63 - No mode defined for component null
2025-07-29 15:01:08,454 [WARN] ModelIntegratedComponent:63 - No mode defined for component null
2025-07-29 15:01:08,455 [WARN] ModelIntegratedComponent:63 - No mode defined for component null
2025-07-29 15:01:08,455 [WARN] ModelIntegratedComponent:63 - No mode defined for component null
2025-07-29 15:01:08,455 [WARN] ModelIntegratedComponent:63 - No mode defined for component null
2025-07-29 15:01:08,455 [WARN] ModelIntegratedComponent:63 - No mode defined for component null
2025-07-29 15:01:08,455 [WARN] ModelIntegratedComponent:63 - No mode defined for component null
2025-07-29 15:01:08,455 [WARN] ModelIntegratedComponent:63 - No mode defined for component null
2025-07-29 15:01:08,455 [WARN] ModelIntegratedComponent:63 - No mode defined for component null
2025-07-29 15:01:08,455 [WARN] ModelIntegratedComponent:63 - No mode defined for component null
2025-07-29 15:01:08,455 [WARN] ModelIntegratedComponent:63 - No mode defined for component null
2025-07-29 15:01:08,455 [WARN] ModelIntegratedComponent:63 - No mode defined for component null
2025-07-29 15:01:08,456 [WARN] ModelIntegratedComponent:63 - No mode defined for component null
2025-07-29 15:01:08,456 [WARN] ModelIntegratedComponent:63 - No mode defined for component null
2025-07-29 15:01:08,456 [WARN] ModelIntegratedComponent:63 - No mode defined for component null
2025-07-29 15:01:08,456 [WARN] ModelIntegratedComponent:63 - No mode defined for component null
2025-07-29 15:01:08,456 [WARN] ModelIntegratedComponent:63 - No mode defined for component null
2025-07-29 15:01:08,456 [WARN] ModelIntegratedComponent:63 - No mode defined for component null
2025-07-29 15:01:08,456 [WARN] ModelIntegratedComponent:63 - No mode defined for component null
2025-07-29 15:01:08,456 [WARN] ModelIntegratedComponent:63 - No mode defined for component null
2025-07-29 15:01:08,456 [WARN] ModelIntegratedComponent:63 - No mode defined for component null
2025-07-29 15:01:08,457 [WARN] ModelIntegratedComponent:63 - No mode defined for component null
2025-07-29 15:01:08,457 [WARN] ModelIntegratedComponent:63 - No mode defined for component null
2025-07-29 15:01:08,457 [WARN] ModelIntegratedComponent:63 - No mode defined for component null
2025-07-29 15:01:08,457 [WARN] ModelIntegratedComponent:63 - No mode defined for component null
2025-07-29 15:01:08,457 [WARN] ModelIntegratedComponent:63 - No mode defined for component null
2025-07-29 15:01:08,457 [WARN] ModelIntegratedComponent:63 - No mode defined for component null
2025-07-29 15:01:08,457 [WARN] ModelIntegratedComponent:63 - No mode defined for component null
2025-07-29 15:01:08,457 [WARN] ModelPack:524 - Component already loaded: STMicroelectronics:HAL Drivers:0.0.0:STMicroelectronics:Device:STMicro_Driver:XSPI:HAL::0.0.1:HAL_XSPI
2025-07-29 15:01:08,471 [INFO] RtosManager:558 - Registered RTOS mode: class=CMSIS, group=RTOS, mode=CMSIS_V1, owner=FREERTOS
2025-07-29 15:01:08,471 [INFO] RtosManager:558 - Registered RTOS mode: class=CMSIS, group=RTOS2, mode=CMSIS_V2, owner=FREERTOS
2025-07-29 15:01:08,471 [INFO] RtosManager:558 - Registered RTOS mode: class=RTOS, group=Core, mode=CMSIS_V1, owner=FREERTOS
2025-07-29 15:01:08,471 [INFO] RtosManager:558 - Registered RTOS mode: class=RTOS, group=Core, mode=CMSIS_V2, owner=FREERTOS
2025-07-29 15:01:08,471 [WARN] ModelIntegratedComponent:184 - Missing modes for component STMicroelectronics:FreeRTOS:0.0.1:STMicroelectronics:RTOS:FreeRTOS:Core:::10.2.0:
2025-07-29 15:01:08,486 [INFO] ThirdPartyModel:298 - Start build external matchings
2025-07-29 15:01:08,512 [INFO] ThirdPartyModel:316 - End build external matchings
2025-07-29 15:01:08,516 [INFO] ImportTextPane:218 - (OptionalMessage_ERROR) IP (RCC) : Invalid parameter (48MHZClocksFreq_Value)
2025-07-29 15:01:08,517 [INFO] ImportTextPane:218 - (OptionalMessage_ERROR) IP (RCC) : Invalid parameter (EthernetFreq_Value)
2025-07-29 15:01:08,521 [INFO] ImportTextPane:218 - (OptionalMessage_ERROR) IP (RCC) : Parameter (FLatency) has Id (AdvancedSettings) currently not set
2025-07-29 15:01:08,521 [INFO] ImportTextPane:218 - (OptionalMessage_ERROR) IP (RCC) : Invalid parameter (FamilyName)
2025-07-29 15:01:08,521 [INFO] ImportTextPane:218 - (OptionalMessage_ERROR) IP (RCC) : Invalid parameter (I2SClocksFreq_Value)
2025-07-29 15:01:08,524 [INFO] ImportTextPane:218 - (OptionalMessage_ERROR) IP (RCC) : Parameter (SDIOFreq_Value) has invalid value (168000000)
2025-07-29 15:01:08,524 [INFO] ImportTextPane:218 - (OptionalMessage_ERROR) IP (RCC) : Parameter (USBFreq_Value) has invalid value (168000000)
2025-07-29 15:01:08,525 [INFO] ImportTextPane:218 - (OptionalMessage_ERROR) IP (RCC) : Invalid parameter (VCOInputMFreq_Value)
2025-07-29 15:01:08,525 [INFO] ImportTextPane:218 - (OptionalMessage_ERROR) IP (RCC) : Invalid parameter (VcooutputI2S)
2025-07-29 15:01:09,341 [INFO] UtilMem:75 - End LoadConfig() Used Memory: 857466816 Bytes (1073741824)
2025-07-29 15:01:09,387 [WARN] ThirdParty:833 - waiting for thirdparty lock release [change project]
2025-07-29 15:01:09,387 [INFO] ThirdParty:835 - entering critical section [change project]
2025-07-29 15:01:09,387 [INFO] ThirdParty:1030 - CMSIS Pack Vendor :STMicroelectronics USBPD 4.1
2025-07-29 15:01:09,387 [INFO] ThirdParty:1030 - CMSIS Pack Vendor :STMicroelectronics X-CUBE-DISPLAY 3.0.0
2025-07-29 15:01:09,387 [INFO] ThirdParty:1030 - CMSIS Pack Vendor :STMicroelectronics USB_HOST 2.0.0
2025-07-29 15:01:09,387 [INFO] ThirdParty:1030 - CMSIS Pack Vendor :STMicroelectronics FP-SNS-MOTENVWB1 1.4.0
2025-07-29 15:01:09,388 [INFO] ThirdParty:1030 - CMSIS Pack Vendor :STMicroelectronics LIBJPEG 8.0.0
2025-07-29 15:01:09,388 [INFO] ThirdParty:1030 - CMSIS Pack Vendor :STMicroelectronics FP-ATR-SIGFOX1 3.2.0
2025-07-29 15:01:09,388 [INFO] ThirdParty:1030 - CMSIS Pack Vendor :STMicroelectronics USB_DEVICE 3.0.0
2025-07-29 15:01:09,388 [INFO] ThirdParty:1030 - CMSIS Pack Vendor :STMicroelectronics HAL Drivers 0.0.0
2025-07-29 15:01:09,388 [INFO] ThirdParty:1030 - CMSIS Pack Vendor :STMicroelectronics MBEDTLS 2.16.2
2025-07-29 15:01:09,388 [INFO] ThirdParty:1030 - CMSIS Pack Vendor :STMicroelectronics X-CUBE-ALS 1.0.2
2025-07-29 15:01:09,388 [INFO] ThirdParty:1030 - CMSIS Pack Vendor :STMicroelectronics MBEDTLS 2.14.1
2025-07-29 15:01:09,388 [INFO] ThirdParty:1030 - CMSIS Pack Vendor :STMicroelectronics USB_DEVICE 2.0.0
2025-07-29 15:01:09,388 [INFO] ThirdParty:1030 - CMSIS Pack Vendor :STMicroelectronics FP-SNS-STBOX1 2.0.0
2025-07-29 15:01:09,388 [INFO] ThirdParty:1030 - CMSIS Pack Vendor :STMicroelectronics ThreadX 1.0.0
2025-07-29 15:01:09,388 [INFO] ThirdParty:1030 - CMSIS Pack Vendor :STMicroelectronics FP-SNS-SMARTAG2 1.2.0
2025-07-29 15:01:09,388 [INFO] ThirdParty:1030 - CMSIS Pack Vendor :STMicroelectronics FreeRTOS 0.0.1
2025-07-29 15:01:09,388 [INFO] ThirdParty:1030 - CMSIS Pack Vendor :STMicroelectronics FP-SNS-MOTENV1 5.0.0
2025-07-29 15:01:09,388 [INFO] ThirdParty:1030 - CMSIS Pack Vendor :STMicroelectronics USB_DEVICE 1.0.0
2025-07-29 15:01:09,389 [INFO] ThirdParty:1030 - CMSIS Pack Vendor :STMicroelectronics STM32_WPAN 1.0.0
2025-07-29 15:01:09,389 [INFO] ThirdParty:1030 - CMSIS Pack Vendor :STMicroelectronics ThreadX 0.0.2
2025-07-29 15:01:09,389 [INFO] ThirdParty:1030 - CMSIS Pack Vendor :STMicroelectronics lwIP 2.1.2
2025-07-29 15:01:09,389 [INFO] ThirdParty:1030 - CMSIS Pack Vendor :STMicroelectronics lwIP 2.0.3
2025-07-29 15:01:09,389 [INFO] ThirdParty:1030 - CMSIS Pack Vendor :STMicroelectronics X-CUBE-BLE2 3.3.0
2025-07-29 15:01:09,389 [INFO] ThirdParty:1030 - CMSIS Pack Vendor :STMicroelectronics USB_HOST 1.0.0
2025-07-29 15:01:09,389 [INFO] ThirdParty:1030 - CMSIS Pack Vendor :STMicroelectronics PDM2PCM 3.1.0
2025-07-29 15:01:09,389 [INFO] ThirdParty:1030 - CMSIS Pack Vendor :STMicroelectronics PDM2PCM 3.2.0
2025-07-29 15:01:09,389 [INFO] ThirdParty:1030 - CMSIS Pack Vendor :STMicroelectronics PDM2PCM 3.3.0
2025-07-29 15:01:09,389 [INFO] ThirdParty:841 - exiting critical section [change project]
2025-07-29 15:01:09,894 [INFO] PinOutPanel:1589 - setPackage(No Configuration,No Configuration)
2025-07-29 15:01:09,895 [INFO] PinOutPanel:1589 - setPackage(STM32F446RETx,LQFP64)
2025-07-29 15:01:10,474 [INFO] UtilMem:75 - Before build in PCC Used Memory: 877037520 Bytes (1073741824)
2025-07-29 15:01:10,860 [INFO] UtilMem:75 - After build in PCC Used Memory: 926846928 Bytes (1073741824)
2025-07-29 15:01:10,899 [INFO] IPUIPlugin:80 - create IPUIPlugin
2025-07-29 15:01:10,899 [INFO] IPUIPlugin:80 - create IPUIPlugin
2025-07-29 15:01:10,899 [INFO] IPUIPlugin:80 - create IPUIPlugin
2025-07-29 15:01:10,900 [INFO] IPUIPlugin:80 - create IPUIPlugin
2025-07-29 15:01:10,900 [INFO] IPUIPlugin:80 - create IPUIPlugin
2025-07-29 15:01:10,900 [INFO] IPUIPlugin:80 - create IPUIPlugin
2025-07-29 15:01:10,900 [INFO] IPUIPlugin:80 - create IPUIPlugin
2025-07-29 15:01:10,901 [INFO] IPUIPlugin:80 - create IPUIPlugin
2025-07-29 15:01:10,901 [INFO] IPUIPlugin:80 - create IPUIPlugin
2025-07-29 15:01:10,901 [INFO] IPUIPlugin:80 - create IPUIPlugin
2025-07-29 15:01:10,901 [INFO] IPUIPlugin:80 - create IPUIPlugin
2025-07-29 15:01:10,902 [INFO] IPUIPlugin:80 - create IPUIPlugin
2025-07-29 15:01:10,902 [INFO] IPUIPlugin:80 - create IPUIPlugin
2025-07-29 15:01:10,902 [INFO] IPUIPlugin:80 - create IPUIPlugin
2025-07-29 15:01:10,903 [INFO] IPUIPlugin:80 - create IPUIPlugin
2025-07-29 15:01:10,903 [INFO] IPUIPlugin:80 - create IPUIPlugin
2025-07-29 15:01:10,903 [INFO] IPUIPlugin:80 - create IPUIPlugin
2025-07-29 15:01:10,903 [INFO] IPUIPlugin:80 - create IPUIPlugin
2025-07-29 15:01:10,904 [INFO] IPUIPlugin:80 - create IPUIPlugin
2025-07-29 15:01:10,904 [INFO] IPUIPlugin:80 - create IPUIPlugin
2025-07-29 15:01:10,904 [INFO] IPUIPlugin:80 - create IPUIPlugin
2025-07-29 15:01:10,905 [INFO] IPUIPlugin:80 - create IPUIPlugin
2025-07-29 15:01:10,905 [INFO] IPUIPlugin:80 - create IPUIPlugin
2025-07-29 15:01:10,906 [INFO] IPUIPlugin:80 - create IPUIPlugin
2025-07-29 15:01:10,906 [INFO] IPUIPlugin:80 - create IPUIPlugin
2025-07-29 15:01:10,906 [INFO] IPUIPlugin:80 - create IPUIPlugin
2025-07-29 15:01:10,907 [INFO] IPUIPlugin:80 - create IPUIPlugin
2025-07-29 15:01:10,908 [INFO] IPUIPlugin:80 - create IPUIPlugin
2025-07-29 15:01:10,908 [INFO] IPUIPlugin:80 - create IPUIPlugin
2025-07-29 15:01:10,909 [INFO] IPUIPlugin:80 - create IPUIPlugin
2025-07-29 15:01:10,909 [INFO] IPUIPlugin:80 - create IPUIPlugin
2025-07-29 15:01:10,910 [INFO] IPUIPlugin:80 - create IPUIPlugin
2025-07-29 15:01:10,910 [INFO] IPUIPlugin:80 - create IPUIPlugin
2025-07-29 15:01:10,910 [INFO] IPUIPlugin:80 - create IPUIPlugin
2025-07-29 15:01:10,911 [INFO] IPUIPlugin:80 - create IPUIPlugin
2025-07-29 15:01:10,912 [INFO] IPUIPlugin:80 - create IPUIPlugin
2025-07-29 15:01:10,912 [INFO] IPUIPlugin:80 - create IPUIPlugin
2025-07-29 15:01:10,913 [INFO] IPUIPlugin:80 - create IPUIPlugin
2025-07-29 15:01:10,913 [INFO] IPUIPlugin:80 - create IPUIPlugin
2025-07-29 15:01:10,914 [INFO] IPUIPlugin:80 - create IPUIPlugin
2025-07-29 15:01:10,915 [INFO] IPUIPlugin:80 - create IPUIPlugin
2025-07-29 15:01:10,915 [INFO] IPUIPlugin:80 - create IPUIPlugin
2025-07-29 15:01:10,916 [INFO] IPUIPlugin:80 - create IPUIPlugin
2025-07-29 15:01:10,916 [INFO] IPUIPlugin:80 - create IPUIPlugin
2025-07-29 15:01:10,917 [INFO] IPUIPlugin:80 - create IPUIPlugin
2025-07-29 15:01:10,918 [INFO] IPUIPlugin:80 - create IPUIPlugin
2025-07-29 15:01:10,919 [INFO] IPUIPlugin:80 - create IPUIPlugin
2025-07-29 15:01:10,919 [INFO] IPUIPlugin:80 - create IPUIPlugin
2025-07-29 15:01:10,920 [INFO] IPUIPlugin:80 - create IPUIPlugin
2025-07-29 15:01:10,921 [INFO] IPUIPlugin:80 - create IPUIPlugin
2025-07-29 15:01:10,921 [INFO] IPUIPlugin:80 - create IPUIPlugin
2025-07-29 15:01:10,922 [INFO] IPUIPlugin:80 - create IPUIPlugin
2025-07-29 15:01:10,923 [INFO] IPUIPlugin:80 - create IPUIPlugin
2025-07-29 15:01:10,923 [INFO] IPUIPlugin:80 - create IPUIPlugin
2025-07-29 15:01:10,924 [INFO] IPUIPlugin:80 - create IPUIPlugin
2025-07-29 15:01:10,925 [INFO] IPUIPlugin:80 - create IPUIPlugin
2025-07-29 15:01:10,926 [INFO] IPUIPlugin:80 - create IPUIPlugin
2025-07-29 15:01:10,927 [INFO] IPUIPlugin:80 - create IPUIPlugin
2025-07-29 15:01:10,927 [INFO] IPUIPlugin:80 - create IPUIPlugin
2025-07-29 15:01:10,928 [INFO] IPUIPlugin:80 - create IPUIPlugin
2025-07-29 15:01:10,932 [INFO] ApiDbMcu:508 - Load IP Config File for PDM2PCM
2025-07-29 15:01:11,018 [INFO] CADModel:165 - CPN selected for project levelSTM32F446RET6
2025-07-29 15:01:11,018 [INFO] CADModel:114 - Register for checkConnection events
2025-07-29 15:01:11,065 [INFO] OpenFileManager:385 - Restore cursor
2025-07-29 15:01:26,721 [INFO] MainUpdater:2872 - connection check result : 10
2025-07-29 15:01:26,721 [INFO] MainUpdater:2872 - connection check result : 10
2025-07-29 15:01:27,303 [INFO] MicroXplorer:468 - Change Database Path : 
2025-07-29 15:01:27,304 [INFO] MicroXplorer:498 - Change Database Version : DB.6.0.141
2025-07-29 15:01:27,350 [ERROR] ProjectManagerView:395 - 
java.lang.NullPointerException: Cannot invoke "javax.swing.JTextField.getText()" because the return value of "java.util.List.get(int)" is null
	at com.st.microxplorer.plugins.projectmanager.gui.ProjectChoiceTab$9.caretUpdate(ProjectChoiceTab.java:2678) ~[filemanager.jar:?]
	at javax.swing.text.JTextComponent.fireCaretUpdate(JTextComponent.java:408) ~[?:?]
	at javax.swing.text.JTextComponent$MutableCaretEvent.fire(JTextComponent.java:4484) ~[?:?]
	at javax.swing.text.JTextComponent$MutableCaretEvent.stateChanged(JTextComponent.java:4506) ~[?:?]
	at javax.swing.text.DefaultCaret.fireStateChanged(DefaultCaret.java:857) ~[?:?]
	at javax.swing.text.DefaultCaret.changeCaretPosition(DefaultCaret.java:1343) ~[?:?]
	at javax.swing.text.DefaultCaret.handleSetDot(DefaultCaret.java:1242) ~[?:?]
	at javax.swing.text.DefaultCaret.setDot(DefaultCaret.java:1223) ~[?:?]
	at javax.swing.text.DefaultCaret$Handler.insertUpdate(DefaultCaret.java:1819) ~[?:?]
	at javax.swing.text.AbstractDocument.fireInsertUpdate(AbstractDocument.java:227) ~[?:?]
	at javax.swing.text.AbstractDocument.handleInsertString(AbstractDocument.java:781) ~[?:?]
	at javax.swing.text.AbstractDocument.insertString(AbstractDocument.java:740) ~[?:?]
	at javax.swing.text.PlainDocument.insertString(PlainDocument.java:131) ~[?:?]
	at javax.swing.text.AbstractDocument.replace(AbstractDocument.java:699) ~[?:?]
	at javax.swing.text.JTextComponent.setText(JTextComponent.java:1725) ~[?:?]
	at com.st.microxplorer.plugins.projectmanager.gui.ProjectChoiceTab.createHeapStackFields(ProjectChoiceTab.java:979) ~[filemanager.jar:?]
	at com.st.microxplorer.plugins.projectmanager.gui.ProjectChoiceTab.buildLinkSettingsPanel(ProjectChoiceTab.java:3766) ~[filemanager.jar:?]
	at com.st.microxplorer.plugins.projectmanager.gui.ProjectChoiceTab.defineWindowsFields(ProjectChoiceTab.java:1962) ~[filemanager.jar:?]
	at com.st.microxplorer.plugins.projectmanager.gui.ProjectChoiceTab.updateSettings(ProjectChoiceTab.java:555) ~[filemanager.jar:?]
	at com.st.microxplorer.plugins.projectmanager.gui.ProjectSettingsPanel.UpdateDialog(ProjectSettingsPanel.java:245) ~[filemanager.jar:?]
	at com.st.microxplorer.plugins.projectmanager.ProjectManagerView.propertyChange(ProjectManagerView.java:392) ~[filemanager.jar:?]
	at java.beans.PropertyChangeSupport.fire(PropertyChangeSupport.java:343) ~[?:?]
	at java.beans.PropertyChangeSupport.firePropertyChange(PropertyChangeSupport.java:335) ~[?:?]
	at java.beans.PropertyChangeSupport.firePropertyChange(PropertyChangeSupport.java:268) ~[?:?]
	at com.st.microxplorer.util.MXPropertyChangeSupport.firePropertyChange(MXPropertyChangeSupport.java:54) ~[STM32CubeMX.jar:?]
	at com.st.microxplorer.mxsystem.MxSystem.closeConfig(MxSystem.java:899) ~[STM32CubeMX.jar:?]
	at com.st.microxplorer.maingui.MainPanel.closeConfig(MainPanel.java:789) ~[STM32CubeMX.jar:?]
	at com.st.microxplorer.plugins.filemanager.engine.OpenFileManager.loadConfigurationFile(OpenFileManager.java:287) ~[filemanager.jar:?]
	at com.st.microxplorer.plugins.filemanager.engine.MainFileManager.userLoadConfig(MainFileManager.java:341) ~[filemanager.jar:?]
	at com.st.microxplorer.plugins.filemanager.engine.MainFileManager.userLoadConfig(MainFileManager.java:319) ~[filemanager.jar:?]
	at com.st.microxplorer.plugins.filemanager.FileManagerView.getSpecificTask(FileManagerView.java:246) ~[filemanager.jar:?]
	at com.st.stm32cube.common.mx.editor.CubeMxEditor.getMxTabbedPaneInstance(CubeMxEditor.java:1198) ~[com.st.stm32cube.common.mx_6.14.1.202504091515/:?]
	at com.st.stm32cube.common.mx.editor.CubeMxEditor$12$1.createSwingComponent(CubeMxEditor.java:1068) ~[com.st.stm32cube.common.mx_6.14.1.202504091515/:?]
	at com.st.stm32cube.common.mx.oss.core.awtswtbridge.EmbeddedSwingComposite.doComponentCreation(EmbeddedSwingComposite.java:492) ~[com.st.stm32cube.common.mx.oss_6.14.1.202504091515/:?]
	at com.st.stm32cube.common.mx.oss.core.awtswtbridge.EmbeddedSwingComposite$4.run(EmbeddedSwingComposite.java:291) ~[com.st.stm32cube.common.mx.oss_6.14.1.202504091515/:?]
	at com.st.stm32cube.common.mx.oss.core.awtswtbridge.AwtEnvironment$2.run(AwtEnvironment.java:166) ~[com.st.stm32cube.common.mx.oss_6.14.1.202504091515/:?]
	at java.awt.event.InvocationEvent.dispatch(InvocationEvent.java:318) ~[?:?]
	at java.awt.EventQueue.dispatchEventImpl(EventQueue.java:773) ~[?:?]
	at java.awt.EventQueue$4.run(EventQueue.java:720) ~[?:?]
	at java.awt.EventQueue$4.run(EventQueue.java:714) ~[?:?]
	at java.security.AccessController.doPrivileged(AccessController.java:400) ~[?:?]
	at java.security.ProtectionDomain$JavaSecurityAccessImpl.doIntersectionPrivilege(ProtectionDomain.java:87) ~[?:?]
	at java.awt.EventQueue.dispatchEvent(EventQueue.java:742) ~[?:?]
	at java.awt.EventDispatchThread.pumpOneEventForFilters(EventDispatchThread.java:203) ~[?:?]
	at java.awt.EventDispatchThread.pumpEventsForFilter(EventDispatchThread.java:124) ~[?:?]
	at java.awt.EventDispatchThread.pumpEventsForHierarchy(EventDispatchThread.java:113) ~[?:?]
	at java.awt.EventDispatchThread.pumpEvents(EventDispatchThread.java:109) ~[?:?]
	at java.awt.EventDispatchThread.pumpEvents(EventDispatchThread.java:101) ~[?:?]
	at java.awt.EventDispatchThread.run(EventDispatchThread.java:90) ~[?:?]
2025-07-29 15:01:27,352 [WARN] ThirdParty:871 - waiting for thirdparty lock release [close project]
2025-07-29 15:01:27,352 [INFO] ThirdParty:873 - entering critical section [close project]
2025-07-29 15:01:27,352 [INFO] ThirdParty:883 - exiting critical section [close project]
2025-07-29 15:01:27,355 [INFO] PinOutPanel:1589 - setPackage(No Configuration,No Configuration)
2025-07-29 15:01:27,365 [WARN] IpParametersView:155 - Warning: This peripheral hasn't parameters
2025-07-29 15:01:27,369 [WARN] MainPanel:289 - <html><b><center>Warning: This peripheral has no parameters to be configured<br></b></html>
2025-07-29 15:01:27,372 [INFO] UtilMem:75 - Begin LoadConfig() Used Memory: 950682928 Bytes (1073741824)
2025-07-29 15:01:27,373 [INFO] MicroXplorer:468 - Change Database Path : 
2025-07-29 15:01:27,373 [INFO] MicroXplorer:498 - Change Database Version : DB.6.0.141
2025-07-29 15:01:27,373 [INFO] OpenFileManager:354 - Change cursor
2025-07-29 15:01:27,383 [INFO] Mcu:2011 - Initializing MCU STM32F446R(C-E)Tx STM32F446RETx STM32F446RET6
2025-07-29 15:01:29,185 [INFO] Context:756 - Trying to add GPIOservice into a context  which must be forbidden
2025-07-29 15:01:29,808 [INFO] ImportTextPane:218 - (OptionalMessage_ERROR) Pin5 (VP_RIF_VS_RIF1) cannot be retrieved for this MCU
2025-07-29 15:01:29,845 [WARN] ModelIntegratedComponent:63 - No mode defined for component null
2025-07-29 15:01:29,845 [WARN] ModelIntegratedComponent:63 - No mode defined for component null
2025-07-29 15:01:29,845 [WARN] ModelIntegratedComponent:63 - No mode defined for component null
2025-07-29 15:01:29,846 [WARN] ModelIntegratedComponent:63 - No mode defined for component null
2025-07-29 15:01:29,846 [WARN] ModelIntegratedComponent:63 - No mode defined for component null
2025-07-29 15:01:29,846 [WARN] ModelIntegratedComponent:63 - No mode defined for component null
2025-07-29 15:01:29,846 [WARN] ModelIntegratedComponent:63 - No mode defined for component null
2025-07-29 15:01:29,846 [WARN] ModelIntegratedComponent:63 - No mode defined for component null
2025-07-29 15:01:29,846 [WARN] ModelIntegratedComponent:63 - No mode defined for component null
2025-07-29 15:01:29,846 [WARN] ModelIntegratedComponent:63 - No mode defined for component null
2025-07-29 15:01:29,846 [WARN] ModelIntegratedComponent:63 - No mode defined for component null
2025-07-29 15:01:29,846 [WARN] ModelIntegratedComponent:63 - No mode defined for component null
2025-07-29 15:01:29,846 [WARN] ModelIntegratedComponent:63 - No mode defined for component null
2025-07-29 15:01:29,846 [WARN] ModelIntegratedComponent:63 - No mode defined for component null
2025-07-29 15:01:29,846 [WARN] ModelIntegratedComponent:63 - No mode defined for component null
2025-07-29 15:01:29,847 [WARN] ModelIntegratedComponent:63 - No mode defined for component null
2025-07-29 15:01:29,847 [WARN] ModelIntegratedComponent:63 - No mode defined for component null
2025-07-29 15:01:29,847 [WARN] ModelIntegratedComponent:63 - No mode defined for component null
2025-07-29 15:01:29,847 [WARN] ModelIntegratedComponent:63 - No mode defined for component null
2025-07-29 15:01:29,847 [WARN] ModelIntegratedComponent:63 - No mode defined for component null
2025-07-29 15:01:29,847 [WARN] ModelIntegratedComponent:63 - No mode defined for component null
2025-07-29 15:01:29,847 [WARN] ModelIntegratedComponent:63 - No mode defined for component null
2025-07-29 15:01:29,847 [WARN] ModelIntegratedComponent:63 - No mode defined for component null
2025-07-29 15:01:29,847 [WARN] ModelIntegratedComponent:63 - No mode defined for component null
2025-07-29 15:01:29,847 [WARN] ModelIntegratedComponent:63 - No mode defined for component null
2025-07-29 15:01:29,847 [WARN] ModelIntegratedComponent:63 - No mode defined for component null
2025-07-29 15:01:29,848 [WARN] ModelIntegratedComponent:63 - No mode defined for component null
2025-07-29 15:01:29,848 [WARN] ModelIntegratedComponent:63 - No mode defined for component null
2025-07-29 15:01:29,848 [WARN] ModelIntegratedComponent:63 - No mode defined for component null
2025-07-29 15:01:29,848 [WARN] ModelIntegratedComponent:63 - No mode defined for component null
2025-07-29 15:01:29,848 [WARN] ModelIntegratedComponent:63 - No mode defined for component null
2025-07-29 15:01:29,848 [WARN] ModelIntegratedComponent:63 - No mode defined for component null
2025-07-29 15:01:29,848 [WARN] ModelIntegratedComponent:63 - No mode defined for component null
2025-07-29 15:01:29,848 [WARN] ModelIntegratedComponent:63 - No mode defined for component null
2025-07-29 15:01:29,848 [WARN] ModelIntegratedComponent:63 - No mode defined for component null
2025-07-29 15:01:29,848 [WARN] ModelPack:524 - Component already loaded: STMicroelectronics:HAL Drivers:0.0.0:STMicroelectronics:Device:STMicro_Driver:XSPI:HAL::0.0.1:HAL_XSPI
2025-07-29 15:01:29,852 [INFO] RtosManager:558 - Registered RTOS mode: class=CMSIS, group=RTOS, mode=CMSIS_V1, owner=FREERTOS
2025-07-29 15:01:29,852 [INFO] RtosManager:558 - Registered RTOS mode: class=CMSIS, group=RTOS2, mode=CMSIS_V2, owner=FREERTOS
2025-07-29 15:01:29,852 [INFO] RtosManager:558 - Registered RTOS mode: class=RTOS, group=Core, mode=CMSIS_V1, owner=FREERTOS
2025-07-29 15:01:29,852 [INFO] RtosManager:558 - Registered RTOS mode: class=RTOS, group=Core, mode=CMSIS_V2, owner=FREERTOS
2025-07-29 15:01:29,853 [WARN] ModelIntegratedComponent:184 - Missing modes for component STMicroelectronics:FreeRTOS:0.0.1:STMicroelectronics:RTOS:FreeRTOS:Core:::10.2.0:
2025-07-29 15:01:29,858 [INFO] ThirdPartyModel:298 - Start build external matchings
2025-07-29 15:01:29,872 [INFO] ThirdPartyModel:316 - End build external matchings
2025-07-29 15:01:30,167 [INFO] UtilMem:75 - End LoadConfig() Used Memory: 956521944 Bytes (1073741824)
2025-07-29 15:01:30,196 [WARN] ThirdParty:833 - waiting for thirdparty lock release [change project]
2025-07-29 15:01:30,197 [INFO] ThirdParty:835 - entering critical section [change project]
2025-07-29 15:01:30,197 [INFO] ThirdParty:1030 - CMSIS Pack Vendor :STMicroelectronics USBPD 4.1
2025-07-29 15:01:30,197 [INFO] ThirdParty:1030 - CMSIS Pack Vendor :STMicroelectronics X-CUBE-DISPLAY 3.0.0
2025-07-29 15:01:30,197 [INFO] ThirdParty:1030 - CMSIS Pack Vendor :STMicroelectronics USB_HOST 2.0.0
2025-07-29 15:01:30,197 [INFO] ThirdParty:1030 - CMSIS Pack Vendor :STMicroelectronics FP-SNS-MOTENVWB1 1.4.0
2025-07-29 15:01:30,201 [INFO] ThirdParty:1030 - CMSIS Pack Vendor :STMicroelectronics LIBJPEG 8.0.0
2025-07-29 15:01:30,202 [INFO] ThirdParty:1030 - CMSIS Pack Vendor :STMicroelectronics FP-ATR-SIGFOX1 3.2.0
2025-07-29 15:01:30,202 [INFO] ThirdParty:1030 - CMSIS Pack Vendor :STMicroelectronics USB_DEVICE 3.0.0
2025-07-29 15:01:30,202 [INFO] ThirdParty:1030 - CMSIS Pack Vendor :STMicroelectronics HAL Drivers 0.0.0
2025-07-29 15:01:30,202 [INFO] ThirdParty:1030 - CMSIS Pack Vendor :STMicroelectronics MBEDTLS 2.16.2
2025-07-29 15:01:30,202 [INFO] ThirdParty:1030 - CMSIS Pack Vendor :STMicroelectronics X-CUBE-ALS 1.0.2
2025-07-29 15:01:30,202 [INFO] ThirdParty:1030 - CMSIS Pack Vendor :STMicroelectronics MBEDTLS 2.14.1
2025-07-29 15:01:30,202 [INFO] ThirdParty:1030 - CMSIS Pack Vendor :STMicroelectronics USB_DEVICE 2.0.0
2025-07-29 15:01:30,202 [INFO] ThirdParty:1030 - CMSIS Pack Vendor :STMicroelectronics FP-SNS-STBOX1 2.0.0
2025-07-29 15:01:30,202 [INFO] ThirdParty:1030 - CMSIS Pack Vendor :STMicroelectronics ThreadX 1.0.0
2025-07-29 15:01:30,202 [INFO] ThirdParty:1030 - CMSIS Pack Vendor :STMicroelectronics FP-SNS-SMARTAG2 1.2.0
2025-07-29 15:01:30,203 [INFO] ThirdParty:1030 - CMSIS Pack Vendor :STMicroelectronics FreeRTOS 0.0.1
2025-07-29 15:01:30,203 [INFO] ThirdParty:1030 - CMSIS Pack Vendor :STMicroelectronics FP-SNS-MOTENV1 5.0.0
2025-07-29 15:01:30,203 [INFO] ThirdParty:1030 - CMSIS Pack Vendor :STMicroelectronics USB_DEVICE 1.0.0
2025-07-29 15:01:30,203 [INFO] ThirdParty:1030 - CMSIS Pack Vendor :STMicroelectronics STM32_WPAN 1.0.0
2025-07-29 15:01:30,203 [INFO] ThirdParty:1030 - CMSIS Pack Vendor :STMicroelectronics ThreadX 0.0.2
2025-07-29 15:01:30,203 [INFO] ThirdParty:1030 - CMSIS Pack Vendor :STMicroelectronics lwIP 2.1.2
2025-07-29 15:01:30,203 [INFO] ThirdParty:1030 - CMSIS Pack Vendor :STMicroelectronics lwIP 2.0.3
2025-07-29 15:01:30,203 [INFO] ThirdParty:1030 - CMSIS Pack Vendor :STMicroelectronics X-CUBE-BLE2 3.3.0
2025-07-29 15:01:30,203 [INFO] ThirdParty:1030 - CMSIS Pack Vendor :STMicroelectronics USB_HOST 1.0.0
2025-07-29 15:01:30,203 [INFO] ThirdParty:1030 - CMSIS Pack Vendor :STMicroelectronics PDM2PCM 3.1.0
2025-07-29 15:01:30,203 [INFO] ThirdParty:1030 - CMSIS Pack Vendor :STMicroelectronics PDM2PCM 3.2.0
2025-07-29 15:01:30,203 [INFO] ThirdParty:1030 - CMSIS Pack Vendor :STMicroelectronics PDM2PCM 3.3.0
2025-07-29 15:01:30,203 [INFO] ThirdParty:841 - exiting critical section [change project]
2025-07-29 15:01:30,727 [INFO] PinOutPanel:1589 - setPackage(No Configuration,No Configuration)
2025-07-29 15:01:30,728 [INFO] PinOutPanel:1589 - setPackage(STM32F446RETx,LQFP64)
2025-07-29 15:01:31,087 [INFO] UtilMem:75 - Before build in PCC Used Memory: 975356936 Bytes (1073741824)
2025-07-29 15:01:31,352 [INFO] UtilMem:75 - After build in PCC Used Memory: 851138368 Bytes (1073741824)
2025-07-29 15:01:31,387 [INFO] IPUIPlugin:80 - create IPUIPlugin
2025-07-29 15:01:31,388 [INFO] IPUIPlugin:80 - create IPUIPlugin
2025-07-29 15:01:31,388 [INFO] IPUIPlugin:80 - create IPUIPlugin
2025-07-29 15:01:31,388 [INFO] IPUIPlugin:80 - create IPUIPlugin
2025-07-29 15:01:31,388 [INFO] IPUIPlugin:80 - create IPUIPlugin
2025-07-29 15:01:31,389 [INFO] IPUIPlugin:80 - create IPUIPlugin
2025-07-29 15:01:31,389 [INFO] IPUIPlugin:80 - create IPUIPlugin
2025-07-29 15:01:31,389 [INFO] IPUIPlugin:80 - create IPUIPlugin
2025-07-29 15:01:31,389 [INFO] IPUIPlugin:80 - create IPUIPlugin
2025-07-29 15:01:31,389 [INFO] IPUIPlugin:80 - create IPUIPlugin
2025-07-29 15:01:31,390 [INFO] IPUIPlugin:80 - create IPUIPlugin
2025-07-29 15:01:31,390 [INFO] IPUIPlugin:80 - create IPUIPlugin
2025-07-29 15:01:31,390 [INFO] IPUIPlugin:80 - create IPUIPlugin
2025-07-29 15:01:31,391 [INFO] IPUIPlugin:80 - create IPUIPlugin
2025-07-29 15:01:31,391 [INFO] IPUIPlugin:80 - create IPUIPlugin
2025-07-29 15:01:31,391 [INFO] IPUIPlugin:80 - create IPUIPlugin
2025-07-29 15:01:31,391 [INFO] IPUIPlugin:80 - create IPUIPlugin
2025-07-29 15:01:31,391 [INFO] IPUIPlugin:80 - create IPUIPlugin
2025-07-29 15:01:31,392 [INFO] IPUIPlugin:80 - create IPUIPlugin
2025-07-29 15:01:31,392 [INFO] IPUIPlugin:80 - create IPUIPlugin
2025-07-29 15:01:31,393 [INFO] IPUIPlugin:80 - create IPUIPlugin
2025-07-29 15:01:31,393 [INFO] IPUIPlugin:80 - create IPUIPlugin
2025-07-29 15:01:31,394 [INFO] IPUIPlugin:80 - create IPUIPlugin
2025-07-29 15:01:31,394 [INFO] IPUIPlugin:80 - create IPUIPlugin
2025-07-29 15:01:31,394 [INFO] IPUIPlugin:80 - create IPUIPlugin
2025-07-29 15:01:31,394 [INFO] IPUIPlugin:80 - create IPUIPlugin
2025-07-29 15:01:31,395 [INFO] IPUIPlugin:80 - create IPUIPlugin
2025-07-29 15:01:31,395 [INFO] IPUIPlugin:80 - create IPUIPlugin
2025-07-29 15:01:31,395 [INFO] IPUIPlugin:80 - create IPUIPlugin
2025-07-29 15:01:31,396 [INFO] IPUIPlugin:80 - create IPUIPlugin
2025-07-29 15:01:31,396 [INFO] IPUIPlugin:80 - create IPUIPlugin
2025-07-29 15:01:31,397 [INFO] IPUIPlugin:80 - create IPUIPlugin
2025-07-29 15:01:31,397 [INFO] IPUIPlugin:80 - create IPUIPlugin
2025-07-29 15:01:31,397 [INFO] IPUIPlugin:80 - create IPUIPlugin
2025-07-29 15:01:31,398 [INFO] IPUIPlugin:80 - create IPUIPlugin
2025-07-29 15:01:31,398 [INFO] IPUIPlugin:80 - create IPUIPlugin
2025-07-29 15:01:31,399 [INFO] IPUIPlugin:80 - create IPUIPlugin
2025-07-29 15:01:31,400 [INFO] IPUIPlugin:80 - create IPUIPlugin
2025-07-29 15:01:31,400 [INFO] IPUIPlugin:80 - create IPUIPlugin
2025-07-29 15:01:31,401 [INFO] IPUIPlugin:80 - create IPUIPlugin
2025-07-29 15:01:31,401 [INFO] IPUIPlugin:80 - create IPUIPlugin
2025-07-29 15:01:31,402 [INFO] IPUIPlugin:80 - create IPUIPlugin
2025-07-29 15:01:31,402 [INFO] IPUIPlugin:80 - create IPUIPlugin
2025-07-29 15:01:31,403 [INFO] IPUIPlugin:80 - create IPUIPlugin
2025-07-29 15:01:31,403 [INFO] IPUIPlugin:80 - create IPUIPlugin
2025-07-29 15:01:31,404 [INFO] IPUIPlugin:80 - create IPUIPlugin
2025-07-29 15:01:31,405 [INFO] IPUIPlugin:80 - create IPUIPlugin
2025-07-29 15:01:31,405 [INFO] IPUIPlugin:80 - create IPUIPlugin
2025-07-29 15:01:31,406 [INFO] IPUIPlugin:80 - create IPUIPlugin
2025-07-29 15:01:31,406 [INFO] IPUIPlugin:80 - create IPUIPlugin
2025-07-29 15:01:31,407 [INFO] IPUIPlugin:80 - create IPUIPlugin
2025-07-29 15:01:31,408 [INFO] IPUIPlugin:80 - create IPUIPlugin
2025-07-29 15:01:31,408 [INFO] IPUIPlugin:80 - create IPUIPlugin
2025-07-29 15:01:31,409 [INFO] IPUIPlugin:80 - create IPUIPlugin
2025-07-29 15:01:31,409 [INFO] IPUIPlugin:80 - create IPUIPlugin
2025-07-29 15:01:31,410 [INFO] IPUIPlugin:80 - create IPUIPlugin
2025-07-29 15:01:31,411 [INFO] IPUIPlugin:80 - create IPUIPlugin
2025-07-29 15:01:31,412 [INFO] IPUIPlugin:80 - create IPUIPlugin
2025-07-29 15:01:31,413 [INFO] IPUIPlugin:80 - create IPUIPlugin
2025-07-29 15:01:31,414 [INFO] IPUIPlugin:80 - create IPUIPlugin
2025-07-29 15:01:31,416 [INFO] ApiDbMcu:508 - Load IP Config File for PDM2PCM
2025-07-29 15:01:31,498 [INFO] CADModel:165 - CPN selected for project levelSTM32F446RET6
2025-07-29 15:01:31,498 [INFO] CADModel:114 - Register for checkConnection events
2025-07-29 15:01:31,553 [INFO] OpenFileManager:385 - Restore cursor
2025-07-29 15:01:31,559 [INFO] ApiDb:581 - Connected to CubeFinder SQLite database (/home/nova/.stmcufinder/plugins/mcufinder/mcu/cube-finder-db.db)
2025-07-29 15:02:11,575 [INFO] UtilMem:75 - End SaveConfig() Used Memory: 925119184 Bytes (1073741824)
2025-07-29 15:02:12,940 [INFO] UtilMem:75 - End SaveConfig() Used Memory: 951333584 Bytes (1073741824)
2025-07-29 15:02:16,391 [INFO] UtilMem:75 - End SaveConfig() Used Memory: 984682448 Bytes (1073741824)
2025-07-29 15:02:17,292 [INFO] BlockDiagram:2775 - set Specific Code input for plugin: SYS
2025-07-29 15:02:17,298 [INFO] BlockDiagram:2775 - set Specific Code input for plugin: RCC
2025-07-29 15:02:17,299 [INFO] BlockDiagram:2775 - set Specific Code input for plugin: NVIC
2025-07-29 15:02:17,299 [INFO] BlockDiagram:2775 - set Specific Code input for plugin: USART
2025-07-29 15:02:17,299 [INFO] BlockDiagram:2775 - set Specific Code input for plugin: GPIO
2025-07-29 15:02:17,300 [INFO] CodeGenerator:882 - code generatio: config db path: /opt/st/stm32cubeide_1.18.1/plugins/com.st.stm32cube.common.mx_6.14.1.202504091515//db/
2025-07-29 15:02:17,589 [INFO] CodeEngine:263 - oldGeneratedFile, /home/nova/STM32CubeIDE/workspace_1.18.1/FSM_UART/MXTmpFiles/license.tmp_save
2025-07-29 15:02:18,114 [INFO] CodeEngine:287 - Generated code: /home/nova/STM32CubeIDE/workspace_1.18.1/FSM_UART/MXTmpFiles/license.tmp
2025-07-29 15:02:18,232 [INFO] CodeEngine:263 - oldGeneratedFile, /home/nova/STM32CubeIDE/workspace_1.18.1/FSM_UART/MXTmpFiles/gpio.tmp_save
2025-07-29 15:02:18,480 [INFO] CodeEngine:287 - Generated code: /home/nova/STM32CubeIDE/workspace_1.18.1/FSM_UART/MXTmpFiles/gpio.tmp
2025-07-29 15:02:18,588 [INFO] CodeEngine:263 - oldGeneratedFile, /home/nova/STM32CubeIDE/workspace_1.18.1/FSM_UART/Core/Src/stm32f4xx_it.c_save
2025-07-29 15:02:18,873 [INFO] CodeEngine:287 - Generated code: /home/nova/STM32CubeIDE/workspace_1.18.1/FSM_UART/Core/Src/stm32f4xx_it.c
2025-07-29 15:02:18,875 [INFO] CodeEngine:263 - oldGeneratedFile, /home/nova/STM32CubeIDE/workspace_1.18.1/FSM_UART/Core/Inc/stm32f4xx_it.h_save
2025-07-29 15:02:19,141 [INFO] CodeEngine:287 - Generated code: /home/nova/STM32CubeIDE/workspace_1.18.1/FSM_UART/Core/Inc/stm32f4xx_it.h
2025-07-29 15:02:19,160 [INFO] CodeEngine:263 - oldGeneratedFile, /home/nova/STM32CubeIDE/workspace_1.18.1/FSM_UART/Core/Src/stm32f4xx_hal_msp.c_save
2025-07-29 15:02:19,439 [INFO] CodeEngine:287 - Generated code: /home/nova/STM32CubeIDE/workspace_1.18.1/FSM_UART/Core/Src/stm32f4xx_hal_msp.c
2025-07-29 15:02:19,441 [INFO] CodeEngine:263 - oldGeneratedFile, /home/nova/STM32CubeIDE/workspace_1.18.1/FSM_UART/MXTmpFiles/system.tmp_save
2025-07-29 15:02:19,600 [INFO] CodeEngine:287 - Generated code: /home/nova/STM32CubeIDE/workspace_1.18.1/FSM_UART/MXTmpFiles/system.tmp
2025-07-29 15:02:19,611 [INFO] CodeEngine:319 - oldGeneratedFile, /home/nova/STM32CubeIDE/workspace_1.18.1/FSM_UART/Core/Inc/stm32f4xx_hal_conf.h_save
2025-07-29 15:02:19,807 [INFO] CodeEngine:343 - Generated code: /home/nova/STM32CubeIDE/workspace_1.18.1/FSM_UART/Core/Inc/stm32f4xx_hal_conf.h
2025-07-29 15:02:19,846 [WARN] IPConfigManager:3217 - Warning: the RefConfig PLL2P_FOR_MCO is not available in your config.xml file
2025-07-29 15:02:19,856 [INFO] ApiDbMcu:508 - Load IP Config File for USART2
2025-07-29 15:02:19,866 [INFO] ApiDbMcu:508 - Load IP Config File for RCC
2025-07-29 15:02:19,872 [INFO] CodeEngine:263 - oldGeneratedFile, /home/nova/STM32CubeIDE/workspace_1.18.1/FSM_UART/Core/Inc/main.h_save
2025-07-29 15:02:20,003 [INFO] CodeEngine:287 - Generated code: /home/nova/STM32CubeIDE/workspace_1.18.1/FSM_UART/Core/Inc/main.h
2025-07-29 15:02:20,005 [INFO] CodeEngine:263 - oldGeneratedFile, /home/nova/STM32CubeIDE/workspace_1.18.1/FSM_UART/Core/Src/main.c_save
2025-07-29 15:02:20,224 [INFO] CodeEngine:287 - Generated code: /home/nova/STM32CubeIDE/workspace_1.18.1/FSM_UART/Core/Src/main.c
2025-07-29 15:02:20,621 [INFO] ProjectBuilder:3324 - Time for Copy HAL[1] : 39mS.
2025-07-29 15:02:20,625 [INFO] ProjectBuilder:4912 - Project Generator version: 4.6.0.1-B1
2025-07-29 15:02:20,790 [INFO] ConfigFileManager:1590 - The Die is : DIE421
2025-07-29 15:02:20,793 [INFO] ApiDbMcu:508 - Load IP Config File for FATFS
2025-07-29 15:02:20,801 [INFO] ApiDbMcu:508 - Load IP Config File for FREERTOS
2025-07-29 15:02:20,804 [INFO] ApiDbMcu:508 - Load IP Config File for LIBJPEG
2025-07-29 15:02:20,815 [INFO] ApiDbMcu:508 - Load IP Config File for MBEDTLS
2025-07-29 15:02:20,826 [INFO] ApiDbMcu:508 - Load IP Config File for USB_DEVICE
2025-07-29 15:02:20,832 [INFO] ApiDbMcu:508 - Load IP Config File for USB_HOST
2025-07-29 15:02:23,631 [INFO] ProjectBuilder:5191 - Time for Generating toolchain IDE Files: 3006mS.
2025-07-29 15:02:23,632 [INFO] ProjectBuilder:3181 - Time for Copy CMSIS : 0mS.
2025-07-29 15:02:23,634 [INFO] ProjectBuilder:3181 - Time for Copy CMSIS : 1mS.
2025-07-29 15:11:34,316 [INFO] Activator:176 - 


2025-07-29 15:11:34,319 [INFO] Activator:177 - !SESSION log4j initialized
2025-07-29 15:11:38,011 [INFO] LogOutputStream:77 - [STDOUT_REDIRECT] 
2025-07-29 15:11:41,891 [INFO] ApplicationProperties:184 - Using Application install path: /opt/st/stm32cubeide_1.18.1/plugins/com.st.stm32cube.common.mx_6.14.1.202504091515
2025-07-29 15:11:41,912 [INFO] DbMcusXml:78 - Set database path to: /opt/st/stm32cubeide_1.18.1/plugins/com.st.stm32cube.common.mx_6.14.1.202504091515//db//mcu/
2025-07-29 15:11:41,912 [INFO] ApiDb:274 - Set plugin database path to: /opt/st/stm32cubeide_1.18.1/plugins/com.st.stm32cube.common.mx_6.14.1.202504091515//db//plugins/boardmanager/
2025-07-29 15:11:41,913 [WARN] ApiDb:259 - Overriding images path with different value:  => /opt/st/stm32cubeide_1.18.1/plugins/com.st.stm32cube.common.mx_6.14.1.202504091515//db//plugins/mcufinder/images/
2025-07-29 15:11:41,918 [INFO] ApiDb:250 - Set database path to: /home/nova/.stmcufinder/plugins/mcufinder//mcu/
2025-07-29 15:11:41,920 [INFO] DbMcusAds:125 - Set database path to: /home/nova/.stmcufinder/plugins/mcufinder//mcu/
2025-07-29 15:11:41,923 [INFO] CrossReferenceDbSqlite:203 - Set database path to: /home/nova/.stmcufinder/plugins/mcufinder//mcu/cs/
2025-07-29 15:11:42,238 [INFO] RulesReader:64 - Compatibility file has been processed (302 Rules)
2025-07-29 15:11:42,323 [INFO] DbMcusXml:78 - Set database path to: /opt/st/stm32cubeide_1.18.1/plugins/com.st.stm32cube.common.mx_6.14.1.202504091515//db//mcu/
2025-07-29 15:11:42,323 [INFO] ApiDb:274 - Set plugin database path to: /opt/st/stm32cubeide_1.18.1/plugins/com.st.stm32cube.common.mx_6.14.1.202504091515//db//plugins/boardmanager/
2025-07-29 15:11:42,323 [INFO] ApiDb:261 - Set plugin images path to: /opt/st/stm32cubeide_1.18.1/plugins/com.st.stm32cube.common.mx_6.14.1.202504091515//db//plugins/mcufinder/images/
2025-07-29 15:11:42,324 [WARN] DbFile:41 - Overriding database path with different value: /home/nova/.stmcufinder/plugins/mcufinder/ => /home/nova/.stmcufinder/plugins/mcufinder
2025-07-29 15:11:42,324 [INFO] ApiDb:250 - Set database path to: /home/nova/.stmcufinder/plugins/mcufinder//mcu/
2025-07-29 15:11:42,324 [WARN] DbFile:41 - Overriding database path with different value: /home/nova/.stmcufinder/plugins/mcufinder/ => /home/nova/.stmcufinder/plugins/mcufinder
2025-07-29 15:11:42,324 [INFO] DbMcusAds:125 - Set database path to: /home/nova/.stmcufinder/plugins/mcufinder//mcu/
2025-07-29 15:11:42,324 [WARN] DbFile:41 - Overriding database path with different value: /home/nova/.stmcufinder/plugins/mcufinder/ => /home/nova/.stmcufinder/plugins/mcufinder
2025-07-29 15:11:42,324 [WARN] DbFile:41 - Overriding database path with different value: /home/nova/.stmcufinder/plugins/mcufinder/ => /home/nova/.stmcufinder/plugins/mcufinder
2025-07-29 15:11:42,324 [INFO] CrossReferenceDbSqlite:203 - Set database path to: /home/nova/.stmcufinder/plugins/mcufinder//mcu/cs/
2025-07-29 15:11:42,403 [INFO] MainPanel:272 - HeapMemory: 268435456
2025-07-29 15:11:42,526 [INFO] DbMcusXml:78 - Set database path to: /opt/st/stm32cubeide_1.18.1/plugins/com.st.stm32cube.common.mx_6.14.1.202504091515//db//mcu/
2025-07-29 15:11:42,526 [INFO] ApiDb:274 - Set plugin database path to: /opt/st/stm32cubeide_1.18.1/plugins/com.st.stm32cube.common.mx_6.14.1.202504091515//db//plugins/boardmanager/
2025-07-29 15:11:42,527 [INFO] ApiDb:261 - Set plugin images path to: /opt/st/stm32cubeide_1.18.1/plugins/com.st.stm32cube.common.mx_6.14.1.202504091515//db//plugins/mcufinder/images/
2025-07-29 15:11:42,527 [WARN] DbFile:41 - Overriding database path with different value: /home/nova/.stmcufinder/plugins/mcufinder/ => /home/nova/.stmcufinder/plugins/mcufinder
2025-07-29 15:11:42,527 [INFO] ApiDb:250 - Set database path to: /home/nova/.stmcufinder/plugins/mcufinder//mcu/
2025-07-29 15:11:42,527 [WARN] DbFile:41 - Overriding database path with different value: /home/nova/.stmcufinder/plugins/mcufinder/ => /home/nova/.stmcufinder/plugins/mcufinder
2025-07-29 15:11:42,528 [INFO] DbMcusAds:125 - Set database path to: /home/nova/.stmcufinder/plugins/mcufinder//mcu/
2025-07-29 15:11:42,528 [WARN] DbFile:41 - Overriding database path with different value: /home/nova/.stmcufinder/plugins/mcufinder/ => /home/nova/.stmcufinder/plugins/mcufinder
2025-07-29 15:11:42,528 [WARN] DbFile:41 - Overriding database path with different value: /home/nova/.stmcufinder/plugins/mcufinder/ => /home/nova/.stmcufinder/plugins/mcufinder
2025-07-29 15:11:42,528 [INFO] CrossReferenceDbSqlite:203 - Set database path to: /home/nova/.stmcufinder/plugins/mcufinder//mcu/cs/
2025-07-29 15:11:42,548 [INFO] ApplicationProperties:184 - Using Application install path: /opt/st/stm32cubeide_1.18.1/plugins/com.st.stm32cube.common.mx_6.14.1.202504091515
2025-07-29 15:11:42,550 [INFO] PluginManage:196 - Search for loadable plugins [exclusion list=, ]
2025-07-29 15:11:42,551 [INFO] PluginManage:310 - Check plugin analytics
2025-07-29 15:11:42,813 [INFO] AnalyticsPlugin:253 - Accepted Software Licenses: 
2025-07-29 15:11:42,813 [INFO] AnalyticsPlugin:255 - Accepted CMSIS Pack Licenses: 
2025-07-29 15:11:42,813 [INFO] AnalyticsPlugin:257 - Accepted Firmware Licenses: 
2025-07-29 15:11:42,814 [INFO] PluginManage:359 - Loaded plugin analytics (category:tool,tabindex:-1)
2025-07-29 15:11:42,814 [INFO] PluginManage:310 - Check plugin cadmodel
2025-07-29 15:11:42,824 [INFO] CADModel:105 - Init CAD model plugin
2025-07-29 15:11:42,824 [INFO] PluginManage:359 - Loaded plugin cadmodel (category:power,tabindex:5)
2025-07-29 15:11:42,825 [INFO] PluginManage:310 - Check plugin clock
2025-07-29 15:11:42,838 [INFO] PluginManage:359 - Loaded plugin clock (category:base,tabindex:2)
2025-07-29 15:11:42,838 [INFO] PluginManage:310 - Check plugin ddr
2025-07-29 15:11:42,841 [INFO] PluginManage:359 - Loaded plugin ddr (category:tool,tabindex:6)
2025-07-29 15:11:42,842 [INFO] PluginManage:310 - Check plugin filemanager
2025-07-29 15:11:43,036 [INFO] PluginManage:359 - Loaded plugin filemanager (category:base,tabindex:10)
2025-07-29 15:11:43,036 [INFO] PluginManage:310 - Check plugin ipmanager
2025-07-29 15:11:43,042 [INFO] PluginManage:359 - Loaded plugin ipmanager (category:base,tabindex:5)
2025-07-29 15:11:43,042 [INFO] PluginManage:310 - Check plugin lpbam
2025-07-29 15:11:43,052 [INFO] PluginManage:359 - Loaded plugin lpbam (category:base,tabindex:0)
2025-07-29 15:11:43,053 [INFO] PluginManage:310 - Check plugin memorymap
2025-07-29 15:11:43,065 [INFO] PluginManage:359 - Loaded plugin memorymap (category:base,tabindex:4)
2025-07-29 15:11:43,065 [INFO] PluginManage:310 - Check plugin pinoutandconfiguration
2025-07-29 15:11:43,077 [INFO] PluginManage:359 - Loaded plugin pinoutandconfiguration (category:base,tabindex:1)
2025-07-29 15:11:43,077 [INFO] PluginManage:310 - Check plugin pinoutconfig
2025-07-29 15:11:43,210 [WARN] SupportedApi:132 - Cannot load RTOS API schema: s4s-elt-must-match.1: The content of 'definitions' must match (annotation?, (simpleType | complexType)?, (unique | key | keyref)*)). A problem was found starting at: attribute.
2025-07-29 15:11:43,381 [INFO] PluginManage:359 - Loaded plugin pinoutconfig (category:base,tabindex:0)
2025-07-29 15:11:43,381 [INFO] PluginManage:310 - Check plugin power
2025-07-29 15:11:43,391 [INFO] PluginManage:359 - Loaded plugin power (category:power,tabindex:4)
2025-07-29 15:11:43,391 [INFO] PluginManage:310 - Check plugin projectmanager
2025-07-29 15:11:43,413 [INFO] PluginManage:359 - Loaded plugin projectmanager (category:projectmanager,tabindex:4)
2025-07-29 15:11:43,413 [INFO] PluginManage:310 - Check plugin rif
2025-07-29 15:11:43,420 [INFO] PluginManage:359 - Loaded plugin rif (category:base,tabindex:3)
2025-07-29 15:11:43,420 [INFO] PluginManage:310 - Check plugin thirdparty
2025-07-29 15:11:43,580 [WARN] IntegrityCheckThread:84 - waiting for thirdparty lock release [integrity check]
2025-07-29 15:11:43,580 [INFO] IntegrityCheckThread:86 - entering critical section [integrity check]
2025-07-29 15:11:43,580 [INFO] PluginManage:359 - Loaded plugin thirdparty (category:base,tabindex:-1)
2025-07-29 15:11:43,581 [INFO] ThirdPartyUpdaterWithRetryManager:70 - Updater plugin not ready yet. [1/15]
2025-07-29 15:11:43,581 [INFO] PluginManage:310 - Check plugin tools
2025-07-29 15:11:43,584 [INFO] PluginManage:359 - Loaded plugin tools (category:base,tabindex:7)
2025-07-29 15:11:43,584 [INFO] PluginManage:310 - Check plugin tutovideos
2025-07-29 15:11:43,781 [INFO] PluginManage:359 - Loaded plugin tutovideos (category:base,tabindex:-1)
2025-07-29 15:11:43,781 [INFO] PluginManage:310 - Check plugin updater
2025-07-29 15:11:43,811 [INFO] PluginManage:359 - Loaded plugin updater (category:base,tabindex:12)
2025-07-29 15:11:43,811 [INFO] PluginManage:310 - Check plugin userauth
2025-07-29 15:11:43,816 [INFO] UserAuth:118 - Init User Auth plugin
2025-07-29 15:11:43,818 [INFO] PluginManage:359 - Loaded plugin userauth (category:base,tabindex:14)
2025-07-29 15:11:43,819 [INFO] PluginManage:283 - PluginManage : Loaded plugins [18]
2025-07-29 15:11:44,036 [INFO] PinOutPanel:1589 - setPackage(No Configuration,No Configuration)
2025-07-29 15:11:44,150 [INFO] CADModel:165 - CPN selected for project level
2025-07-29 15:11:44,150 [INFO] CADModel:114 - Register for checkConnection events
2025-07-29 15:11:44,168 [INFO] IPUIPlugin:80 - create IPUIPlugin
2025-07-29 15:11:44,168 [INFO] PluginManager:220 - loadIPPluginJar : add hash
2025-07-29 15:11:44,171 [INFO] IPUIPlugin:80 - create IPUIPlugin
2025-07-29 15:11:44,171 [INFO] PluginManager:220 - loadIPPluginJar : add tracer_emb
2025-07-29 15:11:44,179 [INFO] IPUIPlugin:80 - create IPUIPlugin
2025-07-29 15:11:44,180 [INFO] PluginManager:220 - loadIPPluginJar : add gic
2025-07-29 15:11:44,189 [INFO] IPUIPlugin:80 - create IPUIPlugin
2025-07-29 15:11:44,190 [INFO] PluginManager:220 - loadIPPluginJar : add mdma
2025-07-29 15:11:44,194 [INFO] IPUIPlugin:80 - create IPUIPlugin
2025-07-29 15:11:44,194 [INFO] PluginManager:220 - loadIPPluginJar : add touchsensing
2025-07-29 15:11:44,198 [INFO] IPUIPlugin:80 - create IPUIPlugin
2025-07-29 15:11:44,198 [INFO] PluginManager:220 - loadIPPluginJar : add lorawan
2025-07-29 15:11:44,206 [INFO] IPUIPlugin:80 - create IPUIPlugin
2025-07-29 15:11:44,206 [INFO] PluginManager:220 - loadIPPluginJar : add dma
2025-07-29 15:11:44,209 [INFO] IPUIPlugin:80 - create IPUIPlugin
2025-07-29 15:11:44,209 [INFO] PluginManager:220 - loadIPPluginJar : add radio
2025-07-29 15:11:44,213 [INFO] IPUIPlugin:80 - create IPUIPlugin
2025-07-29 15:11:44,213 [INFO] PluginManager:220 - loadIPPluginJar : add i2c
2025-07-29 15:11:44,215 [INFO] IPUIPlugin:80 - create IPUIPlugin
2025-07-29 15:11:44,215 [INFO] PluginManager:220 - loadIPPluginJar : add fatfs
2025-07-29 15:11:44,219 [INFO] IPUIPlugin:80 - create IPUIPlugin
2025-07-29 15:11:44,220 [INFO] PluginManager:220 - loadIPPluginJar : add openamp
2025-07-29 15:11:44,225 [INFO] IPUIPlugin:80 - create IPUIPlugin
2025-07-29 15:11:44,225 [INFO] PluginManager:220 - loadIPPluginJar : add nvic
2025-07-29 15:11:44,227 [INFO] IPUIPlugin:80 - create IPUIPlugin
2025-07-29 15:11:44,227 [INFO] PluginManager:220 - loadIPPluginJar : add quadspi
2025-07-29 15:11:44,231 [INFO] IPUIPlugin:80 - create IPUIPlugin
2025-07-29 15:11:44,231 [INFO] PluginManager:220 - loadIPPluginJar : add extmemmanager
2025-07-29 15:11:44,235 [INFO] IPUIPlugin:80 - create IPUIPlugin
2025-07-29 15:11:44,235 [INFO] PluginManager:220 - loadIPPluginJar : add sai
2025-07-29 15:11:44,244 [INFO] IPUIPlugin:80 - create IPUIPlugin
2025-07-29 15:11:44,244 [INFO] PluginManager:220 - loadIPPluginJar : add fmc
2025-07-29 15:11:44,248 [INFO] IPUIPlugin:80 - create IPUIPlugin
2025-07-29 15:11:44,248 [INFO] PluginManager:220 - loadIPPluginJar : add can
2025-07-29 15:11:44,251 [INFO] IPUIPlugin:80 - create IPUIPlugin
2025-07-29 15:11:44,252 [INFO] PluginManager:220 - loadIPPluginJar : add ddr_ctrl_phy
2025-07-29 15:11:44,255 [INFO] IPUIPlugin:80 - create IPUIPlugin
2025-07-29 15:11:44,256 [INFO] PluginManager:220 - loadIPPluginJar : add opamp
2025-07-29 15:11:44,260 [INFO] IPUIPlugin:80 - create IPUIPlugin
2025-07-29 15:11:44,260 [INFO] PluginManager:220 - loadIPPluginJar : add ipddr
2025-07-29 15:11:44,264 [INFO] IPUIPlugin:80 - create IPUIPlugin
2025-07-29 15:11:44,264 [INFO] PluginManager:220 - loadIPPluginJar : add i3c
2025-07-29 15:11:44,272 [INFO] IPUIPlugin:80 - create IPUIPlugin
2025-07-29 15:11:44,273 [INFO] PluginManager:220 - loadIPPluginJar : add adc
2025-07-29 15:11:44,276 [INFO] IPUIPlugin:80 - create IPUIPlugin
2025-07-29 15:11:44,276 [INFO] PluginManager:220 - loadIPPluginJar : add gtzc
2025-07-29 15:11:44,279 [INFO] IPUIPlugin:80 - create IPUIPlugin
2025-07-29 15:11:44,279 [INFO] PluginManager:220 - loadIPPluginJar : add gfxmmu
2025-07-29 15:11:44,283 [INFO] IPUIPlugin:80 - create IPUIPlugin
2025-07-29 15:11:44,283 [INFO] PluginManager:220 - loadIPPluginJar : add spi
2025-07-29 15:11:44,291 [INFO] IPUIPlugin:80 - create IPUIPlugin
2025-07-29 15:11:44,296 [INFO] PluginManager:220 - loadIPPluginJar : add plateformsettings
2025-07-29 15:11:44,300 [INFO] IPUIPlugin:80 - create IPUIPlugin
2025-07-29 15:11:44,300 [INFO] PluginManager:220 - loadIPPluginJar : add pdm2pcm
2025-07-29 15:11:44,302 [INFO] IPUIPlugin:80 - create IPUIPlugin
2025-07-29 15:11:44,302 [INFO] PluginManager:220 - loadIPPluginJar : add genericplugin
2025-07-29 15:11:44,305 [INFO] IPUIPlugin:80 - create IPUIPlugin
2025-07-29 15:11:44,306 [INFO] PluginManager:220 - loadIPPluginJar : add i2s
2025-07-29 15:11:44,307 [INFO] IPUIPlugin:80 - create IPUIPlugin
2025-07-29 15:11:44,308 [INFO] PluginManager:220 - loadIPPluginJar : add tsc
2025-07-29 15:11:44,311 [INFO] IPUIPlugin:80 - create IPUIPlugin
2025-07-29 15:11:44,311 [INFO] PluginManager:220 - loadIPPluginJar : add dma3
2025-07-29 15:11:44,314 [INFO] IPUIPlugin:80 - create IPUIPlugin
2025-07-29 15:11:44,315 [INFO] PluginManager:220 - loadIPPluginJar : add aes
2025-07-29 15:11:44,317 [INFO] IPUIPlugin:80 - create IPUIPlugin
2025-07-29 15:11:44,317 [INFO] PluginManager:220 - loadIPPluginJar : add ts
2025-07-29 15:11:44,320 [INFO] IPUIPlugin:80 - create IPUIPlugin
2025-07-29 15:11:44,320 [INFO] PluginManager:220 - loadIPPluginJar : add ucpd
2025-07-29 15:11:44,322 [INFO] IPUIPlugin:80 - create IPUIPlugin
2025-07-29 15:11:44,322 [INFO] PluginManager:220 - loadIPPluginJar : add comp
2025-07-29 15:11:44,326 [INFO] IPUIPlugin:80 - create IPUIPlugin
2025-07-29 15:11:44,326 [INFO] PluginManager:220 - loadIPPluginJar : add usart
2025-07-29 15:11:44,330 [INFO] IPUIPlugin:80 - create IPUIPlugin
2025-07-29 15:11:44,330 [INFO] PluginManager:220 - loadIPPluginJar : add resmgrutility
2025-07-29 15:11:44,334 [INFO] IPUIPlugin:80 - create IPUIPlugin
2025-07-29 15:11:44,335 [INFO] PluginManager:220 - loadIPPluginJar : add usbx
2025-07-29 15:11:44,338 [INFO] IPUIPlugin:80 - create IPUIPlugin
2025-07-29 15:11:44,338 [INFO] PluginManager:220 - loadIPPluginJar : add dfsdm
2025-07-29 15:11:44,341 [INFO] IPUIPlugin:80 - create IPUIPlugin
2025-07-29 15:11:44,341 [INFO] PluginManager:220 - loadIPPluginJar : add cryp
2025-07-29 15:11:44,351 [INFO] IPUIPlugin:80 - create IPUIPlugin
2025-07-29 15:11:44,352 [INFO] PluginManager:220 - loadIPPluginJar : add linkedlist
2025-07-29 15:11:44,353 [INFO] IPUIPlugin:80 - create IPUIPlugin
2025-07-29 15:11:44,354 [INFO] PluginManager:220 - loadIPPluginJar : add ltdc
2025-07-29 15:11:44,356 [INFO] IPUIPlugin:80 - create IPUIPlugin
2025-07-29 15:11:44,356 [INFO] PluginManager:220 - loadIPPluginJar : add tim
2025-07-29 15:11:44,361 [INFO] IPUIPlugin:80 - create IPUIPlugin
2025-07-29 15:11:44,362 [INFO] PluginManager:220 - loadIPPluginJar : add gpio
2025-07-29 15:11:44,368 [INFO] IPUIPlugin:80 - create IPUIPlugin
2025-07-29 15:11:44,369 [INFO] PluginManager:220 - loadIPPluginJar : add freertos
2025-07-29 15:11:44,378 [INFO] IPUIPlugin:80 - create IPUIPlugin
2025-07-29 15:11:44,379 [INFO] PluginManager:220 - loadIPPluginJar : add stm32_wpan
2025-07-29 15:11:44,506 [FATAL] Updater:351 - Updater called before beeing initialized
2025-07-29 15:11:44,555 [INFO] RulesReader:64 - Compatibility file has been processed (302 Rules)
2025-07-29 15:11:44,579 [INFO] RulesReader:64 - Compatibility file has been processed (302 Rules)
2025-07-29 15:11:44,590 [INFO] CADModel:165 - CPN selected for project level
2025-07-29 15:11:44,590 [INFO] CADModel:114 - Register for checkConnection events
2025-07-29 15:11:44,591 [FATAL] Updater:351 - Updater called before beeing initialized
2025-07-29 15:11:44,591 [ERROR] CADModel:125 - Updater not yet initialized, retry later 
2025-07-29 15:11:44,768 [FATAL] Updater:351 - Updater called before beeing initialized
2025-07-29 15:11:44,770 [INFO] CADModel:165 - CPN selected for project level
2025-07-29 15:11:44,770 [INFO] CADModel:114 - Register for checkConnection events
2025-07-29 15:11:44,770 [FATAL] Updater:351 - Updater called before beeing initialized
2025-07-29 15:11:44,771 [ERROR] CADModel:125 - Updater not yet initialized, retry later 
2025-07-29 15:11:44,775 [FATAL] Updater:351 - Updater called before beeing initialized
2025-07-29 15:11:44,909 [FATAL] Updater:351 - Updater called before beeing initialized
2025-07-29 15:11:44,914 [INFO] DbMcusAds:53 - JSON generation date=Tue Jul 08 13:44:23 IST 2025 (1751962463562)
2025-07-29 15:11:44,914 [FATAL] Updater:351 - Updater called before beeing initialized
2025-07-29 15:11:44,965 [WARN] DetailPanel:346 - Failed to get advertising image, set to default
2025-07-29 15:11:45,358 [FATAL] Updater:351 - Updater called before beeing initialized
2025-07-29 15:11:45,360 [FATAL] Updater:351 - Updater called before beeing initialized
2025-07-29 15:11:45,361 [FATAL] Updater:351 - Updater called before beeing initialized
2025-07-29 15:11:45,361 [WARN] DetailPanel:346 - Failed to get advertising image, set to default
2025-07-29 15:11:45,362 [FATAL] Updater:351 - Updater called before beeing initialized
2025-07-29 15:11:45,409 [ERROR] Updater:1198 - MainUpdater not yet initialized. External WinMGr cannot be set.
2025-07-29 15:11:45,411 [INFO] Updater:1134 - Updater Version found : 6.14.1
2025-07-29 15:11:45,431 [INFO] ApplicationProperties:184 - Using Application install path: /opt/st/stm32cubeide_1.18.1/plugins/com.st.stm32cube.common.mx_6.14.1.202504091515
2025-07-29 15:11:45,769 [INFO] MainUpdater:2872 - connection check result : 10
2025-07-29 15:11:45,772 [INFO] MainUpdater:289 - Updater Check For Update Now.
2025-07-29 15:11:45,772 [INFO] MicroXplorer:498 - Change Database Version : DB.6.0.141
2025-07-29 15:11:45,782 [INFO] McuFinderGlobals:63 - Set McuFinder mode to 2 (CubeIDE integrated)
2025-07-29 15:11:45,786 [INFO] UserAuth:171 - activating auth plugin
2025-07-29 15:11:45,795 [INFO] UserAuth:484 - Internet connection configuration mode: 1
2025-07-29 15:11:45,826 [INFO] JxBrowserEngine:152 - Initiate JxBrowser Engine with user profile folder
2025-07-29 15:11:46,040 [INFO] CheckServerUpdateThread:120 - End of CheckServer Thread
2025-07-29 15:11:46,821 [WARN] PackLoader:240 - Cannot read IP mode file for STMicroelectronics.FP-SNS-MOTENVWB1.1.4.0
2025-07-29 15:11:46,871 [WARN] PackLoader:240 - Cannot read IP mode file for STMicroelectronics.X-CUBE-DISPLAY.3.0.0
2025-07-29 15:11:46,901 [WARN] PackLoader:240 - Cannot read IP mode file for STMicroelectronics.FP-SNS-SMARTAG2.1.2.0
2025-07-29 15:11:46,910 [WARN] PackLoader:240 - Cannot read IP mode file for STMicroelectronics.FP-SNS-MOTENV1.5.0.0
2025-07-29 15:11:46,936 [WARN] PackLoader:240 - Cannot read IP mode file for STMicroelectronics.X-CUBE-BLE2.3.3.0
2025-07-29 15:11:46,948 [WARN] PackLoader:240 - Cannot read IP mode file for STMicroelectronics.FP-ATR-SIGFOX1.3.2.0
2025-07-29 15:11:46,973 [INFO] WebApp:169 - Instantiating new browser for Auth
2025-07-29 15:11:46,976 [WARN] PackLoader:240 - Cannot read IP mode file for STMicroelectronics.FP-SNS-STBOX1.2.0.0
2025-07-29 15:11:47,006 [WARN] PackLoader:240 - Cannot read IP mode file for STMicroelectronics.X-CUBE-ALS.1.0.2
2025-07-29 15:11:47,010 [INFO] ThirdParty:978 - Integrity check success = true
2025-07-29 15:11:47,011 [INFO] IntegrityCheckThread:100 - exiting critical section [integrity check]
2025-07-29 15:11:47,011 [INFO] IntegrityCheckThread:103 - End integrity checks thread
2025-07-29 15:11:48,584 [INFO] WebApp:463 - Apply proxy settings
2025-07-29 15:11:48,584 [INFO] WebApp:548 - Chromium requires no authentication
2025-07-29 15:11:48,597 [INFO] WebApp:491 - Direct internet connection detected
2025-07-29 15:11:48,627 [INFO] WebApp:894 - Register for checkConnection events
2025-07-29 15:11:48,627 [INFO] WebApp:463 - Apply proxy settings
2025-07-29 15:11:48,627 [INFO] WebApp:548 - Chromium requires no authentication
2025-07-29 15:11:48,628 [INFO] WebApp:491 - Direct internet connection detected
2025-07-29 15:11:48,803 [INFO] WebApp:225 - Starting web application
2025-07-29 15:11:48,803 [INFO] WebApp:593 - Web application path used /opt/st/stm32cubeide_1.18.1/plugins/com.st.stm32cube.common.mx_6.14.1.202504091515/db/plugins/mcufinder/reactClient1/index.html
2025-07-29 15:11:51,902 [INFO] WebApp:191 - Connection restablished
2025-07-29 15:12:57,715 [INFO] McuFinderGlobals:63 - Set McuFinder mode to 2 (CubeIDE integrated)
2025-07-29 15:12:57,718 [INFO] MainUpdater:2872 - connection check result : 10
2025-07-29 15:12:58,252 [INFO] ApiDb:581 - Connected to CubeFinder SQLite database (/home/nova/.stmcufinder/plugins/mcufinder/mcu/cube-finder-db.db)
2025-07-29 15:12:58,424 [INFO] ApiDb:668 - CubeFinder database Data Model version=2.1
2025-07-29 15:12:58,425 [INFO] ApiDb:669 - CubeFinder database Configuration version=3.0.39
2025-07-29 15:12:58,425 [INFO] ApiDb:670 - CubeFinder database generation date=2025-07-21 (1753107327)
2025-07-29 15:12:58,425 [INFO] ApiDb:671 - CubeFinder database FW Pack versions=[FP-ATR-ASTRA1_V2.0.0, FP-SNS-FLIGHT1_V5.1.0, FP-SNS-MOTENV1_V5.0.0, FP-SNS-MOTENVWB1_V1.4.0, FP-SNS-SMARTAG2_V1.2.0, FP-SNS-STBOX1_V2.0.0, STM32Cube_FW_C0_V1.4.0, STM32Cube_FW_F4_V1.28.2, STM32Cube_FW_F7_V1.17.3, STM32Cube_FW_G0_V1.6.2, STM32Cube_FW_G4_V1.6.1, STM32Cube_FW_H5_V1.5.0, STM32Cube_FW_H7RS_V1.2.0, STM32Cube_FW_H7_V1.12.1, STM32Cube_FW_L0_V1.12.2, STM32Cube_FW_L4_V1.18.1, STM32Cube_FW_L5_V1.5.1, STM32Cube_FW_N6_V1.2.0, STM32Cube_FW_U0_V1.3.0, STM32Cube_FW_U3_V1.2.0, STM32Cube_FW_U5_V1.8.0, STM32Cube_FW_WB0_V1.3.0, STM32Cube_FW_WBA_V1.7.0, STM32Cube_FW_WB_V1.23.0, STM32Cube_FW_WL3_V1.2.0, STM32Cube_FW_WL_V1.3.1, X-CUBE-ALGOBUILD_V1.4.0, X-CUBE-ALS_V1.0.2, X-CUBE-AZRTOS-F4_V1.1.0, X-CUBE-AZRTOS-F7_V1.1.0, X-CUBE-AZRTOS-G0_V1.1.0, X-CUBE-AZRTOS-G4_V2.0.0, X-CUBE-AZRTOS-H7RS_V1.1.0, X-CUBE-AZRTOS-H7_V3.3.0, X-CUBE-AZRTOS-L4_V2.0.0, X-CUBE-AZRTOS-L5_V2.0.0, X-CUBE-AZRTOS-WB_V2.0.0, X-CUBE-AZRTOS-WL_V2.0.0, X-CUBE-BLE1_V7.1.0, X-CUBE-BLE2_V3.3.0, X-CUBE-BLEMGR_V4.0.0, X-CUBE-EEPRMA1_V5.1.0, X-CUBE-FREERTOS_V1.3.1, X-CUBE-GNSS1_V6.0.0, X-CUBE-MEMS1_V11.3.0, X-CUBE-NFC4_V3.0.0, X-CUBE-NFC7_V2.0.0, X-CUBE-SFXS2LP1_V4.0.0, X-CUBE-SUBG2_V5.0.0, X-CUBE-TOF1_V3.4.3]
2025-07-29 15:12:58,589 [INFO] DbBoardsSqlite:226 - include board P-NUCLEO-WB55-NUCLEO as a kit item of type 'Nucleo-64'
2025-07-29 15:12:58,590 [INFO] DbBoardsSqlite:226 - include board P-NUCLEO-WB55-USBDONGLE as a kit item of type 'Nucleo USB Dongle'
2025-07-29 15:12:58,590 [INFO] DbBoardsSqlite:226 - include board STEVAL-IDP005V1 as a kit item of type 'Evaluation Board'
2025-07-29 15:12:58,591 [INFO] DbBoardsSqlite:226 - include board STEVAL-IDP005V2 as a kit item of type 'Evaluation Board'
2025-07-29 15:12:58,708 [INFO] ApiDb:240 - Found 895 in-development CPN: [B-G473E-ZEST1S, B-WB1M-WPAN1, B-WBA5M-WPAN, B-WL5M-SUBG1, NUCLEO-C031C6, NUCLEO-C051C8, NUCLEO-C071RB, NUCLEO-C092RC, NUCLEO-H503RB, NUCLEO-H533RE, NUCLEO-H563ZI, NUCLEO-H7S3L8, NUCLEO-N657X0-Q, NUCLEO-U031R8, NUCLEO-U083RC, NUCLEO-U385RG-Q, NUCLEO-U545RE-Q, NUCLEO-U5A5ZJ-Q, NUCLEO-WB05KZ, NUCLEO-WB07CC, NUCLEO-WB09KE, NUCLEO-WBA52CG, NUCLEO-WBA55CG, NUCLEO-WBA65RI, NUCLEO-WL33CC1, NUCLEO-WL33CC2, STEVAL-PROTEUS1, STEVAL-SMARTAG2, STEVAL-STWINBX1, STM320518-EVAL, STM32C0116-DK, STM32C011D6Y3TR, STM32C011D6Y6TR, STM32C011F4P3, STM32C011F4P6, STM32C011F4U3, STM32C011F4U6TR, STM32C011F6P3, STM32C011F6P6, STM32C011F6U3, STM32C011F6U6TR, STM32C011J4M3, STM32C011J4M6, STM32C011J6M3, STM32C011J6M6, STM32C0316-DK, STM32C031C4T3, STM32C031C4T6, STM32C031C4U3, STM32C031C4U6, STM32C031C6T3, STM32C031C6T6, STM32C031C6U3, STM32C031C6U6, STM32C031F4P3, STM32C031F4P6, STM32C031F6P3, STM32C031F6P6, STM32C031G4U3, STM32C031G4U6, STM32C031G6U3, STM32C031G6U6, STM32C031K4T3, STM32C031K4T6, STM32C031K4U3, STM32C031K4U6, STM32C031K6T3, STM32C031K6T6, STM32C031K6U3, STM32C031K6U6, STM32C051C6T6, STM32C051C6U6, STM32C051C8T6, STM32C051C8U6, STM32C051D8Y6TR, STM32C051F6P6, STM32C051F8P6, STM32C051G6U6, STM32C051G8U6, STM32C051K6T6, STM32C051K6U6, STM32C051K8T6, STM32C071C8T6, STM32C071C8T6N, STM32C071C8U6, STM32C071C8U6N, STM32C071CBT6, STM32C071CBT6N, STM32C071CBU6, STM32C071CBU6N, STM32C071F8P6, STM32C071F8P6N, STM32C071FBP6, STM32C071FBP6N, STM32C071FBY6TR, STM32C071G8U6, STM32C071G8U6N, STM32C071GBU6, STM32C071GBU6N, STM32C071K8T6, STM32C071K8T6N, STM32C071K8U6, STM32C071K8U6N, STM32C071KBT6, STM32C071KBT6N, STM32C071KBU6, STM32C071KBU6N, STM32C071R8T6, STM32C071R8T6N, STM32C071RBI6N, STM32C071RBT6, STM32C071RBT6N, STM32C091CBT6, STM32C091CBU6, STM32C091CCT6, STM32C091CCU6, STM32C091ECY6TR, STM32C091FBP6, STM32C091FCP6, STM32C091GBU6, STM32C091GCU6, STM32C091KBT6, STM32C091KBU6, STM32C091KCT6, STM32C091KCU6, STM32C091RBT6, STM32C091RCI6, STM32C091RCT6, STM32C092CBT6, STM32C092CBU6, STM32C092CCT6, STM32C092CCU6, STM32C092ECY6TR, STM32C092FBP6, STM32C092FCP6, STM32C092GBU6, STM32C092GCU6, STM32C092KBT6, STM32C092KBU6, STM32C092KCT6, STM32C092KCU6, STM32C092RBT6, STM32C092RCI6, STM32C092RCT6, STM32G071K8TXN, STM32G071K8UXN, STM32G081GBU6N, STM32G081KBT6N, STM32G081KBUXN, STM32G0B1CCT6N, STM32G0B1KCT6, STM32G0B1NEY6TR, STM32G0B1RCT6N, STM32G0C1CCT6, STM32G0C1CCT6N, STM32G0C1CCU6N, STM32G0C1CET6N, STM32G0C1CEU6N, STM32G0C1KCT6, STM32G0C1NEY6TR, STM32G0C1RCI6N, STM32G0C1RCT6N, STM32G0C1REI6N, STM32G0C1RET6N, STM32G0C1VCI6, STM32G0C1VEI6, STM32G411C6T3, STM32G411C6T6, STM32G411C6U3, STM32G411C6U6, STM32G411C8T3, STM32G411C8T6, STM32G411C8U3, STM32G411C8U6, STM32G411CBT3, STM32G411CBT6, STM32G411CBU3, STM32G411CBU6, STM32G411CCT3, STM32G411CCT6, STM32G411CCU3, STM32G411CCU6, STM32G411K6T3, STM32G411K6T6, STM32G411K6U3, STM32G411K6U6, STM32G411K8T3, STM32G411K8T6, STM32G411K8U3, STM32G411K8U6, STM32G411KBT3, STM32G411KBT6, STM32G411KBU3, STM32G411KBU6, STM32G411M6T3, STM32G411M6T6, STM32G411M8T3, STM32G411M8T6, STM32G411MBT3, STM32G411MBT6, STM32G411MCT3, STM32G411MCT6, STM32G411R6T3, STM32G411R6T6, STM32G411R8T3, STM32G411R8T6, STM32G411RBT3, STM32G411RBT6, STM32G411RCT3, STM32G411RCT6, STM32G414CBT3, STM32G414CBT6, STM32G414CBU3, STM32G414CBU6, STM32G414CCT3, STM32G414CCT6, STM32G414CCU3, STM32G414CCU6, STM32G414MBT3, STM32G414MBT6, STM32G414MCT3, STM32G414MCT6, STM32G414RBT3, STM32G414RBT6, STM32G414RCT3, STM32G414RCT6, STM32G414VBT3, STM32G414VBT6, STM32G414VCT3, STM32G414VCT6, STM32G431CBT3Z, STM32G431RBT3Z, STM32G471CCT6, STM32G471CCU6, STM32G471CET3, STM32G471CET6, STM32G471CEU3, STM32G471CEU6, STM32G471MCT6, STM32G471MET3, STM32G471MET6, STM32G471MEY6TR, STM32G471QCT6, STM32G471QET3, STM32G471RCT6, STM32G471RET3, STM32G471RET6, STM32G471VCH6, STM32G471VCI6, STM32G471VCT6, STM32G471VEH3, STM32G471VEH6, STM32G471VEI3, STM32G471VEI6, STM32G471VET3, STM32G471VET6, STM32G473QET3Z, STM32G473RET3Z, STM32G474CCT6, STM32G491RET3Z, STM32H503CBT6, STM32H503CBU6, STM32H503EBY6TR, STM32H503KBU6, STM32H503RBT6, STM32H523CCT6, STM32H523CCU6, STM32H523CET6, STM32H523CEU6, STM32H523HEY6TR, STM32H523RCT6, STM32H523RET6, STM32H523VCI6, STM32H523VCT6, STM32H523VEI6, STM32H523VET6, STM32H523ZCJ6, STM32H523ZCT6, STM32H523ZEJ6, STM32H523ZET6, STM32H533CET6, STM32H533CEU6, STM32H533HEY6TR, STM32H533RET6, STM32H533VEI6, STM32H533VET6, STM32H533ZEJ6, STM32H533ZET6, STM32H562AGI6, STM32H562AII6, STM32H562IGK6, STM32H562IGT6, STM32H562IIK6, STM32H562IIT6, STM32H562RGT6, STM32H562RGV6, STM32H562RIT6, STM32H562RIV6, STM32H562VGT6, STM32H562VIT6, STM32H562ZGT6, STM32H562ZIT6, STM32H563AGI6, STM32H563AII3Q, STM32H563AII6, STM32H563IGK6, STM32H563IGT6, STM32H563IIK3Q, STM32H563IIK6, STM32H563IIT3Q, STM32H563IIT6, STM32H563MIY3QTR, STM32H563RGT6, STM32H563RGV6, STM32H563RIT6, STM32H563RIV6, STM32H563VGT6, STM32H563VIT3Q, STM32H563VIT6, STM32H563ZGT6, STM32H563ZIT3Q, STM32H563ZIT6, STM32H573AII3Q, STM32H573AII6, STM32H573I-DK, STM32H573IIK3Q, STM32H573IIK6, STM32H573IIT3Q, STM32H573IIT6, STM32H573MIY3QTR, STM32H573RIT6, STM32H573RIV6, STM32H573VIT3Q, STM32H573VIT6, STM32H573ZIT3Q, STM32H573ZIT6, STM32H7R3A8I6, STM32H7R3I8K6, STM32H7R3I8T6, STM32H7R3L8H6, STM32H7R3L8H6H, STM32H7R3R8V6, STM32H7R3V8H6, STM32H7R3V8T6, STM32H7R3V8Y6TR, STM32H7R3Z8J6, STM32H7R3Z8T6, STM32H7R7A8I6, STM32H7R7I8K6, STM32H7R7I8T6, STM32H7R7L8H6, STM32H7R7L8H6H, STM32H7R7Z8J6, STM32H7S3A8I6, STM32H7S3I8K6, STM32H7S3I8T6, STM32H7S3L8H6, STM32H7S3L8H6H, STM32H7S3R8V6, STM32H7S3V8H6, STM32H7S3V8T6, STM32H7S3V8Y6TR, STM32H7S3Z8J6, STM32H7S3Z8T6, STM32H7S78-DK, STM32H7S7A8I6, STM32H7S7I8K6, STM32H7S7I8T6, STM32H7S7L8H6, STM32H7S7L8H6H, STM32H7S7Z8J6, STM32L4R5QGI6STR, STM32MP131AAE3, STM32MP131AAF3, STM32MP131AAG3, STM32MP131CAE3, STM32MP131CAF3, STM32MP131CAG3, STM32MP131DAE7, STM32MP131DAF7, STM32MP131DAG7, STM32MP131FAE7, STM32MP131FAF7, STM32MP131FAG7, STM32MP133AAE3, STM32MP133AAF3, STM32MP133AAG3, STM32MP133CAE3, STM32MP133CAF3, STM32MP133CAG3, STM32MP133DAE7, STM32MP133DAF7, STM32MP133DAG7, STM32MP133FAE7, STM32MP133FAF7, STM32MP133FAG7, STM32MP135AAE3, STM32MP135AAF3, STM32MP135AAG3, STM32MP135CAE3, STM32MP135CAF3, STM32MP135CAG3, STM32MP135DAE7, STM32MP135DAF7, STM32MP135DAG7, STM32MP135F-DK, STM32MP135FAE7, STM32MP135FAF7, STM32MP135FAF7T, STM32MP135FAF7U, STM32MP135FAG7, STM32MP231AAJ3, STM32MP231AAK3, STM32MP231AAL3, STM32MP231CAJ3, STM32MP231CAK3, STM32MP231CAL3, STM32MP231DAJ3, STM32MP231DAK3, STM32MP231DAL3, STM32MP231FAJ3, STM32MP231FAK3, STM32MP231FAL3, STM32MP233AAJ3, STM32MP233AAK3, STM32MP233AAL3, STM32MP233CAJ3, STM32MP233CAK3, STM32MP233CAL3, STM32MP233DAJ3, STM32MP233DAK3, STM32MP233DAL3, STM32MP233FAJ3, STM32MP233FAK3, STM32MP233FAL3, STM32MP235AAJ3, STM32MP235AAK3, STM32MP235AAL3, STM32MP235CAJ3, STM32MP235CAK3, STM32MP235CAL3, STM32MP235DAJ3, STM32MP235DAK3, STM32MP235DAL3, STM32MP235FAJ3, STM32MP235FAK3, STM32MP235FAL3, STM32MP251AAI3, STM32MP251AAJ3, STM32MP251AAK3, STM32MP251AAL3, STM32MP251CAI3, STM32MP251CAJ3, STM32MP251CAK3, STM32MP251CAL3, STM32MP251DAI3, STM32MP251DAJ3, STM32MP251DAK3, STM32MP251DAL3, STM32MP251FAI3, STM32MP251FAJ3, STM32MP251FAK3, STM32MP251FAL3, STM32MP253AAI3, STM32MP253AAJ3, STM32MP253AAK3, STM32MP253AAL3, STM32MP253CAI3, STM32MP253CAJ3, STM32MP253CAK3, STM32MP253CAL3, STM32MP253DAI3, STM32MP253DAJ3, STM32MP253DAK3, STM32MP253DAL3, STM32MP253FAI3, STM32MP253FAJ3, STM32MP253FAK3, STM32MP253FAL3, STM32MP255AAI3, STM32MP255AAJ3, STM32MP255AAK3, STM32MP255AAL3, STM32MP255CAI3, STM32MP255CAJ3, STM32MP255CAK3, STM32MP255CAL3, STM32MP255DAI3, STM32MP255DAJ3, STM32MP255DAK3, STM32MP255DAL3, STM32MP255FAI3, STM32MP255FAJ3, STM32MP255FAK3, STM32MP255FAL3, STM32MP257AAI3, STM32MP257AAJ3, STM32MP257AAK3, STM32MP257AAL3, STM32MP257CAI3, STM32MP257CAJ3, STM32MP257CAK3, STM32MP257CAL3, STM32MP257DAI3, STM32MP257DAJ3, STM32MP257DAK3, STM32MP257DAL3, STM32MP257F-DK, STM32MP257F-EV1, STM32MP257FAI3, STM32MP257FAJ3, STM32MP257FAK3, STM32MP257FAL3, STM32N645A0H3Q, STM32N645B0H3Q, STM32N645I0H3Q, STM32N645L0H3Q, STM32N645X0H3Q, STM32N645Z0H3Q, STM32N647A0H3Q, STM32N647B0H3Q, STM32N647I0H3Q, STM32N647L0H3Q, STM32N647X0H3Q, STM32N647Z0H3Q, STM32N655A0H3Q, STM32N655B0H3Q, STM32N655I0H3Q, STM32N655L0H3Q, STM32N655X0H3Q, STM32N655Z0H3Q, STM32N6570-DK, STM32N657A0H3Q, STM32N657B0H3Q, STM32N657I0H3Q, STM32N657L0H3Q, STM32N657X0H3Q, STM32N657Z0H3Q, STM32U031C6T6, STM32U031C6U6, STM32U031C8T6, STM32U031C8U6, STM32U031F4P6, STM32U031F6P6, STM32U031F8P6, STM32U031G6Y6TR, STM32U031G8Y6TR, STM32U031K4U6, STM32U031K6U6, STM32U031K8U6, STM32U031R6I6, STM32U031R6T6, STM32U031R8I6, STM32U031R8T6, STM32U073C8T6, STM32U073C8U6, STM32U073CBT6, STM32U073CBU6, STM32U073CCT6, STM32U073CCU6, STM32U073H8Y6TR, STM32U073HBY6TR, STM32U073HCY6TR, STM32U073K8U6, STM32U073KBU6, STM32U073KCU6, STM32U073M8I6, STM32U073M8T6, STM32U073MBI6, STM32U073MBT6, STM32U073MCI6, STM32U073MCT6, STM32U073R8I6, STM32U073R8T6, STM32U073RBI6, STM32U073RBT6, STM32U073RCI6, STM32U073RCT6, STM32U083C-DK, STM32U083CCT6, STM32U083CCU6, STM32U083HCY6TR, STM32U083KCU6, STM32U083MCI6, STM32U083MCT6, STM32U083RCI6, STM32U083RCT6, STM32U375CET6, STM32U375CET6Q, STM32U375CEU6, STM32U375CEU6Q, STM32U375CEY6QTR, STM32U375CGT6, STM32U375CGT6Q, STM32U375CGU6, STM32U375CGU6Q, STM32U375CGY6QTR, STM32U375KEU6, STM32U375KGU6, STM32U375REI6, STM32U375REI6Q, STM32U375RET6, STM32U375RET6Q, STM32U375REY6GTR, STM32U375REY6QTR, STM32U375RGI6, STM32U375RGI6Q, STM32U375RGT6, STM32U375RGT6Q, STM32U375RGY6GTR, STM32U375RGY6QTR, STM32U375VEI6, STM32U375VEI6Q, STM32U375VET6, STM32U375VET6Q, STM32U375VGI6, STM32U375VGI6Q, STM32U375VGT6, STM32U375VGT6Q, STM32U385CGT6, STM32U385CGT6Q, STM32U385CGU6, STM32U385CGU6Q, STM32U385CGY6QTR, STM32U385KGU6, STM32U385RGI6, STM32U385RGI6Q, STM32U385RGT6, STM32U385RGT6Q, STM32U385RGY6GTR, STM32U385RGY6QTR, STM32U385VGI6, STM32U385VGI6Q, STM32U385VGT6, STM32U385VGT6Q, STM32U535CBT6, STM32U535CBT6Q, STM32U535CBU6, STM32U535CBU6Q, STM32U535CCT6, STM32U535CCT6Q, STM32U535CCU6, STM32U535CCU6Q, STM32U535CET6, STM32U535CET6Q, STM32U535CEU6, STM32U535CEU6Q, STM32U535JEY6QTR, STM32U535NCY6QTR, STM32U535NEY6QTR, STM32U535RBI6, STM32U535RBI6Q, STM32U535RBT6, STM32U535RBT6Q, STM32U535RCI6, STM32U535RCI6Q, STM32U535RCT6, STM32U535RCT6Q, STM32U535REI6, STM32U535REI6Q, STM32U535RET6, STM32U535RET6Q, STM32U535VCI6, STM32U535VCI6Q, STM32U535VCT6, STM32U535VCT6Q, STM32U535VEI6, STM32U535VEI6Q, STM32U535VET6, STM32U535VET6Q, STM32U545CET6, STM32U545CET6Q, STM32U545CEU6, STM32U545CEU6Q, STM32U545JEY6QTR, STM32U545NEY6QTR, STM32U545REI6, STM32U545REI6Q, STM32U545RET6, STM32U545RET6Q, STM32U545VEI6, STM32U545VEI6Q, STM32U545VET6, STM32U545VET6Q, STM32U595AIH6, STM32U595AIH6Q, STM32U595AJH6, STM32U595AJH6Q, STM32U595QII6, STM32U595QII6Q, STM32U595QJI6, STM32U595QJI6Q, STM32U595RIT6, STM32U595RIT6Q, STM32U595RJT6, STM32U595RJT6Q, STM32U595VIT6, STM32U595VIT6Q, STM32U595VJT6, STM32U595VJT6Q, STM32U595ZIT6, STM32U595ZIT6Q, STM32U595ZIY6QTR, STM32U595ZJT6, STM32U595ZJT6Q, STM32U595ZJY6QTR, STM32U599BJY6QTR, STM32U599NIH6Q, STM32U599NJH6Q, STM32U599VIT6Q, STM32U599VJT6, STM32U599VJT6Q, STM32U599ZIT6Q, STM32U599ZIY6QTR, STM32U599ZJT6Q, STM32U599ZJY6QTR, STM32U5A5AJH6, STM32U5A5AJH6Q, STM32U5A5QII3Q , STM32U5A5QJI6, STM32U5A5QJI6Q, STM32U5A5RJT6, STM32U5A5RJT6Q, STM32U5A5VJT6, STM32U5A5VJT6Q, STM32U5A5ZJT6, STM32U5A5ZJT6Q, STM32U5A5ZJY6QTR, STM32U5A9BJY6QTR, STM32U5A9J-DK, STM32U5A9NJH6Q, STM32U5A9VJT6Q, STM32U5A9ZJT6Q, STM32U5A9ZJY6QTR, STM32U5F7VIT6, STM32U5F7VIT6Q, STM32U5F7VJT6, STM32U5F7VJT6Q, STM32U5F9BJY6QTR, STM32U5F9NJH6Q, STM32U5F9VIT6Q, STM32U5F9VJT6Q, STM32U5F9ZIJ6QTR, STM32U5F9ZIT6Q, STM32U5F9ZJJ6QTR, STM32U5F9ZJT6Q, STM32U5G7VJT6, STM32U5G7VJT6Q, STM32U5G9BJY6QTR, STM32U5G9J-DK1, STM32U5G9J-DK2, STM32U5G9NJH6Q, STM32U5G9VJT6Q, STM32U5G9ZJJ6QTR, STM32U5G9ZJT6Q, STM32WB05KZV6TR, STM32WB05KZV7TR, STM32WB05TZF6TR, STM32WB05TZF7TR, STM32WB06CCF6TR, STM32WB06CCF7TR, STM32WB06CCV6TR, STM32WB06CCV7TR, STM32WB06KCV6TR, STM32WB06KCV7TR, STM32WB07CCF6TR, STM32WB07CCF7TR, STM32WB07CCV6TR, STM32WB07CCV7TR, STM32WB07KCV6TR, STM32WB07KCV7TR, STM32WB09KEV6TR, STM32WB09KEV7TR, STM32WB09TEF6TR, STM32WB09TEF7TR, STM32WB1MMCH6, STM32WBA50KGU6, STM32WBA50KGU6TR, STM32WBA52CEU6, STM32WBA52CEU6TR, STM32WBA52CEU7, STM32WBA52CEU7TR, STM32WBA52CGU6, STM32WBA52CGU6TR, STM32WBA52CGU6U, STM32WBA52CGU7, STM32WBA52CGU7TR, STM32WBA52KEU6, STM32WBA52KEU6TR, STM32WBA52KGU6, STM32WBA52KGU6TR, STM32WBA54CEU6, STM32WBA54CEU6TR, STM32WBA54CEU7, STM32WBA54CEU7TR, STM32WBA54CGU6, STM32WBA54CGU6TR, STM32WBA54CGU7, STM32WBA54CGU7TR, STM32WBA54KEU6, STM32WBA54KEU6TR, STM32WBA54KEU7, STM32WBA54KEU7TR, STM32WBA54KGU6, STM32WBA54KGU6TR, STM32WBA54KGU7, STM32WBA54KGU7TR, STM32WBA55CEU6, STM32WBA55CEU6TR, STM32WBA55CEU7, STM32WBA55CEU7TR, STM32WBA55CGU6, STM32WBA55CGU6TR, STM32WBA55CGU6U, STM32WBA55CGU7, STM32WBA55CGU7TR, STM32WBA55G-DK1, STM32WBA55HEF6, STM32WBA55HEF7, STM32WBA55HGF6, STM32WBA55HGF7, STM32WBA55UEI6, STM32WBA55UEI6TR, STM32WBA55UEI7, STM32WBA55UEI7TR, STM32WBA55UGI6, STM32WBA55UGI6TR, STM32WBA55UGI7, STM32WBA55UGI7TR, STM32WBA5MJGH6TR, STM32WBA62CGU6, STM32WBA62CIU6, STM32WBA62MGF6, STM32WBA62MIF6, STM32WBA62PGI6, STM32WBA62PII6, STM32WBA63CGU6, STM32WBA63CGU7, STM32WBA63CIU6, STM32WBA63CIU7, STM32WBA64CGU6, STM32WBA64CGU7, STM32WBA64CIU6, STM32WBA64CIU7, STM32WBA65CGU6, STM32WBA65CGU7, STM32WBA65CIU6, STM32WBA65CIU7, STM32WBA65I-DK1, STM32WBA65MGF6, STM32WBA65MGF7, STM32WBA65MIF6, STM32WBA65MIF7, STM32WBA65PGI6, STM32WBA65PGI7, STM32WBA65PII6, STM32WBA65PII7, STM32WBA65RGV6, STM32WBA65RGV7, STM32WBA65RIV6, STM32WBA65RIV7, STM32WL30K8V6, STM32WL30KBV6, STM32WL31C8V6, STM32WL31CBV6, STM32WL31K8V6, STM32WL31KBV6, STM32WL33C8V6, STM32WL33C8V6TR, STM32WL33C8V7, STM32WL33C8V7TR, STM32WL33CBV6, STM32WL33CBV6TR, STM32WL33CBV7, STM32WL33CBV7TR, STM32WL33CCV6, STM32WL33CCV6TR, STM32WL33CCV7, STM32WL33CCV7A, STM32WL33CCV7ATR, STM32WL33CCV7TR, STM32WL33K8V6, STM32WL33K8V6TR, STM32WL33K8V7, STM32WL33K8V7TR, STM32WL33KBV6, STM32WL33KBV6TR, STM32WL33KBV7, STM32WL33KBV7TR, STM32WL33KCV6, STM32WL33KCV6TR, STM32WL33KCV7, STM32WL33KCV7TR, STM32WL5MOCH6, STM32WL5MOCH6TR]
2025-07-29 15:12:58,717 [INFO] ApiDb:668 - CubeFinder database Data Model version=2.1
2025-07-29 15:12:58,717 [INFO] ApiDb:669 - CubeFinder database Configuration version=3.0.39
2025-07-29 15:12:58,717 [INFO] ApiDb:670 - CubeFinder database generation date=2025-07-21 (1753107327)
2025-07-29 15:12:58,717 [INFO] ApiDb:671 - CubeFinder database FW Pack versions=[FP-ATR-ASTRA1_V2.0.0, FP-SNS-FLIGHT1_V5.1.0, FP-SNS-MOTENV1_V5.0.0, FP-SNS-MOTENVWB1_V1.4.0, FP-SNS-SMARTAG2_V1.2.0, FP-SNS-STBOX1_V2.0.0, STM32Cube_FW_C0_V1.4.0, STM32Cube_FW_F4_V1.28.2, STM32Cube_FW_F7_V1.17.3, STM32Cube_FW_G0_V1.6.2, STM32Cube_FW_G4_V1.6.1, STM32Cube_FW_H5_V1.5.0, STM32Cube_FW_H7RS_V1.2.0, STM32Cube_FW_H7_V1.12.1, STM32Cube_FW_L0_V1.12.2, STM32Cube_FW_L4_V1.18.1, STM32Cube_FW_L5_V1.5.1, STM32Cube_FW_N6_V1.2.0, STM32Cube_FW_U0_V1.3.0, STM32Cube_FW_U3_V1.2.0, STM32Cube_FW_U5_V1.8.0, STM32Cube_FW_WB0_V1.3.0, STM32Cube_FW_WBA_V1.7.0, STM32Cube_FW_WB_V1.23.0, STM32Cube_FW_WL3_V1.2.0, STM32Cube_FW_WL_V1.3.1, X-CUBE-ALGOBUILD_V1.4.0, X-CUBE-ALS_V1.0.2, X-CUBE-AZRTOS-F4_V1.1.0, X-CUBE-AZRTOS-F7_V1.1.0, X-CUBE-AZRTOS-G0_V1.1.0, X-CUBE-AZRTOS-G4_V2.0.0, X-CUBE-AZRTOS-H7RS_V1.1.0, X-CUBE-AZRTOS-H7_V3.3.0, X-CUBE-AZRTOS-L4_V2.0.0, X-CUBE-AZRTOS-L5_V2.0.0, X-CUBE-AZRTOS-WB_V2.0.0, X-CUBE-AZRTOS-WL_V2.0.0, X-CUBE-BLE1_V7.1.0, X-CUBE-BLE2_V3.3.0, X-CUBE-BLEMGR_V4.0.0, X-CUBE-EEPRMA1_V5.1.0, X-CUBE-FREERTOS_V1.3.1, X-CUBE-GNSS1_V6.0.0, X-CUBE-MEMS1_V11.3.0, X-CUBE-NFC4_V3.0.0, X-CUBE-NFC7_V2.0.0, X-CUBE-SFXS2LP1_V4.0.0, X-CUBE-SUBG2_V5.0.0, X-CUBE-TOF1_V3.4.3]
2025-07-29 15:13:03,563 [INFO] ApiDb:240 - Found 895 in-development CPN: [B-G473E-ZEST1S, B-WB1M-WPAN1, B-WBA5M-WPAN, B-WL5M-SUBG1, NUCLEO-C031C6, NUCLEO-C051C8, NUCLEO-C071RB, NUCLEO-C092RC, NUCLEO-H503RB, NUCLEO-H533RE, NUCLEO-H563ZI, NUCLEO-H7S3L8, NUCLEO-N657X0-Q, NUCLEO-U031R8, NUCLEO-U083RC, NUCLEO-U385RG-Q, NUCLEO-U545RE-Q, NUCLEO-U5A5ZJ-Q, NUCLEO-WB05KZ, NUCLEO-WB07CC, NUCLEO-WB09KE, NUCLEO-WBA52CG, NUCLEO-WBA55CG, NUCLEO-WBA65RI, NUCLEO-WL33CC1, NUCLEO-WL33CC2, STEVAL-PROTEUS1, STEVAL-SMARTAG2, STEVAL-STWINBX1, STM320518-EVAL, STM32C0116-DK, STM32C011D6Y3TR, STM32C011D6Y6TR, STM32C011F4P3, STM32C011F4P6, STM32C011F4U3, STM32C011F4U6TR, STM32C011F6P3, STM32C011F6P6, STM32C011F6U3, STM32C011F6U6TR, STM32C011J4M3, STM32C011J4M6, STM32C011J6M3, STM32C011J6M6, STM32C0316-DK, STM32C031C4T3, STM32C031C4T6, STM32C031C4U3, STM32C031C4U6, STM32C031C6T3, STM32C031C6T6, STM32C031C6U3, STM32C031C6U6, STM32C031F4P3, STM32C031F4P6, STM32C031F6P3, STM32C031F6P6, STM32C031G4U3, STM32C031G4U6, STM32C031G6U3, STM32C031G6U6, STM32C031K4T3, STM32C031K4T6, STM32C031K4U3, STM32C031K4U6, STM32C031K6T3, STM32C031K6T6, STM32C031K6U3, STM32C031K6U6, STM32C051C6T6, STM32C051C6U6, STM32C051C8T6, STM32C051C8U6, STM32C051D8Y6TR, STM32C051F6P6, STM32C051F8P6, STM32C051G6U6, STM32C051G8U6, STM32C051K6T6, STM32C051K6U6, STM32C051K8T6, STM32C071C8T6, STM32C071C8T6N, STM32C071C8U6, STM32C071C8U6N, STM32C071CBT6, STM32C071CBT6N, STM32C071CBU6, STM32C071CBU6N, STM32C071F8P6, STM32C071F8P6N, STM32C071FBP6, STM32C071FBP6N, STM32C071FBY6TR, STM32C071G8U6, STM32C071G8U6N, STM32C071GBU6, STM32C071GBU6N, STM32C071K8T6, STM32C071K8T6N, STM32C071K8U6, STM32C071K8U6N, STM32C071KBT6, STM32C071KBT6N, STM32C071KBU6, STM32C071KBU6N, STM32C071R8T6, STM32C071R8T6N, STM32C071RBI6N, STM32C071RBT6, STM32C071RBT6N, STM32C091CBT6, STM32C091CBU6, STM32C091CCT6, STM32C091CCU6, STM32C091ECY6TR, STM32C091FBP6, STM32C091FCP6, STM32C091GBU6, STM32C091GCU6, STM32C091KBT6, STM32C091KBU6, STM32C091KCT6, STM32C091KCU6, STM32C091RBT6, STM32C091RCI6, STM32C091RCT6, STM32C092CBT6, STM32C092CBU6, STM32C092CCT6, STM32C092CCU6, STM32C092ECY6TR, STM32C092FBP6, STM32C092FCP6, STM32C092GBU6, STM32C092GCU6, STM32C092KBT6, STM32C092KBU6, STM32C092KCT6, STM32C092KCU6, STM32C092RBT6, STM32C092RCI6, STM32C092RCT6, STM32G071K8TXN, STM32G071K8UXN, STM32G081GBU6N, STM32G081KBT6N, STM32G081KBUXN, STM32G0B1CCT6N, STM32G0B1KCT6, STM32G0B1NEY6TR, STM32G0B1RCT6N, STM32G0C1CCT6, STM32G0C1CCT6N, STM32G0C1CCU6N, STM32G0C1CET6N, STM32G0C1CEU6N, STM32G0C1KCT6, STM32G0C1NEY6TR, STM32G0C1RCI6N, STM32G0C1RCT6N, STM32G0C1REI6N, STM32G0C1RET6N, STM32G0C1VCI6, STM32G0C1VEI6, STM32G411C6T3, STM32G411C6T6, STM32G411C6U3, STM32G411C6U6, STM32G411C8T3, STM32G411C8T6, STM32G411C8U3, STM32G411C8U6, STM32G411CBT3, STM32G411CBT6, STM32G411CBU3, STM32G411CBU6, STM32G411CCT3, STM32G411CCT6, STM32G411CCU3, STM32G411CCU6, STM32G411K6T3, STM32G411K6T6, STM32G411K6U3, STM32G411K6U6, STM32G411K8T3, STM32G411K8T6, STM32G411K8U3, STM32G411K8U6, STM32G411KBT3, STM32G411KBT6, STM32G411KBU3, STM32G411KBU6, STM32G411M6T3, STM32G411M6T6, STM32G411M8T3, STM32G411M8T6, STM32G411MBT3, STM32G411MBT6, STM32G411MCT3, STM32G411MCT6, STM32G411R6T3, STM32G411R6T6, STM32G411R8T3, STM32G411R8T6, STM32G411RBT3, STM32G411RBT6, STM32G411RCT3, STM32G411RCT6, STM32G414CBT3, STM32G414CBT6, STM32G414CBU3, STM32G414CBU6, STM32G414CCT3, STM32G414CCT6, STM32G414CCU3, STM32G414CCU6, STM32G414MBT3, STM32G414MBT6, STM32G414MCT3, STM32G414MCT6, STM32G414RBT3, STM32G414RBT6, STM32G414RCT3, STM32G414RCT6, STM32G414VBT3, STM32G414VBT6, STM32G414VCT3, STM32G414VCT6, STM32G431CBT3Z, STM32G431RBT3Z, STM32G471CCT6, STM32G471CCU6, STM32G471CET3, STM32G471CET6, STM32G471CEU3, STM32G471CEU6, STM32G471MCT6, STM32G471MET3, STM32G471MET6, STM32G471MEY6TR, STM32G471QCT6, STM32G471QET3, STM32G471RCT6, STM32G471RET3, STM32G471RET6, STM32G471VCH6, STM32G471VCI6, STM32G471VCT6, STM32G471VEH3, STM32G471VEH6, STM32G471VEI3, STM32G471VEI6, STM32G471VET3, STM32G471VET6, STM32G473QET3Z, STM32G473RET3Z, STM32G474CCT6, STM32G491RET3Z, STM32H503CBT6, STM32H503CBU6, STM32H503EBY6TR, STM32H503KBU6, STM32H503RBT6, STM32H523CCT6, STM32H523CCU6, STM32H523CET6, STM32H523CEU6, STM32H523HEY6TR, STM32H523RCT6, STM32H523RET6, STM32H523VCI6, STM32H523VCT6, STM32H523VEI6, STM32H523VET6, STM32H523ZCJ6, STM32H523ZCT6, STM32H523ZEJ6, STM32H523ZET6, STM32H533CET6, STM32H533CEU6, STM32H533HEY6TR, STM32H533RET6, STM32H533VEI6, STM32H533VET6, STM32H533ZEJ6, STM32H533ZET6, STM32H562AGI6, STM32H562AII6, STM32H562IGK6, STM32H562IGT6, STM32H562IIK6, STM32H562IIT6, STM32H562RGT6, STM32H562RGV6, STM32H562RIT6, STM32H562RIV6, STM32H562VGT6, STM32H562VIT6, STM32H562ZGT6, STM32H562ZIT6, STM32H563AGI6, STM32H563AII3Q, STM32H563AII6, STM32H563IGK6, STM32H563IGT6, STM32H563IIK3Q, STM32H563IIK6, STM32H563IIT3Q, STM32H563IIT6, STM32H563MIY3QTR, STM32H563RGT6, STM32H563RGV6, STM32H563RIT6, STM32H563RIV6, STM32H563VGT6, STM32H563VIT3Q, STM32H563VIT6, STM32H563ZGT6, STM32H563ZIT3Q, STM32H563ZIT6, STM32H573AII3Q, STM32H573AII6, STM32H573I-DK, STM32H573IIK3Q, STM32H573IIK6, STM32H573IIT3Q, STM32H573IIT6, STM32H573MIY3QTR, STM32H573RIT6, STM32H573RIV6, STM32H573VIT3Q, STM32H573VIT6, STM32H573ZIT3Q, STM32H573ZIT6, STM32H7R3A8I6, STM32H7R3I8K6, STM32H7R3I8T6, STM32H7R3L8H6, STM32H7R3L8H6H, STM32H7R3R8V6, STM32H7R3V8H6, STM32H7R3V8T6, STM32H7R3V8Y6TR, STM32H7R3Z8J6, STM32H7R3Z8T6, STM32H7R7A8I6, STM32H7R7I8K6, STM32H7R7I8T6, STM32H7R7L8H6, STM32H7R7L8H6H, STM32H7R7Z8J6, STM32H7S3A8I6, STM32H7S3I8K6, STM32H7S3I8T6, STM32H7S3L8H6, STM32H7S3L8H6H, STM32H7S3R8V6, STM32H7S3V8H6, STM32H7S3V8T6, STM32H7S3V8Y6TR, STM32H7S3Z8J6, STM32H7S3Z8T6, STM32H7S78-DK, STM32H7S7A8I6, STM32H7S7I8K6, STM32H7S7I8T6, STM32H7S7L8H6, STM32H7S7L8H6H, STM32H7S7Z8J6, STM32L4R5QGI6STR, STM32MP131AAE3, STM32MP131AAF3, STM32MP131AAG3, STM32MP131CAE3, STM32MP131CAF3, STM32MP131CAG3, STM32MP131DAE7, STM32MP131DAF7, STM32MP131DAG7, STM32MP131FAE7, STM32MP131FAF7, STM32MP131FAG7, STM32MP133AAE3, STM32MP133AAF3, STM32MP133AAG3, STM32MP133CAE3, STM32MP133CAF3, STM32MP133CAG3, STM32MP133DAE7, STM32MP133DAF7, STM32MP133DAG7, STM32MP133FAE7, STM32MP133FAF7, STM32MP133FAG7, STM32MP135AAE3, STM32MP135AAF3, STM32MP135AAG3, STM32MP135CAE3, STM32MP135CAF3, STM32MP135CAG3, STM32MP135DAE7, STM32MP135DAF7, STM32MP135DAG7, STM32MP135F-DK, STM32MP135FAE7, STM32MP135FAF7, STM32MP135FAF7T, STM32MP135FAF7U, STM32MP135FAG7, STM32MP231AAJ3, STM32MP231AAK3, STM32MP231AAL3, STM32MP231CAJ3, STM32MP231CAK3, STM32MP231CAL3, STM32MP231DAJ3, STM32MP231DAK3, STM32MP231DAL3, STM32MP231FAJ3, STM32MP231FAK3, STM32MP231FAL3, STM32MP233AAJ3, STM32MP233AAK3, STM32MP233AAL3, STM32MP233CAJ3, STM32MP233CAK3, STM32MP233CAL3, STM32MP233DAJ3, STM32MP233DAK3, STM32MP233DAL3, STM32MP233FAJ3, STM32MP233FAK3, STM32MP233FAL3, STM32MP235AAJ3, STM32MP235AAK3, STM32MP235AAL3, STM32MP235CAJ3, STM32MP235CAK3, STM32MP235CAL3, STM32MP235DAJ3, STM32MP235DAK3, STM32MP235DAL3, STM32MP235FAJ3, STM32MP235FAK3, STM32MP235FAL3, STM32MP251AAI3, STM32MP251AAJ3, STM32MP251AAK3, STM32MP251AAL3, STM32MP251CAI3, STM32MP251CAJ3, STM32MP251CAK3, STM32MP251CAL3, STM32MP251DAI3, STM32MP251DAJ3, STM32MP251DAK3, STM32MP251DAL3, STM32MP251FAI3, STM32MP251FAJ3, STM32MP251FAK3, STM32MP251FAL3, STM32MP253AAI3, STM32MP253AAJ3, STM32MP253AAK3, STM32MP253AAL3, STM32MP253CAI3, STM32MP253CAJ3, STM32MP253CAK3, STM32MP253CAL3, STM32MP253DAI3, STM32MP253DAJ3, STM32MP253DAK3, STM32MP253DAL3, STM32MP253FAI3, STM32MP253FAJ3, STM32MP253FAK3, STM32MP253FAL3, STM32MP255AAI3, STM32MP255AAJ3, STM32MP255AAK3, STM32MP255AAL3, STM32MP255CAI3, STM32MP255CAJ3, STM32MP255CAK3, STM32MP255CAL3, STM32MP255DAI3, STM32MP255DAJ3, STM32MP255DAK3, STM32MP255DAL3, STM32MP255FAI3, STM32MP255FAJ3, STM32MP255FAK3, STM32MP255FAL3, STM32MP257AAI3, STM32MP257AAJ3, STM32MP257AAK3, STM32MP257AAL3, STM32MP257CAI3, STM32MP257CAJ3, STM32MP257CAK3, STM32MP257CAL3, STM32MP257DAI3, STM32MP257DAJ3, STM32MP257DAK3, STM32MP257DAL3, STM32MP257F-DK, STM32MP257F-EV1, STM32MP257FAI3, STM32MP257FAJ3, STM32MP257FAK3, STM32MP257FAL3, STM32N645A0H3Q, STM32N645B0H3Q, STM32N645I0H3Q, STM32N645L0H3Q, STM32N645X0H3Q, STM32N645Z0H3Q, STM32N647A0H3Q, STM32N647B0H3Q, STM32N647I0H3Q, STM32N647L0H3Q, STM32N647X0H3Q, STM32N647Z0H3Q, STM32N655A0H3Q, STM32N655B0H3Q, STM32N655I0H3Q, STM32N655L0H3Q, STM32N655X0H3Q, STM32N655Z0H3Q, STM32N6570-DK, STM32N657A0H3Q, STM32N657B0H3Q, STM32N657I0H3Q, STM32N657L0H3Q, STM32N657X0H3Q, STM32N657Z0H3Q, STM32U031C6T6, STM32U031C6U6, STM32U031C8T6, STM32U031C8U6, STM32U031F4P6, STM32U031F6P6, STM32U031F8P6, STM32U031G6Y6TR, STM32U031G8Y6TR, STM32U031K4U6, STM32U031K6U6, STM32U031K8U6, STM32U031R6I6, STM32U031R6T6, STM32U031R8I6, STM32U031R8T6, STM32U073C8T6, STM32U073C8U6, STM32U073CBT6, STM32U073CBU6, STM32U073CCT6, STM32U073CCU6, STM32U073H8Y6TR, STM32U073HBY6TR, STM32U073HCY6TR, STM32U073K8U6, STM32U073KBU6, STM32U073KCU6, STM32U073M8I6, STM32U073M8T6, STM32U073MBI6, STM32U073MBT6, STM32U073MCI6, STM32U073MCT6, STM32U073R8I6, STM32U073R8T6, STM32U073RBI6, STM32U073RBT6, STM32U073RCI6, STM32U073RCT6, STM32U083C-DK, STM32U083CCT6, STM32U083CCU6, STM32U083HCY6TR, STM32U083KCU6, STM32U083MCI6, STM32U083MCT6, STM32U083RCI6, STM32U083RCT6, STM32U375CET6, STM32U375CET6Q, STM32U375CEU6, STM32U375CEU6Q, STM32U375CEY6QTR, STM32U375CGT6, STM32U375CGT6Q, STM32U375CGU6, STM32U375CGU6Q, STM32U375CGY6QTR, STM32U375KEU6, STM32U375KGU6, STM32U375REI6, STM32U375REI6Q, STM32U375RET6, STM32U375RET6Q, STM32U375REY6GTR, STM32U375REY6QTR, STM32U375RGI6, STM32U375RGI6Q, STM32U375RGT6, STM32U375RGT6Q, STM32U375RGY6GTR, STM32U375RGY6QTR, STM32U375VEI6, STM32U375VEI6Q, STM32U375VET6, STM32U375VET6Q, STM32U375VGI6, STM32U375VGI6Q, STM32U375VGT6, STM32U375VGT6Q, STM32U385CGT6, STM32U385CGT6Q, STM32U385CGU6, STM32U385CGU6Q, STM32U385CGY6QTR, STM32U385KGU6, STM32U385RGI6, STM32U385RGI6Q, STM32U385RGT6, STM32U385RGT6Q, STM32U385RGY6GTR, STM32U385RGY6QTR, STM32U385VGI6, STM32U385VGI6Q, STM32U385VGT6, STM32U385VGT6Q, STM32U535CBT6, STM32U535CBT6Q, STM32U535CBU6, STM32U535CBU6Q, STM32U535CCT6, STM32U535CCT6Q, STM32U535CCU6, STM32U535CCU6Q, STM32U535CET6, STM32U535CET6Q, STM32U535CEU6, STM32U535CEU6Q, STM32U535JEY6QTR, STM32U535NCY6QTR, STM32U535NEY6QTR, STM32U535RBI6, STM32U535RBI6Q, STM32U535RBT6, STM32U535RBT6Q, STM32U535RCI6, STM32U535RCI6Q, STM32U535RCT6, STM32U535RCT6Q, STM32U535REI6, STM32U535REI6Q, STM32U535RET6, STM32U535RET6Q, STM32U535VCI6, STM32U535VCI6Q, STM32U535VCT6, STM32U535VCT6Q, STM32U535VEI6, STM32U535VEI6Q, STM32U535VET6, STM32U535VET6Q, STM32U545CET6, STM32U545CET6Q, STM32U545CEU6, STM32U545CEU6Q, STM32U545JEY6QTR, STM32U545NEY6QTR, STM32U545REI6, STM32U545REI6Q, STM32U545RET6, STM32U545RET6Q, STM32U545VEI6, STM32U545VEI6Q, STM32U545VET6, STM32U545VET6Q, STM32U595AIH6, STM32U595AIH6Q, STM32U595AJH6, STM32U595AJH6Q, STM32U595QII6, STM32U595QII6Q, STM32U595QJI6, STM32U595QJI6Q, STM32U595RIT6, STM32U595RIT6Q, STM32U595RJT6, STM32U595RJT6Q, STM32U595VIT6, STM32U595VIT6Q, STM32U595VJT6, STM32U595VJT6Q, STM32U595ZIT6, STM32U595ZIT6Q, STM32U595ZIY6QTR, STM32U595ZJT6, STM32U595ZJT6Q, STM32U595ZJY6QTR, STM32U599BJY6QTR, STM32U599NIH6Q, STM32U599NJH6Q, STM32U599VIT6Q, STM32U599VJT6, STM32U599VJT6Q, STM32U599ZIT6Q, STM32U599ZIY6QTR, STM32U599ZJT6Q, STM32U599ZJY6QTR, STM32U5A5AJH6, STM32U5A5AJH6Q, STM32U5A5QII3Q , STM32U5A5QJI6, STM32U5A5QJI6Q, STM32U5A5RJT6, STM32U5A5RJT6Q, STM32U5A5VJT6, STM32U5A5VJT6Q, STM32U5A5ZJT6, STM32U5A5ZJT6Q, STM32U5A5ZJY6QTR, STM32U5A9BJY6QTR, STM32U5A9J-DK, STM32U5A9NJH6Q, STM32U5A9VJT6Q, STM32U5A9ZJT6Q, STM32U5A9ZJY6QTR, STM32U5F7VIT6, STM32U5F7VIT6Q, STM32U5F7VJT6, STM32U5F7VJT6Q, STM32U5F9BJY6QTR, STM32U5F9NJH6Q, STM32U5F9VIT6Q, STM32U5F9VJT6Q, STM32U5F9ZIJ6QTR, STM32U5F9ZIT6Q, STM32U5F9ZJJ6QTR, STM32U5F9ZJT6Q, STM32U5G7VJT6, STM32U5G7VJT6Q, STM32U5G9BJY6QTR, STM32U5G9J-DK1, STM32U5G9J-DK2, STM32U5G9NJH6Q, STM32U5G9VJT6Q, STM32U5G9ZJJ6QTR, STM32U5G9ZJT6Q, STM32WB05KZV6TR, STM32WB05KZV7TR, STM32WB05TZF6TR, STM32WB05TZF7TR, STM32WB06CCF6TR, STM32WB06CCF7TR, STM32WB06CCV6TR, STM32WB06CCV7TR, STM32WB06KCV6TR, STM32WB06KCV7TR, STM32WB07CCF6TR, STM32WB07CCF7TR, STM32WB07CCV6TR, STM32WB07CCV7TR, STM32WB07KCV6TR, STM32WB07KCV7TR, STM32WB09KEV6TR, STM32WB09KEV7TR, STM32WB09TEF6TR, STM32WB09TEF7TR, STM32WB1MMCH6, STM32WBA50KGU6, STM32WBA50KGU6TR, STM32WBA52CEU6, STM32WBA52CEU6TR, STM32WBA52CEU7, STM32WBA52CEU7TR, STM32WBA52CGU6, STM32WBA52CGU6TR, STM32WBA52CGU6U, STM32WBA52CGU7, STM32WBA52CGU7TR, STM32WBA52KEU6, STM32WBA52KEU6TR, STM32WBA52KGU6, STM32WBA52KGU6TR, STM32WBA54CEU6, STM32WBA54CEU6TR, STM32WBA54CEU7, STM32WBA54CEU7TR, STM32WBA54CGU6, STM32WBA54CGU6TR, STM32WBA54CGU7, STM32WBA54CGU7TR, STM32WBA54KEU6, STM32WBA54KEU6TR, STM32WBA54KEU7, STM32WBA54KEU7TR, STM32WBA54KGU6, STM32WBA54KGU6TR, STM32WBA54KGU7, STM32WBA54KGU7TR, STM32WBA55CEU6, STM32WBA55CEU6TR, STM32WBA55CEU7, STM32WBA55CEU7TR, STM32WBA55CGU6, STM32WBA55CGU6TR, STM32WBA55CGU6U, STM32WBA55CGU7, STM32WBA55CGU7TR, STM32WBA55G-DK1, STM32WBA55HEF6, STM32WBA55HEF7, STM32WBA55HGF6, STM32WBA55HGF7, STM32WBA55UEI6, STM32WBA55UEI6TR, STM32WBA55UEI7, STM32WBA55UEI7TR, STM32WBA55UGI6, STM32WBA55UGI6TR, STM32WBA55UGI7, STM32WBA55UGI7TR, STM32WBA5MJGH6TR, STM32WBA62CGU6, STM32WBA62CIU6, STM32WBA62MGF6, STM32WBA62MIF6, STM32WBA62PGI6, STM32WBA62PII6, STM32WBA63CGU6, STM32WBA63CGU7, STM32WBA63CIU6, STM32WBA63CIU7, STM32WBA64CGU6, STM32WBA64CGU7, STM32WBA64CIU6, STM32WBA64CIU7, STM32WBA65CGU6, STM32WBA65CGU7, STM32WBA65CIU6, STM32WBA65CIU7, STM32WBA65I-DK1, STM32WBA65MGF6, STM32WBA65MGF7, STM32WBA65MIF6, STM32WBA65MIF7, STM32WBA65PGI6, STM32WBA65PGI7, STM32WBA65PII6, STM32WBA65PII7, STM32WBA65RGV6, STM32WBA65RGV7, STM32WBA65RIV6, STM32WBA65RIV7, STM32WL30K8V6, STM32WL30KBV6, STM32WL31C8V6, STM32WL31CBV6, STM32WL31K8V6, STM32WL31KBV6, STM32WL33C8V6, STM32WL33C8V6TR, STM32WL33C8V7, STM32WL33C8V7TR, STM32WL33CBV6, STM32WL33CBV6TR, STM32WL33CBV7, STM32WL33CBV7TR, STM32WL33CCV6, STM32WL33CCV6TR, STM32WL33CCV7, STM32WL33CCV7A, STM32WL33CCV7ATR, STM32WL33CCV7TR, STM32WL33K8V6, STM32WL33K8V6TR, STM32WL33K8V7, STM32WL33K8V7TR, STM32WL33KBV6, STM32WL33KBV6TR, STM32WL33KBV7, STM32WL33KBV7TR, STM32WL33KCV6, STM32WL33KCV6TR, STM32WL33KCV7, STM32WL33KCV7TR, STM32WL5MOCH6, STM32WL5MOCH6TR]
2025-07-29 15:13:03,574 [INFO] DbMcus:218 - Found 4747 MCUs, 4747 are supported
2025-07-29 15:13:03,575 [INFO] ApiDb:423 - Load user favorites file /home/nova/.stm32cubeide/favorites.mcus.txt: 1 item(s)
2025-07-29 15:13:03,575 [INFO] ApiDb:427 - User favorites MCUs=[STM32F446RET6]
2025-07-29 15:13:03,576 [INFO] DbMcus:224 - Set 1 / 1 favorites MCUs
2025-07-29 15:13:04,859 [INFO] BoardInfo:889 - No configuration file found for board P-NUCLEO-WB55
2025-07-29 15:13:04,860 [INFO] DbBoards:161 - Kit is not supported: P-NUCLEO-WB55
2025-07-29 15:13:04,869 [INFO] BoardInfo:889 - No configuration file found for board STEVAL-BFA001V1B
2025-07-29 15:13:04,869 [INFO] DbBoards:161 - Kit is not supported: STEVAL-BFA001V1B
2025-07-29 15:13:04,871 [INFO] BoardInfo:889 - No configuration file found for board STEVAL-BFA001V2B
2025-07-29 15:13:04,872 [INFO] DbBoards:161 - Kit is not supported: STEVAL-BFA001V2B
2025-07-29 15:13:05,073 [INFO] DbBoards:168 - Found 211 boards, 208 are supported
2025-07-29 15:13:05,074 [INFO] DbBoards:169 - Found 211 boards, 43 of them is supported for  Bsp
2025-07-29 15:13:05,076 [INFO] ApiDb:423 - Load user favorites file /home/nova/.stm32cubeide/favorites.boards.txt: 0 item(s)
2025-07-29 15:13:05,077 [INFO] ApiDb:427 - User favorites Boards=[]
2025-07-29 15:13:05,077 [INFO] DbBoards:198 - Set 0 / 0 favorites Boards
2025-07-29 15:13:05,077 [INFO] McuFinderGlobals:76 - Set McuFinderConnectedMode to true
2025-07-29 15:13:05,085 [INFO] MultiScanPanel:200 - Auto-refresh data requested => check proxy status ongoing
2025-07-29 15:13:05,088 [INFO] FinderPluginLoader:95 - Searching for filters in installed packs
2025-07-29 15:13:07,429 [INFO] LoadUrlFilesThread:185 - End of LoadServerUrlFiles without Thread
2025-07-29 15:13:07,573 [INFO] DetailPanel:341 - Set advertising image to /home/nova/STM32Cube/Repository//en.2400x1350px.jpeg
2025-07-29 15:13:37,867 [INFO] MultiScanPanel:200 - Auto-refresh data requested => check proxy status ongoing
2025-07-29 15:13:38,117 [INFO] LoadUrlFilesThread:185 - End of LoadServerUrlFiles without Thread
2025-07-29 15:13:38,117 [INFO] DetailPanel:341 - Set advertising image to /home/nova/STM32Cube/Repository//en.2400x1350px.jpeg
2025-07-29 15:13:38,134 [INFO] DbBoards:642 - Loading board mini-images...
2025-07-29 15:13:41,884 [INFO] DbBoards:665 - Loaded 211 board mini-images
2025-07-29 15:13:55,625 [INFO] MainUpdater:2872 - connection check result : 10
2025-07-29 15:13:55,626 [INFO] MainUpdater:2872 - connection check result : 10
2025-07-29 15:13:55,640 [INFO] MicroXplorer:468 - Change Database Path : 
2025-07-29 15:13:55,640 [INFO] MicroXplorer:498 - Change Database Version : DB.6.0.141
2025-07-29 15:13:55,649 [WARN] ThirdParty:871 - waiting for thirdparty lock release [close project]
2025-07-29 15:13:55,649 [INFO] ThirdParty:873 - entering critical section [close project]
2025-07-29 15:13:55,651 [INFO] ThirdParty:883 - exiting critical section [close project]
2025-07-29 15:13:55,654 [INFO] PinOutPanel:1589 - setPackage(No Configuration,No Configuration)
2025-07-29 15:13:55,662 [INFO] UtilMem:75 - Begin LoadConfig() Used Memory: 289095720 Bytes (476053504)
2025-07-29 15:13:55,669 [INFO] OpenFileManager:354 - Change cursor
2025-07-29 15:13:55,719 [INFO] ProjectFactory:442 - No CPN specified for board NUCLEO-F446RE => set CPN to STM32F446RET6
2025-07-29 15:13:55,719 [INFO] Mcu:2011 - Initializing MCU STM32F446R(C-E)Tx STM32F446RETx STM32F446RET6
2025-07-29 15:13:59,258 [INFO] Context:756 - Trying to add GPIOservice into a context  which must be forbidden
2025-07-29 15:14:00,148 [INFO] Rule:225 - rule 117617 - U5Cobra4M][GTZC] default value MPCBB3 and MPCBB5 - Not Secured memory - MPCBB1 is applicable
2025-07-29 15:14:00,149 [INFO] Rule:225 - rule 117617 - U5Cobra4M][GTZC] default value MPCBB3 and MPCBB5 - Not Secured memory - MPCBB1 is applicable
2025-07-29 15:14:00,149 [INFO] Rule:225 - rule 117617 - U5Cobra4M][GTZC] default value MPCBB3 and MPCBB5 - Not Secured memory - MPCBB2 is applicable
2025-07-29 15:14:00,149 [INFO] Rule:225 - rule 117617 - U5Cobra4M][GTZC] default value MPCBB3 and MPCBB5 - Not Secured memory - MPCBB2 is applicable
2025-07-29 15:14:00,149 [INFO] Rule:225 - rule 117617 - U5Cobra4M][GTZC] default value MPCBB3 and MPCBB5 - Not Secured memory - MPCBB3 is applicable
2025-07-29 15:14:00,149 [INFO] Rule:225 - rule 117617 - U5Cobra4M][GTZC] default value MPCBB3 and MPCBB5 - Not Secured memory - MPCBB3 is applicable
2025-07-29 15:14:00,149 [INFO] Rule:225 - rule 117617 - U5Cobra4M][GTZC] default value MPCBB3 and MPCBB5 - Not Secured memory - MPCBB4 is applicable
2025-07-29 15:14:00,149 [INFO] Rule:225 - rule 117617 - U5Cobra4M][GTZC] default value MPCBB3 and MPCBB5 - Not Secured memory - MPCBB4 is applicable
2025-07-29 15:14:00,149 [INFO] Rule:225 - rule 117617 - U5Cobra4M][GTZC] default value MPCBB3 and MPCBB5 - Secured memory - MPCBB1 is applicable
2025-07-29 15:14:00,149 [INFO] Rule:225 - rule 117617 - U5Cobra4M][GTZC] default value MPCBB3 and MPCBB5 - Secured memory - MPCBB2 is applicable
2025-07-29 15:14:00,149 [INFO] Rule:225 - rule 117617 - U5Cobra4M][GTZC] default value MPCBB3 and MPCBB5 - Secured memory - MPCBB3 is applicable
2025-07-29 15:14:00,150 [INFO] Rule:225 - rule 117617 - U5Cobra4M][GTZC] default value MPCBB3 and MPCBB5 - Secured memory - MPCBB4 is applicable
2025-07-29 15:14:00,150 [INFO] Rule:225 - rule 117617 - U5Cobra4M][GTZC] default value MPCBB3 and MPCBB5 - Privileged memory - MPCBB1 is applicable
2025-07-29 15:14:00,150 [INFO] Rule:225 - rule 117617 - U5Cobra4M][GTZC] default value MPCBB3 and MPCBB5 - Privileged memory - MPCBB2 is applicable
2025-07-29 15:14:00,150 [INFO] Rule:225 - rule 117617 - U5Cobra4M][GTZC] default value MPCBB3 and MPCBB5 - Privileged memory - MPCBB3 is applicable
2025-07-29 15:14:00,150 [INFO] Rule:225 - rule 117617 - U5Cobra4M][GTZC] default value MPCBB3 and MPCBB5 - Privileged memory - MPCBB4 is applicable
2025-07-29 15:14:00,150 [INFO] Rule:225 - rule 117617 - U5Cobra4M][GTZC] default value MPCBB3 and MPCBB5 - Not Privileged memory - MPCBB1 is applicable
2025-07-29 15:14:00,150 [INFO] Rule:225 - rule 117617 - U5Cobra4M][GTZC] default value MPCBB3 and MPCBB5 - Not Privileged memory - MPCBB2 is applicable
2025-07-29 15:14:00,150 [INFO] Rule:225 - rule 117617 - U5Cobra4M][GTZC] default value MPCBB3 and MPCBB5 - Not Privileged memory - MPCBB3 is applicable
2025-07-29 15:14:00,150 [INFO] Rule:225 - rule 117617 - U5Cobra4M][GTZC] default value MPCBB3 and MPCBB5 - Not Privileged memory - MPCBB4 is applicable
2025-07-29 15:14:00,150 [INFO] Rule:225 - rule 117617 - U5Cobra4M][GTZC] default value MPCBB3 and MPCBB5 - Privileged memory - MPCBB1 is applicable
2025-07-29 15:14:00,151 [INFO] Rule:225 - rule 117617 - U5Cobra4M][GTZC] default value MPCBB3 and MPCBB5 - Privileged memory - MPCBB2 is applicable
2025-07-29 15:14:00,151 [INFO] Rule:225 - rule 117617 - U5Cobra4M][GTZC] default value MPCBB3 and MPCBB5 - Privileged memory - MPCBB3 is applicable
2025-07-29 15:14:00,151 [INFO] Rule:225 - rule 117617 - U5Cobra4M][GTZC] default value MPCBB3 and MPCBB5 - Privileged memory - MPCBB4 is applicable
2025-07-29 15:14:00,151 [INFO] Rule:225 - rule 117617 - U5Cobra4M][GTZC] default value MPCBB3 and MPCBB5 - Privileged memory - MPCBB1 is applicable
2025-07-29 15:14:00,151 [INFO] Rule:225 - rule 117617 - U5Cobra4M][GTZC] default value MPCBB3 and MPCBB5 - Privileged memory - MPCBB2 is applicable
2025-07-29 15:14:00,151 [INFO] Rule:225 - rule 117617 - U5Cobra4M][GTZC] default value MPCBB3 and MPCBB5 - Privileged memory - MPCBB3 is applicable
2025-07-29 15:14:00,151 [INFO] Rule:225 - rule 117617 - U5Cobra4M][GTZC] default value MPCBB3 and MPCBB5 - Privileged memory - MPCBB4 is applicable
2025-07-29 15:14:00,151 [INFO] Rule:225 - rule 117617 - U5Cobra4M][GTZC] default value MPCBB3 and MPCBB5 - Not Privileged memory - MPCBB1 is applicable
2025-07-29 15:14:00,151 [INFO] Rule:225 - rule 117617 - U5Cobra4M][GTZC] default value MPCBB3 and MPCBB5 - Not Privileged memory - MPCBB2 is applicable
2025-07-29 15:14:00,151 [INFO] Rule:225 - rule 117617 - U5Cobra4M][GTZC] default value MPCBB3 and MPCBB5 - Not Privileged memory - MPCBB3 is applicable
2025-07-29 15:14:00,152 [INFO] Rule:225 - rule 117617 - U5Cobra4M][GTZC] default value MPCBB3 and MPCBB5 - Not Privileged memory - MPCBB4 is applicable
2025-07-29 15:14:00,152 [INFO] Rule:225 - rule 117617 - U5Cobra4M][GTZC] default value MPCBB3 and MPCBB5 - Privileged memory - MPCBB1 is applicable
2025-07-29 15:14:00,152 [INFO] Rule:225 - rule 117617 - U5Cobra4M][GTZC] default value MPCBB3 and MPCBB5 - Privileged memory - MPCBB2 is applicable
2025-07-29 15:14:00,152 [INFO] Rule:225 - rule 117617 - U5Cobra4M][GTZC] default value MPCBB3 and MPCBB5 - Privileged memory - MPCBB3 is applicable
2025-07-29 15:14:00,152 [INFO] Rule:225 - rule 117617 - U5Cobra4M][GTZC] default value MPCBB3 and MPCBB5 - Privileged memory - MPCBB4 is applicable
2025-07-29 15:14:00,152 [INFO] Rule:225 - rule Rename SubGHz_Phy SUBGHZ_APPLICATION SUBGHZ_PINGPONG to SUBGHZ_ADV_APPLICATION is applicable
2025-07-29 15:14:00,152 [INFO] Rule:225 - rule Rename Enabled to IBEACON is applicable
2025-07-29 15:14:00,152 [INFO] Rule:225 - rule GTZC_S instance for project manager is applicable
2025-07-29 15:14:00,152 [INFO] Rule:225 - rule GTZC_S instance for context M33S is applicable
2025-07-29 15:14:00,152 [INFO] Rule:225 - rule GTZC_S instance value for IP GTZC is applicable
2025-07-29 15:14:00,152 [INFO] Rule:225 - rule GTZC_S instance for mcu.IP is applicable
2025-07-29 15:14:00,153 [INFO] Rule:225 - rule GTZC_S instance for VP is applicable
2025-07-29 15:14:00,153 [INFO] Rule:225 - rule GTZC_S instance for signal is applicable
2025-07-29 15:14:00,153 [INFO] Rule:225 - rule GTZC_S instance for mcu.Pin is applicable
2025-07-29 15:14:00,153 [INFO] Rule:225 - rule GTZC_S instance for VP is applicable
2025-07-29 15:14:00,153 [INFO] Rule:225 - rule GTZC_S instance for signal is applicable
2025-07-29 15:14:00,153 [INFO] Rule:225 - rule GTZC_S instance for mcu is applicable
2025-07-29 15:14:00,153 [INFO] Rule:225 - rule GTZC_S instance for mcu.Pin is applicable
2025-07-29 15:14:00,153 [INFO] Rule:225 - rule GTZC_S instance value for IP GTZC is applicable
2025-07-29 15:14:00,153 [INFO] Rule:225 - rule GTZC_S instance for project manager is applicable
2025-07-29 15:14:00,153 [INFO] Rule:225 - rule GTZC_S instance for context M33S is applicable
2025-07-29 15:14:00,154 [INFO] Rule:225 - rule GTZC_S instance for VP is applicable
2025-07-29 15:14:00,154 [INFO] Rule:225 - rule GTZC_S instance for signal is applicable
2025-07-29 15:14:00,154 [INFO] Rule:225 - rule SPDIFRX instance for mcu is applicable
2025-07-29 15:14:00,154 [INFO] Rule:225 - rule Rename Tracer Mode is applicable
2025-07-29 15:14:00,155 [INFO] Rule:225 - rule SPDIFRX instance value for IP SPDIFRX is applicable
2025-07-29 15:14:00,155 [INFO] Rule:225 - rule SPDIFRX instance for signal is applicable
2025-07-29 15:14:00,155 [INFO] Rule:225 - rule SPDIFRX instance for project manager is applicable
2025-07-29 15:14:00,155 [INFO] Rule:225 - rule SPDIFRX instance for project manager is applicable
2025-07-29 15:14:00,155 [INFO] Rule:225 - rule ADC Scan  fix with FW F7 is applicable
2025-07-29 15:14:00,155 [INFO] Rule:225 - rule ADC Scan  fix with FW F7 is applicable
2025-07-29 15:14:00,155 [INFO] Rule:225 - rule WakeUp0 Mode is applicable
2025-07-29 15:14:00,155 [INFO] Rule:225 - rule WakeUp0 SIGNAL is applicable
2025-07-29 15:14:00,156 [INFO] Rule:225 - rule WakeUp1 Mode is applicable
2025-07-29 15:14:00,156 [INFO] Rule:225 - rule WakeUp1 SIGNAL is applicable
2025-07-29 15:14:00,156 [INFO] Rule:225 - rule WakeUp2 Mode is applicable
2025-07-29 15:14:00,156 [INFO] Rule:225 - rule WakeUp2 SIGNAL is applicable
2025-07-29 15:14:00,156 [INFO] Rule:225 - rule WakeUp4 Mode is applicable
2025-07-29 15:14:00,156 [INFO] Rule:225 - rule WakeUp4 SIGNAL is applicable
2025-07-29 15:14:00,156 [INFO] Rule:225 - rule WakeUp5 Mode is applicable
2025-07-29 15:14:00,156 [INFO] Rule:225 - rule WakeUp5 SIGNAL is applicable
2025-07-29 15:14:00,156 [INFO] Rule:225 - rule Add RTC Activate Clock Source is applicable
2025-07-29 15:14:00,156 [INFO] Rule:225 - rule Add RTC Activate Calendar 1 is applicable
2025-07-29 15:14:00,156 [INFO] Rule:225 - rule Add RTC Activate Calendar 2 is applicable
2025-07-29 15:14:00,157 [INFO] Rule:225 - rule Add RTC Activate Calendar 3 is applicable
2025-07-29 15:14:00,157 [INFO] Rule:225 - rule UART/USART TX Mode is applicable
2025-07-29 15:14:00,157 [INFO] Rule:225 - rule UART/USART RX Mode is applicable
2025-07-29 15:14:00,157 [INFO] Rule:225 - rule UART/USART RX TX Mode is applicable
2025-07-29 15:14:00,157 [INFO] Rule:225 - rule UART/USART PARITY NONE is applicable
2025-07-29 15:14:00,157 [INFO] Rule:225 - rule UART/USART PARITY EVEN is applicable
2025-07-29 15:14:00,157 [INFO] Rule:225 - rule UART/USART PARITY ODD is applicable
2025-07-29 15:14:00,157 [INFO] Rule:225 - rule USART StopBits 1 is applicable
2025-07-29 15:14:00,157 [INFO] Rule:225 - rule USART StopBits 2 is applicable
2025-07-29 15:14:00,157 [INFO] Rule:225 - rule USART StopBits 1.5 is applicable
2025-07-29 15:14:00,157 [INFO] Rule:225 - rule USART StopBits 0.5 is applicable
2025-07-29 15:14:00,157 [INFO] Rule:225 - rule UART/USART WORD LENGTH 7 is applicable
2025-07-29 15:14:00,158 [INFO] Rule:225 - rule UART/USART WORD LENGTH 8 is applicable
2025-07-29 15:14:00,158 [INFO] Rule:225 - rule UART/USART WORD LENGTH 9 is applicable
2025-07-29 15:14:00,158 [INFO] Rule:225 - rule Rename FMC NAND NCE signal is applicable
2025-07-29 15:14:00,158 [INFO] Rule:225 - rule Rename FMC NAND INT signal is applicable
2025-07-29 15:14:00,158 [INFO] Rule:225 - rule Change Default Value for LSE Drive Capability for WB family is applicable
2025-07-29 15:14:00,158 [INFO] Rule:225 - rule Change Default Value for ADC Clock Prescaler G0 family is applicable
2025-07-29 15:14:00,158 [INFO] Rule:225 - rule Change Default Value for ADC ExternalTrigConv L4 family is applicable
2025-07-29 15:14:00,158 [INFO] Rule:225 - rule Change Default Value for ADC ExternalTrigInjecConv L4 family is applicable
2025-07-29 15:14:00,158 [INFO] Rule:225 - rule Change Default Value for ADC ExternalTrigConv F3 family is applicable
2025-07-29 15:14:00,158 [INFO] Rule:225 - rule Change Default Value for ADC ExternalTrigInjecConv F3 family is applicable
2025-07-29 15:14:00,158 [INFO] Rule:225 - rule Change Default Value for ADC ExternalTrigConv Goldfish serie is applicable
2025-07-29 15:14:00,159 [INFO] Rule:225 - rule Change Default Value for ADC ExternalTrigInjecConv Goldfish serie is applicable
2025-07-29 15:14:00,159 [INFO] Rule:225 - rule Change Default Value for ADC ExternalTrigConv L0 family is applicable
2025-07-29 15:14:00,159 [INFO] Rule:225 - rule Change Default Value for ADC ExternalTrigConv F0 family is applicable
2025-07-29 15:14:00,159 [INFO] Rule:225 - rule Change Default Value for ADC ExternalTrigConvn L1 family is applicable
2025-07-29 15:14:00,159 [INFO] Rule:225 - rule Change Default Value for ADC ExternalTrigInjecConv L1 family is applicable
2025-07-29 15:14:00,159 [INFO] Rule:225 - rule Change Default Value for ADC ExternalTrigConv F1 family is applicable
2025-07-29 15:14:00,159 [INFO] Rule:225 - rule Change Default Value for ADC ExternalTrigInjecConv F1 family is applicable
2025-07-29 15:14:00,159 [INFO] Rule:225 - rule Change Default Value for ADC ExternalTrigConv F7 family is applicable
2025-07-29 15:14:00,159 [INFO] Rule:225 - rule Change Default Value for ADC ExternalTrigInjecConv F7 family is applicable
2025-07-29 15:14:00,160 [INFO] Rule:225 - rule Change Default Value for ADC ExternalTrigConv F4 and F2 family is applicable
2025-07-29 15:14:00,160 [INFO] Rule:225 - rule Change Default Value for ADC ExternalTrigInjecConv F4 and F2 family is applicable
2025-07-29 15:14:00,160 [INFO] Rule:225 - rule ADC SamplingTime fix with FW L0  is applicable
2025-07-29 15:14:00,160 [INFO] Rule:225 - rule ADC SamplingTime fix with FW L0  is applicable
2025-07-29 15:14:00,160 [INFO] Rule:225 - rule ADC SamplingTime fix with FW L0 is applicable
2025-07-29 15:14:00,160 [INFO] Rule:225 - rule ADC SamplingTime fix with FW L0 is applicable
2025-07-29 15:14:00,160 [INFO] Rule:225 - rule ADC SamplingTime fix with FW L0  is applicable
2025-07-29 15:14:00,160 [INFO] Rule:225 - rule ADC SamplingTime fix with FW L0 is applicable
2025-07-29 15:14:00,160 [INFO] Rule:225 - rule Rename USB_OE Signal is applicable
2025-07-29 15:14:00,160 [INFO] Rule:225 - rule Rename Activate_OE Mode is applicable
2025-07-29 15:14:00,161 [INFO] Rule:225 - rule Rename DIE462/DIE415 pin PC14/OSC32_IN -> PC14-OSC32_IN (PC14) is applicable
2025-07-29 15:14:00,161 [INFO] Rule:225 - rule Rename DIE462/DIE415 pin PC15/OSC32_OUT -> PC15-OSC32_OUT (PC15) is applicable
2025-07-29 15:14:00,161 [INFO] Rule:225 - rule Rename DIE462/DIE415 pin PH0/OSC_IN -> PH0-OSC_IN (PH0) is applicable
2025-07-29 15:14:00,161 [INFO] Rule:225 - rule Rename DIE462/DIE415 pin PH1/OSC_OUT -> PH1-OSC_OUT (PH1) is applicable
2025-07-29 15:14:00,161 [INFO] Rule:225 - rule Rename DIE462 pin PA13 -> PA13 (JTMS/SWDIO) is applicable
2025-07-29 15:14:00,161 [INFO] Rule:225 - rule Rename DIE415 pin PA13 -> PA13 (JTMS/SWDIO) is applicable
2025-07-29 15:14:00,161 [INFO] Rule:225 - rule Rename DIE462 pin PA14 -> PA14 (JTCK/SWCLK) is applicable
2025-07-29 15:14:00,161 [INFO] Rule:225 - rule Rename DIE415 pin PA14 -> PA14 (JTCK/SWCLK) is applicable
2025-07-29 15:14:00,161 [INFO] Rule:225 - rule Rename DIE462/DIE415 pin PA15 -> PA15 (JTDI) is applicable
2025-07-29 15:14:00,161 [INFO] Rule:225 - rule Rename DIE462 pin PB3 -> PB3 (JTD0/TRACESWO) is applicable
2025-07-29 15:14:00,162 [INFO] Rule:225 - rule Rename DIE415 pin PB3 -> PB3 (JTD0-TRACESWO) is applicable
2025-07-29 15:14:00,162 [INFO] Rule:225 - rule Rename DIE462/DIE415 pin PB4 -> PB4 (NJTRST) is applicable
2025-07-29 15:14:00,162 [INFO] Rule:225 - rule Rename DIE462 pin PH3/BOOT0 -> PH3-BOOT0 (BOOT0) is applicable
2025-07-29 15:14:00,162 [INFO] Rule:225 - rule Rename CRYP DataEncryptionTypesList to Algorithm is applicable
2025-07-29 15:14:00,162 [INFO] Rule:225 - rule Rename AES DataEncryptionTypesList to Algorithm is applicable
2025-07-29 15:14:00,162 [INFO] Rule:225 - rule Rename TDESECB to CRYP_TDES_ECB is applicable
2025-07-29 15:14:00,162 [INFO] Rule:225 - rule Rename TDESCBC to CRYP_TDES_CBC is applicable
2025-07-29 15:14:00,162 [INFO] Rule:225 - rule Rename DESECB to CRYP_DES_ECB is applicable
2025-07-29 15:14:00,162 [INFO] Rule:225 - rule Rename DESCBC to CRYP_DES_CBC is applicable
2025-07-29 15:14:00,163 [INFO] Rule:225 - rule Rename AESECB to CRYP_AES_ECB is applicable
2025-07-29 15:14:00,163 [INFO] Rule:225 - rule Rename AESCBC to CRYP_AES_CBC is applicable
2025-07-29 15:14:00,163 [INFO] Rule:225 - rule Rename AESCTR to CRYP_AES_CTR is applicable
2025-07-29 15:14:00,163 [INFO] Rule:225 - rule Rename AESGCM to CRYP_AES_GCM is applicable
2025-07-29 15:14:00,163 [INFO] Rule:225 - rule Rename AESCCM to CRYP_AES_CCM is applicable
2025-07-29 15:14:00,163 [INFO] Rule:225 - rule Rename CAN TimeSeg1 to BS1 is applicable
2025-07-29 15:14:00,163 [INFO] Rule:225 - rule Rename CAN TimeSeg2 to BS2 is applicable
2025-07-29 15:14:00,163 [INFO] Rule:225 - rule Rename CAN SyncJumpWidth to SJW is applicable
2025-07-29 15:14:00,163 [INFO] Rule:225 - rule TimeTriggeredMode to TTCM is applicable
2025-07-29 15:14:00,163 [INFO] Rule:225 - rule Rename CAN AutoBusOff to ABOM is applicable
2025-07-29 15:14:00,164 [INFO] Rule:225 - rule Rename CAN AutoWakeUp to AWUM is applicable
2025-07-29 15:14:00,164 [INFO] Rule:225 - rule Rename CAN AutoRetransmission to NART is applicable
2025-07-29 15:14:00,164 [INFO] Rule:225 - rule Rename CAN ReceiveFifoLocked to RFLM is applicable
2025-07-29 15:14:00,164 [INFO] Rule:225 - rule Rename CAN TransmitFifoPriority to TXFP is applicable
2025-07-29 15:14:00,164 [INFO] Rule:225 - rule Rename HRTIMER HRTIM_OUTPUTFAULTLEVEL_HIGH in HRTIMER HRTIM_OUTPUTFAULTLEVEL_HIGHZ is applicable
2025-07-29 15:14:00,164 [INFO] Rule:225 - rule Rename TIMER TIM_CLEARINPUTSOURCE_OCREFCLR in  TIMER TIM_CLEARINPUTSOURCE_NONE for F7 family is applicable
2025-07-29 15:14:00,164 [INFO] Rule:225 - rule FDCAN_R1 - Rename FDCAN mode Master into Classic is applicable
2025-07-29 15:14:00,164 [INFO] Rule:225 - rule FDCAN_R2 - Rename FDCAN mode Slave into Classic is applicable
2025-07-29 15:14:00,164 [INFO] Rule:225 - rule FDCAN1_R3 - if PA10.Mode=FullDuplex, add Pin PA12 is applicable
2025-07-29 15:14:00,164 [INFO] Rule:225 - rule FDCAN1_R3 - if PA9.Mode=FullDuplex, add Pin PA11 is applicable
2025-07-29 15:14:00,164 [INFO] Rule:225 - rule FDCAN1_R3 - Alternatepin_1 - if PE1.Mode=FullDuplex, add Pin PB9 is applicable
2025-07-29 15:14:00,165 [INFO] Rule:225 - rule FDCAN1_R3 - Alternatepin_1 - if PE0.Mode=FullDuplex, add Pin PB8 is applicable
2025-07-29 15:14:00,165 [INFO] Rule:225 - rule FDCAN1_R3 - Alternatepin_2 - if PD5.Mode=FullDuplex, add Pin PD1 is applicable
2025-07-29 15:14:00,165 [INFO] Rule:225 - rule FDCAN1_R3 - Alternatepin_2 - if PD4.Mode=FullDuplex, add Pin PD0 is applicable
2025-07-29 15:14:00,165 [INFO] Rule:225 - rule FDCAN1_R4 - Rename Mode FullDuplex into Enable FDCAN_TXFD for pin PA10 is applicable
2025-07-29 15:14:00,165 [INFO] Rule:225 - rule FDCAN1_R4 - Rename Mode FullDuplex into Enable FDCAN_TXFD for pin PA9 is applicable
2025-07-29 15:14:00,165 [INFO] Rule:225 - rule FDCAN1_R4 - Alternatepin_1 - Rename Mode FullDuplex into Enable FDCAN_TXFD for pin PE1 is applicable
2025-07-29 15:14:00,165 [INFO] Rule:225 - rule FDCAN1_R4 - Alternatepin_1 - Rename Mode FullDuplex into Enable FDCAN_TXFD for pin PE0 is applicable
2025-07-29 15:14:00,165 [INFO] Rule:225 - rule FDCAN1_R4 - Alternatepin_2 - Rename Mode FullDuplex into Enable FDCAN_TXFD for pin PD5 is applicable
2025-07-29 15:14:00,165 [INFO] Rule:225 - rule FDCAN1_R4 - Alternatepin_2 - Rename Mode FullDuplex into Enable FDCAN_TXFD for pin PD4 is applicable
2025-07-29 15:14:00,165 [INFO] Rule:225 - rule FDCAN2_R3 - if PD10.Mode=FullDuplex, add Pin PB13 is applicable
2025-07-29 15:14:00,166 [INFO] Rule:225 - rule FDCAN2_R3 - if PD9.Mode=FullDuplex, add Pin PB12 is applicable
2025-07-29 15:14:00,166 [INFO] Rule:225 - rule FDCAN2_R3 - Alternatepin_1 - if PB7.Mode=FullDuplex, add Pin PB6 is applicable
2025-07-29 15:14:00,166 [INFO] Rule:225 - rule FDCAN2_R3 - Alternatepin_1 - if PD9.Mode=FullDuplex, add Pin PB12 is applicable
2025-07-29 15:14:00,166 [INFO] Rule:225 - rule FDCAN2_R4 - Rename Mode FullDuplex into Enable FDCAN_TXFD for pin PD10 is applicable
2025-07-29 15:14:00,166 [INFO] Rule:225 - rule FDCAN2_R4 - Rename Mode FullDuplex into Enable FDCAN_TXFD for pin PD9 is applicable
2025-07-29 15:14:00,166 [INFO] Rule:225 - rule FDCAN2_R4 - Alternatepin_1 - Rename Mode FullDuplex into Enable FDCAN_TXFD for pin PB7 is applicable
2025-07-29 15:14:00,166 [INFO] Rule:225 - rule FDCAN2_R4 - Alternatepin_1 - Rename Mode FullDuplex into Enable FDCAN_TXFD for pin PD6 is applicable
2025-07-29 15:14:00,166 [INFO] Rule:225 - rule USART TxPinLevelInvertParam Mode is applicable
2025-07-29 15:14:00,166 [INFO] Rule:225 - rule USART RxPinLevelInvertParam Mode is applicable
2025-07-29 15:14:00,167 [INFO] Rule:225 - rule USART DataInvertParam Mode is applicable
2025-07-29 15:14:00,167 [INFO] Rule:225 - rule USART SwapParam Mode is applicable
2025-07-29 15:14:00,167 [INFO] Rule:225 - rule USART OverrunDisableParam Mode is applicable
2025-07-29 15:14:00,167 [INFO] Rule:225 - rule USART DMADisableonRxErrorParam Mode is applicable
2025-07-29 15:14:00,167 [INFO] Rule:225 - rule USART MSBFirstParam Mode is applicable
2025-07-29 15:14:00,167 [INFO] Rule:225 - rule Update MwName for USB_DEVICE is applicable
2025-07-29 15:14:00,167 [INFO] Rule:225 - rule Change PWR_Regulator_Voltage_Scale Default Value for RCC  H7 family is applicable
2025-07-29 15:14:00,167 [INFO] Rule:225 - rule UART/USART IPParameter rename Prescaler parameter to ClockPrescaler is applicable
2025-07-29 15:14:00,167 [INFO] Rule:225 - rule UART/USART Prescaler rename Prescaler parameter to ClockPrescaler is applicable
2025-07-29 15:14:00,167 [INFO] Rule:225 - rule TIM1CLockSelection is applicable
2025-07-29 15:14:00,167 [INFO] Rule:225 - rule TIM15CLockSelection is applicable
2025-07-29 15:14:00,168 [INFO] Rule:225 - rule align RCC SDMMC3CLockSelection default value on MP1 is applicable
2025-07-29 15:14:00,168 [INFO] Rule:225 - rule align RCC SDMMC12CLockSelection default value on MP1 is applicable
2025-07-29 15:14:00,168 [INFO] Rule:225 - rule align RCC QSPICLockSelection default value on MP1 is applicable
2025-07-29 15:14:00,168 [INFO] Rule:225 - rule align RCC QSPICLockSelection default value on MP1 is applicable
2025-07-29 15:14:00,168 [INFO] Rule:225 - rule align RCC SPI6CLockSelection default value on MP1 is applicable
2025-07-29 15:14:00,168 [INFO] Rule:225 - rule align RCC LPTIM23CLockSelection default value on MP1 is applicable
2025-07-29 15:14:00,168 [INFO] Rule:225 - rule align RCC LPTIM1CLockSelection default value on MP1 is applicable
2025-07-29 15:14:00,168 [INFO] Rule:225 - rule align RCC USART1CLockSelection default value on MP1 is applicable
2025-07-29 15:14:00,168 [INFO] Rule:225 - rule align RCC USART24CLockSelection default value on MP1 is applicable
2025-07-29 15:14:00,168 [INFO] Rule:225 - rule align RCC USART6CLockSelection default value on MP1 is applicable
2025-07-29 15:14:00,169 [INFO] Rule:225 - rule align RCC UART78CLockSelection default value on MP1 is applicable
2025-07-29 15:14:00,169 [INFO] Rule:225 - rule align RCC USART35CLockSelection default value on MP1 is applicable
2025-07-29 15:14:00,169 [INFO] Rule:225 - rule align RCC SPI45CLockSelection default value on MP1 is applicable
2025-07-29 15:14:00,169 [INFO] Rule:225 - rule align RCC I2C46CLockSelection BCLK value on MP1 is applicable
2025-07-29 15:14:00,169 [INFO] Rule:225 - rule align RCC SPI45CLockSelection default value on MP1 is applicable
2025-07-29 15:14:00,169 [INFO] Rule:225 - rule align RCC I2C12CLockSelection default value on MP1 is applicable
2025-07-29 15:14:00,169 [INFO] Rule:225 - rule align RCC I2C35CLockSelection default value on MP1 is applicable
2025-07-29 15:14:00,169 [INFO] Rule:225 - rule align RCC LPTIM45CLockSelection default value on MP1 is applicable
2025-07-29 15:14:00,169 [INFO] Rule:225 - rule Rename DCMI PIXCK signal is applicable
2025-07-29 15:14:00,169 [INFO] Rule:225 - rule Change Default Value for I2C46CLockSelection MP1 family is applicable
2025-07-29 15:14:00,170 [INFO] Rule:225 - rule Change Default Value for UART for G4, G0 and WB families is applicable
2025-07-29 15:14:00,170 [INFO] Rule:225 - rule Change Default Value for USART for G4, G0 and WB families is applicable
2025-07-29 15:14:00,170 [INFO] Rule:225 - rule Change Default Value for USART for G4 family is applicable
2025-07-29 15:14:00,170 [INFO] Rule:225 - rule Change USART1CLockSelection refparam name for MP1 is applicable
2025-07-29 15:14:00,170 [INFO] Rule:225 - rule Change USART2CLockSelection refparam name for MP1 is applicable
2025-07-29 15:14:00,170 [INFO] Rule:225 - rule Change USART3CLockSelection refparam name for MP1 is applicable
2025-07-29 15:14:00,170 [INFO] Rule:225 - rule Change UART4CLockSelection refparam name for MP1 is applicable
2025-07-29 15:14:00,170 [INFO] Rule:225 - rule Change UART5CLockSelection refparam name for MP1 is applicable
2025-07-29 15:14:00,170 [INFO] Rule:225 - rule Change LPUART1CLockSelection refparam name for MP1 is applicable
2025-07-29 15:14:00,170 [INFO] Rule:225 - rule Change LPTIM1CLockSelection refparam name for MP1 is applicable
2025-07-29 15:14:00,171 [INFO] Rule:225 - rule Change LPTIM2CLockSelection refparam name for MP1 is applicable
2025-07-29 15:14:00,171 [INFO] Rule:225 - rule Change RCC_MCO1Source refparam name for MP1 is applicable
2025-07-29 15:14:00,171 [INFO] Rule:225 - rule Change LSCOSource1 refparam name for MP1 is applicable
2025-07-29 15:14:00,171 [INFO] Rule:225 - rule Change SMPSCLockSelection refparam name for MP1 is applicable
2025-07-29 15:14:00,171 [INFO] Rule:225 - rule Change LPTIM3CLockSelection refparam name for MP1 is applicable
2025-07-29 15:14:00,171 [INFO] Rule:225 - rule Change MPCBB* Default Template Mode to Parameters is applicable
2025-07-29 15:14:00,171 [INFO] Rule:225 - rule Change MPCWM* or MPCBB* Secure Mode to Parameters is applicable
2025-07-29 15:14:00,171 [INFO] Rule:225 - rule Change MPCWM* or MPCBB* No Secure Mode to Parameters is applicable
2025-07-29 15:14:00,171 [INFO] Rule:225 - rule Change TZSC IP Secure Mode to Parameters is applicable
2025-07-29 15:14:00,171 [INFO] Rule:225 - rule Change TZSC IP No Secure Mode to Parameters is applicable
2025-07-29 15:14:00,172 [INFO] Rule:225 - rule Change TZSC IP Privilege Mode to Parameters is applicable
2025-07-29 15:14:00,172 [INFO] Rule:225 - rule Change TZSC IP No Privilege Mode to Parameters is applicable
2025-07-29 15:14:00,172 [INFO] Rule:225 - rule Change TZIC IT Secure Mode to Parameters is applicable
2025-07-29 15:14:00,173 [INFO] Rule:225 - rule Change TZIC IT No Secure Mode to Parameters is applicable
2025-07-29 15:14:00,173 [INFO] Rule:225 - rule Add MPCBB1_NonSecureArea_Start_Address value with referenced to MPCBB1_NonSecureArea_Start value is applicable
2025-07-29 15:14:00,173 [INFO] Rule:225 - rule Add MPCBB2_NonSecureArea_Start_Address value with referenced to MPCBB2_NonSecureArea_Start value is applicable
2025-07-29 15:14:00,173 [INFO] Rule:225 - rule Add MPCWM1_NonSecureArea*_Start_Address value with referenced to MPCWM1_NonSecureArea*_Start value is applicable
2025-07-29 15:14:00,173 [INFO] Rule:225 - rule Add MPCWM2_NonSecureArea*_Start_Address value with referenced to MPCWM2_NonSecureArea*_Start value is applicable
2025-07-29 15:14:00,173 [INFO] Rule:225 - rule Add MPCWM3_NonSecureArea_Start_Address value with referenced to MPCWM3_NonSecureArea_Start value is applicable
2025-07-29 15:14:00,173 [INFO] Rule:225 - rule Change Default Value for PLL1UserDefinedConfig is applicable
2025-07-29 15:14:00,173 [INFO] Rule:225 - rule Change GPIO_PuPd Default Value for USART in async mode is applicable
2025-07-29 15:14:00,174 [INFO] Rule:225 - rule Change SMPSDivider Default Value is applicable
2025-07-29 15:14:00,174 [INFO] Rule:225 - rule OPAMP is applicable
2025-07-29 15:14:00,174 [INFO] Rule:225 - rule LPUART IPParameter rename Prescaler parameter to ClockPrescaler for STM32H7 is applicable
2025-07-29 15:14:00,174 [INFO] Rule:225 - rule LPUART IPParameter rename Prescaler parameter to ClockPrescaler for STM32H7 is applicable
2025-07-29 15:14:00,174 [INFO] Rule:225 - rule LPUART IPParameter rename Prescaler parameter to ClockPrescaler for STM32WB is applicable
2025-07-29 15:14:00,174 [INFO] Rule:225 - rule LPUART IPParameter rename Prescaler parameter to ClockPrescaler for STM32WB is applicable
2025-07-29 15:14:00,174 [INFO] Rule:225 - rule LPUART IPParameter rename Prescaler parameter to ClockPrescaler for STM32G4 is applicable
2025-07-29 15:14:00,174 [INFO] Rule:225 - rule LPUART IPParameter rename Prescaler parameter to ClockPrescaler for STM32G4 is applicable
2025-07-29 15:14:00,174 [INFO] Rule:225 - rule LPUART IPParameter rename Prescaler parameter to ClockPrescaler for STM32L5 is applicable
2025-07-29 15:14:00,174 [INFO] Rule:225 - rule LPUART IPParameter rename Prescaler parameter to ClockPrescaler for STM32L5 is applicable
2025-07-29 15:14:00,175 [INFO] Rule:225 - rule LPUART IPParameter rename Prescaler parameter to ClockPrescaler for STM32G4 is applicable
2025-07-29 15:14:00,175 [INFO] Rule:225 - rule LPUART IPParameter rename Prescaler parameter to ClockPrescaler for STM32G4 is applicable
2025-07-29 15:14:00,175 [INFO] Rule:225 - rule USB device lib V2.5.3 for L0 rename USBD_SUPPORT_USER_STRING parameter to USBD_SUPPORT_USER_STRING_DESC4 is applicable
2025-07-29 15:14:00,175 [INFO] Rule:225 - rule I2SCLockSelection clock entry align is applicable
2025-07-29 15:14:00,175 [INFO] Rule:225 - rule Assign TIMx context if used as SYS timebase is applicable
2025-07-29 15:14:00,175 [INFO] Rule:225 - rule Change GPIO_Pu Default Value for I2C is applicable
2025-07-29 15:14:00,175 [INFO] Rule:225 - rule Change GPIO_Pu Default Value for SMBus is applicable
2025-07-29 15:14:00,175 [INFO] Rule:225 - rule change FDCAN default value is applicable
2025-07-29 15:14:00,176 [INFO] Rule:225 - rule Change mode sai is applicable
2025-07-29 15:14:00,176 [INFO] Rule:225 - rule **Change sai mode is applicable
2025-07-29 15:14:00,176 [INFO] Rule:225 - rule Rename STM32WPAN CFG_BLE_IRK to CFG_BLE_IR is applicable
2025-07-29 15:14:00,176 [INFO] Rule:225 - rule Rename STM32WPAN CFG_BLE_ERK to CFG_BLE_ER is applicable
2025-07-29 15:14:00,176 [INFO] Rule:225 - rule Rename STM32WPAN CFG_BLE_IRK_HEX to CFG_BLE_IR_HEX is applicable
2025-07-29 15:14:00,176 [INFO] Rule:225 - rule Rename STM32WPAN CFG_BLE_ERK_HEX to CFG_BLE_ER_HEX is applicable
2025-07-29 15:14:00,176 [INFO] Rule:225 - rule Adapt Old IOC before rework replace old CORTEX_M33/CORTEX_M55 attributes by the new one. is applicable
2025-07-29 15:14:00,176 [INFO] Rule:225 - rule Rename parametre of RCC RCC_APBDBG_DIV2 to RCC_TIMPRES_DIV2 is applicable
2025-07-29 15:14:00,176 [INFO] Rule:225 - rule Rename DIE493 pin PA10 [PA12] -> PA10 is applicable
2025-07-29 15:14:00,176 [INFO] Rule:225 - rule Rename DIE493 pin PA9 [PA11] -> PA9 is applicable
2025-07-29 15:14:00,177 [INFO] Rule:225 - rule Adapt Old IOC CSI. is applicable
2025-07-29 15:14:00,212 [INFO] DbConfProperties:307 - Apply Compatibility (49/267 Rules)
2025-07-29 15:14:00,246 [INFO] ImportTextPane:218 - (OptionalMessage_ERROR) Unable to find key (Mcu.ThirdPartyNb) in loaded IOC file
2025-07-29 15:14:00,253 [INFO] ImportTextPane:218 - (OptionalMessage_ERROR) Pin12 (VP_RIF_VS_RIF1) cannot be retrieved for this MCU
2025-07-29 15:14:00,388 [WARN] ModelIntegratedComponent:63 - No mode defined for component null
2025-07-29 15:14:00,388 [WARN] ModelIntegratedComponent:63 - No mode defined for component null
2025-07-29 15:14:00,388 [WARN] ModelIntegratedComponent:63 - No mode defined for component null
2025-07-29 15:14:00,389 [WARN] ModelIntegratedComponent:63 - No mode defined for component null
2025-07-29 15:14:00,389 [WARN] ModelIntegratedComponent:63 - No mode defined for component null
2025-07-29 15:14:00,389 [WARN] ModelIntegratedComponent:63 - No mode defined for component null
2025-07-29 15:14:00,389 [WARN] ModelIntegratedComponent:63 - No mode defined for component null
2025-07-29 15:14:00,389 [WARN] ModelIntegratedComponent:63 - No mode defined for component null
2025-07-29 15:14:00,390 [WARN] ModelIntegratedComponent:63 - No mode defined for component null
2025-07-29 15:14:00,390 [WARN] ModelIntegratedComponent:63 - No mode defined for component null
2025-07-29 15:14:00,390 [WARN] ModelIntegratedComponent:63 - No mode defined for component null
2025-07-29 15:14:00,390 [WARN] ModelIntegratedComponent:63 - No mode defined for component null
2025-07-29 15:14:00,390 [WARN] ModelIntegratedComponent:63 - No mode defined for component null
2025-07-29 15:14:00,390 [WARN] ModelIntegratedComponent:63 - No mode defined for component null
2025-07-29 15:14:00,390 [WARN] ModelIntegratedComponent:63 - No mode defined for component null
2025-07-29 15:14:00,390 [WARN] ModelIntegratedComponent:63 - No mode defined for component null
2025-07-29 15:14:00,390 [WARN] ModelIntegratedComponent:63 - No mode defined for component null
2025-07-29 15:14:00,390 [WARN] ModelIntegratedComponent:63 - No mode defined for component null
2025-07-29 15:14:00,391 [WARN] ModelIntegratedComponent:63 - No mode defined for component null
2025-07-29 15:14:00,391 [WARN] ModelIntegratedComponent:63 - No mode defined for component null
2025-07-29 15:14:00,391 [WARN] ModelIntegratedComponent:63 - No mode defined for component null
2025-07-29 15:14:00,391 [WARN] ModelIntegratedComponent:63 - No mode defined for component null
2025-07-29 15:14:00,391 [WARN] ModelIntegratedComponent:63 - No mode defined for component null
2025-07-29 15:14:00,391 [WARN] ModelIntegratedComponent:63 - No mode defined for component null
2025-07-29 15:14:00,391 [WARN] ModelIntegratedComponent:63 - No mode defined for component null
2025-07-29 15:14:00,391 [WARN] ModelIntegratedComponent:63 - No mode defined for component null
2025-07-29 15:14:00,391 [WARN] ModelIntegratedComponent:63 - No mode defined for component null
2025-07-29 15:14:00,391 [WARN] ModelIntegratedComponent:63 - No mode defined for component null
2025-07-29 15:14:00,391 [WARN] ModelIntegratedComponent:63 - No mode defined for component null
2025-07-29 15:14:00,392 [WARN] ModelIntegratedComponent:63 - No mode defined for component null
2025-07-29 15:14:00,392 [WARN] ModelIntegratedComponent:63 - No mode defined for component null
2025-07-29 15:14:00,392 [WARN] ModelIntegratedComponent:63 - No mode defined for component null
2025-07-29 15:14:00,392 [WARN] ModelIntegratedComponent:63 - No mode defined for component null
2025-07-29 15:14:00,392 [WARN] ModelIntegratedComponent:63 - No mode defined for component null
2025-07-29 15:14:00,392 [WARN] ModelIntegratedComponent:63 - No mode defined for component null
2025-07-29 15:14:00,392 [WARN] ModelPack:524 - Component already loaded: STMicroelectronics:HAL Drivers:0.0.0:STMicroelectronics:Device:STMicro_Driver:XSPI:HAL::0.0.1:HAL_XSPI
2025-07-29 15:14:00,403 [INFO] RtosManager:558 - Registered RTOS mode: class=CMSIS, group=RTOS, mode=CMSIS_V1, owner=FREERTOS
2025-07-29 15:14:00,403 [INFO] RtosManager:558 - Registered RTOS mode: class=CMSIS, group=RTOS2, mode=CMSIS_V2, owner=FREERTOS
2025-07-29 15:14:00,403 [INFO] RtosManager:558 - Registered RTOS mode: class=RTOS, group=Core, mode=CMSIS_V1, owner=FREERTOS
2025-07-29 15:14:00,403 [INFO] RtosManager:558 - Registered RTOS mode: class=RTOS, group=Core, mode=CMSIS_V2, owner=FREERTOS
2025-07-29 15:14:00,404 [WARN] ModelIntegratedComponent:184 - Missing modes for component STMicroelectronics:FreeRTOS:0.0.1:STMicroelectronics:RTOS:FreeRTOS:Core:::10.2.0:
2025-07-29 15:14:00,419 [INFO] ThirdPartyModel:298 - Start build external matchings
2025-07-29 15:14:00,456 [INFO] ThirdPartyModel:316 - End build external matchings
2025-07-29 15:14:00,463 [INFO] ImportTextPane:218 - (OptionalMessage_ERROR) IP (RCC) : Invalid parameter (48MHZClocksFreq_Value)
2025-07-29 15:14:00,463 [INFO] ImportTextPane:218 - (OptionalMessage_ERROR) IP (RCC) : Invalid parameter (EthernetFreq_Value)
2025-07-29 15:14:00,467 [INFO] ImportTextPane:218 - (OptionalMessage_ERROR) IP (RCC) : Parameter (FLatency) has Id (AdvancedSettings) currently not set
2025-07-29 15:14:00,467 [INFO] ImportTextPane:218 - (OptionalMessage_ERROR) IP (RCC) : Invalid parameter (FamilyName)
2025-07-29 15:14:00,467 [INFO] ImportTextPane:218 - (OptionalMessage_ERROR) IP (RCC) : Invalid parameter (I2SClocksFreq_Value)
2025-07-29 15:14:00,470 [INFO] ImportTextPane:218 - (OptionalMessage_ERROR) IP (RCC) : Parameter (SDIOFreq_Value) has invalid value (168000000)
2025-07-29 15:14:00,470 [INFO] ImportTextPane:218 - (OptionalMessage_ERROR) IP (RCC) : Parameter (USBFreq_Value) has invalid value (168000000)
2025-07-29 15:14:00,472 [INFO] ImportTextPane:218 - (OptionalMessage_ERROR) IP (RCC) : Invalid parameter (VCOInputMFreq_Value)
2025-07-29 15:14:00,472 [INFO] ImportTextPane:218 - (OptionalMessage_ERROR) IP (RCC) : Invalid parameter (VcooutputI2S)
2025-07-29 15:14:00,930 [INFO] UtilMem:75 - End LoadConfig() Used Memory: 284112664 Bytes (515899392)
2025-07-29 15:14:00,996 [WARN] ThirdParty:833 - waiting for thirdparty lock release [change project]
2025-07-29 15:14:00,999 [INFO] ThirdParty:835 - entering critical section [change project]
2025-07-29 15:14:01,000 [INFO] ThirdParty:1030 - CMSIS Pack Vendor :STMicroelectronics USBPD 4.1
2025-07-29 15:14:01,000 [INFO] ThirdParty:1030 - CMSIS Pack Vendor :STMicroelectronics X-CUBE-DISPLAY 3.0.0
2025-07-29 15:14:01,000 [INFO] ThirdParty:1030 - CMSIS Pack Vendor :STMicroelectronics USB_HOST 2.0.0
2025-07-29 15:14:01,000 [INFO] ThirdParty:1030 - CMSIS Pack Vendor :STMicroelectronics FP-SNS-MOTENVWB1 1.4.0
2025-07-29 15:14:01,000 [INFO] ThirdParty:1030 - CMSIS Pack Vendor :STMicroelectronics LIBJPEG 8.0.0
2025-07-29 15:14:01,000 [INFO] ThirdParty:1030 - CMSIS Pack Vendor :STMicroelectronics FP-ATR-SIGFOX1 3.2.0
2025-07-29 15:14:01,000 [INFO] ThirdParty:1030 - CMSIS Pack Vendor :STMicroelectronics USB_DEVICE 3.0.0
2025-07-29 15:14:01,000 [INFO] ThirdParty:1030 - CMSIS Pack Vendor :STMicroelectronics HAL Drivers 0.0.0
2025-07-29 15:14:01,001 [INFO] ThirdParty:1030 - CMSIS Pack Vendor :STMicroelectronics MBEDTLS 2.16.2
2025-07-29 15:14:01,001 [INFO] ThirdParty:1030 - CMSIS Pack Vendor :STMicroelectronics X-CUBE-ALS 1.0.2
2025-07-29 15:14:01,001 [INFO] ThirdParty:1030 - CMSIS Pack Vendor :STMicroelectronics MBEDTLS 2.14.1
2025-07-29 15:14:01,001 [INFO] ThirdParty:1030 - CMSIS Pack Vendor :STMicroelectronics USB_DEVICE 2.0.0
2025-07-29 15:14:01,001 [INFO] ThirdParty:1030 - CMSIS Pack Vendor :STMicroelectronics FP-SNS-STBOX1 2.0.0
2025-07-29 15:14:01,001 [INFO] ThirdParty:1030 - CMSIS Pack Vendor :STMicroelectronics ThreadX 1.0.0
2025-07-29 15:14:01,001 [INFO] ThirdParty:1030 - CMSIS Pack Vendor :STMicroelectronics FP-SNS-SMARTAG2 1.2.0
2025-07-29 15:14:01,001 [INFO] ThirdParty:1030 - CMSIS Pack Vendor :STMicroelectronics FreeRTOS 0.0.1
2025-07-29 15:14:01,001 [INFO] ThirdParty:1030 - CMSIS Pack Vendor :STMicroelectronics FP-SNS-MOTENV1 5.0.0
2025-07-29 15:14:01,001 [INFO] ThirdParty:1030 - CMSIS Pack Vendor :STMicroelectronics USB_DEVICE 1.0.0
2025-07-29 15:14:01,001 [INFO] ThirdParty:1030 - CMSIS Pack Vendor :STMicroelectronics STM32_WPAN 1.0.0
2025-07-29 15:14:01,001 [INFO] ThirdParty:1030 - CMSIS Pack Vendor :STMicroelectronics ThreadX 0.0.2
2025-07-29 15:14:01,004 [INFO] ThirdParty:1030 - CMSIS Pack Vendor :STMicroelectronics lwIP 2.1.2
2025-07-29 15:14:01,005 [INFO] ThirdParty:1030 - CMSIS Pack Vendor :STMicroelectronics lwIP 2.0.3
2025-07-29 15:14:01,005 [INFO] ThirdParty:1030 - CMSIS Pack Vendor :STMicroelectronics X-CUBE-BLE2 3.3.0
2025-07-29 15:14:01,005 [INFO] ThirdParty:1030 - CMSIS Pack Vendor :STMicroelectronics USB_HOST 1.0.0
2025-07-29 15:14:01,005 [INFO] ThirdParty:1030 - CMSIS Pack Vendor :STMicroelectronics PDM2PCM 3.1.0
2025-07-29 15:14:01,005 [INFO] ThirdParty:1030 - CMSIS Pack Vendor :STMicroelectronics PDM2PCM 3.2.0
2025-07-29 15:14:01,005 [INFO] ThirdParty:1030 - CMSIS Pack Vendor :STMicroelectronics PDM2PCM 3.3.0
2025-07-29 15:14:01,005 [INFO] ThirdParty:841 - exiting critical section [change project]
2025-07-29 15:14:01,980 [INFO] PinOutPanel:1589 - setPackage(No Configuration,No Configuration)
2025-07-29 15:14:01,982 [INFO] PinOutPanel:1589 - setPackage(STM32F446RETx,LQFP64)
2025-07-29 15:14:03,055 [INFO] UtilMem:75 - Before build in PCC Used Memory: 293180080 Bytes (515899392)
2025-07-29 15:14:04,258 [INFO] UtilMem:75 - After build in PCC Used Memory: 410949400 Bytes (515899392)
2025-07-29 15:14:04,355 [INFO] IPUIPlugin:80 - create IPUIPlugin
2025-07-29 15:14:04,356 [INFO] IPUIPlugin:80 - create IPUIPlugin
2025-07-29 15:14:04,356 [INFO] IPUIPlugin:80 - create IPUIPlugin
2025-07-29 15:14:04,356 [INFO] IPUIPlugin:80 - create IPUIPlugin
2025-07-29 15:14:04,356 [INFO] IPUIPlugin:80 - create IPUIPlugin
2025-07-29 15:14:04,357 [INFO] IPUIPlugin:80 - create IPUIPlugin
2025-07-29 15:14:04,357 [INFO] IPUIPlugin:80 - create IPUIPlugin
2025-07-29 15:14:04,358 [INFO] IPUIPlugin:80 - create IPUIPlugin
2025-07-29 15:14:04,358 [INFO] IPUIPlugin:80 - create IPUIPlugin
2025-07-29 15:14:04,358 [INFO] IPUIPlugin:80 - create IPUIPlugin
2025-07-29 15:14:04,358 [INFO] IPUIPlugin:80 - create IPUIPlugin
2025-07-29 15:14:04,359 [INFO] IPUIPlugin:80 - create IPUIPlugin
2025-07-29 15:14:04,359 [INFO] IPUIPlugin:80 - create IPUIPlugin
2025-07-29 15:14:04,360 [INFO] IPUIPlugin:80 - create IPUIPlugin
2025-07-29 15:14:04,360 [INFO] IPUIPlugin:80 - create IPUIPlugin
2025-07-29 15:14:04,360 [INFO] IPUIPlugin:80 - create IPUIPlugin
2025-07-29 15:14:04,361 [INFO] IPUIPlugin:80 - create IPUIPlugin
2025-07-29 15:14:04,361 [INFO] IPUIPlugin:80 - create IPUIPlugin
2025-07-29 15:14:04,361 [INFO] IPUIPlugin:80 - create IPUIPlugin
2025-07-29 15:14:04,362 [INFO] IPUIPlugin:80 - create IPUIPlugin
2025-07-29 15:14:04,363 [INFO] IPUIPlugin:80 - create IPUIPlugin
2025-07-29 15:14:04,363 [INFO] IPUIPlugin:80 - create IPUIPlugin
2025-07-29 15:14:04,364 [INFO] IPUIPlugin:80 - create IPUIPlugin
2025-07-29 15:14:04,364 [INFO] IPUIPlugin:80 - create IPUIPlugin
2025-07-29 15:14:04,365 [INFO] IPUIPlugin:80 - create IPUIPlugin
2025-07-29 15:14:04,365 [INFO] IPUIPlugin:80 - create IPUIPlugin
2025-07-29 15:14:04,366 [INFO] IPUIPlugin:80 - create IPUIPlugin
2025-07-29 15:14:04,366 [INFO] IPUIPlugin:80 - create IPUIPlugin
2025-07-29 15:14:04,366 [INFO] IPUIPlugin:80 - create IPUIPlugin
2025-07-29 15:14:04,367 [INFO] IPUIPlugin:80 - create IPUIPlugin
2025-07-29 15:14:04,367 [INFO] IPUIPlugin:80 - create IPUIPlugin
2025-07-29 15:14:04,368 [INFO] IPUIPlugin:80 - create IPUIPlugin
2025-07-29 15:14:04,368 [INFO] IPUIPlugin:80 - create IPUIPlugin
2025-07-29 15:14:04,368 [INFO] IPUIPlugin:80 - create IPUIPlugin
2025-07-29 15:14:04,370 [INFO] IPUIPlugin:80 - create IPUIPlugin
2025-07-29 15:14:04,370 [INFO] IPUIPlugin:80 - create IPUIPlugin
2025-07-29 15:14:04,371 [INFO] IPUIPlugin:80 - create IPUIPlugin
2025-07-29 15:14:04,372 [INFO] IPUIPlugin:80 - create IPUIPlugin
2025-07-29 15:14:04,373 [INFO] IPUIPlugin:80 - create IPUIPlugin
2025-07-29 15:14:04,373 [INFO] IPUIPlugin:80 - create IPUIPlugin
2025-07-29 15:14:04,374 [INFO] IPUIPlugin:80 - create IPUIPlugin
2025-07-29 15:14:04,375 [INFO] IPUIPlugin:80 - create IPUIPlugin
2025-07-29 15:14:04,375 [INFO] IPUIPlugin:80 - create IPUIPlugin
2025-07-29 15:14:04,376 [INFO] IPUIPlugin:80 - create IPUIPlugin
2025-07-29 15:14:04,377 [INFO] IPUIPlugin:80 - create IPUIPlugin
2025-07-29 15:14:04,377 [INFO] IPUIPlugin:80 - create IPUIPlugin
2025-07-29 15:14:04,378 [INFO] IPUIPlugin:80 - create IPUIPlugin
2025-07-29 15:14:04,378 [INFO] IPUIPlugin:80 - create IPUIPlugin
2025-07-29 15:14:04,379 [INFO] IPUIPlugin:80 - create IPUIPlugin
2025-07-29 15:14:04,380 [INFO] IPUIPlugin:80 - create IPUIPlugin
2025-07-29 15:14:04,380 [INFO] IPUIPlugin:80 - create IPUIPlugin
2025-07-29 15:14:04,381 [INFO] IPUIPlugin:80 - create IPUIPlugin
2025-07-29 15:14:04,382 [INFO] IPUIPlugin:80 - create IPUIPlugin
2025-07-29 15:14:04,382 [INFO] IPUIPlugin:80 - create IPUIPlugin
2025-07-29 15:14:04,383 [INFO] IPUIPlugin:80 - create IPUIPlugin
2025-07-29 15:14:04,384 [INFO] IPUIPlugin:80 - create IPUIPlugin
2025-07-29 15:14:04,385 [INFO] IPUIPlugin:80 - create IPUIPlugin
2025-07-29 15:14:04,386 [INFO] IPUIPlugin:80 - create IPUIPlugin
2025-07-29 15:14:04,387 [INFO] IPUIPlugin:80 - create IPUIPlugin
2025-07-29 15:14:04,388 [INFO] IPUIPlugin:80 - create IPUIPlugin
2025-07-29 15:14:04,445 [INFO] ApiDbMcu:508 - Load IP Config File for PDM2PCM
2025-07-29 15:14:04,818 [INFO] CADModel:165 - CPN selected for project levelSTM32F446RET6
2025-07-29 15:14:04,818 [INFO] CADModel:114 - Register for checkConnection events
2025-07-29 15:14:04,868 [INFO] OpenFileManager:385 - Restore cursor
2025-07-29 15:14:05,837 [INFO] UtilMem:75 - End SaveConfig() Used Memory: 361284576 Bytes (515899392)
2025-07-29 15:14:05,953 [INFO] UtilMem:75 - End SaveConfig() Used Memory: 382256096 Bytes (515899392)
2025-07-29 15:14:07,150 [INFO] BlockDiagram:2775 - set Specific Code input for plugin: SYS
2025-07-29 15:14:07,150 [INFO] BlockDiagram:2775 - set Specific Code input for plugin: RCC
2025-07-29 15:14:07,150 [INFO] BlockDiagram:2775 - set Specific Code input for plugin: NVIC
2025-07-29 15:14:07,150 [INFO] BlockDiagram:2775 - set Specific Code input for plugin: USART
2025-07-29 15:14:07,153 [INFO] BlockDiagram:2775 - set Specific Code input for plugin: GPIO
2025-07-29 15:14:07,158 [INFO] CodeGenerator:882 - code generatio: config db path: /opt/st/stm32cubeide_1.18.1/plugins/com.st.stm32cube.common.mx_6.14.1.202504091515//db/
2025-07-29 15:14:07,697 [INFO] CodeEngine:263 - oldGeneratedFile, /home/nova/STM32CubeIDE/workspace_1.18.1/UART_FSM/MXTmpFiles/license.tmp_save
2025-07-29 15:14:08,347 [INFO] CodeEngine:287 - Generated code: /home/nova/STM32CubeIDE/workspace_1.18.1/UART_FSM/MXTmpFiles/license.tmp
2025-07-29 15:14:08,431 [INFO] CodeEngine:263 - oldGeneratedFile, /home/nova/STM32CubeIDE/workspace_1.18.1/UART_FSM/MXTmpFiles/gpio.tmp_save
2025-07-29 15:14:08,692 [INFO] CodeEngine:287 - Generated code: /home/nova/STM32CubeIDE/workspace_1.18.1/UART_FSM/MXTmpFiles/gpio.tmp
2025-07-29 15:14:08,808 [INFO] CodeEngine:263 - oldGeneratedFile, /home/nova/STM32CubeIDE/workspace_1.18.1/UART_FSM/Core/Src/stm32f4xx_it.c_save
2025-07-29 15:14:09,067 [INFO] CodeEngine:287 - Generated code: /home/nova/STM32CubeIDE/workspace_1.18.1/UART_FSM/Core/Src/stm32f4xx_it.c
2025-07-29 15:14:09,070 [INFO] CodeEngine:263 - oldGeneratedFile, /home/nova/STM32CubeIDE/workspace_1.18.1/UART_FSM/Core/Inc/stm32f4xx_it.h_save
2025-07-29 15:14:09,370 [INFO] CodeEngine:287 - Generated code: /home/nova/STM32CubeIDE/workspace_1.18.1/UART_FSM/Core/Inc/stm32f4xx_it.h
2025-07-29 15:14:09,383 [INFO] CodeEngine:263 - oldGeneratedFile, /home/nova/STM32CubeIDE/workspace_1.18.1/UART_FSM/Core/Src/stm32f4xx_hal_msp.c_save
2025-07-29 15:14:09,620 [INFO] CodeEngine:287 - Generated code: /home/nova/STM32CubeIDE/workspace_1.18.1/UART_FSM/Core/Src/stm32f4xx_hal_msp.c
2025-07-29 15:14:09,622 [INFO] CodeEngine:263 - oldGeneratedFile, /home/nova/STM32CubeIDE/workspace_1.18.1/UART_FSM/MXTmpFiles/system.tmp_save
2025-07-29 15:14:09,762 [INFO] CodeEngine:287 - Generated code: /home/nova/STM32CubeIDE/workspace_1.18.1/UART_FSM/MXTmpFiles/system.tmp
2025-07-29 15:14:09,769 [INFO] CodeEngine:319 - oldGeneratedFile, /home/nova/STM32CubeIDE/workspace_1.18.1/UART_FSM/Core/Inc/stm32f4xx_hal_conf.h_save
2025-07-29 15:14:09,929 [INFO] CodeEngine:343 - Generated code: /home/nova/STM32CubeIDE/workspace_1.18.1/UART_FSM/Core/Inc/stm32f4xx_hal_conf.h
2025-07-29 15:14:10,102 [WARN] IPConfigManager:3217 - Warning: the RefConfig PLL2P_FOR_MCO is not available in your config.xml file
2025-07-29 15:14:10,126 [INFO] ApiDbMcu:508 - Load IP Config File for USART2
2025-07-29 15:14:10,134 [INFO] ApiDbMcu:508 - Load IP Config File for RCC
2025-07-29 15:14:10,145 [INFO] CodeEngine:263 - oldGeneratedFile, /home/nova/STM32CubeIDE/workspace_1.18.1/UART_FSM/Core/Inc/main.h_save
2025-07-29 15:14:10,300 [INFO] CodeEngine:287 - Generated code: /home/nova/STM32CubeIDE/workspace_1.18.1/UART_FSM/Core/Inc/main.h
2025-07-29 15:14:10,302 [INFO] CodeEngine:263 - oldGeneratedFile, /home/nova/STM32CubeIDE/workspace_1.18.1/UART_FSM/Core/Src/main.c_save
2025-07-29 15:14:10,535 [INFO] CodeEngine:287 - Generated code: /home/nova/STM32CubeIDE/workspace_1.18.1/UART_FSM/Core/Src/main.c
2025-07-29 15:14:10,970 [INFO] ProjectBuilder:3324 - Time for Copy HAL[1] : 34mS.
2025-07-29 15:14:10,977 [INFO] ProjectBuilder:4912 - Project Generator version: 4.6.0.1-B1
2025-07-29 15:14:11,124 [INFO] ConfigFileManager:1590 - The Die is : DIE421
2025-07-29 15:14:11,134 [INFO] ApiDbMcu:508 - Load IP Config File for FATFS
2025-07-29 15:14:11,143 [INFO] ApiDbMcu:508 - Load IP Config File for FREERTOS
2025-07-29 15:14:11,146 [INFO] ApiDbMcu:508 - Load IP Config File for LIBJPEG
2025-07-29 15:14:11,158 [INFO] ApiDbMcu:508 - Load IP Config File for MBEDTLS
2025-07-29 15:14:11,172 [INFO] ApiDbMcu:508 - Load IP Config File for USB_DEVICE
2025-07-29 15:14:11,180 [INFO] ApiDbMcu:508 - Load IP Config File for USB_HOST
2025-07-29 15:14:11,790 [INFO] LogOutputStream:77 - [STDOUT_REDIRECT] 
2025-07-29 15:14:15,033 [INFO] ProjectBuilder:5191 - Time for Generating toolchain IDE Files: 4055mS.
2025-07-29 15:14:15,034 [INFO] ProjectBuilder:3181 - Time for Copy CMSIS : 0mS.
2025-07-29 15:14:15,037 [INFO] ProjectBuilder:3181 - Time for Copy CMSIS : 0mS.
2025-07-29 15:14:16,654 [INFO] McuFinderGlobals:76 - Set McuFinderConnectedMode to true
2025-07-29 15:14:16,665 [INFO] ApiDb:448 - Save user favorites file /home/nova/.stm32cubeide/favorites.mcus.txt: 1 item(s)
2025-07-29 15:14:16,671 [INFO] ApiDb:452 - User favorites MCUs=[STM32F446RET6]
2025-07-29 15:14:16,689 [INFO] ApiDb:448 - Save user favorites file /home/nova/.stm32cubeide/favorites.boards.txt: 0 item(s)
2025-07-29 15:14:16,689 [INFO] ApiDb:452 - User favorites Boards=[]
2025-07-29 15:14:29,943 [INFO] NvicIntPanel:101 - NVIC parent = com.st.microxplorer.plugins.ip.nvic.MultiNvicIntPanel[,0,0,0x0,invalid,layout=javax.swing.BoxLayout,alignmentX=0.0,alignmentY=0.0,border=,flags=9,maximumSize=,minimumSize=,preferredSize=]
2025-07-29 15:14:33,498 [INFO] NvicIntPanel:101 - NVIC parent = com.st.microxplorer.plugins.ip.nvic.MultiNvicIntPanel[,0,0,0x0,invalid,layout=javax.swing.BoxLayout,alignmentX=0.0,alignmentY=0.0,border=,flags=9,maximumSize=,minimumSize=,preferredSize=]
2025-07-29 15:14:58,288 [INFO] UtilMem:75 - End SaveConfig() Used Memory: 392981056 Bytes (775946240)
2025-07-29 15:15:00,493 [INFO] UtilMem:75 - End SaveConfig() Used Memory: 420250392 Bytes (775946240)
2025-07-29 15:15:04,965 [INFO] UtilMem:75 - End SaveConfig() Used Memory: 672424512 Bytes (775946240)
2025-07-29 15:15:05,397 [INFO] BlockDiagram:2775 - set Specific Code input for plugin: SYS
2025-07-29 15:15:05,397 [INFO] BlockDiagram:2775 - set Specific Code input for plugin: RCC
2025-07-29 15:15:05,397 [INFO] BlockDiagram:2775 - set Specific Code input for plugin: NVIC
2025-07-29 15:15:05,397 [INFO] BlockDiagram:2775 - set Specific Code input for plugin: USART
2025-07-29 15:15:05,398 [INFO] BlockDiagram:2775 - set Specific Code input for plugin: GPIO
2025-07-29 15:15:05,399 [INFO] CodeGenerator:882 - code generatio: config db path: /opt/st/stm32cubeide_1.18.1/plugins/com.st.stm32cube.common.mx_6.14.1.202504091515//db/
2025-07-29 15:15:05,945 [INFO] CodeEngine:263 - oldGeneratedFile, /home/nova/STM32CubeIDE/workspace_1.18.1/UART_FSM/MXTmpFiles/license.tmp_save
2025-07-29 15:15:06,195 [INFO] CodeEngine:287 - Generated code: /home/nova/STM32CubeIDE/workspace_1.18.1/UART_FSM/MXTmpFiles/license.tmp
2025-07-29 15:15:06,231 [INFO] CodeEngine:263 - oldGeneratedFile, /home/nova/STM32CubeIDE/workspace_1.18.1/UART_FSM/MXTmpFiles/gpio.tmp_save
2025-07-29 15:15:06,370 [INFO] CodeEngine:287 - Generated code: /home/nova/STM32CubeIDE/workspace_1.18.1/UART_FSM/MXTmpFiles/gpio.tmp
2025-07-29 15:15:06,452 [INFO] CodeEngine:263 - oldGeneratedFile, /home/nova/STM32CubeIDE/workspace_1.18.1/UART_FSM/Core/Src/stm32f4xx_it.c_save
2025-07-29 15:15:06,618 [INFO] CodeEngine:287 - Generated code: /home/nova/STM32CubeIDE/workspace_1.18.1/UART_FSM/Core/Src/stm32f4xx_it.c
2025-07-29 15:15:06,620 [INFO] CodeEngine:263 - oldGeneratedFile, /home/nova/STM32CubeIDE/workspace_1.18.1/UART_FSM/Core/Inc/stm32f4xx_it.h_save
2025-07-29 15:15:06,763 [INFO] CodeEngine:287 - Generated code: /home/nova/STM32CubeIDE/workspace_1.18.1/UART_FSM/Core/Inc/stm32f4xx_it.h
2025-07-29 15:15:06,778 [INFO] CodeEngine:263 - oldGeneratedFile, /home/nova/STM32CubeIDE/workspace_1.18.1/UART_FSM/Core/Src/stm32f4xx_hal_msp.c_save
2025-07-29 15:15:06,991 [INFO] CodeEngine:287 - Generated code: /home/nova/STM32CubeIDE/workspace_1.18.1/UART_FSM/Core/Src/stm32f4xx_hal_msp.c
2025-07-29 15:15:06,993 [INFO] CodeEngine:263 - oldGeneratedFile, /home/nova/STM32CubeIDE/workspace_1.18.1/UART_FSM/MXTmpFiles/system.tmp_save
2025-07-29 15:15:07,097 [INFO] CodeEngine:287 - Generated code: /home/nova/STM32CubeIDE/workspace_1.18.1/UART_FSM/MXTmpFiles/system.tmp
2025-07-29 15:15:07,103 [INFO] CodeEngine:319 - oldGeneratedFile, /home/nova/STM32CubeIDE/workspace_1.18.1/UART_FSM/Core/Inc/stm32f4xx_hal_conf.h_save
2025-07-29 15:15:07,213 [INFO] CodeEngine:343 - Generated code: /home/nova/STM32CubeIDE/workspace_1.18.1/UART_FSM/Core/Inc/stm32f4xx_hal_conf.h
2025-07-29 15:15:07,246 [WARN] IPConfigManager:3217 - Warning: the RefConfig PLL2P_FOR_MCO is not available in your config.xml file
2025-07-29 15:15:07,258 [INFO] CodeEngine:263 - oldGeneratedFile, /home/nova/STM32CubeIDE/workspace_1.18.1/UART_FSM/Core/Inc/main.h_save
2025-07-29 15:15:07,379 [INFO] CodeEngine:287 - Generated code: /home/nova/STM32CubeIDE/workspace_1.18.1/UART_FSM/Core/Inc/main.h
2025-07-29 15:15:07,381 [INFO] CodeEngine:263 - oldGeneratedFile, /home/nova/STM32CubeIDE/workspace_1.18.1/UART_FSM/Core/Src/main.c_save
2025-07-29 15:15:07,540 [INFO] CodeEngine:287 - Generated code: /home/nova/STM32CubeIDE/workspace_1.18.1/UART_FSM/Core/Src/main.c
2025-07-29 15:15:07,842 [INFO] ProjectBuilder:3324 - Time for Copy HAL[1] : 40mS.
2025-07-29 15:15:07,845 [INFO] ProjectBuilder:4912 - Project Generator version: 4.6.0.1-B1
2025-07-29 15:15:07,999 [INFO] ConfigFileManager:1590 - The Die is : DIE421
2025-07-29 15:15:09,473 [INFO] ProjectBuilder:5191 - Time for Generating toolchain IDE Files: 1628mS.
2025-07-29 15:15:09,477 [INFO] ProjectBuilder:3181 - Time for Copy CMSIS : 4mS.
2025-07-29 15:15:09,478 [INFO] ProjectBuilder:3181 - Time for Copy CMSIS : 0mS.
2025-07-29 15:34:26,289 [INFO] MainUpdater:2872 - connection check result : 10
2025-07-29 15:34:26,290 [INFO] MainUpdater:2872 - connection check result : 10
2025-07-29 15:34:26,369 [INFO] MicroXplorer:468 - Change Database Path : 
2025-07-29 15:34:26,369 [INFO] MicroXplorer:498 - Change Database Version : DB.6.0.141
2025-07-29 15:34:26,401 [ERROR] ProjectManagerView:395 - 
java.lang.NullPointerException: Cannot invoke "javax.swing.JTextField.getText()" because the return value of "java.util.List.get(int)" is null
	at com.st.microxplorer.plugins.projectmanager.gui.ProjectChoiceTab$9.caretUpdate(ProjectChoiceTab.java:2678) ~[filemanager.jar:?]
	at javax.swing.text.JTextComponent.fireCaretUpdate(JTextComponent.java:408) ~[?:?]
	at javax.swing.text.JTextComponent$MutableCaretEvent.fire(JTextComponent.java:4484) ~[?:?]
	at javax.swing.text.JTextComponent$MutableCaretEvent.stateChanged(JTextComponent.java:4506) ~[?:?]
	at javax.swing.text.DefaultCaret.fireStateChanged(DefaultCaret.java:857) ~[?:?]
	at javax.swing.text.DefaultCaret.changeCaretPosition(DefaultCaret.java:1343) ~[?:?]
	at javax.swing.text.DefaultCaret.handleSetDot(DefaultCaret.java:1242) ~[?:?]
	at javax.swing.text.DefaultCaret.setDot(DefaultCaret.java:1223) ~[?:?]
	at javax.swing.text.DefaultCaret$Handler.insertUpdate(DefaultCaret.java:1819) ~[?:?]
	at javax.swing.text.AbstractDocument.fireInsertUpdate(AbstractDocument.java:227) ~[?:?]
	at javax.swing.text.AbstractDocument.handleInsertString(AbstractDocument.java:781) ~[?:?]
	at javax.swing.text.AbstractDocument.insertString(AbstractDocument.java:740) ~[?:?]
	at javax.swing.text.PlainDocument.insertString(PlainDocument.java:131) ~[?:?]
	at javax.swing.text.AbstractDocument.replace(AbstractDocument.java:699) ~[?:?]
	at javax.swing.text.JTextComponent.setText(JTextComponent.java:1725) ~[?:?]
	at com.st.microxplorer.plugins.projectmanager.gui.ProjectChoiceTab.createHeapStackFields(ProjectChoiceTab.java:979) ~[filemanager.jar:?]
	at com.st.microxplorer.plugins.projectmanager.gui.ProjectChoiceTab.buildLinkSettingsPanel(ProjectChoiceTab.java:3766) ~[filemanager.jar:?]
	at com.st.microxplorer.plugins.projectmanager.gui.ProjectChoiceTab.defineWindowsFields(ProjectChoiceTab.java:1962) ~[filemanager.jar:?]
	at com.st.microxplorer.plugins.projectmanager.gui.ProjectChoiceTab.updateSettings(ProjectChoiceTab.java:555) ~[filemanager.jar:?]
	at com.st.microxplorer.plugins.projectmanager.gui.ProjectSettingsPanel.UpdateDialog(ProjectSettingsPanel.java:245) ~[filemanager.jar:?]
	at com.st.microxplorer.plugins.projectmanager.ProjectManagerView.propertyChange(ProjectManagerView.java:392) ~[filemanager.jar:?]
	at java.beans.PropertyChangeSupport.fire(PropertyChangeSupport.java:343) ~[?:?]
	at java.beans.PropertyChangeSupport.firePropertyChange(PropertyChangeSupport.java:335) ~[?:?]
	at java.beans.PropertyChangeSupport.firePropertyChange(PropertyChangeSupport.java:268) ~[?:?]
	at com.st.microxplorer.util.MXPropertyChangeSupport.firePropertyChange(MXPropertyChangeSupport.java:54) ~[STM32CubeMX.jar:?]
	at com.st.microxplorer.mxsystem.MxSystem.closeConfig(MxSystem.java:899) ~[STM32CubeMX.jar:?]
	at com.st.microxplorer.maingui.MainPanel.closeConfig(MainPanel.java:789) ~[STM32CubeMX.jar:?]
	at com.st.microxplorer.plugins.filemanager.engine.OpenFileManager.loadConfigurationFile(OpenFileManager.java:287) ~[filemanager.jar:?]
	at com.st.microxplorer.plugins.filemanager.engine.MainFileManager.userLoadConfig(MainFileManager.java:341) ~[filemanager.jar:?]
	at com.st.microxplorer.plugins.filemanager.engine.MainFileManager.userLoadConfig(MainFileManager.java:319) ~[filemanager.jar:?]
	at com.st.microxplorer.plugins.filemanager.FileManagerView.getSpecificTask(FileManagerView.java:246) ~[filemanager.jar:?]
	at com.st.stm32cube.common.mx.editor.CubeMxEditor.getMxTabbedPaneInstance(CubeMxEditor.java:1198) ~[com.st.stm32cube.common.mx_6.14.1.202504091515/:?]
	at com.st.stm32cube.common.mx.editor.CubeMxEditor$12$1.createSwingComponent(CubeMxEditor.java:1068) ~[com.st.stm32cube.common.mx_6.14.1.202504091515/:?]
	at com.st.stm32cube.common.mx.oss.core.awtswtbridge.EmbeddedSwingComposite.doComponentCreation(EmbeddedSwingComposite.java:492) ~[com.st.stm32cube.common.mx.oss_6.14.1.202504091515/:?]
	at com.st.stm32cube.common.mx.oss.core.awtswtbridge.EmbeddedSwingComposite$4.run(EmbeddedSwingComposite.java:291) ~[com.st.stm32cube.common.mx.oss_6.14.1.202504091515/:?]
	at com.st.stm32cube.common.mx.oss.core.awtswtbridge.AwtEnvironment$2.run(AwtEnvironment.java:166) ~[com.st.stm32cube.common.mx.oss_6.14.1.202504091515/:?]
	at java.awt.event.InvocationEvent.dispatch(InvocationEvent.java:318) ~[?:?]
	at java.awt.EventQueue.dispatchEventImpl(EventQueue.java:773) ~[?:?]
	at java.awt.EventQueue$4.run(EventQueue.java:720) ~[?:?]
	at java.awt.EventQueue$4.run(EventQueue.java:714) ~[?:?]
	at java.security.AccessController.doPrivileged(AccessController.java:400) ~[?:?]
	at java.security.ProtectionDomain$JavaSecurityAccessImpl.doIntersectionPrivilege(ProtectionDomain.java:87) ~[?:?]
	at java.awt.EventQueue.dispatchEvent(EventQueue.java:742) ~[?:?]
	at java.awt.EventDispatchThread.pumpOneEventForFilters(EventDispatchThread.java:203) ~[?:?]
	at java.awt.EventDispatchThread.pumpEventsForFilter(EventDispatchThread.java:124) ~[?:?]
	at java.awt.EventDispatchThread.pumpEventsForHierarchy(EventDispatchThread.java:113) ~[?:?]
	at java.awt.EventDispatchThread.pumpEvents(EventDispatchThread.java:109) ~[?:?]
	at java.awt.EventDispatchThread.pumpEvents(EventDispatchThread.java:101) ~[?:?]
	at java.awt.EventDispatchThread.run(EventDispatchThread.java:90) ~[?:?]
2025-07-29 15:34:26,409 [WARN] ThirdParty:871 - waiting for thirdparty lock release [close project]
2025-07-29 15:34:26,410 [INFO] ThirdParty:873 - entering critical section [close project]
2025-07-29 15:34:26,410 [INFO] ThirdParty:883 - exiting critical section [close project]
2025-07-29 15:34:26,412 [INFO] PinOutPanel:1589 - setPackage(No Configuration,No Configuration)
2025-07-29 15:34:26,425 [WARN] IpParametersView:155 - Warning: This peripheral hasn't parameters
2025-07-29 15:34:26,433 [WARN] MainPanel:289 - <html><b><center>Warning: This peripheral has no parameters to be configured<br></b></html>
2025-07-29 15:34:26,442 [INFO] UtilMem:75 - Begin LoadConfig() Used Memory: 397782928 Bytes (778043392)
2025-07-29 15:34:26,443 [INFO] MicroXplorer:468 - Change Database Path : 
2025-07-29 15:34:26,444 [INFO] MicroXplorer:498 - Change Database Version : DB.6.0.141
2025-07-29 15:34:26,444 [INFO] OpenFileManager:354 - Change cursor
2025-07-29 15:34:26,472 [INFO] RulesReader:64 - Compatibility file has been processed (302 Rules)
2025-07-29 15:34:26,483 [INFO] Mcu:2011 - Initializing MCU STM32F446R(C-E)Tx STM32F446RETx STM32F446RET6
2025-07-29 15:34:28,808 [INFO] Context:756 - Trying to add GPIOservice into a context  which must be forbidden
2025-07-29 15:34:30,049 [INFO] ImportTextPane:218 - (OptionalMessage_ERROR) Pin13 (VP_RIF_VS_RIF1) cannot be retrieved for this MCU
2025-07-29 15:34:30,099 [WARN] ModelIntegratedComponent:63 - No mode defined for component null
2025-07-29 15:34:30,100 [WARN] ModelIntegratedComponent:63 - No mode defined for component null
2025-07-29 15:34:30,100 [WARN] ModelIntegratedComponent:63 - No mode defined for component null
2025-07-29 15:34:30,100 [WARN] ModelIntegratedComponent:63 - No mode defined for component null
2025-07-29 15:34:30,100 [WARN] ModelIntegratedComponent:63 - No mode defined for component null
2025-07-29 15:34:30,100 [WARN] ModelIntegratedComponent:63 - No mode defined for component null
2025-07-29 15:34:30,100 [WARN] ModelIntegratedComponent:63 - No mode defined for component null
2025-07-29 15:34:30,100 [WARN] ModelIntegratedComponent:63 - No mode defined for component null
2025-07-29 15:34:30,100 [WARN] ModelIntegratedComponent:63 - No mode defined for component null
2025-07-29 15:34:30,100 [WARN] ModelIntegratedComponent:63 - No mode defined for component null
2025-07-29 15:34:30,100 [WARN] ModelIntegratedComponent:63 - No mode defined for component null
2025-07-29 15:34:30,100 [WARN] ModelIntegratedComponent:63 - No mode defined for component null
2025-07-29 15:34:30,100 [WARN] ModelIntegratedComponent:63 - No mode defined for component null
2025-07-29 15:34:30,101 [WARN] ModelIntegratedComponent:63 - No mode defined for component null
2025-07-29 15:34:30,101 [WARN] ModelIntegratedComponent:63 - No mode defined for component null
2025-07-29 15:34:30,101 [WARN] ModelIntegratedComponent:63 - No mode defined for component null
2025-07-29 15:34:30,101 [WARN] ModelIntegratedComponent:63 - No mode defined for component null
2025-07-29 15:34:30,101 [WARN] ModelIntegratedComponent:63 - No mode defined for component null
2025-07-29 15:34:30,101 [WARN] ModelIntegratedComponent:63 - No mode defined for component null
2025-07-29 15:34:30,101 [WARN] ModelIntegratedComponent:63 - No mode defined for component null
2025-07-29 15:34:30,101 [WARN] ModelIntegratedComponent:63 - No mode defined for component null
2025-07-29 15:34:30,101 [WARN] ModelIntegratedComponent:63 - No mode defined for component null
2025-07-29 15:34:30,101 [WARN] ModelIntegratedComponent:63 - No mode defined for component null
2025-07-29 15:34:30,101 [WARN] ModelIntegratedComponent:63 - No mode defined for component null
2025-07-29 15:34:30,101 [WARN] ModelIntegratedComponent:63 - No mode defined for component null
2025-07-29 15:34:30,101 [WARN] ModelIntegratedComponent:63 - No mode defined for component null
2025-07-29 15:34:30,102 [WARN] ModelIntegratedComponent:63 - No mode defined for component null
2025-07-29 15:34:30,102 [WARN] ModelIntegratedComponent:63 - No mode defined for component null
2025-07-29 15:34:30,102 [WARN] ModelIntegratedComponent:63 - No mode defined for component null
2025-07-29 15:34:30,102 [WARN] ModelIntegratedComponent:63 - No mode defined for component null
2025-07-29 15:34:30,102 [WARN] ModelIntegratedComponent:63 - No mode defined for component null
2025-07-29 15:34:30,102 [WARN] ModelIntegratedComponent:63 - No mode defined for component null
2025-07-29 15:34:30,102 [WARN] ModelIntegratedComponent:63 - No mode defined for component null
2025-07-29 15:34:30,102 [WARN] ModelIntegratedComponent:63 - No mode defined for component null
2025-07-29 15:34:30,102 [WARN] ModelIntegratedComponent:63 - No mode defined for component null
2025-07-29 15:34:30,102 [WARN] ModelPack:524 - Component already loaded: STMicroelectronics:HAL Drivers:0.0.0:STMicroelectronics:Device:STMicro_Driver:XSPI:HAL::0.0.1:HAL_XSPI
2025-07-29 15:34:30,112 [INFO] RtosManager:558 - Registered RTOS mode: class=CMSIS, group=RTOS, mode=CMSIS_V1, owner=FREERTOS
2025-07-29 15:34:30,112 [INFO] RtosManager:558 - Registered RTOS mode: class=CMSIS, group=RTOS2, mode=CMSIS_V2, owner=FREERTOS
2025-07-29 15:34:30,112 [INFO] RtosManager:558 - Registered RTOS mode: class=RTOS, group=Core, mode=CMSIS_V1, owner=FREERTOS
2025-07-29 15:34:30,113 [INFO] RtosManager:558 - Registered RTOS mode: class=RTOS, group=Core, mode=CMSIS_V2, owner=FREERTOS
2025-07-29 15:34:30,113 [WARN] ModelIntegratedComponent:184 - Missing modes for component STMicroelectronics:FreeRTOS:0.0.1:STMicroelectronics:RTOS:FreeRTOS:Core:::10.2.0:
2025-07-29 15:34:30,122 [INFO] ThirdPartyModel:298 - Start build external matchings
2025-07-29 15:34:30,153 [INFO] ThirdPartyModel:316 - End build external matchings
2025-07-29 15:34:30,157 [INFO] ImportTextPane:218 - (OptionalMessage_ERROR) IP (RCC) : Invalid parameter (48MHZClocksFreq_Value)
2025-07-29 15:34:30,157 [INFO] ImportTextPane:218 - (OptionalMessage_ERROR) IP (RCC) : Invalid parameter (EthernetFreq_Value)
2025-07-29 15:34:30,158 [INFO] ImportTextPane:218 - (OptionalMessage_ERROR) IP (RCC) : Parameter (FLatency) has Id (AdvancedSettings) currently not set
2025-07-29 15:34:30,159 [INFO] ImportTextPane:218 - (OptionalMessage_ERROR) IP (RCC) : Invalid parameter (FamilyName)
2025-07-29 15:34:30,159 [INFO] ImportTextPane:218 - (OptionalMessage_ERROR) IP (RCC) : Invalid parameter (I2SClocksFreq_Value)
2025-07-29 15:34:30,160 [INFO] ImportTextPane:218 - (OptionalMessage_ERROR) IP (RCC) : Parameter (SDIOFreq_Value) has invalid value (168000000)
2025-07-29 15:34:30,160 [INFO] ImportTextPane:218 - (OptionalMessage_ERROR) IP (RCC) : Parameter (USBFreq_Value) has invalid value (168000000)
2025-07-29 15:34:30,161 [INFO] ImportTextPane:218 - (OptionalMessage_ERROR) IP (RCC) : Invalid parameter (VCOInputMFreq_Value)
2025-07-29 15:34:30,161 [INFO] ImportTextPane:218 - (OptionalMessage_ERROR) IP (RCC) : Invalid parameter (VcooutputI2S)
2025-07-29 15:34:30,561 [INFO] UtilMem:75 - End LoadConfig() Used Memory: 293739192 Bytes (778043392)
2025-07-29 15:34:30,586 [WARN] ThirdParty:833 - waiting for thirdparty lock release [change project]
2025-07-29 15:34:30,587 [INFO] ThirdParty:835 - entering critical section [change project]
2025-07-29 15:34:30,587 [INFO] ThirdParty:1030 - CMSIS Pack Vendor :STMicroelectronics USBPD 4.1
2025-07-29 15:34:30,587 [INFO] ThirdParty:1030 - CMSIS Pack Vendor :STMicroelectronics X-CUBE-DISPLAY 3.0.0
2025-07-29 15:34:30,587 [INFO] ThirdParty:1030 - CMSIS Pack Vendor :STMicroelectronics USB_HOST 2.0.0
2025-07-29 15:34:30,587 [INFO] ThirdParty:1030 - CMSIS Pack Vendor :STMicroelectronics FP-SNS-MOTENVWB1 1.4.0
2025-07-29 15:34:30,587 [INFO] ThirdParty:1030 - CMSIS Pack Vendor :STMicroelectronics LIBJPEG 8.0.0
2025-07-29 15:34:30,587 [INFO] ThirdParty:1030 - CMSIS Pack Vendor :STMicroelectronics FP-ATR-SIGFOX1 3.2.0
2025-07-29 15:34:30,587 [INFO] ThirdParty:1030 - CMSIS Pack Vendor :STMicroelectronics USB_DEVICE 3.0.0
2025-07-29 15:34:30,587 [INFO] ThirdParty:1030 - CMSIS Pack Vendor :STMicroelectronics HAL Drivers 0.0.0
2025-07-29 15:34:30,587 [INFO] ThirdParty:1030 - CMSIS Pack Vendor :STMicroelectronics MBEDTLS 2.16.2
2025-07-29 15:34:30,587 [INFO] ThirdParty:1030 - CMSIS Pack Vendor :STMicroelectronics X-CUBE-ALS 1.0.2
2025-07-29 15:34:30,588 [INFO] ThirdParty:1030 - CMSIS Pack Vendor :STMicroelectronics MBEDTLS 2.14.1
2025-07-29 15:34:30,588 [INFO] ThirdParty:1030 - CMSIS Pack Vendor :STMicroelectronics USB_DEVICE 2.0.0
2025-07-29 15:34:30,588 [INFO] ThirdParty:1030 - CMSIS Pack Vendor :STMicroelectronics FP-SNS-STBOX1 2.0.0
2025-07-29 15:34:30,588 [INFO] ThirdParty:1030 - CMSIS Pack Vendor :STMicroelectronics ThreadX 1.0.0
2025-07-29 15:34:30,589 [INFO] ThirdParty:1030 - CMSIS Pack Vendor :STMicroelectronics FP-SNS-SMARTAG2 1.2.0
2025-07-29 15:34:30,589 [INFO] ThirdParty:1030 - CMSIS Pack Vendor :STMicroelectronics FreeRTOS 0.0.1
2025-07-29 15:34:30,589 [INFO] ThirdParty:1030 - CMSIS Pack Vendor :STMicroelectronics FP-SNS-MOTENV1 5.0.0
2025-07-29 15:34:30,589 [INFO] ThirdParty:1030 - CMSIS Pack Vendor :STMicroelectronics USB_DEVICE 1.0.0
2025-07-29 15:34:30,589 [INFO] ThirdParty:1030 - CMSIS Pack Vendor :STMicroelectronics STM32_WPAN 1.0.0
2025-07-29 15:34:30,589 [INFO] ThirdParty:1030 - CMSIS Pack Vendor :STMicroelectronics ThreadX 0.0.2
2025-07-29 15:34:30,589 [INFO] ThirdParty:1030 - CMSIS Pack Vendor :STMicroelectronics lwIP 2.1.2
2025-07-29 15:34:30,589 [INFO] ThirdParty:1030 - CMSIS Pack Vendor :STMicroelectronics lwIP 2.0.3
2025-07-29 15:34:30,589 [INFO] ThirdParty:1030 - CMSIS Pack Vendor :STMicroelectronics X-CUBE-BLE2 3.3.0
2025-07-29 15:34:30,589 [INFO] ThirdParty:1030 - CMSIS Pack Vendor :STMicroelectronics USB_HOST 1.0.0
2025-07-29 15:34:30,589 [INFO] ThirdParty:1030 - CMSIS Pack Vendor :STMicroelectronics PDM2PCM 3.1.0
2025-07-29 15:34:30,589 [INFO] ThirdParty:1030 - CMSIS Pack Vendor :STMicroelectronics PDM2PCM 3.2.0
2025-07-29 15:34:30,589 [INFO] ThirdParty:1030 - CMSIS Pack Vendor :STMicroelectronics PDM2PCM 3.3.0
2025-07-29 15:34:30,590 [INFO] ThirdParty:841 - exiting critical section [change project]
2025-07-29 15:34:31,446 [INFO] PinOutPanel:1589 - setPackage(No Configuration,No Configuration)
2025-07-29 15:34:31,446 [INFO] PinOutPanel:1589 - setPackage(STM32F446RETx,LQFP64)
2025-07-29 15:34:32,134 [INFO] UtilMem:75 - Before build in PCC Used Memory: 507313088 Bytes (778043392)
2025-07-29 15:34:32,632 [INFO] UtilMem:75 - After build in PCC Used Memory: 558488688 Bytes (778043392)
2025-07-29 15:34:32,675 [INFO] IPUIPlugin:80 - create IPUIPlugin
2025-07-29 15:34:32,675 [INFO] IPUIPlugin:80 - create IPUIPlugin
2025-07-29 15:34:32,675 [INFO] IPUIPlugin:80 - create IPUIPlugin
2025-07-29 15:34:32,675 [INFO] IPUIPlugin:80 - create IPUIPlugin
2025-07-29 15:34:32,676 [INFO] IPUIPlugin:80 - create IPUIPlugin
2025-07-29 15:34:32,676 [INFO] IPUIPlugin:80 - create IPUIPlugin
2025-07-29 15:34:32,676 [INFO] IPUIPlugin:80 - create IPUIPlugin
2025-07-29 15:34:32,677 [INFO] IPUIPlugin:80 - create IPUIPlugin
2025-07-29 15:34:32,677 [INFO] IPUIPlugin:80 - create IPUIPlugin
2025-07-29 15:34:32,677 [INFO] IPUIPlugin:80 - create IPUIPlugin
2025-07-29 15:34:32,677 [INFO] IPUIPlugin:80 - create IPUIPlugin
2025-07-29 15:34:32,677 [INFO] IPUIPlugin:80 - create IPUIPlugin
2025-07-29 15:34:32,678 [INFO] IPUIPlugin:80 - create IPUIPlugin
2025-07-29 15:34:32,678 [INFO] IPUIPlugin:80 - create IPUIPlugin
2025-07-29 15:34:32,678 [INFO] IPUIPlugin:80 - create IPUIPlugin
2025-07-29 15:34:32,678 [INFO] IPUIPlugin:80 - create IPUIPlugin
2025-07-29 15:34:32,679 [INFO] IPUIPlugin:80 - create IPUIPlugin
2025-07-29 15:34:32,679 [INFO] IPUIPlugin:80 - create IPUIPlugin
2025-07-29 15:34:32,679 [INFO] IPUIPlugin:80 - create IPUIPlugin
2025-07-29 15:34:32,680 [INFO] IPUIPlugin:80 - create IPUIPlugin
2025-07-29 15:34:32,680 [INFO] IPUIPlugin:80 - create IPUIPlugin
2025-07-29 15:34:32,681 [INFO] IPUIPlugin:80 - create IPUIPlugin
2025-07-29 15:34:32,681 [INFO] IPUIPlugin:80 - create IPUIPlugin
2025-07-29 15:34:32,681 [INFO] IPUIPlugin:80 - create IPUIPlugin
2025-07-29 15:34:32,682 [INFO] IPUIPlugin:80 - create IPUIPlugin
2025-07-29 15:34:32,682 [INFO] IPUIPlugin:80 - create IPUIPlugin
2025-07-29 15:34:32,683 [INFO] IPUIPlugin:80 - create IPUIPlugin
2025-07-29 15:34:32,683 [INFO] IPUIPlugin:80 - create IPUIPlugin
2025-07-29 15:34:32,684 [INFO] IPUIPlugin:80 - create IPUIPlugin
2025-07-29 15:34:32,685 [INFO] IPUIPlugin:80 - create IPUIPlugin
2025-07-29 15:34:32,685 [INFO] IPUIPlugin:80 - create IPUIPlugin
2025-07-29 15:34:32,686 [INFO] IPUIPlugin:80 - create IPUIPlugin
2025-07-29 15:34:32,686 [INFO] IPUIPlugin:80 - create IPUIPlugin
2025-07-29 15:34:32,687 [INFO] IPUIPlugin:80 - create IPUIPlugin
2025-07-29 15:34:32,687 [INFO] IPUIPlugin:80 - create IPUIPlugin
2025-07-29 15:34:32,688 [INFO] IPUIPlugin:80 - create IPUIPlugin
2025-07-29 15:34:32,689 [INFO] IPUIPlugin:80 - create IPUIPlugin
2025-07-29 15:34:32,690 [INFO] IPUIPlugin:80 - create IPUIPlugin
2025-07-29 15:34:32,690 [INFO] IPUIPlugin:80 - create IPUIPlugin
2025-07-29 15:34:32,691 [INFO] IPUIPlugin:80 - create IPUIPlugin
2025-07-29 15:34:32,692 [INFO] IPUIPlugin:80 - create IPUIPlugin
2025-07-29 15:34:32,693 [INFO] IPUIPlugin:80 - create IPUIPlugin
2025-07-29 15:34:32,693 [INFO] IPUIPlugin:80 - create IPUIPlugin
2025-07-29 15:34:32,694 [INFO] IPUIPlugin:80 - create IPUIPlugin
2025-07-29 15:34:32,695 [INFO] IPUIPlugin:80 - create IPUIPlugin
2025-07-29 15:34:32,696 [INFO] IPUIPlugin:80 - create IPUIPlugin
2025-07-29 15:34:32,696 [INFO] IPUIPlugin:80 - create IPUIPlugin
2025-07-29 15:34:32,697 [INFO] IPUIPlugin:80 - create IPUIPlugin
2025-07-29 15:34:32,698 [INFO] IPUIPlugin:80 - create IPUIPlugin
2025-07-29 15:34:32,699 [INFO] IPUIPlugin:80 - create IPUIPlugin
2025-07-29 15:34:32,699 [INFO] IPUIPlugin:80 - create IPUIPlugin
2025-07-29 15:34:32,700 [INFO] IPUIPlugin:80 - create IPUIPlugin
2025-07-29 15:34:32,701 [INFO] IPUIPlugin:80 - create IPUIPlugin
2025-07-29 15:34:32,702 [INFO] IPUIPlugin:80 - create IPUIPlugin
2025-07-29 15:34:32,703 [INFO] IPUIPlugin:80 - create IPUIPlugin
2025-07-29 15:34:32,704 [INFO] IPUIPlugin:80 - create IPUIPlugin
2025-07-29 15:34:32,705 [INFO] IPUIPlugin:80 - create IPUIPlugin
2025-07-29 15:34:32,706 [INFO] IPUIPlugin:80 - create IPUIPlugin
2025-07-29 15:34:32,707 [INFO] IPUIPlugin:80 - create IPUIPlugin
2025-07-29 15:34:32,708 [INFO] IPUIPlugin:80 - create IPUIPlugin
2025-07-29 15:34:32,712 [INFO] ApiDbMcu:508 - Load IP Config File for PDM2PCM
2025-07-29 15:34:32,814 [INFO] CADModel:165 - CPN selected for project levelSTM32F446RET6
2025-07-29 15:34:32,814 [INFO] CADModel:114 - Register for checkConnection events
2025-07-29 15:34:32,857 [INFO] OpenFileManager:385 - Restore cursor
2025-07-29 16:06:08,544 [INFO] MainUpdater:2872 - connection check result : 10
2025-07-29 16:06:08,654 [INFO] McuFinderGlobals:76 - Set McuFinderConnectedMode to true
2025-07-29 16:06:08,654 [INFO] MultiScanPanel:200 - Auto-refresh data requested => check proxy status ongoing
2025-07-29 16:06:08,655 [INFO] FinderPluginLoader:95 - Searching for filters in installed packs
2025-07-29 16:06:10,378 [INFO] LoadUrlFilesThread:185 - End of LoadServerUrlFiles without Thread
2025-07-29 16:06:10,379 [INFO] DetailPanel:341 - Set advertising image to /home/nova/STM32Cube/Repository//en.2400x1350px.jpeg
2025-07-29 16:06:19,774 [INFO] MultiScanPanel:200 - Auto-refresh data requested => check proxy status ongoing
2025-07-29 16:06:19,876 [INFO] LoadUrlFilesThread:185 - End of LoadServerUrlFiles without Thread
2025-07-29 16:06:19,876 [INFO] DetailPanel:341 - Set advertising image to /home/nova/STM32Cube/Repository//en.2400x1350px.jpeg
2025-07-29 16:06:46,260 [INFO] MainUpdater:2872 - connection check result : 10
2025-07-29 16:06:46,260 [INFO] MainUpdater:2872 - connection check result : 10
2025-07-29 16:06:46,348 [INFO] MicroXplorer:468 - Change Database Path : 
2025-07-29 16:06:46,348 [INFO] MicroXplorer:498 - Change Database Version : DB.6.0.141
2025-07-29 16:06:46,364 [ERROR] ProjectManagerView:395 - 
java.lang.NullPointerException: Cannot invoke "javax.swing.JTextField.getText()" because the return value of "java.util.List.get(int)" is null
	at com.st.microxplorer.plugins.projectmanager.gui.ProjectChoiceTab$9.caretUpdate(ProjectChoiceTab.java:2678) ~[filemanager.jar:?]
	at javax.swing.text.JTextComponent.fireCaretUpdate(JTextComponent.java:408) ~[?:?]
	at javax.swing.text.JTextComponent$MutableCaretEvent.fire(JTextComponent.java:4484) ~[?:?]
	at javax.swing.text.JTextComponent$MutableCaretEvent.stateChanged(JTextComponent.java:4506) ~[?:?]
	at javax.swing.text.DefaultCaret.fireStateChanged(DefaultCaret.java:857) ~[?:?]
	at javax.swing.text.DefaultCaret.changeCaretPosition(DefaultCaret.java:1343) ~[?:?]
	at javax.swing.text.DefaultCaret.handleSetDot(DefaultCaret.java:1242) ~[?:?]
	at javax.swing.text.DefaultCaret.setDot(DefaultCaret.java:1223) ~[?:?]
	at javax.swing.text.DefaultCaret$Handler.insertUpdate(DefaultCaret.java:1819) ~[?:?]
	at javax.swing.text.AbstractDocument.fireInsertUpdate(AbstractDocument.java:227) ~[?:?]
	at javax.swing.text.AbstractDocument.handleInsertString(AbstractDocument.java:781) ~[?:?]
	at javax.swing.text.AbstractDocument.insertString(AbstractDocument.java:740) ~[?:?]
	at javax.swing.text.PlainDocument.insertString(PlainDocument.java:131) ~[?:?]
	at javax.swing.text.AbstractDocument.replace(AbstractDocument.java:699) ~[?:?]
	at javax.swing.text.JTextComponent.setText(JTextComponent.java:1725) ~[?:?]
	at com.st.microxplorer.plugins.projectmanager.gui.ProjectChoiceTab.createHeapStackFields(ProjectChoiceTab.java:979) ~[filemanager.jar:?]
	at com.st.microxplorer.plugins.projectmanager.gui.ProjectChoiceTab.buildLinkSettingsPanel(ProjectChoiceTab.java:3766) ~[filemanager.jar:?]
	at com.st.microxplorer.plugins.projectmanager.gui.ProjectChoiceTab.defineWindowsFields(ProjectChoiceTab.java:1962) ~[filemanager.jar:?]
	at com.st.microxplorer.plugins.projectmanager.gui.ProjectChoiceTab.updateSettings(ProjectChoiceTab.java:555) ~[filemanager.jar:?]
	at com.st.microxplorer.plugins.projectmanager.gui.ProjectSettingsPanel.UpdateDialog(ProjectSettingsPanel.java:245) ~[filemanager.jar:?]
	at com.st.microxplorer.plugins.projectmanager.ProjectManagerView.propertyChange(ProjectManagerView.java:392) ~[filemanager.jar:?]
	at java.beans.PropertyChangeSupport.fire(PropertyChangeSupport.java:343) ~[?:?]
	at java.beans.PropertyChangeSupport.firePropertyChange(PropertyChangeSupport.java:335) ~[?:?]
	at java.beans.PropertyChangeSupport.firePropertyChange(PropertyChangeSupport.java:268) ~[?:?]
	at com.st.microxplorer.util.MXPropertyChangeSupport.firePropertyChange(MXPropertyChangeSupport.java:54) ~[STM32CubeMX.jar:?]
	at com.st.microxplorer.mxsystem.MxSystem.closeConfig(MxSystem.java:899) ~[STM32CubeMX.jar:?]
	at com.st.microxplorer.maingui.MainPanel.closeConfig(MainPanel.java:789) ~[STM32CubeMX.jar:?]
	at com.st.microxplorer.plugins.filemanager.engine.OpenFileManager.loadConfigurationFile(OpenFileManager.java:287) ~[filemanager.jar:?]
	at com.st.microxplorer.plugins.filemanager.engine.MainFileManager.userLoadConfig(MainFileManager.java:341) ~[filemanager.jar:?]
	at com.st.microxplorer.plugins.filemanager.FileManagerView.getSpecificTask(FileManagerView.java:250) ~[filemanager.jar:?]
	at com.st.stm32cube.common.mx.editor.CubeMxEditor.getMxTabbedPaneInstance(CubeMxEditor.java:1191) ~[com.st.stm32cube.common.mx_6.14.1.202504091515/:?]
	at com.st.stm32cube.common.mx.editor.CubeMxEditor$12$1.createSwingComponent(CubeMxEditor.java:1068) ~[com.st.stm32cube.common.mx_6.14.1.202504091515/:?]
	at com.st.stm32cube.common.mx.oss.core.awtswtbridge.EmbeddedSwingComposite.doComponentCreation(EmbeddedSwingComposite.java:492) ~[com.st.stm32cube.common.mx.oss_6.14.1.202504091515/:?]
	at com.st.stm32cube.common.mx.oss.core.awtswtbridge.EmbeddedSwingComposite$4.run(EmbeddedSwingComposite.java:291) ~[com.st.stm32cube.common.mx.oss_6.14.1.202504091515/:?]
	at com.st.stm32cube.common.mx.oss.core.awtswtbridge.AwtEnvironment$2.run(AwtEnvironment.java:166) ~[com.st.stm32cube.common.mx.oss_6.14.1.202504091515/:?]
	at java.awt.event.InvocationEvent.dispatch(InvocationEvent.java:318) ~[?:?]
	at java.awt.EventQueue.dispatchEventImpl(EventQueue.java:773) ~[?:?]
	at java.awt.EventQueue$4.run(EventQueue.java:720) ~[?:?]
	at java.awt.EventQueue$4.run(EventQueue.java:714) ~[?:?]
	at java.security.AccessController.doPrivileged(AccessController.java:400) ~[?:?]
	at java.security.ProtectionDomain$JavaSecurityAccessImpl.doIntersectionPrivilege(ProtectionDomain.java:87) ~[?:?]
	at java.awt.EventQueue.dispatchEvent(EventQueue.java:742) ~[?:?]
	at java.awt.EventDispatchThread.pumpOneEventForFilters(EventDispatchThread.java:203) ~[?:?]
	at java.awt.EventDispatchThread.pumpEventsForFilter(EventDispatchThread.java:124) ~[?:?]
	at java.awt.EventDispatchThread.pumpEventsForHierarchy(EventDispatchThread.java:113) ~[?:?]
	at java.awt.EventDispatchThread.pumpEvents(EventDispatchThread.java:109) ~[?:?]
	at java.awt.EventDispatchThread.pumpEvents(EventDispatchThread.java:101) ~[?:?]
	at java.awt.EventDispatchThread.run(EventDispatchThread.java:90) ~[?:?]
2025-07-29 16:06:46,367 [WARN] ThirdParty:871 - waiting for thirdparty lock release [close project]
2025-07-29 16:06:46,367 [INFO] ThirdParty:873 - entering critical section [close project]
2025-07-29 16:06:46,367 [INFO] ThirdParty:883 - exiting critical section [close project]
2025-07-29 16:06:46,372 [INFO] PinOutPanel:1589 - setPackage(No Configuration,No Configuration)
2025-07-29 16:06:46,383 [WARN] IpParametersView:155 - Warning: This peripheral hasn't parameters
2025-07-29 16:06:46,390 [WARN] MainPanel:289 - <html><b><center>Warning: This peripheral has no parameters to be configured<br></b></html>
2025-07-29 16:06:46,397 [INFO] UtilMem:75 - Begin LoadConfig() Used Memory: 480576552 Bytes (778043392)
2025-07-29 16:06:46,398 [INFO] OpenFileManager:354 - Change cursor
2025-07-29 16:06:46,419 [INFO] ProjectFactory:442 - No CPN specified for board NUCLEO-F446RE => set CPN to STM32F446RET6
2025-07-29 16:06:46,420 [INFO] Mcu:2011 - Initializing MCU STM32F446R(C-E)Tx STM32F446RETx STM32F446RET6
2025-07-29 16:06:47,837 [INFO] Context:756 - Trying to add GPIOservice into a context  which must be forbidden
2025-07-29 16:06:48,275 [INFO] Rule:225 - rule 117617 - U5Cobra4M][GTZC] default value MPCBB3 and MPCBB5 - Not Secured memory - MPCBB1 is applicable
2025-07-29 16:06:48,276 [INFO] Rule:225 - rule 117617 - U5Cobra4M][GTZC] default value MPCBB3 and MPCBB5 - Not Secured memory - MPCBB1 is applicable
2025-07-29 16:06:48,276 [INFO] Rule:225 - rule 117617 - U5Cobra4M][GTZC] default value MPCBB3 and MPCBB5 - Not Secured memory - MPCBB2 is applicable
2025-07-29 16:06:48,276 [INFO] Rule:225 - rule 117617 - U5Cobra4M][GTZC] default value MPCBB3 and MPCBB5 - Not Secured memory - MPCBB2 is applicable
2025-07-29 16:06:48,276 [INFO] Rule:225 - rule 117617 - U5Cobra4M][GTZC] default value MPCBB3 and MPCBB5 - Not Secured memory - MPCBB3 is applicable
2025-07-29 16:06:48,276 [INFO] Rule:225 - rule 117617 - U5Cobra4M][GTZC] default value MPCBB3 and MPCBB5 - Not Secured memory - MPCBB3 is applicable
2025-07-29 16:06:48,276 [INFO] Rule:225 - rule 117617 - U5Cobra4M][GTZC] default value MPCBB3 and MPCBB5 - Not Secured memory - MPCBB4 is applicable
2025-07-29 16:06:48,276 [INFO] Rule:225 - rule 117617 - U5Cobra4M][GTZC] default value MPCBB3 and MPCBB5 - Not Secured memory - MPCBB4 is applicable
2025-07-29 16:06:48,276 [INFO] Rule:225 - rule 117617 - U5Cobra4M][GTZC] default value MPCBB3 and MPCBB5 - Secured memory - MPCBB1 is applicable
2025-07-29 16:06:48,276 [INFO] Rule:225 - rule 117617 - U5Cobra4M][GTZC] default value MPCBB3 and MPCBB5 - Secured memory - MPCBB2 is applicable
2025-07-29 16:06:48,276 [INFO] Rule:225 - rule 117617 - U5Cobra4M][GTZC] default value MPCBB3 and MPCBB5 - Secured memory - MPCBB3 is applicable
2025-07-29 16:06:48,277 [INFO] Rule:225 - rule 117617 - U5Cobra4M][GTZC] default value MPCBB3 and MPCBB5 - Secured memory - MPCBB4 is applicable
2025-07-29 16:06:48,277 [INFO] Rule:225 - rule 117617 - U5Cobra4M][GTZC] default value MPCBB3 and MPCBB5 - Privileged memory - MPCBB1 is applicable
2025-07-29 16:06:48,277 [INFO] Rule:225 - rule 117617 - U5Cobra4M][GTZC] default value MPCBB3 and MPCBB5 - Privileged memory - MPCBB2 is applicable
2025-07-29 16:06:48,277 [INFO] Rule:225 - rule 117617 - U5Cobra4M][GTZC] default value MPCBB3 and MPCBB5 - Privileged memory - MPCBB3 is applicable
2025-07-29 16:06:48,277 [INFO] Rule:225 - rule 117617 - U5Cobra4M][GTZC] default value MPCBB3 and MPCBB5 - Privileged memory - MPCBB4 is applicable
2025-07-29 16:06:48,277 [INFO] Rule:225 - rule 117617 - U5Cobra4M][GTZC] default value MPCBB3 and MPCBB5 - Not Privileged memory - MPCBB1 is applicable
2025-07-29 16:06:48,277 [INFO] Rule:225 - rule 117617 - U5Cobra4M][GTZC] default value MPCBB3 and MPCBB5 - Not Privileged memory - MPCBB2 is applicable
2025-07-29 16:06:48,277 [INFO] Rule:225 - rule 117617 - U5Cobra4M][GTZC] default value MPCBB3 and MPCBB5 - Not Privileged memory - MPCBB3 is applicable
2025-07-29 16:06:48,277 [INFO] Rule:225 - rule 117617 - U5Cobra4M][GTZC] default value MPCBB3 and MPCBB5 - Not Privileged memory - MPCBB4 is applicable
2025-07-29 16:06:48,277 [INFO] Rule:225 - rule 117617 - U5Cobra4M][GTZC] default value MPCBB3 and MPCBB5 - Privileged memory - MPCBB1 is applicable
2025-07-29 16:06:48,277 [INFO] Rule:225 - rule 117617 - U5Cobra4M][GTZC] default value MPCBB3 and MPCBB5 - Privileged memory - MPCBB2 is applicable
2025-07-29 16:06:48,277 [INFO] Rule:225 - rule 117617 - U5Cobra4M][GTZC] default value MPCBB3 and MPCBB5 - Privileged memory - MPCBB3 is applicable
2025-07-29 16:06:48,277 [INFO] Rule:225 - rule 117617 - U5Cobra4M][GTZC] default value MPCBB3 and MPCBB5 - Privileged memory - MPCBB4 is applicable
2025-07-29 16:06:48,277 [INFO] Rule:225 - rule 117617 - U5Cobra4M][GTZC] default value MPCBB3 and MPCBB5 - Privileged memory - MPCBB1 is applicable
2025-07-29 16:06:48,278 [INFO] Rule:225 - rule 117617 - U5Cobra4M][GTZC] default value MPCBB3 and MPCBB5 - Privileged memory - MPCBB2 is applicable
2025-07-29 16:06:48,278 [INFO] Rule:225 - rule 117617 - U5Cobra4M][GTZC] default value MPCBB3 and MPCBB5 - Privileged memory - MPCBB3 is applicable
2025-07-29 16:06:48,278 [INFO] Rule:225 - rule 117617 - U5Cobra4M][GTZC] default value MPCBB3 and MPCBB5 - Privileged memory - MPCBB4 is applicable
2025-07-29 16:06:48,278 [INFO] Rule:225 - rule 117617 - U5Cobra4M][GTZC] default value MPCBB3 and MPCBB5 - Not Privileged memory - MPCBB1 is applicable
2025-07-29 16:06:48,278 [INFO] Rule:225 - rule 117617 - U5Cobra4M][GTZC] default value MPCBB3 and MPCBB5 - Not Privileged memory - MPCBB2 is applicable
2025-07-29 16:06:48,278 [INFO] Rule:225 - rule 117617 - U5Cobra4M][GTZC] default value MPCBB3 and MPCBB5 - Not Privileged memory - MPCBB3 is applicable
2025-07-29 16:06:48,278 [INFO] Rule:225 - rule 117617 - U5Cobra4M][GTZC] default value MPCBB3 and MPCBB5 - Not Privileged memory - MPCBB4 is applicable
2025-07-29 16:06:48,278 [INFO] Rule:225 - rule 117617 - U5Cobra4M][GTZC] default value MPCBB3 and MPCBB5 - Privileged memory - MPCBB1 is applicable
2025-07-29 16:06:48,278 [INFO] Rule:225 - rule 117617 - U5Cobra4M][GTZC] default value MPCBB3 and MPCBB5 - Privileged memory - MPCBB2 is applicable
2025-07-29 16:06:48,278 [INFO] Rule:225 - rule 117617 - U5Cobra4M][GTZC] default value MPCBB3 and MPCBB5 - Privileged memory - MPCBB3 is applicable
2025-07-29 16:06:48,278 [INFO] Rule:225 - rule 117617 - U5Cobra4M][GTZC] default value MPCBB3 and MPCBB5 - Privileged memory - MPCBB4 is applicable
2025-07-29 16:06:48,278 [INFO] Rule:225 - rule Rename SubGHz_Phy SUBGHZ_APPLICATION SUBGHZ_PINGPONG to SUBGHZ_ADV_APPLICATION is applicable
2025-07-29 16:06:48,278 [INFO] Rule:225 - rule Rename Enabled to IBEACON is applicable
2025-07-29 16:06:48,278 [INFO] Rule:225 - rule GTZC_S instance for project manager is applicable
2025-07-29 16:06:48,278 [INFO] Rule:225 - rule GTZC_S instance for context M33S is applicable
2025-07-29 16:06:48,278 [INFO] Rule:225 - rule GTZC_S instance value for IP GTZC is applicable
2025-07-29 16:06:48,279 [INFO] Rule:225 - rule GTZC_S instance for mcu.IP is applicable
2025-07-29 16:06:48,279 [INFO] Rule:225 - rule GTZC_S instance for VP is applicable
2025-07-29 16:06:48,279 [INFO] Rule:225 - rule GTZC_S instance for signal is applicable
2025-07-29 16:06:48,279 [INFO] Rule:225 - rule GTZC_S instance for mcu.Pin is applicable
2025-07-29 16:06:48,279 [INFO] Rule:225 - rule GTZC_S instance for VP is applicable
2025-07-29 16:06:48,279 [INFO] Rule:225 - rule GTZC_S instance for signal is applicable
2025-07-29 16:06:48,279 [INFO] Rule:225 - rule GTZC_S instance for mcu is applicable
2025-07-29 16:06:48,279 [INFO] Rule:225 - rule GTZC_S instance for mcu.Pin is applicable
2025-07-29 16:06:48,279 [INFO] Rule:225 - rule GTZC_S instance value for IP GTZC is applicable
2025-07-29 16:06:48,279 [INFO] Rule:225 - rule GTZC_S instance for project manager is applicable
2025-07-29 16:06:48,279 [INFO] Rule:225 - rule GTZC_S instance for context M33S is applicable
2025-07-29 16:06:48,279 [INFO] Rule:225 - rule GTZC_S instance for VP is applicable
2025-07-29 16:06:48,279 [INFO] Rule:225 - rule GTZC_S instance for signal is applicable
2025-07-29 16:06:48,279 [INFO] Rule:225 - rule SPDIFRX instance for mcu is applicable
2025-07-29 16:06:48,279 [INFO] Rule:225 - rule Rename Tracer Mode is applicable
2025-07-29 16:06:48,280 [INFO] Rule:225 - rule SPDIFRX instance value for IP SPDIFRX is applicable
2025-07-29 16:06:48,280 [INFO] Rule:225 - rule SPDIFRX instance for signal is applicable
2025-07-29 16:06:48,280 [INFO] Rule:225 - rule SPDIFRX instance for project manager is applicable
2025-07-29 16:06:48,280 [INFO] Rule:225 - rule SPDIFRX instance for project manager is applicable
2025-07-29 16:06:48,280 [INFO] Rule:225 - rule ADC Scan  fix with FW F7 is applicable
2025-07-29 16:06:48,280 [INFO] Rule:225 - rule ADC Scan  fix with FW F7 is applicable
2025-07-29 16:06:48,280 [INFO] Rule:225 - rule WakeUp0 Mode is applicable
2025-07-29 16:06:48,280 [INFO] Rule:225 - rule WakeUp0 SIGNAL is applicable
2025-07-29 16:06:48,280 [INFO] Rule:225 - rule WakeUp1 Mode is applicable
2025-07-29 16:06:48,280 [INFO] Rule:225 - rule WakeUp1 SIGNAL is applicable
2025-07-29 16:06:48,280 [INFO] Rule:225 - rule WakeUp2 Mode is applicable
2025-07-29 16:06:48,281 [INFO] Rule:225 - rule WakeUp2 SIGNAL is applicable
2025-07-29 16:06:48,281 [INFO] Rule:225 - rule WakeUp4 Mode is applicable
2025-07-29 16:06:48,281 [INFO] Rule:225 - rule WakeUp4 SIGNAL is applicable
2025-07-29 16:06:48,281 [INFO] Rule:225 - rule WakeUp5 Mode is applicable
2025-07-29 16:06:48,281 [INFO] Rule:225 - rule WakeUp5 SIGNAL is applicable
2025-07-29 16:06:48,281 [INFO] Rule:225 - rule Add RTC Activate Clock Source is applicable
2025-07-29 16:06:48,281 [INFO] Rule:225 - rule Add RTC Activate Calendar 1 is applicable
2025-07-29 16:06:48,281 [INFO] Rule:225 - rule Add RTC Activate Calendar 2 is applicable
2025-07-29 16:06:48,281 [INFO] Rule:225 - rule Add RTC Activate Calendar 3 is applicable
2025-07-29 16:06:48,281 [INFO] Rule:225 - rule UART/USART TX Mode is applicable
2025-07-29 16:06:48,281 [INFO] Rule:225 - rule UART/USART RX Mode is applicable
2025-07-29 16:06:48,281 [INFO] Rule:225 - rule UART/USART RX TX Mode is applicable
2025-07-29 16:06:48,281 [INFO] Rule:225 - rule UART/USART PARITY NONE is applicable
2025-07-29 16:06:48,281 [INFO] Rule:225 - rule UART/USART PARITY EVEN is applicable
2025-07-29 16:06:48,281 [INFO] Rule:225 - rule UART/USART PARITY ODD is applicable
2025-07-29 16:06:48,281 [INFO] Rule:225 - rule USART StopBits 1 is applicable
2025-07-29 16:06:48,281 [INFO] Rule:225 - rule USART StopBits 2 is applicable
2025-07-29 16:06:48,282 [INFO] Rule:225 - rule USART StopBits 1.5 is applicable
2025-07-29 16:06:48,282 [INFO] Rule:225 - rule USART StopBits 0.5 is applicable
2025-07-29 16:06:48,282 [INFO] Rule:225 - rule UART/USART WORD LENGTH 7 is applicable
2025-07-29 16:06:48,282 [INFO] Rule:225 - rule UART/USART WORD LENGTH 8 is applicable
2025-07-29 16:06:48,282 [INFO] Rule:225 - rule UART/USART WORD LENGTH 9 is applicable
2025-07-29 16:06:48,282 [INFO] Rule:225 - rule Rename FMC NAND NCE signal is applicable
2025-07-29 16:06:48,282 [INFO] Rule:225 - rule Rename FMC NAND INT signal is applicable
2025-07-29 16:06:48,282 [INFO] Rule:225 - rule Change Default Value for LSE Drive Capability for WB family is applicable
2025-07-29 16:06:48,282 [INFO] Rule:225 - rule Change Default Value for ADC Clock Prescaler G0 family is applicable
2025-07-29 16:06:48,282 [INFO] Rule:225 - rule Change Default Value for ADC ExternalTrigConv L4 family is applicable
2025-07-29 16:06:48,282 [INFO] Rule:225 - rule Change Default Value for ADC ExternalTrigInjecConv L4 family is applicable
2025-07-29 16:06:48,282 [INFO] Rule:225 - rule Change Default Value for ADC ExternalTrigConv F3 family is applicable
2025-07-29 16:06:48,282 [INFO] Rule:225 - rule Change Default Value for ADC ExternalTrigInjecConv F3 family is applicable
2025-07-29 16:06:48,282 [INFO] Rule:225 - rule Change Default Value for ADC ExternalTrigConv Goldfish serie is applicable
2025-07-29 16:06:48,282 [INFO] Rule:225 - rule Change Default Value for ADC ExternalTrigInjecConv Goldfish serie is applicable
2025-07-29 16:06:48,282 [INFO] Rule:225 - rule Change Default Value for ADC ExternalTrigConv L0 family is applicable
2025-07-29 16:06:48,282 [INFO] Rule:225 - rule Change Default Value for ADC ExternalTrigConv F0 family is applicable
2025-07-29 16:06:48,282 [INFO] Rule:225 - rule Change Default Value for ADC ExternalTrigConvn L1 family is applicable
2025-07-29 16:06:48,283 [INFO] Rule:225 - rule Change Default Value for ADC ExternalTrigInjecConv L1 family is applicable
2025-07-29 16:06:48,283 [INFO] Rule:225 - rule Change Default Value for ADC ExternalTrigConv F1 family is applicable
2025-07-29 16:06:48,283 [INFO] Rule:225 - rule Change Default Value for ADC ExternalTrigInjecConv F1 family is applicable
2025-07-29 16:06:48,283 [INFO] Rule:225 - rule Change Default Value for ADC ExternalTrigConv F7 family is applicable
2025-07-29 16:06:48,283 [INFO] Rule:225 - rule Change Default Value for ADC ExternalTrigInjecConv F7 family is applicable
2025-07-29 16:06:48,283 [INFO] Rule:225 - rule Change Default Value for ADC ExternalTrigConv F4 and F2 family is applicable
2025-07-29 16:06:48,283 [INFO] Rule:225 - rule Change Default Value for ADC ExternalTrigInjecConv F4 and F2 family is applicable
2025-07-29 16:06:48,283 [INFO] Rule:225 - rule ADC SamplingTime fix with FW L0  is applicable
2025-07-29 16:06:48,283 [INFO] Rule:225 - rule ADC SamplingTime fix with FW L0  is applicable
2025-07-29 16:06:48,283 [INFO] Rule:225 - rule ADC SamplingTime fix with FW L0 is applicable
2025-07-29 16:06:48,283 [INFO] Rule:225 - rule ADC SamplingTime fix with FW L0 is applicable
2025-07-29 16:06:48,283 [INFO] Rule:225 - rule ADC SamplingTime fix with FW L0  is applicable
2025-07-29 16:06:48,283 [INFO] Rule:225 - rule ADC SamplingTime fix with FW L0 is applicable
2025-07-29 16:06:48,283 [INFO] Rule:225 - rule Rename USB_OE Signal is applicable
2025-07-29 16:06:48,283 [INFO] Rule:225 - rule Rename Activate_OE Mode is applicable
2025-07-29 16:06:48,283 [INFO] Rule:225 - rule Rename DIE462/DIE415 pin PC14/OSC32_IN -> PC14-OSC32_IN (PC14) is applicable
2025-07-29 16:06:48,283 [INFO] Rule:225 - rule Rename DIE462/DIE415 pin PC15/OSC32_OUT -> PC15-OSC32_OUT (PC15) is applicable
2025-07-29 16:06:48,283 [INFO] Rule:225 - rule Rename DIE462/DIE415 pin PH0/OSC_IN -> PH0-OSC_IN (PH0) is applicable
2025-07-29 16:06:48,284 [INFO] Rule:225 - rule Rename DIE462/DIE415 pin PH1/OSC_OUT -> PH1-OSC_OUT (PH1) is applicable
2025-07-29 16:06:48,284 [INFO] Rule:225 - rule Rename DIE462 pin PA13 -> PA13 (JTMS/SWDIO) is applicable
2025-07-29 16:06:48,284 [INFO] Rule:225 - rule Rename DIE415 pin PA13 -> PA13 (JTMS/SWDIO) is applicable
2025-07-29 16:06:48,284 [INFO] Rule:225 - rule Rename DIE462 pin PA14 -> PA14 (JTCK/SWCLK) is applicable
2025-07-29 16:06:48,284 [INFO] Rule:225 - rule Rename DIE415 pin PA14 -> PA14 (JTCK/SWCLK) is applicable
2025-07-29 16:06:48,284 [INFO] Rule:225 - rule Rename DIE462/DIE415 pin PA15 -> PA15 (JTDI) is applicable
2025-07-29 16:06:48,284 [INFO] Rule:225 - rule Rename DIE462 pin PB3 -> PB3 (JTD0/TRACESWO) is applicable
2025-07-29 16:06:48,284 [INFO] Rule:225 - rule Rename DIE415 pin PB3 -> PB3 (JTD0-TRACESWO) is applicable
2025-07-29 16:06:48,284 [INFO] Rule:225 - rule Rename DIE462/DIE415 pin PB4 -> PB4 (NJTRST) is applicable
2025-07-29 16:06:48,284 [INFO] Rule:225 - rule Rename DIE462 pin PH3/BOOT0 -> PH3-BOOT0 (BOOT0) is applicable
2025-07-29 16:06:48,284 [INFO] Rule:225 - rule Rename CRYP DataEncryptionTypesList to Algorithm is applicable
2025-07-29 16:06:48,284 [INFO] Rule:225 - rule Rename AES DataEncryptionTypesList to Algorithm is applicable
2025-07-29 16:06:48,284 [INFO] Rule:225 - rule Rename TDESECB to CRYP_TDES_ECB is applicable
2025-07-29 16:06:48,285 [INFO] Rule:225 - rule Rename TDESCBC to CRYP_TDES_CBC is applicable
2025-07-29 16:06:48,285 [INFO] Rule:225 - rule Rename DESECB to CRYP_DES_ECB is applicable
2025-07-29 16:06:48,285 [INFO] Rule:225 - rule Rename DESCBC to CRYP_DES_CBC is applicable
2025-07-29 16:06:48,285 [INFO] Rule:225 - rule Rename AESECB to CRYP_AES_ECB is applicable
2025-07-29 16:06:48,285 [INFO] Rule:225 - rule Rename AESCBC to CRYP_AES_CBC is applicable
2025-07-29 16:06:48,285 [INFO] Rule:225 - rule Rename AESCTR to CRYP_AES_CTR is applicable
2025-07-29 16:06:48,285 [INFO] Rule:225 - rule Rename AESGCM to CRYP_AES_GCM is applicable
2025-07-29 16:06:48,285 [INFO] Rule:225 - rule Rename AESCCM to CRYP_AES_CCM is applicable
2025-07-29 16:06:48,285 [INFO] Rule:225 - rule Rename CAN TimeSeg1 to BS1 is applicable
2025-07-29 16:06:48,285 [INFO] Rule:225 - rule Rename CAN TimeSeg2 to BS2 is applicable
2025-07-29 16:06:48,285 [INFO] Rule:225 - rule Rename CAN SyncJumpWidth to SJW is applicable
2025-07-29 16:06:48,285 [INFO] Rule:225 - rule TimeTriggeredMode to TTCM is applicable
2025-07-29 16:06:48,285 [INFO] Rule:225 - rule Rename CAN AutoBusOff to ABOM is applicable
2025-07-29 16:06:48,285 [INFO] Rule:225 - rule Rename CAN AutoWakeUp to AWUM is applicable
2025-07-29 16:06:48,286 [INFO] Rule:225 - rule Rename CAN AutoRetransmission to NART is applicable
2025-07-29 16:06:48,286 [INFO] Rule:225 - rule Rename CAN ReceiveFifoLocked to RFLM is applicable
2025-07-29 16:06:48,286 [INFO] Rule:225 - rule Rename CAN TransmitFifoPriority to TXFP is applicable
2025-07-29 16:06:48,286 [INFO] Rule:225 - rule Rename HRTIMER HRTIM_OUTPUTFAULTLEVEL_HIGH in HRTIMER HRTIM_OUTPUTFAULTLEVEL_HIGHZ is applicable
2025-07-29 16:06:48,286 [INFO] Rule:225 - rule Rename TIMER TIM_CLEARINPUTSOURCE_OCREFCLR in  TIMER TIM_CLEARINPUTSOURCE_NONE for F7 family is applicable
2025-07-29 16:06:48,286 [INFO] Rule:225 - rule FDCAN_R1 - Rename FDCAN mode Master into Classic is applicable
2025-07-29 16:06:48,286 [INFO] Rule:225 - rule FDCAN_R2 - Rename FDCAN mode Slave into Classic is applicable
2025-07-29 16:06:48,286 [INFO] Rule:225 - rule FDCAN1_R3 - if PA10.Mode=FullDuplex, add Pin PA12 is applicable
2025-07-29 16:06:48,286 [INFO] Rule:225 - rule FDCAN1_R3 - if PA9.Mode=FullDuplex, add Pin PA11 is applicable
2025-07-29 16:06:48,286 [INFO] Rule:225 - rule FDCAN1_R3 - Alternatepin_1 - if PE1.Mode=FullDuplex, add Pin PB9 is applicable
2025-07-29 16:06:48,286 [INFO] Rule:225 - rule FDCAN1_R3 - Alternatepin_1 - if PE0.Mode=FullDuplex, add Pin PB8 is applicable
2025-07-29 16:06:48,286 [INFO] Rule:225 - rule FDCAN1_R3 - Alternatepin_2 - if PD5.Mode=FullDuplex, add Pin PD1 is applicable
2025-07-29 16:06:48,287 [INFO] Rule:225 - rule FDCAN1_R3 - Alternatepin_2 - if PD4.Mode=FullDuplex, add Pin PD0 is applicable
2025-07-29 16:06:48,287 [INFO] Rule:225 - rule FDCAN1_R4 - Rename Mode FullDuplex into Enable FDCAN_TXFD for pin PA10 is applicable
2025-07-29 16:06:48,287 [INFO] Rule:225 - rule FDCAN1_R4 - Rename Mode FullDuplex into Enable FDCAN_TXFD for pin PA9 is applicable
2025-07-29 16:06:48,287 [INFO] Rule:225 - rule FDCAN1_R4 - Alternatepin_1 - Rename Mode FullDuplex into Enable FDCAN_TXFD for pin PE1 is applicable
2025-07-29 16:06:48,287 [INFO] Rule:225 - rule FDCAN1_R4 - Alternatepin_1 - Rename Mode FullDuplex into Enable FDCAN_TXFD for pin PE0 is applicable
2025-07-29 16:06:48,287 [INFO] Rule:225 - rule FDCAN1_R4 - Alternatepin_2 - Rename Mode FullDuplex into Enable FDCAN_TXFD for pin PD5 is applicable
2025-07-29 16:06:48,287 [INFO] Rule:225 - rule FDCAN1_R4 - Alternatepin_2 - Rename Mode FullDuplex into Enable FDCAN_TXFD for pin PD4 is applicable
2025-07-29 16:06:48,287 [INFO] Rule:225 - rule FDCAN2_R3 - if PD10.Mode=FullDuplex, add Pin PB13 is applicable
2025-07-29 16:06:48,287 [INFO] Rule:225 - rule FDCAN2_R3 - if PD9.Mode=FullDuplex, add Pin PB12 is applicable
2025-07-29 16:06:48,287 [INFO] Rule:225 - rule FDCAN2_R3 - Alternatepin_1 - if PB7.Mode=FullDuplex, add Pin PB6 is applicable
2025-07-29 16:06:48,287 [INFO] Rule:225 - rule FDCAN2_R3 - Alternatepin_1 - if PD9.Mode=FullDuplex, add Pin PB12 is applicable
2025-07-29 16:06:48,287 [INFO] Rule:225 - rule FDCAN2_R4 - Rename Mode FullDuplex into Enable FDCAN_TXFD for pin PD10 is applicable
2025-07-29 16:06:48,287 [INFO] Rule:225 - rule FDCAN2_R4 - Rename Mode FullDuplex into Enable FDCAN_TXFD for pin PD9 is applicable
2025-07-29 16:06:48,288 [INFO] Rule:225 - rule FDCAN2_R4 - Alternatepin_1 - Rename Mode FullDuplex into Enable FDCAN_TXFD for pin PB7 is applicable
2025-07-29 16:06:48,288 [INFO] Rule:225 - rule FDCAN2_R4 - Alternatepin_1 - Rename Mode FullDuplex into Enable FDCAN_TXFD for pin PD6 is applicable
2025-07-29 16:06:48,288 [INFO] Rule:225 - rule USART TxPinLevelInvertParam Mode is applicable
2025-07-29 16:06:48,288 [INFO] Rule:225 - rule USART RxPinLevelInvertParam Mode is applicable
2025-07-29 16:06:48,288 [INFO] Rule:225 - rule USART DataInvertParam Mode is applicable
2025-07-29 16:06:48,288 [INFO] Rule:225 - rule USART SwapParam Mode is applicable
2025-07-29 16:06:48,288 [INFO] Rule:225 - rule USART OverrunDisableParam Mode is applicable
2025-07-29 16:06:48,288 [INFO] Rule:225 - rule USART DMADisableonRxErrorParam Mode is applicable
2025-07-29 16:06:48,288 [INFO] Rule:225 - rule USART MSBFirstParam Mode is applicable
2025-07-29 16:06:48,288 [INFO] Rule:225 - rule Update MwName for USB_DEVICE is applicable
2025-07-29 16:06:48,288 [INFO] Rule:225 - rule Change PWR_Regulator_Voltage_Scale Default Value for RCC  H7 family is applicable
2025-07-29 16:06:48,288 [INFO] Rule:225 - rule UART/USART IPParameter rename Prescaler parameter to ClockPrescaler is applicable
2025-07-29 16:06:48,288 [INFO] Rule:225 - rule UART/USART Prescaler rename Prescaler parameter to ClockPrescaler is applicable
2025-07-29 16:06:48,288 [INFO] Rule:225 - rule TIM1CLockSelection is applicable
2025-07-29 16:06:48,288 [INFO] Rule:225 - rule TIM15CLockSelection is applicable
2025-07-29 16:06:48,289 [INFO] Rule:225 - rule align RCC SDMMC3CLockSelection default value on MP1 is applicable
2025-07-29 16:06:48,289 [INFO] Rule:225 - rule align RCC SDMMC12CLockSelection default value on MP1 is applicable
2025-07-29 16:06:48,289 [INFO] Rule:225 - rule align RCC QSPICLockSelection default value on MP1 is applicable
2025-07-29 16:06:48,289 [INFO] Rule:225 - rule align RCC QSPICLockSelection default value on MP1 is applicable
2025-07-29 16:06:48,289 [INFO] Rule:225 - rule align RCC SPI6CLockSelection default value on MP1 is applicable
2025-07-29 16:06:48,289 [INFO] Rule:225 - rule align RCC LPTIM23CLockSelection default value on MP1 is applicable
2025-07-29 16:06:48,289 [INFO] Rule:225 - rule align RCC LPTIM1CLockSelection default value on MP1 is applicable
2025-07-29 16:06:48,289 [INFO] Rule:225 - rule align RCC USART1CLockSelection default value on MP1 is applicable
2025-07-29 16:06:48,289 [INFO] Rule:225 - rule align RCC USART24CLockSelection default value on MP1 is applicable
2025-07-29 16:06:48,289 [INFO] Rule:225 - rule align RCC USART6CLockSelection default value on MP1 is applicable
2025-07-29 16:06:48,289 [INFO] Rule:225 - rule align RCC UART78CLockSelection default value on MP1 is applicable
2025-07-29 16:06:48,289 [INFO] Rule:225 - rule align RCC USART35CLockSelection default value on MP1 is applicable
2025-07-29 16:06:48,289 [INFO] Rule:225 - rule align RCC SPI45CLockSelection default value on MP1 is applicable
2025-07-29 16:06:48,290 [INFO] Rule:225 - rule align RCC I2C46CLockSelection BCLK value on MP1 is applicable
2025-07-29 16:06:48,290 [INFO] Rule:225 - rule align RCC SPI45CLockSelection default value on MP1 is applicable
2025-07-29 16:06:48,290 [INFO] Rule:225 - rule align RCC I2C12CLockSelection default value on MP1 is applicable
2025-07-29 16:06:48,290 [INFO] Rule:225 - rule align RCC I2C35CLockSelection default value on MP1 is applicable
2025-07-29 16:06:48,290 [INFO] Rule:225 - rule align RCC LPTIM45CLockSelection default value on MP1 is applicable
2025-07-29 16:06:48,290 [INFO] Rule:225 - rule Rename DCMI PIXCK signal is applicable
2025-07-29 16:06:48,290 [INFO] Rule:225 - rule Change Default Value for I2C46CLockSelection MP1 family is applicable
2025-07-29 16:06:48,290 [INFO] Rule:225 - rule Change Default Value for UART for G4, G0 and WB families is applicable
2025-07-29 16:06:48,290 [INFO] Rule:225 - rule Change Default Value for USART for G4, G0 and WB families is applicable
2025-07-29 16:06:48,290 [INFO] Rule:225 - rule Change Default Value for USART for G4 family is applicable
2025-07-29 16:06:48,290 [INFO] Rule:225 - rule Change USART1CLockSelection refparam name for MP1 is applicable
2025-07-29 16:06:48,290 [INFO] Rule:225 - rule Change USART2CLockSelection refparam name for MP1 is applicable
2025-07-29 16:06:48,290 [INFO] Rule:225 - rule Change USART3CLockSelection refparam name for MP1 is applicable
2025-07-29 16:06:48,290 [INFO] Rule:225 - rule Change UART4CLockSelection refparam name for MP1 is applicable
2025-07-29 16:06:48,291 [INFO] Rule:225 - rule Change UART5CLockSelection refparam name for MP1 is applicable
2025-07-29 16:06:48,291 [INFO] Rule:225 - rule Change LPUART1CLockSelection refparam name for MP1 is applicable
2025-07-29 16:06:48,291 [INFO] Rule:225 - rule Change LPTIM1CLockSelection refparam name for MP1 is applicable
2025-07-29 16:06:48,291 [INFO] Rule:225 - rule Change LPTIM2CLockSelection refparam name for MP1 is applicable
2025-07-29 16:06:48,291 [INFO] Rule:225 - rule Change RCC_MCO1Source refparam name for MP1 is applicable
2025-07-29 16:06:48,291 [INFO] Rule:225 - rule Change LSCOSource1 refparam name for MP1 is applicable
2025-07-29 16:06:48,291 [INFO] Rule:225 - rule Change SMPSCLockSelection refparam name for MP1 is applicable
2025-07-29 16:06:48,291 [INFO] Rule:225 - rule Change LPTIM3CLockSelection refparam name for MP1 is applicable
2025-07-29 16:06:48,291 [INFO] Rule:225 - rule Change MPCBB* Default Template Mode to Parameters is applicable
2025-07-29 16:06:48,291 [INFO] Rule:225 - rule Change MPCWM* or MPCBB* Secure Mode to Parameters is applicable
2025-07-29 16:06:48,291 [INFO] Rule:225 - rule Change MPCWM* or MPCBB* No Secure Mode to Parameters is applicable
2025-07-29 16:06:48,291 [INFO] Rule:225 - rule Change TZSC IP Secure Mode to Parameters is applicable
2025-07-29 16:06:48,291 [INFO] Rule:225 - rule Change TZSC IP No Secure Mode to Parameters is applicable
2025-07-29 16:06:48,291 [INFO] Rule:225 - rule Change TZSC IP Privilege Mode to Parameters is applicable
2025-07-29 16:06:48,292 [INFO] Rule:225 - rule Change TZSC IP No Privilege Mode to Parameters is applicable
2025-07-29 16:06:48,292 [INFO] Rule:225 - rule Change TZIC IT Secure Mode to Parameters is applicable
2025-07-29 16:06:48,292 [INFO] Rule:225 - rule Change TZIC IT No Secure Mode to Parameters is applicable
2025-07-29 16:06:48,292 [INFO] Rule:225 - rule Add MPCBB1_NonSecureArea_Start_Address value with referenced to MPCBB1_NonSecureArea_Start value is applicable
2025-07-29 16:06:48,292 [INFO] Rule:225 - rule Add MPCBB2_NonSecureArea_Start_Address value with referenced to MPCBB2_NonSecureArea_Start value is applicable
2025-07-29 16:06:48,292 [INFO] Rule:225 - rule Add MPCWM1_NonSecureArea*_Start_Address value with referenced to MPCWM1_NonSecureArea*_Start value is applicable
2025-07-29 16:06:48,292 [INFO] Rule:225 - rule Add MPCWM2_NonSecureArea*_Start_Address value with referenced to MPCWM2_NonSecureArea*_Start value is applicable
2025-07-29 16:06:48,292 [INFO] Rule:225 - rule Add MPCWM3_NonSecureArea_Start_Address value with referenced to MPCWM3_NonSecureArea_Start value is applicable
2025-07-29 16:06:48,292 [INFO] Rule:225 - rule Change Default Value for PLL1UserDefinedConfig is applicable
2025-07-29 16:06:48,292 [INFO] Rule:225 - rule Change GPIO_PuPd Default Value for USART in async mode is applicable
2025-07-29 16:06:48,292 [INFO] Rule:225 - rule Change SMPSDivider Default Value is applicable
2025-07-29 16:06:48,292 [INFO] Rule:225 - rule OPAMP is applicable
2025-07-29 16:06:48,292 [INFO] Rule:225 - rule LPUART IPParameter rename Prescaler parameter to ClockPrescaler for STM32H7 is applicable
2025-07-29 16:06:48,292 [INFO] Rule:225 - rule LPUART IPParameter rename Prescaler parameter to ClockPrescaler for STM32H7 is applicable
2025-07-29 16:06:48,292 [INFO] Rule:225 - rule LPUART IPParameter rename Prescaler parameter to ClockPrescaler for STM32WB is applicable
2025-07-29 16:06:48,292 [INFO] Rule:225 - rule LPUART IPParameter rename Prescaler parameter to ClockPrescaler for STM32WB is applicable
2025-07-29 16:06:48,292 [INFO] Rule:225 - rule LPUART IPParameter rename Prescaler parameter to ClockPrescaler for STM32G4 is applicable
2025-07-29 16:06:48,293 [INFO] Rule:225 - rule LPUART IPParameter rename Prescaler parameter to ClockPrescaler for STM32G4 is applicable
2025-07-29 16:06:48,293 [INFO] Rule:225 - rule LPUART IPParameter rename Prescaler parameter to ClockPrescaler for STM32L5 is applicable
2025-07-29 16:06:48,293 [INFO] Rule:225 - rule LPUART IPParameter rename Prescaler parameter to ClockPrescaler for STM32L5 is applicable
2025-07-29 16:06:48,293 [INFO] Rule:225 - rule LPUART IPParameter rename Prescaler parameter to ClockPrescaler for STM32G4 is applicable
2025-07-29 16:06:48,293 [INFO] Rule:225 - rule LPUART IPParameter rename Prescaler parameter to ClockPrescaler for STM32G4 is applicable
2025-07-29 16:06:48,293 [INFO] Rule:225 - rule USB device lib V2.5.3 for L0 rename USBD_SUPPORT_USER_STRING parameter to USBD_SUPPORT_USER_STRING_DESC4 is applicable
2025-07-29 16:06:48,293 [INFO] Rule:225 - rule I2SCLockSelection clock entry align is applicable
2025-07-29 16:06:48,293 [INFO] Rule:225 - rule Assign TIMx context if used as SYS timebase is applicable
2025-07-29 16:06:48,293 [INFO] Rule:225 - rule Change GPIO_Pu Default Value for I2C is applicable
2025-07-29 16:06:48,293 [INFO] Rule:225 - rule Change GPIO_Pu Default Value for SMBus is applicable
2025-07-29 16:06:48,293 [INFO] Rule:225 - rule change FDCAN default value is applicable
2025-07-29 16:06:48,293 [INFO] Rule:225 - rule Change mode sai is applicable
2025-07-29 16:06:48,293 [INFO] Rule:225 - rule **Change sai mode is applicable
2025-07-29 16:06:48,293 [INFO] Rule:225 - rule Rename STM32WPAN CFG_BLE_IRK to CFG_BLE_IR is applicable
2025-07-29 16:06:48,293 [INFO] Rule:225 - rule Rename STM32WPAN CFG_BLE_ERK to CFG_BLE_ER is applicable
2025-07-29 16:06:48,293 [INFO] Rule:225 - rule Rename STM32WPAN CFG_BLE_IRK_HEX to CFG_BLE_IR_HEX is applicable
2025-07-29 16:06:48,293 [INFO] Rule:225 - rule Rename STM32WPAN CFG_BLE_ERK_HEX to CFG_BLE_ER_HEX is applicable
2025-07-29 16:06:48,293 [INFO] Rule:225 - rule Adapt Old IOC before rework replace old CORTEX_M33/CORTEX_M55 attributes by the new one. is applicable
2025-07-29 16:06:48,293 [INFO] Rule:225 - rule Rename parametre of RCC RCC_APBDBG_DIV2 to RCC_TIMPRES_DIV2 is applicable
2025-07-29 16:06:48,293 [INFO] Rule:225 - rule Rename DIE493 pin PA10 [PA12] -> PA10 is applicable
2025-07-29 16:06:48,294 [INFO] Rule:225 - rule Rename DIE493 pin PA9 [PA11] -> PA9 is applicable
2025-07-29 16:06:48,294 [INFO] Rule:225 - rule Adapt Old IOC CSI. is applicable
2025-07-29 16:06:48,337 [INFO] DbConfProperties:307 - Apply Compatibility (49/267 Rules)
2025-07-29 16:06:48,361 [INFO] ImportTextPane:218 - (OptionalMessage_ERROR) Unable to find key (Mcu.ThirdPartyNb) in loaded IOC file
2025-07-29 16:06:48,362 [INFO] ImportTextPane:218 - (OptionalMessage_ERROR) Pin12 (VP_RIF_VS_RIF1) cannot be retrieved for this MCU
2025-07-29 16:06:48,412 [WARN] ModelIntegratedComponent:63 - No mode defined for component null
2025-07-29 16:06:48,412 [WARN] ModelIntegratedComponent:63 - No mode defined for component null
2025-07-29 16:06:48,412 [WARN] ModelIntegratedComponent:63 - No mode defined for component null
2025-07-29 16:06:48,412 [WARN] ModelIntegratedComponent:63 - No mode defined for component null
2025-07-29 16:06:48,412 [WARN] ModelIntegratedComponent:63 - No mode defined for component null
2025-07-29 16:06:48,412 [WARN] ModelIntegratedComponent:63 - No mode defined for component null
2025-07-29 16:06:48,412 [WARN] ModelIntegratedComponent:63 - No mode defined for component null
2025-07-29 16:06:48,412 [WARN] ModelIntegratedComponent:63 - No mode defined for component null
2025-07-29 16:06:48,412 [WARN] ModelIntegratedComponent:63 - No mode defined for component null
2025-07-29 16:06:48,412 [WARN] ModelIntegratedComponent:63 - No mode defined for component null
2025-07-29 16:06:48,412 [WARN] ModelIntegratedComponent:63 - No mode defined for component null
2025-07-29 16:06:48,413 [WARN] ModelIntegratedComponent:63 - No mode defined for component null
2025-07-29 16:06:48,413 [WARN] ModelIntegratedComponent:63 - No mode defined for component null
2025-07-29 16:06:48,413 [WARN] ModelIntegratedComponent:63 - No mode defined for component null
2025-07-29 16:06:48,413 [WARN] ModelIntegratedComponent:63 - No mode defined for component null
2025-07-29 16:06:48,413 [WARN] ModelIntegratedComponent:63 - No mode defined for component null
2025-07-29 16:06:48,413 [WARN] ModelIntegratedComponent:63 - No mode defined for component null
2025-07-29 16:06:48,413 [WARN] ModelIntegratedComponent:63 - No mode defined for component null
2025-07-29 16:06:48,413 [WARN] ModelIntegratedComponent:63 - No mode defined for component null
2025-07-29 16:06:48,413 [WARN] ModelIntegratedComponent:63 - No mode defined for component null
2025-07-29 16:06:48,413 [WARN] ModelIntegratedComponent:63 - No mode defined for component null
2025-07-29 16:06:48,413 [WARN] ModelIntegratedComponent:63 - No mode defined for component null
2025-07-29 16:06:48,413 [WARN] ModelIntegratedComponent:63 - No mode defined for component null
2025-07-29 16:06:48,413 [WARN] ModelIntegratedComponent:63 - No mode defined for component null
2025-07-29 16:06:48,413 [WARN] ModelIntegratedComponent:63 - No mode defined for component null
2025-07-29 16:06:48,413 [WARN] ModelIntegratedComponent:63 - No mode defined for component null
2025-07-29 16:06:48,413 [WARN] ModelIntegratedComponent:63 - No mode defined for component null
2025-07-29 16:06:48,413 [WARN] ModelIntegratedComponent:63 - No mode defined for component null
2025-07-29 16:06:48,414 [WARN] ModelIntegratedComponent:63 - No mode defined for component null
2025-07-29 16:06:48,414 [WARN] ModelIntegratedComponent:63 - No mode defined for component null
2025-07-29 16:06:48,414 [WARN] ModelIntegratedComponent:63 - No mode defined for component null
2025-07-29 16:06:48,414 [WARN] ModelIntegratedComponent:63 - No mode defined for component null
2025-07-29 16:06:48,414 [WARN] ModelIntegratedComponent:63 - No mode defined for component null
2025-07-29 16:06:48,414 [WARN] ModelIntegratedComponent:63 - No mode defined for component null
2025-07-29 16:06:48,414 [WARN] ModelIntegratedComponent:63 - No mode defined for component null
2025-07-29 16:06:48,414 [WARN] ModelPack:524 - Component already loaded: STMicroelectronics:HAL Drivers:0.0.0:STMicroelectronics:Device:STMicro_Driver:XSPI:HAL::0.0.1:HAL_XSPI
2025-07-29 16:06:48,419 [INFO] RtosManager:558 - Registered RTOS mode: class=CMSIS, group=RTOS, mode=CMSIS_V1, owner=FREERTOS
2025-07-29 16:06:48,420 [INFO] RtosManager:558 - Registered RTOS mode: class=CMSIS, group=RTOS2, mode=CMSIS_V2, owner=FREERTOS
2025-07-29 16:06:48,420 [INFO] RtosManager:558 - Registered RTOS mode: class=RTOS, group=Core, mode=CMSIS_V1, owner=FREERTOS
2025-07-29 16:06:48,420 [INFO] RtosManager:558 - Registered RTOS mode: class=RTOS, group=Core, mode=CMSIS_V2, owner=FREERTOS
2025-07-29 16:06:48,420 [WARN] ModelIntegratedComponent:184 - Missing modes for component STMicroelectronics:FreeRTOS:0.0.1:STMicroelectronics:RTOS:FreeRTOS:Core:::10.2.0:
2025-07-29 16:06:48,425 [INFO] ThirdPartyModel:298 - Start build external matchings
2025-07-29 16:06:48,460 [INFO] ThirdPartyModel:316 - End build external matchings
2025-07-29 16:06:48,463 [INFO] ImportTextPane:218 - (OptionalMessage_ERROR) IP (RCC) : Invalid parameter (48MHZClocksFreq_Value)
2025-07-29 16:06:48,464 [INFO] ImportTextPane:218 - (OptionalMessage_ERROR) IP (RCC) : Invalid parameter (EthernetFreq_Value)
2025-07-29 16:06:48,465 [INFO] ImportTextPane:218 - (OptionalMessage_ERROR) IP (RCC) : Parameter (FLatency) has Id (AdvancedSettings) currently not set
2025-07-29 16:06:48,465 [INFO] ImportTextPane:218 - (OptionalMessage_ERROR) IP (RCC) : Invalid parameter (FamilyName)
2025-07-29 16:06:48,465 [INFO] ImportTextPane:218 - (OptionalMessage_ERROR) IP (RCC) : Invalid parameter (I2SClocksFreq_Value)
2025-07-29 16:06:48,467 [INFO] ImportTextPane:218 - (OptionalMessage_ERROR) IP (RCC) : Parameter (SDIOFreq_Value) has invalid value (168000000)
2025-07-29 16:06:48,467 [INFO] ImportTextPane:218 - (OptionalMessage_ERROR) IP (RCC) : Parameter (USBFreq_Value) has invalid value (168000000)
2025-07-29 16:06:48,468 [INFO] ImportTextPane:218 - (OptionalMessage_ERROR) IP (RCC) : Invalid parameter (VCOInputMFreq_Value)
2025-07-29 16:06:48,468 [INFO] ImportTextPane:218 - (OptionalMessage_ERROR) IP (RCC) : Invalid parameter (VcooutputI2S)
2025-07-29 16:06:49,108 [INFO] UtilMem:75 - End LoadConfig() Used Memory: 585967632 Bytes (778043392)
2025-07-29 16:06:49,149 [WARN] ThirdParty:833 - waiting for thirdparty lock release [change project]
2025-07-29 16:06:49,150 [INFO] ThirdParty:835 - entering critical section [change project]
2025-07-29 16:06:49,150 [INFO] ThirdParty:1030 - CMSIS Pack Vendor :STMicroelectronics USBPD 4.1
2025-07-29 16:06:49,150 [INFO] ThirdParty:1030 - CMSIS Pack Vendor :STMicroelectronics X-CUBE-DISPLAY 3.0.0
2025-07-29 16:06:49,150 [INFO] ThirdParty:1030 - CMSIS Pack Vendor :STMicroelectronics USB_HOST 2.0.0
2025-07-29 16:06:49,150 [INFO] ThirdParty:1030 - CMSIS Pack Vendor :STMicroelectronics FP-SNS-MOTENVWB1 1.4.0
2025-07-29 16:06:49,150 [INFO] ThirdParty:1030 - CMSIS Pack Vendor :STMicroelectronics LIBJPEG 8.0.0
2025-07-29 16:06:49,150 [INFO] ThirdParty:1030 - CMSIS Pack Vendor :STMicroelectronics FP-ATR-SIGFOX1 3.2.0
2025-07-29 16:06:49,150 [INFO] ThirdParty:1030 - CMSIS Pack Vendor :STMicroelectronics USB_DEVICE 3.0.0
2025-07-29 16:06:49,150 [INFO] ThirdParty:1030 - CMSIS Pack Vendor :STMicroelectronics HAL Drivers 0.0.0
2025-07-29 16:06:49,150 [INFO] ThirdParty:1030 - CMSIS Pack Vendor :STMicroelectronics MBEDTLS 2.16.2
2025-07-29 16:06:49,150 [INFO] ThirdParty:1030 - CMSIS Pack Vendor :STMicroelectronics X-CUBE-ALS 1.0.2
2025-07-29 16:06:49,150 [INFO] ThirdParty:1030 - CMSIS Pack Vendor :STMicroelectronics MBEDTLS 2.14.1
2025-07-29 16:06:49,150 [INFO] ThirdParty:1030 - CMSIS Pack Vendor :STMicroelectronics USB_DEVICE 2.0.0
2025-07-29 16:06:49,150 [INFO] ThirdParty:1030 - CMSIS Pack Vendor :STMicroelectronics FP-SNS-STBOX1 2.0.0
2025-07-29 16:06:49,150 [INFO] ThirdParty:1030 - CMSIS Pack Vendor :STMicroelectronics ThreadX 1.0.0
2025-07-29 16:06:49,152 [INFO] ThirdParty:1030 - CMSIS Pack Vendor :STMicroelectronics FP-SNS-SMARTAG2 1.2.0
2025-07-29 16:06:49,152 [INFO] ThirdParty:1030 - CMSIS Pack Vendor :STMicroelectronics FreeRTOS 0.0.1
2025-07-29 16:06:49,152 [INFO] ThirdParty:1030 - CMSIS Pack Vendor :STMicroelectronics FP-SNS-MOTENV1 5.0.0
2025-07-29 16:06:49,152 [INFO] ThirdParty:1030 - CMSIS Pack Vendor :STMicroelectronics USB_DEVICE 1.0.0
2025-07-29 16:06:49,153 [INFO] ThirdParty:1030 - CMSIS Pack Vendor :STMicroelectronics STM32_WPAN 1.0.0
2025-07-29 16:06:49,153 [INFO] ThirdParty:1030 - CMSIS Pack Vendor :STMicroelectronics ThreadX 0.0.2
2025-07-29 16:06:49,153 [INFO] ThirdParty:1030 - CMSIS Pack Vendor :STMicroelectronics lwIP 2.1.2
2025-07-29 16:06:49,153 [INFO] ThirdParty:1030 - CMSIS Pack Vendor :STMicroelectronics lwIP 2.0.3
2025-07-29 16:06:49,153 [INFO] ThirdParty:1030 - CMSIS Pack Vendor :STMicroelectronics X-CUBE-BLE2 3.3.0
2025-07-29 16:06:49,153 [INFO] ThirdParty:1030 - CMSIS Pack Vendor :STMicroelectronics USB_HOST 1.0.0
2025-07-29 16:06:49,153 [INFO] ThirdParty:1030 - CMSIS Pack Vendor :STMicroelectronics PDM2PCM 3.1.0
2025-07-29 16:06:49,153 [INFO] ThirdParty:1030 - CMSIS Pack Vendor :STMicroelectronics PDM2PCM 3.2.0
2025-07-29 16:06:49,153 [INFO] ThirdParty:1030 - CMSIS Pack Vendor :STMicroelectronics PDM2PCM 3.3.0
2025-07-29 16:06:49,153 [INFO] ThirdParty:841 - exiting critical section [change project]
2025-07-29 16:06:49,621 [INFO] PinOutPanel:1589 - setPackage(No Configuration,No Configuration)
2025-07-29 16:06:49,622 [INFO] PinOutPanel:1589 - setPackage(STM32F446RETx,LQFP64)
2025-07-29 16:06:50,089 [INFO] UtilMem:75 - Before build in PCC Used Memory: 378340472 Bytes (778043392)
2025-07-29 16:06:50,343 [INFO] UtilMem:75 - After build in PCC Used Memory: 427097208 Bytes (778043392)
2025-07-29 16:06:50,380 [INFO] IPUIPlugin:80 - create IPUIPlugin
2025-07-29 16:06:50,380 [INFO] IPUIPlugin:80 - create IPUIPlugin
2025-07-29 16:06:50,380 [INFO] IPUIPlugin:80 - create IPUIPlugin
2025-07-29 16:06:50,381 [INFO] IPUIPlugin:80 - create IPUIPlugin
2025-07-29 16:06:50,381 [INFO] IPUIPlugin:80 - create IPUIPlugin
2025-07-29 16:06:50,381 [INFO] IPUIPlugin:80 - create IPUIPlugin
2025-07-29 16:06:50,381 [INFO] IPUIPlugin:80 - create IPUIPlugin
2025-07-29 16:06:50,381 [INFO] IPUIPlugin:80 - create IPUIPlugin
2025-07-29 16:06:50,382 [INFO] IPUIPlugin:80 - create IPUIPlugin
2025-07-29 16:06:50,382 [INFO] IPUIPlugin:80 - create IPUIPlugin
2025-07-29 16:06:50,382 [INFO] IPUIPlugin:80 - create IPUIPlugin
2025-07-29 16:06:50,382 [INFO] IPUIPlugin:80 - create IPUIPlugin
2025-07-29 16:06:50,383 [INFO] IPUIPlugin:80 - create IPUIPlugin
2025-07-29 16:06:50,383 [INFO] IPUIPlugin:80 - create IPUIPlugin
2025-07-29 16:06:50,383 [INFO] IPUIPlugin:80 - create IPUIPlugin
2025-07-29 16:06:50,383 [INFO] IPUIPlugin:80 - create IPUIPlugin
2025-07-29 16:06:50,383 [INFO] IPUIPlugin:80 - create IPUIPlugin
2025-07-29 16:06:50,383 [INFO] IPUIPlugin:80 - create IPUIPlugin
2025-07-29 16:06:50,384 [INFO] IPUIPlugin:80 - create IPUIPlugin
2025-07-29 16:06:50,384 [INFO] IPUIPlugin:80 - create IPUIPlugin
2025-07-29 16:06:50,384 [INFO] IPUIPlugin:80 - create IPUIPlugin
2025-07-29 16:06:50,385 [INFO] IPUIPlugin:80 - create IPUIPlugin
2025-07-29 16:06:50,385 [INFO] IPUIPlugin:80 - create IPUIPlugin
2025-07-29 16:06:50,385 [INFO] IPUIPlugin:80 - create IPUIPlugin
2025-07-29 16:06:50,386 [INFO] IPUIPlugin:80 - create IPUIPlugin
2025-07-29 16:06:50,386 [INFO] IPUIPlugin:80 - create IPUIPlugin
2025-07-29 16:06:50,386 [INFO] IPUIPlugin:80 - create IPUIPlugin
2025-07-29 16:06:50,387 [INFO] IPUIPlugin:80 - create IPUIPlugin
2025-07-29 16:06:50,387 [INFO] IPUIPlugin:80 - create IPUIPlugin
2025-07-29 16:06:50,387 [INFO] IPUIPlugin:80 - create IPUIPlugin
2025-07-29 16:06:50,388 [INFO] IPUIPlugin:80 - create IPUIPlugin
2025-07-29 16:06:50,388 [INFO] IPUIPlugin:80 - create IPUIPlugin
2025-07-29 16:06:50,389 [INFO] IPUIPlugin:80 - create IPUIPlugin
2025-07-29 16:06:50,389 [INFO] IPUIPlugin:80 - create IPUIPlugin
2025-07-29 16:06:50,389 [INFO] IPUIPlugin:80 - create IPUIPlugin
2025-07-29 16:06:50,390 [INFO] IPUIPlugin:80 - create IPUIPlugin
2025-07-29 16:06:50,390 [INFO] IPUIPlugin:80 - create IPUIPlugin
2025-07-29 16:06:50,391 [INFO] IPUIPlugin:80 - create IPUIPlugin
2025-07-29 16:06:50,391 [INFO] IPUIPlugin:80 - create IPUIPlugin
2025-07-29 16:06:50,392 [INFO] IPUIPlugin:80 - create IPUIPlugin
2025-07-29 16:06:50,393 [INFO] IPUIPlugin:80 - create IPUIPlugin
2025-07-29 16:06:50,393 [INFO] IPUIPlugin:80 - create IPUIPlugin
2025-07-29 16:06:50,394 [INFO] IPUIPlugin:80 - create IPUIPlugin
2025-07-29 16:06:50,394 [INFO] IPUIPlugin:80 - create IPUIPlugin
2025-07-29 16:06:50,395 [INFO] IPUIPlugin:80 - create IPUIPlugin
2025-07-29 16:06:50,395 [INFO] IPUIPlugin:80 - create IPUIPlugin
2025-07-29 16:06:50,396 [INFO] IPUIPlugin:80 - create IPUIPlugin
2025-07-29 16:06:50,397 [INFO] IPUIPlugin:80 - create IPUIPlugin
2025-07-29 16:06:50,397 [INFO] IPUIPlugin:80 - create IPUIPlugin
2025-07-29 16:06:50,398 [INFO] IPUIPlugin:80 - create IPUIPlugin
2025-07-29 16:06:50,398 [INFO] IPUIPlugin:80 - create IPUIPlugin
2025-07-29 16:06:50,399 [INFO] IPUIPlugin:80 - create IPUIPlugin
2025-07-29 16:06:50,400 [INFO] IPUIPlugin:80 - create IPUIPlugin
2025-07-29 16:06:50,400 [INFO] IPUIPlugin:80 - create IPUIPlugin
2025-07-29 16:06:50,401 [INFO] IPUIPlugin:80 - create IPUIPlugin
2025-07-29 16:06:50,402 [INFO] IPUIPlugin:80 - create IPUIPlugin
2025-07-29 16:06:50,403 [INFO] IPUIPlugin:80 - create IPUIPlugin
2025-07-29 16:06:50,403 [INFO] IPUIPlugin:80 - create IPUIPlugin
2025-07-29 16:06:50,404 [INFO] IPUIPlugin:80 - create IPUIPlugin
2025-07-29 16:06:50,405 [INFO] IPUIPlugin:80 - create IPUIPlugin
2025-07-29 16:06:50,408 [INFO] ApiDbMcu:508 - Load IP Config File for PDM2PCM
2025-07-29 16:06:50,495 [INFO] CADModel:165 - CPN selected for project levelSTM32F446RET6
2025-07-29 16:06:50,496 [INFO] CADModel:114 - Register for checkConnection events
2025-07-29 16:06:50,542 [INFO] OpenFileManager:385 - Restore cursor
2025-07-29 16:06:51,203 [INFO] UtilMem:75 - End SaveConfig() Used Memory: 582812792 Bytes (778043392)
2025-07-29 16:06:51,289 [INFO] UtilMem:75 - End SaveConfig() Used Memory: 603953112 Bytes (778043392)
2025-07-29 16:06:51,970 [INFO] BlockDiagram:2775 - set Specific Code input for plugin: SYS
2025-07-29 16:06:51,971 [INFO] BlockDiagram:2775 - set Specific Code input for plugin: RCC
2025-07-29 16:06:51,971 [INFO] BlockDiagram:2775 - set Specific Code input for plugin: NVIC
2025-07-29 16:06:51,971 [INFO] BlockDiagram:2775 - set Specific Code input for plugin: USART
2025-07-29 16:06:51,971 [INFO] BlockDiagram:2775 - set Specific Code input for plugin: GPIO
2025-07-29 16:06:51,972 [INFO] CodeGenerator:882 - code generatio: config db path: /opt/st/stm32cubeide_1.18.1/plugins/com.st.stm32cube.common.mx_6.14.1.202504091515//db/
2025-07-29 16:06:52,214 [INFO] CodeEngine:263 - oldGeneratedFile, /home/nova/STM32CubeIDE/workspace_1.18.1/SUPER_LOOP/MXTmpFiles/license.tmp_save
2025-07-29 16:06:52,987 [INFO] CodeEngine:287 - Generated code: /home/nova/STM32CubeIDE/workspace_1.18.1/SUPER_LOOP/MXTmpFiles/license.tmp
2025-07-29 16:06:53,029 [INFO] CodeEngine:263 - oldGeneratedFile, /home/nova/STM32CubeIDE/workspace_1.18.1/SUPER_LOOP/MXTmpFiles/gpio.tmp_save
2025-07-29 16:06:53,261 [INFO] CodeEngine:287 - Generated code: /home/nova/STM32CubeIDE/workspace_1.18.1/SUPER_LOOP/MXTmpFiles/gpio.tmp
2025-07-29 16:06:53,345 [INFO] CodeEngine:263 - oldGeneratedFile, /home/nova/STM32CubeIDE/workspace_1.18.1/SUPER_LOOP/Core/Src/stm32f4xx_it.c_save
2025-07-29 16:06:53,857 [INFO] CodeEngine:287 - Generated code: /home/nova/STM32CubeIDE/workspace_1.18.1/SUPER_LOOP/Core/Src/stm32f4xx_it.c
2025-07-29 16:06:53,859 [INFO] CodeEngine:263 - oldGeneratedFile, /home/nova/STM32CubeIDE/workspace_1.18.1/SUPER_LOOP/Core/Inc/stm32f4xx_it.h_save
2025-07-29 16:06:54,055 [INFO] CodeEngine:287 - Generated code: /home/nova/STM32CubeIDE/workspace_1.18.1/SUPER_LOOP/Core/Inc/stm32f4xx_it.h
2025-07-29 16:06:54,063 [INFO] CodeEngine:263 - oldGeneratedFile, /home/nova/STM32CubeIDE/workspace_1.18.1/SUPER_LOOP/Core/Src/stm32f4xx_hal_msp.c_save
2025-07-29 16:06:54,336 [INFO] CodeEngine:287 - Generated code: /home/nova/STM32CubeIDE/workspace_1.18.1/SUPER_LOOP/Core/Src/stm32f4xx_hal_msp.c
2025-07-29 16:06:54,338 [INFO] CodeEngine:263 - oldGeneratedFile, /home/nova/STM32CubeIDE/workspace_1.18.1/SUPER_LOOP/MXTmpFiles/system.tmp_save
2025-07-29 16:06:54,489 [INFO] CodeEngine:287 - Generated code: /home/nova/STM32CubeIDE/workspace_1.18.1/SUPER_LOOP/MXTmpFiles/system.tmp
2025-07-29 16:06:54,494 [INFO] CodeEngine:319 - oldGeneratedFile, /home/nova/STM32CubeIDE/workspace_1.18.1/SUPER_LOOP/Core/Inc/stm32f4xx_hal_conf.h_save
2025-07-29 16:06:54,647 [INFO] CodeEngine:343 - Generated code: /home/nova/STM32CubeIDE/workspace_1.18.1/SUPER_LOOP/Core/Inc/stm32f4xx_hal_conf.h
2025-07-29 16:06:54,678 [WARN] IPConfigManager:3217 - Warning: the RefConfig PLL2P_FOR_MCO is not available in your config.xml file
2025-07-29 16:06:54,690 [INFO] ApiDbMcu:508 - Load IP Config File for USART2
2025-07-29 16:06:54,696 [INFO] ApiDbMcu:508 - Load IP Config File for RCC
2025-07-29 16:06:54,702 [INFO] CodeEngine:263 - oldGeneratedFile, /home/nova/STM32CubeIDE/workspace_1.18.1/SUPER_LOOP/Core/Inc/main.h_save
2025-07-29 16:06:54,860 [INFO] CodeEngine:287 - Generated code: /home/nova/STM32CubeIDE/workspace_1.18.1/SUPER_LOOP/Core/Inc/main.h
2025-07-29 16:06:54,862 [INFO] CodeEngine:263 - oldGeneratedFile, /home/nova/STM32CubeIDE/workspace_1.18.1/SUPER_LOOP/Core/Src/main.c_save
2025-07-29 16:06:55,090 [INFO] CodeEngine:287 - Generated code: /home/nova/STM32CubeIDE/workspace_1.18.1/SUPER_LOOP/Core/Src/main.c
2025-07-29 16:06:55,674 [INFO] ProjectBuilder:3324 - Time for Copy HAL[1] : 47mS.
2025-07-29 16:06:55,679 [INFO] ProjectBuilder:4912 - Project Generator version: 4.6.0.1-B1
2025-07-29 16:06:55,997 [INFO] ConfigFileManager:1590 - The Die is : DIE421
2025-07-29 16:06:56,001 [INFO] ApiDbMcu:508 - Load IP Config File for FATFS
2025-07-29 16:06:56,011 [INFO] ApiDbMcu:508 - Load IP Config File for FREERTOS
2025-07-29 16:06:56,014 [INFO] ApiDbMcu:508 - Load IP Config File for LIBJPEG
2025-07-29 16:06:56,023 [INFO] ApiDbMcu:508 - Load IP Config File for MBEDTLS
2025-07-29 16:06:56,040 [INFO] ApiDbMcu:508 - Load IP Config File for USB_DEVICE
2025-07-29 16:06:56,054 [INFO] ApiDbMcu:508 - Load IP Config File for USB_HOST
2025-07-29 16:06:58,595 [INFO] ProjectBuilder:5191 - Time for Generating toolchain IDE Files: 2916mS.
2025-07-29 16:06:58,596 [INFO] ProjectBuilder:3181 - Time for Copy CMSIS : 0mS.
2025-07-29 16:06:58,596 [INFO] ProjectBuilder:3181 - Time for Copy CMSIS : 0mS.
2025-07-29 16:07:00,247 [INFO] McuFinderGlobals:76 - Set McuFinderConnectedMode to true
2025-07-29 16:07:00,251 [INFO] ApiDb:448 - Save user favorites file /home/nova/.stm32cubeide/favorites.mcus.txt: 1 item(s)
2025-07-29 16:07:00,251 [INFO] ApiDb:452 - User favorites MCUs=[STM32F446RET6]
2025-07-29 16:07:00,267 [INFO] ApiDb:448 - Save user favorites file /home/nova/.stm32cubeide/favorites.boards.txt: 0 item(s)
2025-07-29 16:07:00,267 [INFO] ApiDb:452 - User favorites Boards=[]
2025-07-29 16:08:01,854 [INFO] Gpio:277 - dependency for GPIO [RCC, SYS, USART2]
2025-07-29 16:08:46,648 [INFO] NvicIntPanel:101 - NVIC parent = com.st.microxplorer.plugins.ip.nvic.MultiNvicIntPanel[,2,44,411x181,layout=javax.swing.BoxLayout,alignmentX=0.0,alignmentY=0.0,border=,flags=9,maximumSize=,minimumSize=,preferredSize=]
2025-07-29 16:08:48,848 [INFO] Gpio:277 - dependency for GPIO [RCC, SYS, USART2]
2025-07-29 16:10:42,339 [INFO] Gpio:277 - dependency for GPIO [RCC, SYS, USART2]
2025-07-29 16:10:50,997 [INFO] NvicIntPanel:101 - NVIC parent = com.st.microxplorer.plugins.ip.nvic.MultiNvicIntPanel[,0,0,450x167,layout=javax.swing.BoxLayout,alignmentX=0.0,alignmentY=0.0,border=,flags=9,maximumSize=,minimumSize=,preferredSize=]
2025-07-29 16:10:52,250 [INFO] NvicIntPanel:101 - NVIC parent = com.st.microxplorer.plugins.ip.nvic.MultiNvicIntPanel[,0,0,0x0,invalid,layout=javax.swing.BoxLayout,alignmentX=0.0,alignmentY=0.0,border=,flags=9,maximumSize=,minimumSize=,preferredSize=]
2025-07-29 16:12:15,752 [INFO] NvicIntPanel:101 - NVIC parent = com.st.microxplorer.plugins.ip.nvic.MultiNvicIntPanel[,0,0,0x0,invalid,layout=javax.swing.BoxLayout,alignmentX=0.0,alignmentY=0.0,border=,flags=9,maximumSize=,minimumSize=,preferredSize=]
2025-07-29 16:12:16,909 [INFO] NvicIntPanel:101 - NVIC parent = com.st.microxplorer.plugins.ip.nvic.MultiNvicIntPanel[,0,0,0x0,invalid,layout=javax.swing.BoxLayout,alignmentX=0.0,alignmentY=0.0,border=,flags=9,maximumSize=,minimumSize=,preferredSize=]
2025-07-29 16:12:33,688 [INFO] NvicIntPanel:101 - NVIC parent = com.st.microxplorer.plugins.ip.nvic.MultiNvicIntPanel[,0,0,0x0,invalid,layout=javax.swing.BoxLayout,alignmentX=0.0,alignmentY=0.0,border=,flags=9,maximumSize=,minimumSize=,preferredSize=]
2025-07-29 16:12:56,642 [INFO] UtilMem:75 - End SaveConfig() Used Memory: 445733496 Bytes (985661440)
2025-07-29 16:12:58,449 [INFO] UtilMem:75 - End SaveConfig() Used Memory: 471789464 Bytes (985661440)
2025-07-29 16:13:04,290 [INFO] UtilMem:75 - End SaveConfig() Used Memory: 580841368 Bytes (985661440)
2025-07-29 16:13:05,286 [INFO] BlockDiagram:2775 - set Specific Code input for plugin: TIM1_8
2025-07-29 16:13:05,287 [INFO] BlockDiagram:2775 - set Specific Code input for plugin: SYS
2025-07-29 16:13:05,287 [INFO] BlockDiagram:2775 - set Specific Code input for plugin: RCC
2025-07-29 16:13:05,287 [INFO] BlockDiagram:2775 - set Specific Code input for plugin: NVIC
2025-07-29 16:13:05,287 [INFO] BlockDiagram:2775 - set Specific Code input for plugin: USART
2025-07-29 16:13:05,289 [INFO] BlockDiagram:2775 - set Specific Code input for plugin: GPIO
2025-07-29 16:13:05,290 [INFO] CodeGenerator:882 - code generatio: config db path: /opt/st/stm32cubeide_1.18.1/plugins/com.st.stm32cube.common.mx_6.14.1.202504091515//db/
2025-07-29 16:13:05,521 [INFO] CodeEngine:263 - oldGeneratedFile, /home/nova/STM32CubeIDE/workspace_1.18.1/SUPER_LOOP/MXTmpFiles/license.tmp_save
2025-07-29 16:13:05,935 [INFO] CodeEngine:287 - Generated code: /home/nova/STM32CubeIDE/workspace_1.18.1/SUPER_LOOP/MXTmpFiles/license.tmp
2025-07-29 16:13:05,998 [INFO] CodeEngine:263 - oldGeneratedFile, /home/nova/STM32CubeIDE/workspace_1.18.1/SUPER_LOOP/MXTmpFiles/gpio.tmp_save
2025-07-29 16:13:06,242 [INFO] CodeEngine:287 - Generated code: /home/nova/STM32CubeIDE/workspace_1.18.1/SUPER_LOOP/MXTmpFiles/gpio.tmp
2025-07-29 16:13:06,938 [INFO] CodeEngine:263 - oldGeneratedFile, /home/nova/STM32CubeIDE/workspace_1.18.1/SUPER_LOOP/Core/Src/stm32f4xx_it.c_save
2025-07-29 16:13:07,167 [INFO] CodeEngine:287 - Generated code: /home/nova/STM32CubeIDE/workspace_1.18.1/SUPER_LOOP/Core/Src/stm32f4xx_it.c
2025-07-29 16:13:07,170 [INFO] CodeEngine:263 - oldGeneratedFile, /home/nova/STM32CubeIDE/workspace_1.18.1/SUPER_LOOP/Core/Inc/stm32f4xx_it.h_save
2025-07-29 16:13:07,361 [INFO] CodeEngine:287 - Generated code: /home/nova/STM32CubeIDE/workspace_1.18.1/SUPER_LOOP/Core/Inc/stm32f4xx_it.h
2025-07-29 16:13:07,379 [INFO] CodeEngine:263 - oldGeneratedFile, /home/nova/STM32CubeIDE/workspace_1.18.1/SUPER_LOOP/Core/Src/stm32f4xx_hal_msp.c_save
2025-07-29 16:13:07,688 [INFO] CodeEngine:287 - Generated code: /home/nova/STM32CubeIDE/workspace_1.18.1/SUPER_LOOP/Core/Src/stm32f4xx_hal_msp.c
2025-07-29 16:13:07,691 [INFO] CodeEngine:263 - oldGeneratedFile, /home/nova/STM32CubeIDE/workspace_1.18.1/SUPER_LOOP/MXTmpFiles/system.tmp_save
2025-07-29 16:13:07,847 [INFO] CodeEngine:287 - Generated code: /home/nova/STM32CubeIDE/workspace_1.18.1/SUPER_LOOP/MXTmpFiles/system.tmp
2025-07-29 16:13:07,854 [INFO] CodeEngine:319 - oldGeneratedFile, /home/nova/STM32CubeIDE/workspace_1.18.1/SUPER_LOOP/Core/Inc/stm32f4xx_hal_conf.h_save
2025-07-29 16:13:08,030 [INFO] CodeEngine:343 - Generated code: /home/nova/STM32CubeIDE/workspace_1.18.1/SUPER_LOOP/Core/Inc/stm32f4xx_hal_conf.h
2025-07-29 16:13:08,086 [WARN] IPConfigManager:3217 - Warning: the RefConfig PLL2P_FOR_MCO is not available in your config.xml file
2025-07-29 16:13:08,132 [INFO] ApiDbMcu:508 - Load IP Config File for TIM2
2025-07-29 16:13:08,136 [WARN] IPConfigManager:3790 - IP not found : TIM
2025-07-29 16:13:08,137 [WARN] CodeGenerator:4198 - IP not found : null
2025-07-29 16:13:08,141 [INFO] CodeEngine:263 - oldGeneratedFile, /home/nova/STM32CubeIDE/workspace_1.18.1/SUPER_LOOP/Core/Inc/main.h_save
2025-07-29 16:13:08,276 [INFO] CodeEngine:287 - Generated code: /home/nova/STM32CubeIDE/workspace_1.18.1/SUPER_LOOP/Core/Inc/main.h
2025-07-29 16:13:08,278 [INFO] CodeEngine:263 - oldGeneratedFile, /home/nova/STM32CubeIDE/workspace_1.18.1/SUPER_LOOP/Core/Src/main.c_save
2025-07-29 16:13:08,531 [INFO] CodeEngine:287 - Generated code: /home/nova/STM32CubeIDE/workspace_1.18.1/SUPER_LOOP/Core/Src/main.c
2025-07-29 16:13:09,799 [INFO] ProjectBuilder:3324 - Time for Copy HAL[1] : 958mS.
2025-07-29 16:13:09,802 [INFO] ProjectBuilder:4912 - Project Generator version: 4.6.0.1-B1
2025-07-29 16:13:10,013 [INFO] ConfigFileManager:1590 - The Die is : DIE421
2025-07-29 16:13:12,750 [INFO] ProjectBuilder:5191 - Time for Generating toolchain IDE Files: 2949mS.
2025-07-29 16:13:12,750 [INFO] ProjectBuilder:3181 - Time for Copy CMSIS : 0mS.
2025-07-29 16:13:12,754 [INFO] ProjectBuilder:3181 - Time for Copy CMSIS : 0mS.
2025-07-29 17:59:23,272 [ERROR] LogOutputStream:75 - [STDERR_REDIRECT] 
